дата среза;ключ страховщика;страховщик;сфера;ключ региона;регион;премии с начала года, млн сум;выплаты с начала года, млн сум;договоров на дату;убыточность, %;средняя премия на договор, сум;источник (разобранный отчёт)
2025-03-31;company:AGROS HAYOT AJ;"""AGROS HAYOT"" AJ";жизнь;region:ANDIJON;Андижанская область;2183.981;178.524;415;8.174;5262606;Страх_отчет(I_чорак_2025_йил_)_uz
2025-03-31;company:AGROS HAYOT AJ;"""AGROS HAYOT"" AJ";жизнь;region:BUXORO;Бухарская область;21.954;466.884;512;2126.637;42879;Страх_отчет(I_чорак_2025_йил_)_uz
2025-03-31;company:AGROS HAYOT AJ;"""AGROS HAYOT"" AJ";жизнь;region:FARG'ONA;Ферганская область;77.064;1460.113;606;1894.666;127169;Страх_отчет(I_чорак_2025_йил_)_uz
2025-03-31;company:AGROS HAYOT AJ;"""AGROS HAYOT"" AJ";жизнь;region:JIZZAX;Джизакская область;0.000;91.215;148;;0;Страх_отчет(I_чорак_2025_йил_)_uz
2025-03-31;company:AGROS HAYOT AJ;"""AGROS HAYOT"" AJ";жизнь;region:NAMANGAN;Наманганская область;435.444;1879.622;553;431.657;787421;Страх_отчет(I_чорак_2025_йил_)_uz
2025-03-31;company:AGROS HAYOT AJ;"""AGROS HAYOT"" AJ";жизнь;region:NAVOIY;Навоийская область;140.251;782.038;287;557.597;488681;Страх_отчет(I_чорак_2025_йил_)_uz
2025-03-31;company:AGROS HAYOT AJ;"""AGROS HAYOT"" AJ";жизнь;region:QASHQADARYO;Кашкадарьинская область;17.558;75.183;112;428.201;156768;Страх_отчет(I_чорак_2025_йил_)_uz
2025-03-31;company:AGROS HAYOT AJ;"""AGROS HAYOT"" AJ";жизнь;region:QORAQALPOG'ISTON RESPUBLIKASI;Республика Каракалпакстан;1930.225;426.162;1506;22.078;1281690;Страх_отчет(I_чорак_2025_йил_)_uz
2025-03-31;company:AGROS HAYOT AJ;"""AGROS HAYOT"" AJ";жизнь;region:SAMARQAND;Самаркандская область;4.530;313.791;377;6926.416;12017;Страх_отчет(I_чорак_2025_йил_)_uz
2025-03-31;company:AGROS HAYOT AJ;"""AGROS HAYOT"" AJ";жизнь;region:SIRDARYO;Сырдарьинская область;0.000;72.683;175;;0;Страх_отчет(I_чорак_2025_йил_)_uz
2025-03-31;company:AGROS HAYOT AJ;"""AGROS HAYOT"" AJ";жизнь;region:SURXANDARYO;Сурхандарьинская область;26.362;685.100;542;2598.847;48638;Страх_отчет(I_чорак_2025_йил_)_uz
2025-03-31;company:AGROS HAYOT AJ;"""AGROS HAYOT"" AJ";жизнь;region:TOSHKENT;Ташкентская область;3837.772;1105.019;952;28.793;4031273;Страх_отчет(I_чорак_2025_йил_)_uz
2025-03-31;company:AGROS HAYOT AJ;"""AGROS HAYOT"" AJ";жизнь;region:TOSHKENT SHAHRI;город Ташкент;2930.406;4640.269;5401;158.349;542567;Страх_отчет(I_чорак_2025_йил_)_uz
2025-03-31;company:AGROS HAYOT AJ;"""AGROS HAYOT"" AJ";жизнь;region:XORAZM;Хорезмская область;455.169;1069.698;1288;235.011;353392;Страх_отчет(I_чорак_2025_йил_)_uz
2025-03-31;company:AGROS HAYOT AJ;"""AGROS HAYOT"" AJ";жизнь;total;Все регионы;12060.717;13246.300;12874;109.830;936828;Страх_отчет(I_чорак_2025_йил_)_uz
2025-03-31;company:ALFA INVEST SUG'URTA KOMPANIYASI AJ;"""ALFA INVEST SUG‘URTA KOMPANIYASI"" AJ";общее;region:ANDIJON;Андижанская область;1027.497;91.259;8635;8.882;118992;Страх_отчет(I_чорак_2025_йил_)_uz
2025-03-31;company:ALFA INVEST SUG'URTA KOMPANIYASI AJ;"""ALFA INVEST SUG‘URTA KOMPANIYASI"" AJ";общее;region:BUXORO;Бухарская область;1640.385;660.921;7389;40.291;222004;Страх_отчет(I_чорак_2025_йил_)_uz
2025-03-31;company:ALFA INVEST SUG'URTA KOMPANIYASI AJ;"""ALFA INVEST SUG‘URTA KOMPANIYASI"" AJ";общее;region:FARG'ONA;Ферганская область;1549.065;617.215;14871;39.844;104167;Страх_отчет(I_чорак_2025_йил_)_uz
2025-03-31;company:ALFA INVEST SUG'URTA KOMPANIYASI AJ;"""ALFA INVEST SUG‘URTA KOMPANIYASI"" AJ";общее;region:JIZZAX;Джизакская область;228.834;0.000;534;0.000;428528;Страх_отчет(I_чорак_2025_йил_)_uz
2025-03-31;company:ALFA INVEST SUG'URTA KOMPANIYASI AJ;"""ALFA INVEST SUG‘URTA KOMPANIYASI"" AJ";общее;region:NAMANGAN;Наманганская область;850.353;116.085;6624;13.651;128374;Страх_отчет(I_чорак_2025_йил_)_uz
2025-03-31;company:ALFA INVEST SUG'URTA KOMPANIYASI AJ;"""ALFA INVEST SUG‘URTA KOMPANIYASI"" AJ";общее;region:NAVOIY;Навоийская область;3059.978;370.321;13064;12.102;234230;Страх_отчет(I_чорак_2025_йил_)_uz
2025-03-31;company:ALFA INVEST SUG'URTA KOMPANIYASI AJ;"""ALFA INVEST SUG‘URTA KOMPANIYASI"" AJ";общее;region:QASHQADARYO;Кашкадарьинская область;1638.361;174.282;11624;10.638;140946;Страх_отчет(I_чорак_2025_йил_)_uz
2025-03-31;company:ALFA INVEST SUG'URTA KOMPANIYASI AJ;"""ALFA INVEST SUG‘URTA KOMPANIYASI"" AJ";общее;region:QORAQALPOG'ISTON RESPUBLIKASI;Республика Каракалпакстан;275.712;39.494;756;14.324;364698;Страх_отчет(I_чорак_2025_йил_)_uz
2025-03-31;company:ALFA INVEST SUG'URTA KOMPANIYASI AJ;"""ALFA INVEST SUG‘URTA KOMPANIYASI"" AJ";общее;region:SAMARQAND;Самаркандская область;2078.842;273.454;4444;13.154;467786;Страх_отчет(I_чорак_2025_йил_)_uz
2025-03-31;company:ALFA INVEST SUG'URTA KOMPANIYASI AJ;"""ALFA INVEST SUG‘URTA KOMPANIYASI"" AJ";общее;region:SIRDARYO;Сырдарьинская область;29.890;0.000;38;0.000;786579;Страх_отчет(I_чорак_2025_йил_)_uz
2025-03-31;company:ALFA INVEST SUG'URTA KOMPANIYASI AJ;"""ALFA INVEST SUG‘URTA KOMPANIYASI"" AJ";общее;region:SURXANDARYO;Сурхандарьинская область;271.242;31.575;663;11.641;409114;Страх_отчет(I_чорак_2025_йил_)_uz
2025-03-31;company:ALFA INVEST SUG'URTA KOMPANIYASI AJ;"""ALFA INVEST SUG‘URTA KOMPANIYASI"" AJ";общее;region:TOSHKENT;Ташкентская область;600.446;362.993;3347;60.454;179398;Страх_отчет(I_чорак_2025_йил_)_uz
2025-03-31;company:ALFA INVEST SUG'URTA KOMPANIYASI AJ;"""ALFA INVEST SUG‘URTA KOMPANIYASI"" AJ";общее;region:TOSHKENT SHAHRI;город Ташкент;62473.177;8557.039;145369;13.697;429756;Страх_отчет(I_чорак_2025_йил_)_uz
2025-03-31;company:ALFA INVEST SUG'URTA KOMPANIYASI AJ;"""ALFA INVEST SUG‘URTA KOMPANIYASI"" AJ";общее;region:XORAZM;Хорезмская область;453.776;155.557;1944;34.281;233424;Страх_отчет(I_чорак_2025_йил_)_uz
2025-03-31;company:ALFA INVEST SUG'URTA KOMPANIYASI AJ;"""ALFA INVEST SUG‘URTA KOMPANIYASI"" AJ";общее;total;Все регионы;76177.557;11450.196;219302;15.031;347364;Страх_отчет(I_чорак_2025_йил_)_uz
2025-03-31;company:ALFA LIFE INSURANCE AJ;"""ALFA LIFE INSURANCE"" AJ";жизнь;region:ANDIJON;Андижанская область;0.000;3.650;242;;0;Страх_отчет(I_чорак_2025_йил_)_uz
2025-03-31;company:ALFA LIFE INSURANCE AJ;"""ALFA LIFE INSURANCE"" AJ";жизнь;region:BUXORO;Бухарская область;0.000;26.273;67;;0;Страх_отчет(I_чорак_2025_йил_)_uz
2025-03-31;company:ALFA LIFE INSURANCE AJ;"""ALFA LIFE INSURANCE"" AJ";жизнь;region:FARG'ONA;Ферганская область;560.230;881.895;1123;157.417;498869;Страх_отчет(I_чорак_2025_йил_)_uz
2025-03-31;company:ALFA LIFE INSURANCE AJ;"""ALFA LIFE INSURANCE"" AJ";жизнь;region:JIZZAX;Джизакская область;5.000;30.135;31;602.700;161290;Страх_отчет(I_чорак_2025_йил_)_uz
2025-03-31;company:ALFA LIFE INSURANCE AJ;"""ALFA LIFE INSURANCE"" AJ";жизнь;region:NAMANGAN;Наманганская область;743.200;1034.131;1098;139.146;676867;Страх_отчет(I_чорак_2025_йил_)_uz
2025-03-31;company:ALFA LIFE INSURANCE AJ;"""ALFA LIFE INSURANCE"" AJ";жизнь;region:NAVOIY;Навоийская область;18.020;117.990;174;654.773;103563;Страх_отчет(I_чорак_2025_йил_)_uz
2025-03-31;company:ALFA LIFE INSURANCE AJ;"""ALFA LIFE INSURANCE"" AJ";жизнь;region:QASHQADARYO;Кашкадарьинская область;0.000;8.670;34;;0;Страх_отчет(I_чорак_2025_йил_)_uz
2025-03-31;company:ALFA LIFE INSURANCE AJ;"""ALFA LIFE INSURANCE"" AJ";жизнь;region:QORAQALPOG'ISTON RESPUBLIKASI;Республика Каракалпакстан;3.093;53.952;8;1744.565;386572;Страх_отчет(I_чорак_2025_йил_)_uz
2025-03-31;company:ALFA LIFE INSURANCE AJ;"""ALFA LIFE INSURANCE"" AJ";жизнь;region:SAMARQAND;Самаркандская область;12.263;54.837;191;447.174;64204;Страх_отчет(I_чорак_2025_йил_)_uz
2025-03-31;company:ALFA LIFE INSURANCE AJ;"""ALFA LIFE INSURANCE"" AJ";жизнь;region:SIRDARYO;Сырдарьинская область;0.000;0.000;0;;;Страх_отчет(I_чорак_2025_йил_)_uz
2025-03-31;company:ALFA LIFE INSURANCE AJ;"""ALFA LIFE INSURANCE"" AJ";жизнь;region:SURXANDARYO;Сурхандарьинская область;0.000;8.710;3;;0;Страх_отчет(I_чорак_2025_йил_)_uz
2025-03-31;company:ALFA LIFE INSURANCE AJ;"""ALFA LIFE INSURANCE"" AJ";жизнь;region:TOSHKENT;Ташкентская область;0.000;0.000;264;;0;Страх_отчет(I_чорак_2025_йил_)_uz
2025-03-31;company:ALFA LIFE INSURANCE AJ;"""ALFA LIFE INSURANCE"" AJ";жизнь;region:TOSHKENT SHAHRI;город Ташкент;6183.888;2179.057;8227;35.238;751658;Страх_отчет(I_чорак_2025_йил_)_uz
2025-03-31;company:ALFA LIFE INSURANCE AJ;"""ALFA LIFE INSURANCE"" AJ";жизнь;region:XORAZM;Хорезмская область;0.000;0.000;8;;0;Страх_отчет(I_чорак_2025_йил_)_uz
2025-03-31;company:ALFA LIFE INSURANCE AJ;"""ALFA LIFE INSURANCE"" AJ";жизнь;total;Все регионы;7525.694;4399.299;11470;58.457;656120;Страх_отчет(I_чорак_2025_йил_)_uz
2025-03-31;company:ALSKOM AJ;"""ALSKOM"" AJ";общее;region:ANDIJON;Андижанская область;443.268;124.512;16158;28.090;27433;Страх_отчет(I_чорак_2025_йил_)_uz
2025-03-31;company:ALSKOM AJ;"""ALSKOM"" AJ";общее;region:BUXORO;Бухарская область;2605.927;261.302;9473;10.027;275090;Страх_отчет(I_чорак_2025_йил_)_uz
2025-03-31;company:ALSKOM AJ;"""ALSKOM"" AJ";общее;region:FARG'ONA;Ферганская область;2721.028;391.623;72532;14.392;37515;Страх_отчет(I_чорак_2025_йил_)_uz
2025-03-31;company:ALSKOM AJ;"""ALSKOM"" AJ";общее;region:JIZZAX;Джизакская область;1579.412;201.105;19039;12.733;82957;Страх_отчет(I_чорак_2025_йил_)_uz
2025-03-31;company:ALSKOM AJ;"""ALSKOM"" AJ";общее;region:NAMANGAN;Наманганская область;1066.464;26.004;8962;2.438;118998;Страх_отчет(I_чорак_2025_йил_)_uz
2025-03-31;company:ALSKOM AJ;"""ALSKOM"" AJ";общее;region:NAVOIY;Навоийская область;1187.146;176.990;18715;14.909;63433;Страх_отчет(I_чорак_2025_йил_)_uz
2025-03-31;company:ALSKOM AJ;"""ALSKOM"" AJ";общее;region:QASHQADARYO;Кашкадарьинская область;3173.969;2492.494;84921;78.529;37376;Страх_отчет(I_чорак_2025_йил_)_uz
2025-03-31;company:ALSKOM AJ;"""ALSKOM"" AJ";общее;region:QORAQALPOG'ISTON RESPUBLIKASI;Республика Каракалпакстан;666.961;176.515;16758;26.466;39800;Страх_отчет(I_чорак_2025_йил_)_uz
2025-03-31;company:ALSKOM AJ;"""ALSKOM"" AJ";общее;region:SAMARQAND;Самаркандская область;1066.891;290.818;21198;27.258;50330;Страх_отчет(I_чорак_2025_йил_)_uz
2025-03-31;company:ALSKOM AJ;"""ALSKOM"" AJ";общее;region:SIRDARYO;Сырдарьинская область;1004.555;798.685;40599;79.506;24743;Страх_отчет(I_чорак_2025_йил_)_uz
2025-03-31;company:ALSKOM AJ;"""ALSKOM"" AJ";общее;region:SURXANDARYO;Сурхандарьинская область;597.552;188.615;13383;31.565;44650;Страх_отчет(I_чорак_2025_йил_)_uz
2025-03-31;company:ALSKOM AJ;"""ALSKOM"" AJ";общее;region:TOSHKENT;Ташкентская область;3380.988;449.701;14087;13.301;240008;Страх_отчет(I_чорак_2025_йил_)_uz
2025-03-31;company:ALSKOM AJ;"""ALSKOM"" AJ";общее;region:TOSHKENT SHAHRI;город Ташкент;50541.393;15304.623;288417;30.281;175237;Страх_отчет(I_чорак_2025_йил_)_uz
2025-03-31;company:ALSKOM AJ;"""ALSKOM"" AJ";общее;region:XORAZM;Хорезмская область;1159.743;327.634;18585;28.251;62402;Страх_отчет(I_чорак_2025_йил_)_uz
2025-03-31;company:ALSKOM AJ;"""ALSKOM"" AJ";общее;total;Все регионы;71195.296;21210.620;642827;29.792;110753;Страх_отчет(I_чорак_2025_йил_)_uz
2025-03-31;company:APEX INSURANCE AJ;"""APEX INSURANCE"" AJ";общее;region:ANDIJON;Андижанская область;9395.684;156.555;16254;1.666;578054;Страх_отчет(I_чорак_2025_йил_)_uz
2025-03-31;company:APEX INSURANCE AJ;"""APEX INSURANCE"" AJ";общее;region:BUXORO;Бухарская область;11960.004;1312.305;36059;10.972;331679;Страх_отчет(I_чорак_2025_йил_)_uz
2025-03-31;company:APEX INSURANCE AJ;"""APEX INSURANCE"" AJ";общее;region:FARG'ONA;Ферганская область;9072.172;1125.988;43328;12.411;209384;Страх_отчет(I_чорак_2025_йил_)_uz
2025-03-31;company:APEX INSURANCE AJ;"""APEX INSURANCE"" AJ";общее;region:JIZZAX;Джизакская область;16759.577;579.471;25058;3.458;668831;Страх_отчет(I_чорак_2025_йил_)_uz
2025-03-31;company:APEX INSURANCE AJ;"""APEX INSURANCE"" AJ";общее;region:NAMANGAN;Наманганская область;14855.118;295.514;34081;1.989;435877;Страх_отчет(I_чорак_2025_йил_)_uz
2025-03-31;company:APEX INSURANCE AJ;"""APEX INSURANCE"" AJ";общее;region:NAVOIY;Навоийская область;6896.935;582.486;21221;8.446;325005;Страх_отчет(I_чорак_2025_йил_)_uz
2025-03-31;company:APEX INSURANCE AJ;"""APEX INSURANCE"" AJ";общее;region:QASHQADARYO;Кашкадарьинская область;38402.751;3753.006;129319;9.773;296961;Страх_отчет(I_чорак_2025_йил_)_uz
2025-03-31;company:APEX INSURANCE AJ;"""APEX INSURANCE"" AJ";общее;region:QORAQALPOG'ISTON RESPUBLIKASI;Республика Каракалпакстан;17522.444;5021.748;69166;28.659;253339;Страх_отчет(I_чорак_2025_йил_)_uz
2025-03-31;company:APEX INSURANCE AJ;"""APEX INSURANCE"" AJ";общее;region:SAMARQAND;Самаркандская область;10615.657;1425.836;118193;13.431;89816;Страх_отчет(I_чорак_2025_йил_)_uz
2025-03-31;company:APEX INSURANCE AJ;"""APEX INSURANCE"" AJ";общее;region:SIRDARYO;Сырдарьинская область;3187.341;889.334;27867;27.902;114377;Страх_отчет(I_чорак_2025_йил_)_uz
2025-03-31;company:APEX INSURANCE AJ;"""APEX INSURANCE"" AJ";общее;region:SURXANDARYO;Сурхандарьинская область;11638.862;914.022;25958;7.853;448373;Страх_отчет(I_чорак_2025_йил_)_uz
2025-03-31;company:APEX INSURANCE AJ;"""APEX INSURANCE"" AJ";общее;region:TOSHKENT;Ташкентская область;9541.755;4.648;3839;0.049;2485479;Страх_отчет(I_чорак_2025_йил_)_uz
2025-03-31;company:APEX INSURANCE AJ;"""APEX INSURANCE"" AJ";общее;region:TOSHKENT SHAHRI;город Ташкент;545785.992;57881.091;359819;10.605;1516835;Страх_отчет(I_чорак_2025_йил_)_uz
2025-03-31;company:APEX INSURANCE AJ;"""APEX INSURANCE"" AJ";общее;region:XORAZM;Хорезмская область;15615.900;3051.670;78356;19.542;199294;Страх_отчет(I_чорак_2025_йил_)_uz
2025-03-31;company:APEX INSURANCE AJ;"""APEX INSURANCE"" AJ";общее;total;Все регионы;721250.191;76993.672;988518;10.675;729628;Страх_отчет(I_чорак_2025_йил_)_uz
2025-03-31;company:APEX LIFE INSURANCE AJ;"""APEX LIFE INSURANCE"" AJ";жизнь;region:ANDIJON;Андижанская область;0.072;80.242;264;111447.056;273;Страх_отчет(I_чорак_2025_йил_)_uz
2025-03-31;company:APEX LIFE INSURANCE AJ;"""APEX LIFE INSURANCE"" AJ";жизнь;region:BUXORO;Бухарская область;73.494;37.808;133;51.444;552589;Страх_отчет(I_чорак_2025_йил_)_uz
2025-03-31;company:APEX LIFE INSURANCE AJ;"""APEX LIFE INSURANCE"" AJ";жизнь;region:FARG'ONA;Ферганская область;918.283;893.380;645;97.288;1423695;Страх_отчет(I_чорак_2025_йил_)_uz
2025-03-31;company:APEX LIFE INSURANCE AJ;"""APEX LIFE INSURANCE"" AJ";жизнь;region:JIZZAX;Джизакская область;0.000;18.041;5;;0;Страх_отчет(I_чорак_2025_йил_)_uz
2025-03-31;company:APEX LIFE INSURANCE AJ;"""APEX LIFE INSURANCE"" AJ";жизнь;region:NAMANGAN;Наманганская область;2346.332;2740.154;1080;116.785;2172530;Страх_отчет(I_чорак_2025_йил_)_uz
2025-03-31;company:APEX LIFE INSURANCE AJ;"""APEX LIFE INSURANCE"" AJ";жизнь;region:NAVOIY;Навоийская область;1092.887;334.668;586;30.622;1864996;Страх_отчет(I_чорак_2025_йил_)_uz
2025-03-31;company:APEX LIFE INSURANCE AJ;"""APEX LIFE INSURANCE"" AJ";жизнь;region:QASHQADARYO;Кашкадарьинская область;136.510;233.477;70;171.032;1950146;Страх_отчет(I_чорак_2025_йил_)_uz
2025-03-31;company:APEX LIFE INSURANCE AJ;"""APEX LIFE INSURANCE"" AJ";жизнь;region:QORAQALPOG'ISTON RESPUBLIKASI;Республика Каракалпакстан;268.808;99.309;2708;36.944;99264;Страх_отчет(I_чорак_2025_йил_)_uz
2025-03-31;company:APEX LIFE INSURANCE AJ;"""APEX LIFE INSURANCE"" AJ";жизнь;region:SAMARQAND;Самаркандская область;86.038;4.541;159;5.278;541123;Страх_отчет(I_чорак_2025_йил_)_uz
2025-03-31;company:APEX LIFE INSURANCE AJ;"""APEX LIFE INSURANCE"" AJ";жизнь;region:SIRDARYO;Сырдарьинская область;0.000;7.173;2;;0;Страх_отчет(I_чорак_2025_йил_)_uz
2025-03-31;company:APEX LIFE INSURANCE AJ;"""APEX LIFE INSURANCE"" AJ";жизнь;region:SURXANDARYO;Сурхандарьинская область;0.000;1.378;1;;0;Страх_отчет(I_чорак_2025_йил_)_uz
2025-03-31;company:APEX LIFE INSURANCE AJ;"""APEX LIFE INSURANCE"" AJ";жизнь;region:TOSHKENT;Ташкентская область;4345.078;3899.479;135;89.745;32185760;Страх_отчет(I_чорак_2025_йил_)_uz
2025-03-31;company:APEX LIFE INSURANCE AJ;"""APEX LIFE INSURANCE"" AJ";жизнь;region:TOSHKENT SHAHRI;город Ташкент;159384.714;15717.322;269983;9.861;590351;Страх_отчет(I_чорак_2025_йил_)_uz
2025-03-31;company:APEX LIFE INSURANCE AJ;"""APEX LIFE INSURANCE"" AJ";жизнь;region:XORAZM;Хорезмская область;60.290;14.014;10965;23.245;5498;Страх_отчет(I_чорак_2025_йил_)_uz
2025-03-31;company:APEX LIFE INSURANCE AJ;"""APEX LIFE INSURANCE"" AJ";жизнь;total;Все регионы;168712.508;24080.986;286736;14.273;588390;Страх_отчет(I_чорак_2025_йил_)_uz
2025-03-31;company:ARIA SUG'URTA TASHKILOTI AJ;"""ARIA SUG‘URTA TASHKILOTI"" AJ";общее;region:ANDIJON;Андижанская область;0.000;0.000;0;;;Страх_отчет(I_чорак_2025_йил_)_uz
2025-03-31;company:ARIA SUG'URTA TASHKILOTI AJ;"""ARIA SUG‘URTA TASHKILOTI"" AJ";общее;region:BUXORO;Бухарская область;0.000;0.000;0;;;Страх_отчет(I_чорак_2025_йил_)_uz
2025-03-31;company:ARIA SUG'URTA TASHKILOTI AJ;"""ARIA SUG‘URTA TASHKILOTI"" AJ";общее;region:FARG'ONA;Ферганская область;0.000;0.000;0;;;Страх_отчет(I_чорак_2025_йил_)_uz
2025-03-31;company:ARIA SUG'URTA TASHKILOTI AJ;"""ARIA SUG‘URTA TASHKILOTI"" AJ";общее;region:JIZZAX;Джизакская область;0.000;0.000;0;;;Страх_отчет(I_чорак_2025_йил_)_uz
2025-03-31;company:ARIA SUG'URTA TASHKILOTI AJ;"""ARIA SUG‘URTA TASHKILOTI"" AJ";общее;region:NAMANGAN;Наманганская область;0.000;0.000;0;;;Страх_отчет(I_чорак_2025_йил_)_uz
2025-03-31;company:ARIA SUG'URTA TASHKILOTI AJ;"""ARIA SUG‘URTA TASHKILOTI"" AJ";общее;region:NAVOIY;Навоийская область;0.000;0.000;0;;;Страх_отчет(I_чорак_2025_йил_)_uz
2025-03-31;company:ARIA SUG'URTA TASHKILOTI AJ;"""ARIA SUG‘URTA TASHKILOTI"" AJ";общее;region:QASHQADARYO;Кашкадарьинская область;0.000;0.000;0;;;Страх_отчет(I_чорак_2025_йил_)_uz
2025-03-31;company:ARIA SUG'URTA TASHKILOTI AJ;"""ARIA SUG‘URTA TASHKILOTI"" AJ";общее;region:QORAQALPOG'ISTON RESPUBLIKASI;Республика Каракалпакстан;0.000;0.000;0;;;Страх_отчет(I_чорак_2025_йил_)_uz
2025-03-31;company:ARIA SUG'URTA TASHKILOTI AJ;"""ARIA SUG‘URTA TASHKILOTI"" AJ";общее;region:SAMARQAND;Самаркандская область;0.000;0.000;0;;;Страх_отчет(I_чорак_2025_йил_)_uz
2025-03-31;company:ARIA SUG'URTA TASHKILOTI AJ;"""ARIA SUG‘URTA TASHKILOTI"" AJ";общее;region:SIRDARYO;Сырдарьинская область;0.000;0.000;0;;;Страх_отчет(I_чорак_2025_йил_)_uz
2025-03-31;company:ARIA SUG'URTA TASHKILOTI AJ;"""ARIA SUG‘URTA TASHKILOTI"" AJ";общее;region:SURXANDARYO;Сурхандарьинская область;0.000;0.000;0;;;Страх_отчет(I_чорак_2025_йил_)_uz
2025-03-31;company:ARIA SUG'URTA TASHKILOTI AJ;"""ARIA SUG‘URTA TASHKILOTI"" AJ";общее;region:TOSHKENT;Ташкентская область;0.000;0.000;0;;;Страх_отчет(I_чорак_2025_йил_)_uz
2025-03-31;company:ARIA SUG'URTA TASHKILOTI AJ;"""ARIA SUG‘URTA TASHKILOTI"" AJ";общее;region:TOSHKENT SHAHRI;город Ташкент;7275.588;557.832;5332;7.667;1364514;Страх_отчет(I_чорак_2025_йил_)_uz
2025-03-31;company:ARIA SUG'URTA TASHKILOTI AJ;"""ARIA SUG‘URTA TASHKILOTI"" AJ";общее;region:XORAZM;Хорезмская область;0.000;0.000;0;;;Страх_отчет(I_чорак_2025_йил_)_uz
2025-03-31;company:ARIA SUG'URTA TASHKILOTI AJ;"""ARIA SUG‘URTA TASHKILOTI"" AJ";общее;total;Все регионы;7275.588;557.832;5332;7.667;1364514;Страх_отчет(I_чорак_2025_йил_)_uz
2025-03-31;company:ASIA INSURANCE SUG'URTA KOMPANIYASI AJ;"""ASIA INSURANCE SUG‘URTA KOMPANIYASI"" AJ";общее;region:ANDIJON;Андижанская область;335.649;25.888;11206;7.713;29953;Страх_отчет(I_чорак_2025_йил_)_uz
2025-03-31;company:ASIA INSURANCE SUG'URTA KOMPANIYASI AJ;"""ASIA INSURANCE SUG‘URTA KOMPANIYASI"" AJ";общее;region:BUXORO;Бухарская область;339.689;30.185;4988;8.886;68101;Страх_отчет(I_чорак_2025_йил_)_uz
2025-03-31;company:ASIA INSURANCE SUG'URTA KOMPANIYASI AJ;"""ASIA INSURANCE SUG‘URTA KOMPANIYASI"" AJ";общее;region:FARG'ONA;Ферганская область;241.145;20.938;2228;8.683;108234;Страх_отчет(I_чорак_2025_йил_)_uz
2025-03-31;company:ASIA INSURANCE SUG'URTA KOMPANIYASI AJ;"""ASIA INSURANCE SUG‘URTA KOMPANIYASI"" AJ";общее;region:JIZZAX;Джизакская область;200.448;14.000;3810;6.984;52611;Страх_отчет(I_чорак_2025_йил_)_uz
2025-03-31;company:ASIA INSURANCE SUG'URTA KOMPANIYASI AJ;"""ASIA INSURANCE SUG‘URTA KOMPANIYASI"" AJ";общее;region:NAMANGAN;Наманганская область;456.810;69.133;30856;15.134;14805;Страх_отчет(I_чорак_2025_йил_)_uz
2025-03-31;company:ASIA INSURANCE SUG'URTA KOMPANIYASI AJ;"""ASIA INSURANCE SUG‘URTA KOMPANIYASI"" AJ";общее;region:NAVOIY;Навоийская область;48.028;0.000;3089;0.000;15548;Страх_отчет(I_чорак_2025_йил_)_uz
2025-03-31;company:ASIA INSURANCE SUG'URTA KOMPANIYASI AJ;"""ASIA INSURANCE SUG‘URTA KOMPANIYASI"" AJ";общее;region:QASHQADARYO;Кашкадарьинская область;118.099;0.000;5164;0.000;22870;Страх_отчет(I_чорак_2025_йил_)_uz
2025-03-31;company:ASIA INSURANCE SUG'URTA KOMPANIYASI AJ;"""ASIA INSURANCE SUG‘URTA KOMPANIYASI"" AJ";общее;region:QORAQALPOG'ISTON RESPUBLIKASI;Республика Каракалпакстан;41.766;72.721;2132;174.114;19590;Страх_отчет(I_чорак_2025_йил_)_uz
2025-03-31;company:ASIA INSURANCE SUG'URTA KOMPANIYASI AJ;"""ASIA INSURANCE SUG‘URTA KOMPANIYASI"" AJ";общее;region:SAMARQAND;Самаркандская область;529.467;125.871;21274;23.773;24888;Страх_отчет(I_чорак_2025_йил_)_uz
2025-03-31;company:ASIA INSURANCE SUG'URTA KOMPANIYASI AJ;"""ASIA INSURANCE SUG‘URTA KOMPANIYASI"" AJ";общее;region:SIRDARYO;Сырдарьинская область;53.994;84.154;3845;155.859;14043;Страх_отчет(I_чорак_2025_йил_)_uz
2025-03-31;company:ASIA INSURANCE SUG'URTA KOMPANIYASI AJ;"""ASIA INSURANCE SUG‘URTA KOMPANIYASI"" AJ";общее;region:SURXANDARYO;Сурхандарьинская область;89.576;9.685;3018;10.811;29681;Страх_отчет(I_чорак_2025_йил_)_uz
2025-03-31;company:ASIA INSURANCE SUG'URTA KOMPANIYASI AJ;"""ASIA INSURANCE SUG‘URTA KOMPANIYASI"" AJ";общее;region:TOSHKENT;Ташкентская область;746.942;181.176;19585;24.256;38138;Страх_отчет(I_чорак_2025_йил_)_uz
2025-03-31;company:ASIA INSURANCE SUG'URTA KOMPANIYASI AJ;"""ASIA INSURANCE SUG‘URTA KOMPANIYASI"" AJ";общее;region:TOSHKENT SHAHRI;город Ташкент;32924.177;4843.118;17446;14.710;1887205;Страх_отчет(I_чорак_2025_йил_)_uz
2025-03-31;company:ASIA INSURANCE SUG'URTA KOMPANIYASI AJ;"""ASIA INSURANCE SUG‘URTA KOMPANIYASI"" AJ";общее;region:XORAZM;Хорезмская область;5.356;0.000;377;0.000;14207;Страх_отчет(I_чорак_2025_йил_)_uz
2025-03-31;company:ASIA INSURANCE SUG'URTA KOMPANIYASI AJ;"""ASIA INSURANCE SUG‘URTA KOMPANIYASI"" AJ";общее;total;Все регионы;36131.145;5476.868;129018;15.158;280047;Страх_отчет(I_чорак_2025_йил_)_uz
2025-03-31;company:EUROASIA INSURANCE AJ QK;"""EUROASIA INSURANCE"" AJ QK";общее;region:ANDIJON;Андижанская область;0.000;6.204;0;;;Страх_отчет(I_чорак_2025_йил_)_uz
2025-03-31;company:EUROASIA INSURANCE AJ QK;"""EUROASIA INSURANCE"" AJ QK";общее;region:BUXORO;Бухарская область;0.304;58.997;5;19406.776;60800;Страх_отчет(I_чорак_2025_йил_)_uz
2025-03-31;company:EUROASIA INSURANCE AJ QK;"""EUROASIA INSURANCE"" AJ QK";общее;region:FARG'ONA;Ферганская область;0.000;10.950;0;;;Страх_отчет(I_чорак_2025_йил_)_uz
2025-03-31;company:EUROASIA INSURANCE AJ QK;"""EUROASIA INSURANCE"" AJ QK";общее;region:JIZZAX;Джизакская область;0.000;70.594;0;;;Страх_отчет(I_чорак_2025_йил_)_uz
2025-03-31;company:EUROASIA INSURANCE AJ QK;"""EUROASIA INSURANCE"" AJ QK";общее;region:NAMANGAN;Наманганская область;2.368;0.000;43;0.000;55070;Страх_отчет(I_чорак_2025_йил_)_uz
2025-03-31;company:EUROASIA INSURANCE AJ QK;"""EUROASIA INSURANCE"" AJ QK";общее;region:NAVOIY;Навоийская область;0.000;25.799;0;;;Страх_отчет(I_чорак_2025_йил_)_uz
2025-03-31;company:EUROASIA INSURANCE AJ QK;"""EUROASIA INSURANCE"" AJ QK";общее;region:QASHQADARYO;Кашкадарьинская область;0.087;28.955;4;33192.563;21808;Страх_отчет(I_чорак_2025_йил_)_uz
2025-03-31;company:EUROASIA INSURANCE AJ QK;"""EUROASIA INSURANCE"" AJ QK";общее;region:QORAQALPOG'ISTON RESPUBLIKASI;Республика Каракалпакстан;0.000;43.703;0;;;Страх_отчет(I_чорак_2025_йил_)_uz
2025-03-31;company:EUROASIA INSURANCE AJ QK;"""EUROASIA INSURANCE"" AJ QK";общее;region:SAMARQAND;Самаркандская область;0.000;213.015;0;;;Страх_отчет(I_чорак_2025_йил_)_uz
2025-03-31;company:EUROASIA INSURANCE AJ QK;"""EUROASIA INSURANCE"" AJ QK";общее;region:SIRDARYO;Сырдарьинская область;0.000;23.197;0;;;Страх_отчет(I_чорак_2025_йил_)_uz
2025-03-31;company:EUROASIA INSURANCE AJ QK;"""EUROASIA INSURANCE"" AJ QK";общее;region:SURXANDARYO;Сурхандарьинская область;0.000;0.000;0;;;Страх_отчет(I_чорак_2025_йил_)_uz
2025-03-31;company:EUROASIA INSURANCE AJ QK;"""EUROASIA INSURANCE"" AJ QK";общее;region:TOSHKENT;Ташкентская область;0.000;0.000;0;;;Страх_отчет(I_чорак_2025_йил_)_uz
2025-03-31;company:EUROASIA INSURANCE AJ QK;"""EUROASIA INSURANCE"" AJ QK";общее;region:TOSHKENT SHAHRI;город Ташкент;43116.711;4774.395;147;11.073;293310963;Страх_отчет(I_чорак_2025_йил_)_uz
2025-03-31;company:EUROASIA INSURANCE AJ QK;"""EUROASIA INSURANCE"" AJ QK";общее;region:XORAZM;Хорезмская область;0.000;0.000;0;;;Страх_отчет(I_чорак_2025_йил_)_uz
2025-03-31;company:EUROASIA INSURANCE AJ QK;"""EUROASIA INSURANCE"" AJ QK";общее;total;Все регионы;43119.471;5255.808;199;12.189;216680757;Страх_отчет(I_чорак_2025_йил_)_uz
2025-03-31;company:GLOBAL INSURANCE GROUP AJ;"""GLOBAL INSURANCE GROUP"" AJ";общее;region:ANDIJON;Андижанская область;0.000;0.000;0;;;Страх_отчет(I_чорак_2025_йил_)_uz
2025-03-31;company:GLOBAL INSURANCE GROUP AJ;"""GLOBAL INSURANCE GROUP"" AJ";общее;region:BUXORO;Бухарская область;0.000;228.697;0;;;Страх_отчет(I_чорак_2025_йил_)_uz
2025-03-31;company:GLOBAL INSURANCE GROUP AJ;"""GLOBAL INSURANCE GROUP"" AJ";общее;region:FARG'ONA;Ферганская область;0.000;10.096;0;;;Страх_отчет(I_чорак_2025_йил_)_uz
2025-03-31;company:GLOBAL INSURANCE GROUP AJ;"""GLOBAL INSURANCE GROUP"" AJ";общее;region:JIZZAX;Джизакская область;0.000;33.636;0;;;Страх_отчет(I_чорак_2025_йил_)_uz
2025-03-31;company:GLOBAL INSURANCE GROUP AJ;"""GLOBAL INSURANCE GROUP"" AJ";общее;region:NAMANGAN;Наманганская область;0.000;2.015;0;;;Страх_отчет(I_чорак_2025_йил_)_uz
2025-03-31;company:GLOBAL INSURANCE GROUP AJ;"""GLOBAL INSURANCE GROUP"" AJ";общее;region:NAVOIY;Навоийская область;0.000;0.000;0;;;Страх_отчет(I_чорак_2025_йил_)_uz
2025-03-31;company:GLOBAL INSURANCE GROUP AJ;"""GLOBAL INSURANCE GROUP"" AJ";общее;region:QASHQADARYO;Кашкадарьинская область;0.000;3.728;0;;;Страх_отчет(I_чорак_2025_йил_)_uz
2025-03-31;company:GLOBAL INSURANCE GROUP AJ;"""GLOBAL INSURANCE GROUP"" AJ";общее;region:QORAQALPOG'ISTON RESPUBLIKASI;Республика Каракалпакстан;0.000;25.300;0;;;Страх_отчет(I_чорак_2025_йил_)_uz
2025-03-31;company:GLOBAL INSURANCE GROUP AJ;"""GLOBAL INSURANCE GROUP"" AJ";общее;region:SAMARQAND;Самаркандская область;0.000;54.428;0;;;Страх_отчет(I_чорак_2025_йил_)_uz
2025-03-31;company:GLOBAL INSURANCE GROUP AJ;"""GLOBAL INSURANCE GROUP"" AJ";общее;region:SIRDARYO;Сырдарьинская область;0.000;0.000;0;;;Страх_отчет(I_чорак_2025_йил_)_uz
2025-03-31;company:GLOBAL INSURANCE GROUP AJ;"""GLOBAL INSURANCE GROUP"" AJ";общее;region:SURXANDARYO;Сурхандарьинская область;0.000;121.544;0;;;Страх_отчет(I_чорак_2025_йил_)_uz
2025-03-31;company:GLOBAL INSURANCE GROUP AJ;"""GLOBAL INSURANCE GROUP"" AJ";общее;region:TOSHKENT;Ташкентская область;0.000;237.586;0;;;Страх_отчет(I_чорак_2025_йил_)_uz
2025-03-31;company:GLOBAL INSURANCE GROUP AJ;"""GLOBAL INSURANCE GROUP"" AJ";общее;region:TOSHKENT SHAHRI;город Ташкент;15377.064;5608.857;93772;36.475;163984;Страх_отчет(I_чорак_2025_йил_)_uz
2025-03-31;company:GLOBAL INSURANCE GROUP AJ;"""GLOBAL INSURANCE GROUP"" AJ";общее;region:XORAZM;Хорезмская область;0.000;0.000;0;;;Страх_отчет(I_чорак_2025_йил_)_uz
2025-03-31;company:GLOBAL INSURANCE GROUP AJ;"""GLOBAL INSURANCE GROUP"" AJ";общее;total;Все регионы;15377.064;6325.887;93772;41.138;163984;Страх_отчет(I_чорак_2025_йил_)_uz
2025-03-31;company:GROSS SUG'URTA KOMPANIYASI AJ;"""GROSS SUG‘URTA KOMPANIYASI"" AJ";общее;region:ANDIJON;Андижанская область;3652.300;364.684;106732;9.985;34219;Страх_отчет(I_чорак_2025_йил_)_uz
2025-03-31;company:GROSS SUG'URTA KOMPANIYASI AJ;"""GROSS SUG‘URTA KOMPANIYASI"" AJ";общее;region:BUXORO;Бухарская область;1033.329;93.827;6142;9.080;168240;Страх_отчет(I_чорак_2025_йил_)_uz
2025-03-31;company:GROSS SUG'URTA KOMPANIYASI AJ;"""GROSS SUG‘URTA KOMPANIYASI"" AJ";общее;region:FARG'ONA;Ферганская область;6808.539;268.692;139783;3.946;48708;Страх_отчет(I_чорак_2025_йил_)_uz
2025-03-31;company:GROSS SUG'URTA KOMPANIYASI AJ;"""GROSS SUG‘URTA KOMPANIYASI"" AJ";общее;region:JIZZAX;Джизакская область;288.738;335.640;3504;116.244;82402;Страх_отчет(I_чорак_2025_йил_)_uz
2025-03-31;company:GROSS SUG'URTA KOMPANIYASI AJ;"""GROSS SUG‘URTA KOMPANIYASI"" AJ";общее;region:NAMANGAN;Наманганская область;780.985;35.200;51194;4.507;15255;Страх_отчет(I_чорак_2025_йил_)_uz
2025-03-31;company:GROSS SUG'URTA KOMPANIYASI AJ;"""GROSS SUG‘URTA KOMPANIYASI"" AJ";общее;region:NAVOIY;Навоийская область;1473.434;173.685;25545;11.788;57680;Страх_отчет(I_чорак_2025_йил_)_uz
2025-03-31;company:GROSS SUG'URTA KOMPANIYASI AJ;"""GROSS SUG‘URTA KOMPANIYASI"" AJ";общее;region:QASHQADARYO;Кашкадарьинская область;1671.447;139.996;17216;8.376;97087;Страх_отчет(I_чорак_2025_йил_)_uz
2025-03-31;company:GROSS SUG'URTA KOMPANIYASI AJ;"""GROSS SUG‘URTA KOMPANIYASI"" AJ";общее;region:QORAQALPOG'ISTON RESPUBLIKASI;Республика Каракалпакстан;439.578;171.873;13151;39.100;33425;Страх_отчет(I_чорак_2025_йил_)_uz
2025-03-31;company:GROSS SUG'URTA KOMPANIYASI AJ;"""GROSS SUG‘URTA KOMPANIYASI"" AJ";общее;region:SAMARQAND;Самаркандская область;3879.067;585.091;69225;15.083;56036;Страх_отчет(I_чорак_2025_йил_)_uz
2025-03-31;company:GROSS SUG'URTA KOMPANIYASI AJ;"""GROSS SUG‘URTA KOMPANIYASI"" AJ";общее;region:SIRDARYO;Сырдарьинская область;22.839;33.854;2444;148.228;9345;Страх_отчет(I_чорак_2025_йил_)_uz
2025-03-31;company:GROSS SUG'URTA KOMPANIYASI AJ;"""GROSS SUG‘URTA KOMPANIYASI"" AJ";общее;region:SURXANDARYO;Сурхандарьинская область;1007.128;295.014;43812;29.293;22987;Страх_отчет(I_чорак_2025_йил_)_uz
2025-03-31;company:GROSS SUG'URTA KOMPANIYASI AJ;"""GROSS SUG‘URTA KOMPANIYASI"" AJ";общее;region:TOSHKENT;Ташкентская область;1276.502;136.585;7718;10.700;165393;Страх_отчет(I_чорак_2025_йил_)_uz
2025-03-31;company:GROSS SUG'URTA KOMPANIYASI AJ;"""GROSS SUG‘URTA KOMPANIYASI"" AJ";общее;region:TOSHKENT SHAHRI;город Ташкент;182627.768;37122.888;340561;20.327;536256;Страх_отчет(I_чорак_2025_йил_)_uz
2025-03-31;company:GROSS SUG'URTA KOMPANIYASI AJ;"""GROSS SUG‘URTA KOMPANIYASI"" AJ";общее;region:XORAZM;Хорезмская область;1653.463;693.922;26280;41.968;62917;Страх_отчет(I_чорак_2025_йил_)_uz
2025-03-31;company:GROSS SUG'URTA KOMPANIYASI AJ;"""GROSS SUG‘URTA KOMPANIYASI"" AJ";общее;total;Все регионы;206615.117;40450.951;853307;19.578;242135;Страх_отчет(I_чорак_2025_йил_)_uz
2025-03-31;company:HAMKOR SUG'URTA AJ;"""HAMKOR SUG’URTA"" AJ";общее;region:ANDIJON;Андижанская область;447.397;24.657;511;5.511;875532;Страх_отчет(I_чорак_2025_йил_)_uz
2025-03-31;company:HAMKOR SUG'URTA AJ;"""HAMKOR SUG’URTA"" AJ";общее;region:BUXORO;Бухарская область;295.229;0.000;202;0.000;1461530;Страх_отчет(I_чорак_2025_йил_)_uz
2025-03-31;company:HAMKOR SUG'URTA AJ;"""HAMKOR SUG’URTA"" AJ";общее;region:FARG'ONA;Ферганская область;544.338;20.893;468;3.838;1163116;Страх_отчет(I_чорак_2025_йил_)_uz
2025-03-31;company:HAMKOR SUG'URTA AJ;"""HAMKOR SUG’URTA"" AJ";общее;region:JIZZAX;Джизакская область;83.977;47.726;56;56.832;1499589;Страх_отчет(I_чорак_2025_йил_)_uz
2025-03-31;company:HAMKOR SUG'URTA AJ;"""HAMKOR SUG’URTA"" AJ";общее;region:NAMANGAN;Наманганская область;204.806;5.000;197;2.441;1039626;Страх_отчет(I_чорак_2025_йил_)_uz
2025-03-31;company:HAMKOR SUG'URTA AJ;"""HAMKOR SUG’URTA"" AJ";общее;region:NAVOIY;Навоийская область;123.272;0.000;130;0.000;948246;Страх_отчет(I_чорак_2025_йил_)_uz
2025-03-31;company:HAMKOR SUG'URTA AJ;"""HAMKOR SUG’URTA"" AJ";общее;region:QASHQADARYO;Кашкадарьинская область;78.484;5.761;51;7.340;1538910;Страх_отчет(I_чорак_2025_йил_)_uz
2025-03-31;company:HAMKOR SUG'URTA AJ;"""HAMKOR SUG’URTA"" AJ";общее;region:QORAQALPOG'ISTON RESPUBLIKASI;Республика Каракалпакстан;216.025;2.600;250;1.204;864100;Страх_отчет(I_чорак_2025_йил_)_uz
2025-03-31;company:HAMKOR SUG'URTA AJ;"""HAMKOR SUG’URTA"" AJ";общее;region:SAMARQAND;Самаркандская область;356.444;69.812;232;19.586;1536397;Страх_отчет(I_чорак_2025_йил_)_uz
2025-03-31;company:HAMKOR SUG'URTA AJ;"""HAMKOR SUG’URTA"" AJ";общее;region:SIRDARYO;Сырдарьинская область;205.472;12.370;378;6.020;543577;Страх_отчет(I_чорак_2025_йил_)_uz
2025-03-31;company:HAMKOR SUG'URTA AJ;"""HAMKOR SUG’URTA"" AJ";общее;region:SURXANDARYO;Сурхандарьинская область;213.403;10.000;279;4.686;764885;Страх_отчет(I_чорак_2025_йил_)_uz
2025-03-31;company:HAMKOR SUG'URTA AJ;"""HAMKOR SUG’URTA"" AJ";общее;region:TOSHKENT;Ташкентская область;364.706;77.485;2195;21.246;166153;Страх_отчет(I_чорак_2025_йил_)_uz
2025-03-31;company:HAMKOR SUG'URTA AJ;"""HAMKOR SUG’URTA"" AJ";общее;region:TOSHKENT SHAHRI;город Ташкент;595.932;629.846;2593;105.691;229823;Страх_отчет(I_чорак_2025_йил_)_uz
2025-03-31;company:HAMKOR SUG'URTA AJ;"""HAMKOR SUG’URTA"" AJ";общее;region:XORAZM;Хорезмская область;494.338;24.773;383;5.011;1290699;Страх_отчет(I_чорак_2025_йил_)_uz
2025-03-31;company:HAMKOR SUG'URTA AJ;"""HAMKOR SUG’URTA"" AJ";общее;total;Все регионы;4223.823;930.924;7925;22.040;532975;Страх_отчет(I_чорак_2025_йил_)_uz
2025-03-31;company:IMKON SUG'URTA AJ;"""IMKON SUG’URTA"" AJ";общее;region:ANDIJON;Андижанская область;245.804;0.000;1006;0.000;244338;Страх_отчет(I_чорак_2025_йил_)_uz
2025-03-31;company:IMKON SUG'URTA AJ;"""IMKON SUG’URTA"" AJ";общее;region:BUXORO;Бухарская область;81.264;0.000;743;0.000;109373;Страх_отчет(I_чорак_2025_йил_)_uz
2025-03-31;company:IMKON SUG'URTA AJ;"""IMKON SUG’URTA"" AJ";общее;region:FARG'ONA;Ферганская область;463.555;0.000;2592;0.000;178841;Страх_отчет(I_чорак_2025_йил_)_uz
2025-03-31;company:IMKON SUG'URTA AJ;"""IMKON SUG’URTA"" AJ";общее;region:JIZZAX;Джизакская область;37.761;31.059;2734;82.253;13812;Страх_отчет(I_чорак_2025_йил_)_uz
2025-03-31;company:IMKON SUG'URTA AJ;"""IMKON SUG’URTA"" AJ";общее;region:NAMANGAN;Наманганская область;89.325;0.000;299;0.000;298744;Страх_отчет(I_чорак_2025_йил_)_uz
2025-03-31;company:IMKON SUG'URTA AJ;"""IMKON SUG’URTA"" AJ";общее;region:NAVOIY;Навоийская область;563.477;385.779;2513;68.464;224225;Страх_отчет(I_чорак_2025_йил_)_uz
2025-03-31;company:IMKON SUG'URTA AJ;"""IMKON SUG’URTA"" AJ";общее;region:QASHQADARYO;Кашкадарьинская область;232.239;0.000;760;0.000;305578;Страх_отчет(I_чорак_2025_йил_)_uz
2025-03-31;company:IMKON SUG'URTA AJ;"""IMKON SUG’URTA"" AJ";общее;region:QORAQALPOG'ISTON RESPUBLIKASI;Республика Каракалпакстан;263.903;17.320;1706;6.563;154691;Страх_отчет(I_чорак_2025_йил_)_uz
2025-03-31;company:IMKON SUG'URTA AJ;"""IMKON SUG’URTA"" AJ";общее;region:SAMARQAND;Самаркандская область;851.431;65.678;5456;7.714;156054;Страх_отчет(I_чорак_2025_йил_)_uz
2025-03-31;company:IMKON SUG'URTA AJ;"""IMKON SUG’URTA"" AJ";общее;region:SIRDARYO;Сырдарьинская область;67.397;4.384;641;6.505;105144;Страх_отчет(I_чорак_2025_йил_)_uz
2025-03-31;company:IMKON SUG'URTA AJ;"""IMKON SUG’URTA"" AJ";общее;region:SURXANDARYO;Сурхандарьинская область;476.197;2.917;2418;0.612;196938;Страх_отчет(I_чорак_2025_йил_)_uz
2025-03-31;company:IMKON SUG'URTA AJ;"""IMKON SUG’URTA"" AJ";общее;region:TOSHKENT;Ташкентская область;1473.748;19.018;3491;1.290;422156;Страх_отчет(I_чорак_2025_йил_)_uz
2025-03-31;company:IMKON SUG'URTA AJ;"""IMKON SUG’URTA"" AJ";общее;region:TOSHKENT SHAHRI;город Ташкент;2092.622;4252.676;278576;203.222;7512;Страх_отчет(I_чорак_2025_йил_)_uz
2025-03-31;company:IMKON SUG'URTA AJ;"""IMKON SUG’URTA"" AJ";общее;region:XORAZM;Хорезмская область;86.151;58.663;1302;68.093;66168;Страх_отчет(I_чорак_2025_йил_)_uz
2025-03-31;company:IMKON SUG'URTA AJ;"""IMKON SUG’URTA"" AJ";общее;total;Все регионы;7024.873;4837.493;304237;68.862;23090;Страх_отчет(I_чорак_2025_йил_)_uz
2025-03-31;company:IMPEX-INSURANCE AJ;"""IMPEX-INSURANCE"" AJ";общее;region:ANDIJON;Андижанская область;1192.673;0.000;2898;0.000;411550;Страх_отчет(I_чорак_2025_йил_)_uz
2025-03-31;company:IMPEX-INSURANCE AJ;"""IMPEX-INSURANCE"" AJ";общее;region:BUXORO;Бухарская область;2211.690;0.000;4869;0.000;454239;Страх_отчет(I_чорак_2025_йил_)_uz
2025-03-31;company:IMPEX-INSURANCE AJ;"""IMPEX-INSURANCE"" AJ";общее;region:FARG'ONA;Ферганская область;1871.718;42.000;16233;2.244;115303;Страх_отчет(I_чорак_2025_йил_)_uz
2025-03-31;company:IMPEX-INSURANCE AJ;"""IMPEX-INSURANCE"" AJ";общее;region:JIZZAX;Джизакская область;931.182;9.492;1094;1.019;851172;Страх_отчет(I_чорак_2025_йил_)_uz
2025-03-31;company:IMPEX-INSURANCE AJ;"""IMPEX-INSURANCE"" AJ";общее;region:NAMANGAN;Наманганская область;0.000;106.860;88;;0;Страх_отчет(I_чорак_2025_йил_)_uz
2025-03-31;company:IMPEX-INSURANCE AJ;"""IMPEX-INSURANCE"" AJ";общее;region:NAVOIY;Навоийская область;754.313;5.692;1282;0.755;588388;Страх_отчет(I_чорак_2025_йил_)_uz
2025-03-31;company:IMPEX-INSURANCE AJ;"""IMPEX-INSURANCE"" AJ";общее;region:QASHQADARYO;Кашкадарьинская область;999.397;93.212;8993;9.327;111130;Страх_отчет(I_чорак_2025_йил_)_uz
2025-03-31;company:IMPEX-INSURANCE AJ;"""IMPEX-INSURANCE"" AJ";общее;region:QORAQALPOG'ISTON RESPUBLIKASI;Республика Каракалпакстан;1510.076;0.000;2254;0.000;669954;Страх_отчет(I_чорак_2025_йил_)_uz
2025-03-31;company:IMPEX-INSURANCE AJ;"""IMPEX-INSURANCE"" AJ";общее;region:SAMARQAND;Самаркандская область;1067.280;44.206;3114;4.142;342736;Страх_отчет(I_чорак_2025_йил_)_uz
2025-03-31;company:IMPEX-INSURANCE AJ;"""IMPEX-INSURANCE"" AJ";общее;region:SIRDARYO;Сырдарьинская область;751.411;12.622;991;1.680;758236;Страх_отчет(I_чорак_2025_йил_)_uz
2025-03-31;company:IMPEX-INSURANCE AJ;"""IMPEX-INSURANCE"" AJ";общее;region:SURXANDARYO;Сурхандарьинская область;1578.727;50.975;21801;3.229;72415;Страх_отчет(I_чорак_2025_йил_)_uz
2025-03-31;company:IMPEX-INSURANCE AJ;"""IMPEX-INSURANCE"" AJ";общее;region:TOSHKENT;Ташкентская область;1304.206;7.715;2788;0.592;467793;Страх_отчет(I_чорак_2025_йил_)_uz
2025-03-31;company:IMPEX-INSURANCE AJ;"""IMPEX-INSURANCE"" AJ";общее;region:TOSHKENT SHAHRI;город Ташкент;35850.433;17733.541;36558;49.465;980645;Страх_отчет(I_чорак_2025_йил_)_uz
2025-03-31;company:IMPEX-INSURANCE AJ;"""IMPEX-INSURANCE"" AJ";общее;region:XORAZM;Хорезмская область;1628.257;7.059;6811;0.434;239063;Страх_отчет(I_чорак_2025_йил_)_uz
2025-03-31;company:IMPEX-INSURANCE AJ;"""IMPEX-INSURANCE"" AJ";общее;total;Все регионы;51651.364;18113.375;109774;35.069;470525;Страх_отчет(I_чорак_2025_йил_)_uz
2025-03-31;company:INFINITY INSURANCE AJ;"""INFINITY INSURANCE"" AJ";общее;region:ANDIJON;Андижанская область;118.868;67.736;1080;56.984;110063;Страх_отчет(I_чорак_2025_йил_)_uz
2025-03-31;company:INFINITY INSURANCE AJ;"""INFINITY INSURANCE"" AJ";общее;region:BUXORO;Бухарская область;163.680;35.332;1953;21.586;83809;Страх_отчет(I_чорак_2025_йил_)_uz
2025-03-31;company:INFINITY INSURANCE AJ;"""INFINITY INSURANCE"" AJ";общее;region:FARG'ONA;Ферганская область;787.042;64.885;1598;8.244;492517;Страх_отчет(I_чорак_2025_йил_)_uz
2025-03-31;company:INFINITY INSURANCE AJ;"""INFINITY INSURANCE"" AJ";общее;region:JIZZAX;Джизакская область;350.962;143.779;2479;40.967;141574;Страх_отчет(I_чорак_2025_йил_)_uz
2025-03-31;company:INFINITY INSURANCE AJ;"""INFINITY INSURANCE"" AJ";общее;region:NAMANGAN;Наманганская область;12.800;0.000;1617;0.000;7916;Страх_отчет(I_чорак_2025_йил_)_uz
2025-03-31;company:INFINITY INSURANCE AJ;"""INFINITY INSURANCE"" AJ";общее;region:NAVOIY;Навоийская область;188.245;429.289;2519;228.048;74730;Страх_отчет(I_чорак_2025_йил_)_uz
2025-03-31;company:INFINITY INSURANCE AJ;"""INFINITY INSURANCE"" AJ";общее;region:QASHQADARYO;Кашкадарьинская область;881.986;53.025;3313;6.012;266220;Страх_отчет(I_чорак_2025_йил_)_uz
2025-03-31;company:INFINITY INSURANCE AJ;"""INFINITY INSURANCE"" AJ";общее;region:QORAQALPOG'ISTON RESPUBLIKASI;Республика Каракалпакстан;741.733;207.222;3758;27.938;197374;Страх_отчет(I_чорак_2025_йил_)_uz
2025-03-31;company:INFINITY INSURANCE AJ;"""INFINITY INSURANCE"" AJ";общее;region:SAMARQAND;Самаркандская область;913.857;11.339;2143;1.241;426438;Страх_отчет(I_чорак_2025_йил_)_uz
2025-03-31;company:INFINITY INSURANCE AJ;"""INFINITY INSURANCE"" AJ";общее;region:SIRDARYO;Сырдарьинская область;6.835;12.795;413;187.191;16551;Страх_отчет(I_чорак_2025_йил_)_uz
2025-03-31;company:INFINITY INSURANCE AJ;"""INFINITY INSURANCE"" AJ";общее;region:SURXANDARYO;Сурхандарьинская область;647.823;14.000;2384;2.161;271738;Страх_отчет(I_чорак_2025_йил_)_uz
2025-03-31;company:INFINITY INSURANCE AJ;"""INFINITY INSURANCE"" AJ";общее;region:TOSHKENT;Ташкентская область;2083.494;558.769;2943;26.819;707949;Страх_отчет(I_чорак_2025_йил_)_uz
2025-03-31;company:INFINITY INSURANCE AJ;"""INFINITY INSURANCE"" AJ";общее;region:TOSHKENT SHAHRI;город Ташкент;7240.308;2929.181;65959;40.457;109770;Страх_отчет(I_чорак_2025_йил_)_uz
2025-03-31;company:INFINITY INSURANCE AJ;"""INFINITY INSURANCE"" AJ";общее;region:XORAZM;Хорезмская область;507.329;0.000;1625;0.000;312202;Страх_отчет(I_чорак_2025_йил_)_uz
2025-03-31;company:INFINITY INSURANCE AJ;"""INFINITY INSURANCE"" AJ";общее;total;Все регионы;14644.961;4527.353;93784;30.914;156156;Страх_отчет(I_чорак_2025_йил_)_uz
2025-03-31;company:INSON AJ;"""INSON"" AJ";общее;region:ANDIJON;Андижанская область;568.746;124.871;11913;21.956;47742;Страх_отчет(I_чорак_2025_йил_)_uz
2025-03-31;company:INSON AJ;"""INSON"" AJ";общее;region:BUXORO;Бухарская область;1241.497;134.058;7416;10.798;167408;Страх_отчет(I_чорак_2025_йил_)_uz
2025-03-31;company:INSON AJ;"""INSON"" AJ";общее;region:FARG'ONA;Ферганская область;1167.680;236.412;7855;20.246;148654;Страх_отчет(I_чорак_2025_йил_)_uz
2025-03-31;company:INSON AJ;"""INSON"" AJ";общее;region:JIZZAX;Джизакская область;0.224;0.000;413;0.000;543;Страх_отчет(I_чорак_2025_йил_)_uz
2025-03-31;company:INSON AJ;"""INSON"" AJ";общее;region:NAMANGAN;Наманганская область;456.965;10.034;2482;2.196;184112;Страх_отчет(I_чорак_2025_йил_)_uz
2025-03-31;company:INSON AJ;"""INSON"" AJ";общее;region:NAVOIY;Навоийская область;11.075;17.024;1166;153.710;9499;Страх_отчет(I_чорак_2025_йил_)_uz
2025-03-31;company:INSON AJ;"""INSON"" AJ";общее;region:QASHQADARYO;Кашкадарьинская область;2078.170;505.434;31893;24.321;65161;Страх_отчет(I_чорак_2025_йил_)_uz
2025-03-31;company:INSON AJ;"""INSON"" AJ";общее;region:QORAQALPOG'ISTON RESPUBLIKASI;Республика Каракалпакстан;120.706;107.740;5288;89.258;22826;Страх_отчет(I_чорак_2025_йил_)_uz
2025-03-31;company:INSON AJ;"""INSON"" AJ";общее;region:SAMARQAND;Самаркандская область;2033.205;235.282;7817;11.572;260100;Страх_отчет(I_чорак_2025_йил_)_uz
2025-03-31;company:INSON AJ;"""INSON"" AJ";общее;region:SIRDARYO;Сырдарьинская область;6.829;14.000;1136;205.012;6011;Страх_отчет(I_чорак_2025_йил_)_uz
2025-03-31;company:INSON AJ;"""INSON"" AJ";общее;region:SURXANDARYO;Сурхандарьинская область;916.138;186.204;17698;20.325;51765;Страх_отчет(I_чорак_2025_йил_)_uz
2025-03-31;company:INSON AJ;"""INSON"" AJ";общее;region:TOSHKENT;Ташкентская область;42.154;14.000;674;33.212;62543;Страх_отчет(I_чорак_2025_йил_)_uz
2025-03-31;company:INSON AJ;"""INSON"" AJ";общее;region:TOSHKENT SHAHRI;город Ташкент;32111.432;8447.123;276869;26.306;115981;Страх_отчет(I_чорак_2025_йил_)_uz
2025-03-31;company:INSON AJ;"""INSON"" AJ";общее;region:XORAZM;Хорезмская область;627.927;54.000;1550;8.600;405114;Страх_отчет(I_чорак_2025_йил_)_uz
2025-03-31;company:INSON AJ;"""INSON"" AJ";общее;total;Все регионы;41382.749;10086.183;374170;24.373;110599;Страх_отчет(I_чорак_2025_йил_)_uz
2025-03-31;company:ISHONCH SUG'URTA KOMPANIYASI AJ;"""ISHONCH SUG‘URTA KOMPANIYASI"" AJ";общее;region:ANDIJON;Андижанская область;407.300;0.000;1379;0.000;295359;Страх_отчет(I_чорак_2025_йил_)_uz
2025-03-31;company:ISHONCH SUG'URTA KOMPANIYASI AJ;"""ISHONCH SUG‘URTA KOMPANIYASI"" AJ";общее;region:BUXORO;Бухарская область;720.384;41.891;1785;5.815;403577;Страх_отчет(I_чорак_2025_йил_)_uz
2025-03-31;company:ISHONCH SUG'URTA KOMPANIYASI AJ;"""ISHONCH SUG‘URTA KOMPANIYASI"" AJ";общее;region:FARG'ONA;Ферганская область;982.732;55.200;4436;5.617;221536;Страх_отчет(I_чорак_2025_йил_)_uz
2025-03-31;company:ISHONCH SUG'URTA KOMPANIYASI AJ;"""ISHONCH SUG‘URTA KOMPANIYASI"" AJ";общее;region:JIZZAX;Джизакская область;877.886;0.000;1068;0.000;821991;Страх_отчет(I_чорак_2025_йил_)_uz
2025-03-31;company:ISHONCH SUG'URTA KOMPANIYASI AJ;"""ISHONCH SUG‘URTA KOMPANIYASI"" AJ";общее;region:NAMANGAN;Наманганская область;500.903;0.000;1237;0.000;404933;Страх_отчет(I_чорак_2025_йил_)_uz
2025-03-31;company:ISHONCH SUG'URTA KOMPANIYASI AJ;"""ISHONCH SUG‘URTA KOMPANIYASI"" AJ";общее;region:NAVOIY;Навоийская область;466.112;36.090;967;7.743;482019;Страх_отчет(I_чорак_2025_йил_)_uz
2025-03-31;company:ISHONCH SUG'URTA KOMPANIYASI AJ;"""ISHONCH SUG‘URTA KOMPANIYASI"" AJ";общее;region:QASHQADARYO;Кашкадарьинская область;635.761;0.000;3287;0.000;193417;Страх_отчет(I_чорак_2025_йил_)_uz
2025-03-31;company:ISHONCH SUG'URTA KOMPANIYASI AJ;"""ISHONCH SUG‘URTA KOMPANIYASI"" AJ";общее;region:QORAQALPOG'ISTON RESPUBLIKASI;Республика Каракалпакстан;539.637;192.000;1820;35.580;296504;Страх_отчет(I_чорак_2025_йил_)_uz
2025-03-31;company:ISHONCH SUG'URTA KOMPANIYASI AJ;"""ISHONCH SUG‘URTA KOMPANIYASI"" AJ";общее;region:SAMARQAND;Самаркандская область;256.735;0.000;765;0.000;335601;Страх_отчет(I_чорак_2025_йил_)_uz
2025-03-31;company:ISHONCH SUG'URTA KOMPANIYASI AJ;"""ISHONCH SUG‘URTA KOMPANIYASI"" AJ";общее;region:SIRDARYO;Сырдарьинская область;300.888;20.526;526;6.822;572030;Страх_отчет(I_чорак_2025_йил_)_uz
2025-03-31;company:ISHONCH SUG'URTA KOMPANIYASI AJ;"""ISHONCH SUG‘URTA KOMPANIYASI"" AJ";общее;region:SURXANDARYO;Сурхандарьинская область;519.702;0.000;2344;0.000;221716;Страх_отчет(I_чорак_2025_йил_)_uz
2025-03-31;company:ISHONCH SUG'URTA KOMPANIYASI AJ;"""ISHONCH SUG‘URTA KOMPANIYASI"" AJ";общее;region:TOSHKENT;Ташкентская область;1311.900;606.175;1987;46.206;660241;Страх_отчет(I_чорак_2025_йил_)_uz
2025-03-31;company:ISHONCH SUG'URTA KOMPANIYASI AJ;"""ISHONCH SUG‘URTA KOMPANIYASI"" AJ";общее;region:TOSHKENT SHAHRI;город Ташкент;11709.156;3096.892;40953;26.448;285917;Страх_отчет(I_чорак_2025_йил_)_uz
2025-03-31;company:ISHONCH SUG'URTA KOMPANIYASI AJ;"""ISHONCH SUG‘URTA KOMPANIYASI"" AJ";общее;region:XORAZM;Хорезмская область;471.490;0.000;1686;0.000;279650;Страх_отчет(I_чорак_2025_йил_)_uz
2025-03-31;company:ISHONCH SUG'URTA KOMPANIYASI AJ;"""ISHONCH SUG‘URTA KOMPANIYASI"" AJ";общее;total;Все регионы;19700.586;4048.775;64240;20.552;306672;Страх_отчет(I_чорак_2025_йил_)_uz
2025-03-31;company:KAFIL SUG'URTA AJ;"""KAFIL SUG’URTA"" AJ";общее;region:ANDIJON;Андижанская область;1391.564;95.746;3366;6.880;413418;Страх_отчет(I_чорак_2025_йил_)_uz
2025-03-31;company:KAFIL SUG'URTA AJ;"""KAFIL SUG’URTA"" AJ";общее;region:BUXORO;Бухарская область;3533.524;81.228;6755;2.299;523098;Страх_отчет(I_чорак_2025_йил_)_uz
2025-03-31;company:KAFIL SUG'URTA AJ;"""KAFIL SUG’URTA"" AJ";общее;region:FARG'ONA;Ферганская область;1489.589;0.000;3681;0.000;404670;Страх_отчет(I_чорак_2025_йил_)_uz
2025-03-31;company:KAFIL SUG'URTA AJ;"""KAFIL SUG’URTA"" AJ";общее;region:JIZZAX;Джизакская область;1071.266;19.414;1265;1.812;846850;Страх_отчет(I_чорак_2025_йил_)_uz
2025-03-31;company:KAFIL SUG'URTA AJ;"""KAFIL SUG’URTA"" AJ";общее;region:NAMANGAN;Наманганская область;542.791;0.000;2937;0.000;184811;Страх_отчет(I_чорак_2025_йил_)_uz
2025-03-31;company:KAFIL SUG'URTA AJ;"""KAFIL SUG’URTA"" AJ";общее;region:NAVOIY;Навоийская область;1415.597;4789.596;1988;338.345;712071;Страх_отчет(I_чорак_2025_йил_)_uz
2025-03-31;company:KAFIL SUG'URTA AJ;"""KAFIL SUG’URTA"" AJ";общее;region:QASHQADARYO;Кашкадарьинская область;1486.481;17.300;3505;1.164;424103;Страх_отчет(I_чорак_2025_йил_)_uz
2025-03-31;company:KAFIL SUG'URTA AJ;"""KAFIL SUG’URTA"" AJ";общее;region:QORAQALPOG'ISTON RESPUBLIKASI;Республика Каракалпакстан;421.777;422.019;1449;100.057;291082;Страх_отчет(I_чорак_2025_йил_)_uz
2025-03-31;company:KAFIL SUG'URTA AJ;"""KAFIL SUG’URTA"" AJ";общее;region:SAMARQAND;Самаркандская область;434.710;115.207;2992;26.502;145291;Страх_отчет(I_чорак_2025_йил_)_uz
2025-03-31;company:KAFIL SUG'URTA AJ;"""KAFIL SUG’URTA"" AJ";общее;region:SIRDARYO;Сырдарьинская область;122.815;32.495;1430;26.459;85884;Страх_отчет(I_чорак_2025_йил_)_uz
2025-03-31;company:KAFIL SUG'URTA AJ;"""KAFIL SUG’URTA"" AJ";общее;region:SURXANDARYO;Сурхандарьинская область;936.176;20.438;1781;2.183;525646;Страх_отчет(I_чорак_2025_йил_)_uz
2025-03-31;company:KAFIL SUG'URTA AJ;"""KAFIL SUG’URTA"" AJ";общее;region:TOSHKENT;Ташкентская область;11602.698;843.517;9452;7.270;1227539;Страх_отчет(I_чорак_2025_йил_)_uz
2025-03-31;company:KAFIL SUG'URTA AJ;"""KAFIL SUG’URTA"" AJ";общее;region:TOSHKENT SHAHRI;город Ташкент;51358.980;12583.740;503153;24.502;102074;Страх_отчет(I_чорак_2025_йил_)_uz
2025-03-31;company:KAFIL SUG'URTA AJ;"""KAFIL SUG’URTA"" AJ";общее;region:XORAZM;Хорезмская область;2209.138;900.314;8388;40.754;263369;Страх_отчет(I_чорак_2025_йил_)_uz
2025-03-31;company:KAFIL SUG'URTA AJ;"""KAFIL SUG’URTA"" AJ";общее;total;Все регионы;78017.106;19921.014;552142;25.534;141299;Страх_отчет(I_чорак_2025_йил_)_uz
2025-03-31;company:KAFOLAT HAYOT INSURANCE AJ;"""KAFOLAT HAYOT INSURANCE"" AJ";жизнь;region:ANDIJON;Андижанская область;35.784;26.073;18;72.862;1988019;Страх_отчет(I_чорак_2025_йил_)_uz
2025-03-31;company:KAFOLAT HAYOT INSURANCE AJ;"""KAFOLAT HAYOT INSURANCE"" AJ";жизнь;region:BUXORO;Бухарская область;0.043;44.250;1;102907.209;43000;Страх_отчет(I_чорак_2025_йил_)_uz
2025-03-31;company:KAFOLAT HAYOT INSURANCE AJ;"""KAFOLAT HAYOT INSURANCE"" AJ";жизнь;region:FARG'ONA;Ферганская область;151.225;45.236;1;29.913;151225411;Страх_отчет(I_чорак_2025_йил_)_uz
2025-03-31;company:KAFOLAT HAYOT INSURANCE AJ;"""KAFOLAT HAYOT INSURANCE"" AJ";жизнь;region:JIZZAX;Джизакская область;0.000;3.717;0;;;Страх_отчет(I_чорак_2025_йил_)_uz
2025-03-31;company:KAFOLAT HAYOT INSURANCE AJ;"""KAFOLAT HAYOT INSURANCE"" AJ";жизнь;region:NAMANGAN;Наманганская область;0.000;15.591;0;;;Страх_отчет(I_чорак_2025_йил_)_uz
2025-03-31;company:KAFOLAT HAYOT INSURANCE AJ;"""KAFOLAT HAYOT INSURANCE"" AJ";жизнь;region:NAVOIY;Навоийская область;0.000;23.838;0;;;Страх_отчет(I_чорак_2025_йил_)_uz
2025-03-31;company:KAFOLAT HAYOT INSURANCE AJ;"""KAFOLAT HAYOT INSURANCE"" AJ";жизнь;region:QASHQADARYO;Кашкадарьинская область;0.000;5.624;0;;;Страх_отчет(I_чорак_2025_йил_)_uz
2025-03-31;company:KAFOLAT HAYOT INSURANCE AJ;"""KAFOLAT HAYOT INSURANCE"" AJ";жизнь;region:QORAQALPOG'ISTON RESPUBLIKASI;Республика Каракалпакстан;0.000;1.842;0;;;Страх_отчет(I_чорак_2025_йил_)_uz
2025-03-31;company:KAFOLAT HAYOT INSURANCE AJ;"""KAFOLAT HAYOT INSURANCE"" AJ";жизнь;region:SAMARQAND;Самаркандская область;0.000;3.162;0;;;Страх_отчет(I_чорак_2025_йил_)_uz
2025-03-31;company:KAFOLAT HAYOT INSURANCE AJ;"""KAFOLAT HAYOT INSURANCE"" AJ";жизнь;region:SIRDARYO;Сырдарьинская область;0.000;9.592;0;;;Страх_отчет(I_чорак_2025_йил_)_uz
2025-03-31;company:KAFOLAT HAYOT INSURANCE AJ;"""KAFOLAT HAYOT INSURANCE"" AJ";жизнь;region:SURXANDARYO;Сурхандарьинская область;0.000;5.470;0;;;Страх_отчет(I_чорак_2025_йил_)_uz
2025-03-31;company:KAFOLAT HAYOT INSURANCE AJ;"""KAFOLAT HAYOT INSURANCE"" AJ";жизнь;region:TOSHKENT;Ташкентская область;185.184;46.231;1;24.965;185183514;Страх_отчет(I_чорак_2025_йил_)_uz
2025-03-31;company:KAFOLAT HAYOT INSURANCE AJ;"""KAFOLAT HAYOT INSURANCE"" AJ";жизнь;region:TOSHKENT SHAHRI;город Ташкент;4848.770;961.288;728;19.825;6660398;Страх_отчет(I_чорак_2025_йил_)_uz
2025-03-31;company:KAFOLAT HAYOT INSURANCE AJ;"""KAFOLAT HAYOT INSURANCE"" AJ";жизнь;region:XORAZM;Хорезмская область;0.000;0.000;0;;;Страх_отчет(I_чорак_2025_йил_)_uz
2025-03-31;company:KAFOLAT HAYOT INSURANCE AJ;"""KAFOLAT HAYOT INSURANCE"" AJ";жизнь;total;Все регионы;5221.006;1191.912;749;22.829;6970636;Страх_отчет(I_чорак_2025_йил_)_uz
2025-03-31;company:KAFOLAT SUG'URTA KOMPANIYASI AJ;"""KAFOLAT SUG‘URTA KOMPANIYASI"" AJ";общее;region:ANDIJON;Андижанская область;8338.310;107.562;39909;1.290;208933;Страх_отчет(I_чорак_2025_йил_)_uz
2025-03-31;company:KAFOLAT SUG'URTA KOMPANIYASI AJ;"""KAFOLAT SUG‘URTA KOMPANIYASI"" AJ";общее;region:BUXORO;Бухарская область;1683.100;158.649;35755;9.426;47073;Страх_отчет(I_чорак_2025_йил_)_uz
2025-03-31;company:KAFOLAT SUG'URTA KOMPANIYASI AJ;"""KAFOLAT SUG‘URTA KOMPANIYASI"" AJ";общее;region:FARG'ONA;Ферганская область;2572.878;433.515;65649;16.849;39191;Страх_отчет(I_чорак_2025_йил_)_uz
2025-03-31;company:KAFOLAT SUG'URTA KOMPANIYASI AJ;"""KAFOLAT SUG‘URTA KOMPANIYASI"" AJ";общее;region:JIZZAX;Джизакская область;860.078;56.139;14702;6.527;58501;Страх_отчет(I_чорак_2025_йил_)_uz
2025-03-31;company:KAFOLAT SUG'URTA KOMPANIYASI AJ;"""KAFOLAT SUG‘URTA KOMPANIYASI"" AJ";общее;region:NAMANGAN;Наманганская область;1979.934;202.877;83675;10.247;23662;Страх_отчет(I_чорак_2025_йил_)_uz
2025-03-31;company:KAFOLAT SUG'URTA KOMPANIYASI AJ;"""KAFOLAT SUG‘URTA KOMPANIYASI"" AJ";общее;region:NAVOIY;Навоийская область;909.616;53.334;20396;5.863;44598;Страх_отчет(I_чорак_2025_йил_)_uz
2025-03-31;company:KAFOLAT SUG'URTA KOMPANIYASI AJ;"""KAFOLAT SUG‘URTA KOMPANIYASI"" AJ";общее;region:QASHQADARYO;Кашкадарьинская область;1035.912;105.386;25135;10.173;41214;Страх_отчет(I_чорак_2025_йил_)_uz
2025-03-31;company:KAFOLAT SUG'URTA KOMPANIYASI AJ;"""KAFOLAT SUG‘URTA KOMPANIYASI"" AJ";общее;region:QORAQALPOG'ISTON RESPUBLIKASI;Республика Каракалпакстан;518.072;140.251;11803;27.072;43893;Страх_отчет(I_чорак_2025_йил_)_uz
2025-03-31;company:KAFOLAT SUG'URTA KOMPANIYASI AJ;"""KAFOLAT SUG‘URTA KOMPANIYASI"" AJ";общее;region:SAMARQAND;Самаркандская область;2032.795;992.634;29851;48.831;68098;Страх_отчет(I_чорак_2025_йил_)_uz
2025-03-31;company:KAFOLAT SUG'URTA KOMPANIYASI AJ;"""KAFOLAT SUG‘URTA KOMPANIYASI"" AJ";общее;region:SIRDARYO;Сырдарьинская область;576.779;112.392;14904;19.486;38700;Страх_отчет(I_чорак_2025_йил_)_uz
2025-03-31;company:KAFOLAT SUG'URTA KOMPANIYASI AJ;"""KAFOLAT SUG‘URTA KOMPANIYASI"" AJ";общее;region:SURXANDARYO;Сурхандарьинская область;1057.423;59.110;23892;5.590;44258;Страх_отчет(I_чорак_2025_йил_)_uz
2025-03-31;company:KAFOLAT SUG'URTA KOMPANIYASI AJ;"""KAFOLAT SUG‘URTA KOMPANIYASI"" AJ";общее;region:TOSHKENT;Ташкентская область;5804.094;191.594;15592;3.301;372248;Страх_отчет(I_чорак_2025_йил_)_uz
2025-03-31;company:KAFOLAT SUG'URTA KOMPANIYASI AJ;"""KAFOLAT SUG‘URTA KOMPANIYASI"" AJ";общее;region:TOSHKENT SHAHRI;город Ташкент;113928.495;50401.093;29795;44.239;3823745;Страх_отчет(I_чорак_2025_йил_)_uz
2025-03-31;company:KAFOLAT SUG'URTA KOMPANIYASI AJ;"""KAFOLAT SUG‘URTA KOMPANIYASI"" AJ";общее;region:XORAZM;Хорезмская область;1168.777;59.709;20882;5.109;55971;Страх_отчет(I_чорак_2025_йил_)_uz
2025-03-31;company:KAFOLAT SUG'URTA KOMPANIYASI AJ;"""KAFOLAT SUG‘URTA KOMPANIYASI"" AJ";общее;total;Все регионы;142466.265;53074.244;431940;37.254;329829;Страх_отчет(I_чорак_2025_йил_)_uz
2025-03-31;company:KAPITAL SUG'URTA AJ;"""KAPITAL SUG‘URTA"" AJ";общее;region:ANDIJON;Андижанская область;198.073;1358.523;6552;685.869;30231;Страх_отчет(I_чорак_2025_йил_)_uz
2025-03-31;company:KAPITAL SUG'URTA AJ;"""KAPITAL SUG‘URTA"" AJ";общее;region:BUXORO;Бухарская область;572.141;322.917;6824;56.440;83842;Страх_отчет(I_чорак_2025_йил_)_uz
2025-03-31;company:KAPITAL SUG'URTA AJ;"""KAPITAL SUG‘URTA"" AJ";общее;region:FARG'ONA;Ферганская область;1095.275;158.220;14590;14.446;75070;Страх_отчет(I_чорак_2025_йил_)_uz
2025-03-31;company:KAPITAL SUG'URTA AJ;"""KAPITAL SUG‘URTA"" AJ";общее;region:JIZZAX;Джизакская область;52.195;22.878;2987;43.832;17474;Страх_отчет(I_чорак_2025_йил_)_uz
2025-03-31;company:KAPITAL SUG'URTA AJ;"""KAPITAL SUG‘URTA"" AJ";общее;region:NAMANGAN;Наманганская область;414.682;55.234;6207;13.320;66809;Страх_отчет(I_чорак_2025_йил_)_uz
2025-03-31;company:KAPITAL SUG'URTA AJ;"""KAPITAL SUG‘URTA"" AJ";общее;region:NAVOIY;Навоийская область;153.702;213.435;4025;138.863;38187;Страх_отчет(I_чорак_2025_йил_)_uz
2025-03-31;company:KAPITAL SUG'URTA AJ;"""KAPITAL SUG‘URTA"" AJ";общее;region:QASHQADARYO;Кашкадарьинская область;60.001;29.033;2594;48.387;23131;Страх_отчет(I_чорак_2025_йил_)_uz
2025-03-31;company:KAPITAL SUG'URTA AJ;"""KAPITAL SUG‘URTA"" AJ";общее;region:QORAQALPOG'ISTON RESPUBLIKASI;Республика Каракалпакстан;56.823;170.088;6288;299.330;9037;Страх_отчет(I_чорак_2025_йил_)_uz
2025-03-31;company:KAPITAL SUG'URTA AJ;"""KAPITAL SUG‘URTA"" AJ";общее;region:SAMARQAND;Самаркандская область;920.766;84.091;9284;9.133;99178;Страх_отчет(I_чорак_2025_йил_)_uz
2025-03-31;company:KAPITAL SUG'URTA AJ;"""KAPITAL SUG‘URTA"" AJ";общее;region:SIRDARYO;Сырдарьинская область;102.202;85.317;3287;83.479;31093;Страх_отчет(I_чорак_2025_йил_)_uz
2025-03-31;company:KAPITAL SUG'URTA AJ;"""KAPITAL SUG‘URTA"" AJ";общее;region:SURXANDARYO;Сурхандарьинская область;319.871;89.002;5069;27.824;63103;Страх_отчет(I_чорак_2025_йил_)_uz
2025-03-31;company:KAPITAL SUG'URTA AJ;"""KAPITAL SUG‘URTA"" AJ";общее;region:TOSHKENT;Ташкентская область;2827.380;1966.948;32405;69.568;87251;Страх_отчет(I_чорак_2025_йил_)_uz
2025-03-31;company:KAPITAL SUG'URTA AJ;"""KAPITAL SUG‘URTA"" AJ";общее;region:TOSHKENT SHAHRI;город Ташкент;103463.856;15967.153;315449;15.433;327989;Страх_отчет(I_чорак_2025_йил_)_uz
2025-03-31;company:KAPITAL SUG'URTA AJ;"""KAPITAL SUG‘URTA"" AJ";общее;region:XORAZM;Хорезмская область;417.976;344.324;5146;82.379;81224;Страх_отчет(I_чорак_2025_йил_)_uz
2025-03-31;company:KAPITAL SUG'URTA AJ;"""KAPITAL SUG‘URTA"" AJ";общее;total;Все регионы;110654.942;20867.163;420707;18.858;263021;Страх_отчет(I_чорак_2025_йил_)_uz
2025-03-31;company:MOSAIC INSURANCE GROUP AJ QK;"""MOSAIC INSURANCE GROUP"" AJ QK (ранее ""MOSAIC INSURANCE COMPANY"")";общее;region:ANDIJON;Андижанская область;0.000;0.000;0;;;Страх_отчет(I_чорак_2025_йил_)_uz
2025-03-31;company:MOSAIC INSURANCE GROUP AJ QK;"""MOSAIC INSURANCE GROUP"" AJ QK (ранее ""MOSAIC INSURANCE COMPANY"")";общее;region:BUXORO;Бухарская область;0.000;0.000;0;;;Страх_отчет(I_чорак_2025_йил_)_uz
2025-03-31;company:MOSAIC INSURANCE GROUP AJ QK;"""MOSAIC INSURANCE GROUP"" AJ QK (ранее ""MOSAIC INSURANCE COMPANY"")";общее;region:FARG'ONA;Ферганская область;0.000;0.000;0;;;Страх_отчет(I_чорак_2025_йил_)_uz
2025-03-31;company:MOSAIC INSURANCE GROUP AJ QK;"""MOSAIC INSURANCE GROUP"" AJ QK (ранее ""MOSAIC INSURANCE COMPANY"")";общее;region:JIZZAX;Джизакская область;0.000;0.000;0;;;Страх_отчет(I_чорак_2025_йил_)_uz
2025-03-31;company:MOSAIC INSURANCE GROUP AJ QK;"""MOSAIC INSURANCE GROUP"" AJ QK (ранее ""MOSAIC INSURANCE COMPANY"")";общее;region:NAMANGAN;Наманганская область;0.000;0.000;0;;;Страх_отчет(I_чорак_2025_йил_)_uz
2025-03-31;company:MOSAIC INSURANCE GROUP AJ QK;"""MOSAIC INSURANCE GROUP"" AJ QK (ранее ""MOSAIC INSURANCE COMPANY"")";общее;region:NAVOIY;Навоийская область;0.000;0.000;0;;;Страх_отчет(I_чорак_2025_йил_)_uz
2025-03-31;company:MOSAIC INSURANCE GROUP AJ QK;"""MOSAIC INSURANCE GROUP"" AJ QK (ранее ""MOSAIC INSURANCE COMPANY"")";общее;region:QASHQADARYO;Кашкадарьинская область;0.000;0.000;0;;;Страх_отчет(I_чорак_2025_йил_)_uz
2025-03-31;company:MOSAIC INSURANCE GROUP AJ QK;"""MOSAIC INSURANCE GROUP"" AJ QK (ранее ""MOSAIC INSURANCE COMPANY"")";общее;region:QORAQALPOG'ISTON RESPUBLIKASI;Республика Каракалпакстан;0.000;0.000;0;;;Страх_отчет(I_чорак_2025_йил_)_uz
2025-03-31;company:MOSAIC INSURANCE GROUP AJ QK;"""MOSAIC INSURANCE GROUP"" AJ QK (ранее ""MOSAIC INSURANCE COMPANY"")";общее;region:SAMARQAND;Самаркандская область;0.000;0.000;0;;;Страх_отчет(I_чорак_2025_йил_)_uz
2025-03-31;company:MOSAIC INSURANCE GROUP AJ QK;"""MOSAIC INSURANCE GROUP"" AJ QK (ранее ""MOSAIC INSURANCE COMPANY"")";общее;region:SIRDARYO;Сырдарьинская область;0.000;0.000;0;;;Страх_отчет(I_чорак_2025_йил_)_uz
2025-03-31;company:MOSAIC INSURANCE GROUP AJ QK;"""MOSAIC INSURANCE GROUP"" AJ QK (ранее ""MOSAIC INSURANCE COMPANY"")";общее;region:SURXANDARYO;Сурхандарьинская область;0.000;0.000;0;;;Страх_отчет(I_чорак_2025_йил_)_uz
2025-03-31;company:MOSAIC INSURANCE GROUP AJ QK;"""MOSAIC INSURANCE GROUP"" AJ QK (ранее ""MOSAIC INSURANCE COMPANY"")";общее;region:TOSHKENT;Ташкентская область;0.000;0.000;0;;;Страх_отчет(I_чорак_2025_йил_)_uz
2025-03-31;company:MOSAIC INSURANCE GROUP AJ QK;"""MOSAIC INSURANCE GROUP"" AJ QK (ранее ""MOSAIC INSURANCE COMPANY"")";общее;region:TOSHKENT SHAHRI;город Ташкент;11861.826;1429.282;714;12.049;16613202;Страх_отчет(I_чорак_2025_йил_)_uz
2025-03-31;company:MOSAIC INSURANCE GROUP AJ QK;"""MOSAIC INSURANCE GROUP"" AJ QK (ранее ""MOSAIC INSURANCE COMPANY"")";общее;region:XORAZM;Хорезмская область;0.000;0.000;0;;;Страх_отчет(I_чорак_2025_йил_)_uz
2025-03-31;company:MOSAIC INSURANCE GROUP AJ QK;"""MOSAIC INSURANCE GROUP"" AJ QK (ранее ""MOSAIC INSURANCE COMPANY"")";общее;total;Все регионы;11861.826;1429.282;714;12.049;16613202;Страх_отчет(I_чорак_2025_йил_)_uz
2025-03-31;company:MY-INSURANCE AJ;"""MY-INSURANCE"" AJ";общее;region:ANDIJON;Андижанская область;2321.878;1369.434;7957;58.980;291803;Страх_отчет(I_чорак_2025_йил_)_uz
2025-03-31;company:MY-INSURANCE AJ;"""MY-INSURANCE"" AJ";общее;region:BUXORO;Бухарская область;1954.790;0.000;2369;0.000;825154;Страх_отчет(I_чорак_2025_йил_)_uz
2025-03-31;company:MY-INSURANCE AJ;"""MY-INSURANCE"" AJ";общее;region:FARG'ONA;Ферганская область;9724.465;12099.718;77911;124.426;124815;Страх_отчет(I_чорак_2025_йил_)_uz
2025-03-31;company:MY-INSURANCE AJ;"""MY-INSURANCE"" AJ";общее;region:JIZZAX;Джизакская область;8269.607;226.251;431148;2.736;19180;Страх_отчет(I_чорак_2025_йил_)_uz
2025-03-31;company:MY-INSURANCE AJ;"""MY-INSURANCE"" AJ";общее;region:NAMANGAN;Наманганская область;1447.433;14981.843;21581;1035.063;67070;Страх_отчет(I_чорак_2025_йил_)_uz
2025-03-31;company:MY-INSURANCE AJ;"""MY-INSURANCE"" AJ";общее;region:NAVOIY;Навоийская область;1727.430;24.659;6777;1.427;254896;Страх_отчет(I_чорак_2025_йил_)_uz
2025-03-31;company:MY-INSURANCE AJ;"""MY-INSURANCE"" AJ";общее;region:QASHQADARYO;Кашкадарьинская область;7644.534;213.315;23653;2.790;323195;Страх_отчет(I_чорак_2025_йил_)_uz
2025-03-31;company:MY-INSURANCE AJ;"""MY-INSURANCE"" AJ";общее;region:QORAQALPOG'ISTON RESPUBLIKASI;Республика Каракалпакстан;11119.974;42674.880;13168;383.768;844470;Страх_отчет(I_чорак_2025_йил_)_uz
2025-03-31;company:MY-INSURANCE AJ;"""MY-INSURANCE"" AJ";общее;region:SAMARQAND;Самаркандская область;8244.934;7930.074;22059;96.181;373767;Страх_отчет(I_чорак_2025_йил_)_uz
2025-03-31;company:MY-INSURANCE AJ;"""MY-INSURANCE"" AJ";общее;region:SIRDARYO;Сырдарьинская область;11887.957;16991.589;5979;142.931;1988285;Страх_отчет(I_чорак_2025_йил_)_uz
2025-03-31;company:MY-INSURANCE AJ;"""MY-INSURANCE"" AJ";общее;region:SURXANDARYO;Сурхандарьинская область;1359.599;29167.635;5450;2145.312;249468;Страх_отчет(I_чорак_2025_йил_)_uz
2025-03-31;company:MY-INSURANCE AJ;"""MY-INSURANCE"" AJ";общее;region:TOSHKENT;Ташкентская область;1589.568;1235.953;55158;77.754;28818;Страх_отчет(I_чорак_2025_йил_)_uz
2025-03-31;company:MY-INSURANCE AJ;"""MY-INSURANCE"" AJ";общее;region:TOSHKENT SHAHRI;город Ташкент;77494.668;18418.985;488956;23.768;158490;Страх_отчет(I_чорак_2025_йил_)_uz
2025-03-31;company:MY-INSURANCE AJ;"""MY-INSURANCE"" AJ";общее;region:XORAZM;Хорезмская область;5563.483;380.867;6478;6.846;858827;Страх_отчет(I_чорак_2025_йил_)_uz
2025-03-31;company:MY-INSURANCE AJ;"""MY-INSURANCE"" AJ";общее;total;Все регионы;150350.319;145715.204;1168644;96.917;128654;Страх_отчет(I_чорак_2025_йил_)_uz
2025-03-31;company:NEO INSURANCE CORP AJ;"""NEO INSURANCE CORP"" AJ";общее;region:ANDIJON;Андижанская область;1475.608;95.863;46369;6.497;31823;Страх_отчет(I_чорак_2025_йил_)_uz
2025-03-31;company:NEO INSURANCE CORP AJ;"""NEO INSURANCE CORP"" AJ";общее;region:BUXORO;Бухарская область;360.389;175.701;24421;48.753;14757;Страх_отчет(I_чорак_2025_йил_)_uz
2025-03-31;company:NEO INSURANCE CORP AJ;"""NEO INSURANCE CORP"" AJ";общее;region:FARG'ONA;Ферганская область;312.941;66.526;27169;21.258;11518;Страх_отчет(I_чорак_2025_йил_)_uz
2025-03-31;company:NEO INSURANCE CORP AJ;"""NEO INSURANCE CORP"" AJ";общее;region:JIZZAX;Джизакская область;321.414;175.961;19096;54.746;16831;Страх_отчет(I_чорак_2025_йил_)_uz
2025-03-31;company:NEO INSURANCE CORP AJ;"""NEO INSURANCE CORP"" AJ";общее;region:NAMANGAN;Наманганская область;822.294;61.121;38250;7.433;21498;Страх_отчет(I_чорак_2025_йил_)_uz
2025-03-31;company:NEO INSURANCE CORP AJ;"""NEO INSURANCE CORP"" AJ";общее;region:NAVOIY;Навоийская область;38.822;100.610;10943;259.158;3548;Страх_отчет(I_чорак_2025_йил_)_uz
2025-03-31;company:NEO INSURANCE CORP AJ;"""NEO INSURANCE CORP"" AJ";общее;region:QASHQADARYO;Кашкадарьинская область;874.088;114.482;40629;13.097;21514;Страх_отчет(I_чорак_2025_йил_)_uz
2025-03-31;company:NEO INSURANCE CORP AJ;"""NEO INSURANCE CORP"" AJ";общее;region:QORAQALPOG'ISTON RESPUBLIKASI;Республика Каракалпакстан;67.532;240.272;23772;355.789;2841;Страх_отчет(I_чорак_2025_йил_)_uz
2025-03-31;company:NEO INSURANCE CORP AJ;"""NEO INSURANCE CORP"" AJ";общее;region:SAMARQAND;Самаркандская область;1416.390;496.740;102709;35.071;13790;Страх_отчет(I_чорак_2025_йил_)_uz
2025-03-31;company:NEO INSURANCE CORP AJ;"""NEO INSURANCE CORP"" AJ";общее;region:SIRDARYO;Сырдарьинская область;466.464;8.678;3325;1.860;140290;Страх_отчет(I_чорак_2025_йил_)_uz
2025-03-31;company:NEO INSURANCE CORP AJ;"""NEO INSURANCE CORP"" AJ";общее;region:SURXANDARYO;Сурхандарьинская область;666.809;196.259;49068;29.433;13589;Страх_отчет(I_чорак_2025_йил_)_uz
2025-03-31;company:NEO INSURANCE CORP AJ;"""NEO INSURANCE CORP"" AJ";общее;region:TOSHKENT;Ташкентская область;166.069;88.871;3050;53.514;54449;Страх_отчет(I_чорак_2025_йил_)_uz
2025-03-31;company:NEO INSURANCE CORP AJ;"""NEO INSURANCE CORP"" AJ";общее;region:TOSHKENT SHAHRI;город Ташкент;8859.224;3116.118;69869;35.174;126798;Страх_отчет(I_чорак_2025_йил_)_uz
2025-03-31;company:NEO INSURANCE CORP AJ;"""NEO INSURANCE CORP"" AJ";общее;region:XORAZM;Хорезмская область;318.668;175.540;27986;55.086;11387;Страх_отчет(I_чорак_2025_йил_)_uz
2025-03-31;company:NEO INSURANCE CORP AJ;"""NEO INSURANCE CORP"" AJ";общее;total;Все регионы;16166.713;5112.743;486656;31.625;33220;Страх_отчет(I_чорак_2025_йил_)_uz
2025-03-31;company:O'ZAGROSUG'URTA AJ;"""O‘ZAGROSUG‘URTA"" AJ";общее;region:ANDIJON;Андижанская область;1772.545;368.712;29439;20.801;60211;Страх_отчет(I_чорак_2025_йил_)_uz
2025-03-31;company:O'ZAGROSUG'URTA AJ;"""O‘ZAGROSUG‘URTA"" AJ";общее;region:BUXORO;Бухарская область;2496.625;383.014;37322;15.341;66894;Страх_отчет(I_чорак_2025_йил_)_uz
2025-03-31;company:O'ZAGROSUG'URTA AJ;"""O‘ZAGROSUG‘URTA"" AJ";общее;region:FARG'ONA;Ферганская область;1958.090;189.925;44907;9.700;43603;Страх_отчет(I_чорак_2025_йил_)_uz
2025-03-31;company:O'ZAGROSUG'URTA AJ;"""O‘ZAGROSUG‘URTA"" AJ";общее;region:JIZZAX;Джизакская область;1410.959;98.633;11927;6.990;118300;Страх_отчет(I_чорак_2025_йил_)_uz
2025-03-31;company:O'ZAGROSUG'URTA AJ;"""O‘ZAGROSUG‘URTA"" AJ";общее;region:NAMANGAN;Наманганская область;1976.031;132.342;40171;6.697;49190;Страх_отчет(I_чорак_2025_йил_)_uz
2025-03-31;company:O'ZAGROSUG'URTA AJ;"""O‘ZAGROSUG‘URTA"" AJ";общее;region:NAVOIY;Навоийская область;608.111;122.237;15739;20.101;38637;Страх_отчет(I_чорак_2025_йил_)_uz
2025-03-31;company:O'ZAGROSUG'URTA AJ;"""O‘ZAGROSUG‘URTA"" AJ";общее;region:QASHQADARYO;Кашкадарьинская область;2867.238;184.128;29357;6.422;97668;Страх_отчет(I_чорак_2025_йил_)_uz
2025-03-31;company:O'ZAGROSUG'URTA AJ;"""O‘ZAGROSUG‘URTA"" AJ";общее;region:QORAQALPOG'ISTON RESPUBLIKASI;Республика Каракалпакстан;1463.877;2108.314;22547;144.023;64926;Страх_отчет(I_чорак_2025_йил_)_uz
2025-03-31;company:O'ZAGROSUG'URTA AJ;"""O‘ZAGROSUG‘URTA"" AJ";общее;region:SAMARQAND;Самаркандская область;1433.094;150.936;34889;10.532;41076;Страх_отчет(I_чорак_2025_йил_)_uz
2025-03-31;company:O'ZAGROSUG'URTA AJ;"""O‘ZAGROSUG‘URTA"" AJ";общее;region:SIRDARYO;Сырдарьинская область;734.738;78.964;2960;10.747;248222;Страх_отчет(I_чорак_2025_йил_)_uz
2025-03-31;company:O'ZAGROSUG'URTA AJ;"""O‘ZAGROSUG‘URTA"" AJ";общее;region:SURXANDARYO;Сурхандарьинская область;3307.986;201.587;38099;6.094;86826;Страх_отчет(I_чорак_2025_йил_)_uz
2025-03-31;company:O'ZAGROSUG'URTA AJ;"""O‘ZAGROSUG‘URTA"" AJ";общее;region:TOSHKENT;Ташкентская область;2769.548;2196.044;24233;79.293;114288;Страх_отчет(I_чорак_2025_йил_)_uz
2025-03-31;company:O'ZAGROSUG'URTA AJ;"""O‘ZAGROSUG‘URTA"" AJ";общее;region:TOSHKENT SHAHRI;город Ташкент;31736.927;7216.862;18736;22.740;1693901;Страх_отчет(I_чорак_2025_йил_)_uz
2025-03-31;company:O'ZAGROSUG'URTA AJ;"""O‘ZAGROSUG‘URTA"" AJ";общее;region:XORAZM;Хорезмская область;1506.699;195.373;33840;12.967;44524;Страх_отчет(I_чорак_2025_йил_)_uz
2025-03-31;company:O'ZAGROSUG'URTA AJ;"""O‘ZAGROSUG‘URTA"" AJ";общее;total;Все регионы;56042.469;13627.072;384166;24.316;145881;Страх_отчет(I_чорак_2025_йил_)_uz
2025-03-31;company:O'ZBEKINVEST EISK AJ;"""O‘ZBEKINVEST"" EISK AJ";общее;region:ANDIJON;Андижанская область;3018.196;609.959;75649;20.209;39897;Страх_отчет(I_чорак_2025_йил_)_uz
2025-03-31;company:O'ZBEKINVEST EISK AJ;"""O‘ZBEKINVEST"" EISK AJ";общее;region:BUXORO;Бухарская область;4183.688;920.188;108887;21.995;38422;Страх_отчет(I_чорак_2025_йил_)_uz
2025-03-31;company:O'ZBEKINVEST EISK AJ;"""O‘ZBEKINVEST"" EISK AJ";общее;region:FARG'ONA;Ферганская область;3277.882;540.568;94818;16.491;34570;Страх_отчет(I_чорак_2025_йил_)_uz
2025-03-31;company:O'ZBEKINVEST EISK AJ;"""O‘ZBEKINVEST"" EISK AJ";общее;region:JIZZAX;Джизакская область;1767.878;422.609;29487;23.905;59954;Страх_отчет(I_чорак_2025_йил_)_uz
2025-03-31;company:O'ZBEKINVEST EISK AJ;"""O‘ZBEKINVEST"" EISK AJ";общее;region:NAMANGAN;Наманганская область;2570.210;680.618;61555;26.481;41755;Страх_отчет(I_чорак_2025_йил_)_uz
2025-03-31;company:O'ZBEKINVEST EISK AJ;"""O‘ZBEKINVEST"" EISK AJ";общее;region:NAVOIY;Навоийская область;1685.349;229.204;42882;13.600;39302;Страх_отчет(I_чорак_2025_йил_)_uz
2025-03-31;company:O'ZBEKINVEST EISK AJ;"""O‘ZBEKINVEST"" EISK AJ";общее;region:QASHQADARYO;Кашкадарьинская область;2227.228;458.490;47798;20.586;46597;Страх_отчет(I_чорак_2025_йил_)_uz
2025-03-31;company:O'ZBEKINVEST EISK AJ;"""O‘ZBEKINVEST"" EISK AJ";общее;region:QORAQALPOG'ISTON RESPUBLIKASI;Республика Каракалпакстан;2161.695;713.610;29690;33.012;72809;Страх_отчет(I_чорак_2025_йил_)_uz
2025-03-31;company:O'ZBEKINVEST EISK AJ;"""O‘ZBEKINVEST"" EISK AJ";общее;region:SAMARQAND;Самаркандская область;4928.376;611.488;98076;12.407;50251;Страх_отчет(I_чорак_2025_йил_)_uz
2025-03-31;company:O'ZBEKINVEST EISK AJ;"""O‘ZBEKINVEST"" EISK AJ";общее;region:SIRDARYO;Сырдарьинская область;1283.034;956.439;16655;74.545;77036;Страх_отчет(I_чорак_2025_йил_)_uz
2025-03-31;company:O'ZBEKINVEST EISK AJ;"""O‘ZBEKINVEST"" EISK AJ";общее;region:SURXANDARYO;Сурхандарьинская область;2400.933;380.283;54830;15.839;43789;Страх_отчет(I_чорак_2025_йил_)_uz
2025-03-31;company:O'ZBEKINVEST EISK AJ;"""O‘ZBEKINVEST"" EISK AJ";общее;region:TOSHKENT;Ташкентская область;7371.387;1527.444;25665;20.721;287216;Страх_отчет(I_чорак_2025_йил_)_uz
2025-03-31;company:O'ZBEKINVEST EISK AJ;"""O‘ZBEKINVEST"" EISK AJ";общее;region:TOSHKENT SHAHRI;город Ташкент;251354.023;32231.088;60185;12.823;4176357;Страх_отчет(I_чорак_2025_йил_)_uz
2025-03-31;company:O'ZBEKINVEST EISK AJ;"""O‘ZBEKINVEST"" EISK AJ";общее;region:XORAZM;Хорезмская область;2692.526;987.591;59751;36.679;45062;Страх_отчет(I_чорак_2025_йил_)_uz
2025-03-31;company:O'ZBEKINVEST EISK AJ;"""O‘ZBEKINVEST"" EISK AJ";общее;total;Все регионы;290922.406;41269.578;805928;14.186;360978;Страх_отчет(I_чорак_2025_йил_)_uz
2025-03-31;company:O'ZBEKINVEST HAYOT SUG'URTA KOMPANIYASI AJ;"""O’ZBEKINVEST HAYOT SUG‘URTA KOMPANIYASI"" AJ";жизнь;region:ANDIJON;Андижанская область;0.000;19.593;22;;0;Страх_отчет(I_чорак_2025_йил_)_uz
2025-03-31;company:O'ZBEKINVEST HAYOT SUG'URTA KOMPANIYASI AJ;"""O’ZBEKINVEST HAYOT SUG‘URTA KOMPANIYASI"" AJ";жизнь;region:BUXORO;Бухарская область;0.000;13.723;20;;0;Страх_отчет(I_чорак_2025_йил_)_uz
2025-03-31;company:O'ZBEKINVEST HAYOT SUG'URTA KOMPANIYASI AJ;"""O’ZBEKINVEST HAYOT SUG‘URTA KOMPANIYASI"" AJ";жизнь;region:FARG'ONA;Ферганская область;310.251;572.498;207;184.527;1498799;Страх_отчет(I_чорак_2025_йил_)_uz
2025-03-31;company:O'ZBEKINVEST HAYOT SUG'URTA KOMPANIYASI AJ;"""O’ZBEKINVEST HAYOT SUG‘URTA KOMPANIYASI"" AJ";жизнь;region:JIZZAX;Джизакская область;2.967;10.816;125;364.558;23734;Страх_отчет(I_чорак_2025_йил_)_uz
2025-03-31;company:O'ZBEKINVEST HAYOT SUG'URTA KOMPANIYASI AJ;"""O’ZBEKINVEST HAYOT SUG‘URTA KOMPANIYASI"" AJ";жизнь;region:NAMANGAN;Наманганская область;8.226;47.149;57;573.174;144314;Страх_отчет(I_чорак_2025_йил_)_uz
2025-03-31;company:O'ZBEKINVEST HAYOT SUG'URTA KOMPANIYASI AJ;"""O’ZBEKINVEST HAYOT SUG‘URTA KOMPANIYASI"" AJ";жизнь;region:NAVOIY;Навоийская область;12.600;19.404;145;153.999;86897;Страх_отчет(I_чорак_2025_йил_)_uz
2025-03-31;company:O'ZBEKINVEST HAYOT SUG'URTA KOMPANIYASI AJ;"""O’ZBEKINVEST HAYOT SUG‘URTA KOMPANIYASI"" AJ";жизнь;region:QASHQADARYO;Кашкадарьинская область;0.000;37.509;34;;0;Страх_отчет(I_чорак_2025_йил_)_uz
2025-03-31;company:O'ZBEKINVEST HAYOT SUG'URTA KOMPANIYASI AJ;"""O’ZBEKINVEST HAYOT SUG‘URTA KOMPANIYASI"" AJ";жизнь;region:QORAQALPOG'ISTON RESPUBLIKASI;Республика Каракалпакстан;2.000;29.546;33;1477.319;60606;Страх_отчет(I_чорак_2025_йил_)_uz
2025-03-31;company:O'ZBEKINVEST HAYOT SUG'URTA KOMPANIYASI AJ;"""O’ZBEKINVEST HAYOT SUG‘URTA KOMPANIYASI"" AJ";жизнь;region:SAMARQAND;Самаркандская область;6.437;7.886;28;122.512;229900;Страх_отчет(I_чорак_2025_йил_)_uz
2025-03-31;company:O'ZBEKINVEST HAYOT SUG'URTA KOMPANIYASI AJ;"""O’ZBEKINVEST HAYOT SUG‘URTA KOMPANIYASI"" AJ";жизнь;region:SIRDARYO;Сырдарьинская область;0.000;14.184;16;;0;Страх_отчет(I_чорак_2025_йил_)_uz
2025-03-31;company:O'ZBEKINVEST HAYOT SUG'URTA KOMPANIYASI AJ;"""O’ZBEKINVEST HAYOT SUG‘URTA KOMPANIYASI"" AJ";жизнь;region:SURXANDARYO;Сурхандарьинская область;46.453;184.671;17;397.544;2732529;Страх_отчет(I_чорак_2025_йил_)_uz
2025-03-31;company:O'ZBEKINVEST HAYOT SUG'URTA KOMPANIYASI AJ;"""O’ZBEKINVEST HAYOT SUG‘URTA KOMPANIYASI"" AJ";жизнь;region:TOSHKENT;Ташкентская область;0.000;90.231;64;;0;Страх_отчет(I_чорак_2025_йил_)_uz
2025-03-31;company:O'ZBEKINVEST HAYOT SUG'URTA KOMPANIYASI AJ;"""O’ZBEKINVEST HAYOT SUG‘URTA KOMPANIYASI"" AJ";жизнь;region:TOSHKENT SHAHRI;город Ташкент;1731.137;3321.789;819;191.885;2113721;Страх_отчет(I_чорак_2025_йил_)_uz
2025-03-31;company:O'ZBEKINVEST HAYOT SUG'URTA KOMPANIYASI AJ;"""O’ZBEKINVEST HAYOT SUG‘URTA KOMPANIYASI"" AJ";жизнь;region:XORAZM;Хорезмская область;0.000;9.798;14;;0;Страх_отчет(I_чорак_2025_йил_)_uz
2025-03-31;company:O'ZBEKINVEST HAYOT SUG'URTA KOMPANIYASI AJ;"""O’ZBEKINVEST HAYOT SUG‘URTA KOMPANIYASI"" AJ";жизнь;total;Все регионы;2120.072;4378.797;1601;206.540;1324217;Страх_отчет(I_чорак_2025_йил_)_uz
2025-03-31;company:OMAD SUG'URTA AJ;"""OMAD SUG‘URTA"" AJ";общее;region:ANDIJON;Андижанская область;0.000;0.000;482;;0;Страх_отчет(I_чорак_2025_йил_)_uz
2025-03-31;company:OMAD SUG'URTA AJ;"""OMAD SUG‘URTA"" AJ";общее;region:BUXORO;Бухарская область;0.000;0.000;522;;0;Страх_отчет(I_чорак_2025_йил_)_uz
2025-03-31;company:OMAD SUG'URTA AJ;"""OMAD SUG‘URTA"" AJ";общее;region:FARG'ONA;Ферганская область;0.000;0.000;170;;0;Страх_отчет(I_чорак_2025_йил_)_uz
2025-03-31;company:OMAD SUG'URTA AJ;"""OMAD SUG‘URTA"" AJ";общее;region:JIZZAX;Джизакская область;0.000;0.000;1052;;0;Страх_отчет(I_чорак_2025_йил_)_uz
2025-03-31;company:OMAD SUG'URTA AJ;"""OMAD SUG‘URTA"" AJ";общее;region:NAMANGAN;Наманганская область;0.000;0.000;542;;0;Страх_отчет(I_чорак_2025_йил_)_uz
2025-03-31;company:OMAD SUG'URTA AJ;"""OMAD SUG‘URTA"" AJ";общее;region:NAVOIY;Навоийская область;13.810;285.512;1829;2067.432;7551;Страх_отчет(I_чорак_2025_йил_)_uz
2025-03-31;company:OMAD SUG'URTA AJ;"""OMAD SUG‘URTA"" AJ";общее;region:QASHQADARYO;Кашкадарьинская область;0.000;0.000;116;;0;Страх_отчет(I_чорак_2025_йил_)_uz
2025-03-31;company:OMAD SUG'URTA AJ;"""OMAD SUG‘URTA"" AJ";общее;region:QORAQALPOG'ISTON RESPUBLIKASI;Республика Каракалпакстан;0.000;30.120;222;;0;Страх_отчет(I_чорак_2025_йил_)_uz
2025-03-31;company:OMAD SUG'URTA AJ;"""OMAD SUG‘URTA"" AJ";общее;region:SAMARQAND;Самаркандская область;0.000;0.000;1377;;0;Страх_отчет(I_чорак_2025_йил_)_uz
2025-03-31;company:OMAD SUG'URTA AJ;"""OMAD SUG‘URTA"" AJ";общее;region:SIRDARYO;Сырдарьинская область;0.000;0.000;482;;0;Страх_отчет(I_чорак_2025_йил_)_uz
2025-03-31;company:OMAD SUG'URTA AJ;"""OMAD SUG‘URTA"" AJ";общее;region:SURXANDARYO;Сурхандарьинская область;0.000;0.000;348;;0;Страх_отчет(I_чорак_2025_йил_)_uz
2025-03-31;company:OMAD SUG'URTA AJ;"""OMAD SUG‘URTA"" AJ";общее;region:TOSHKENT;Ташкентская область;0.000;0.000;1042;;0;Страх_отчет(I_чорак_2025_йил_)_uz
2025-03-31;company:OMAD SUG'URTA AJ;"""OMAD SUG‘URTA"" AJ";общее;region:TOSHKENT SHAHRI;город Ташкент;0.000;2407.147;7492;;0;Страх_отчет(I_чорак_2025_йил_)_uz
2025-03-31;company:OMAD SUG'URTA AJ;"""OMAD SUG‘URTA"" AJ";общее;region:XORAZM;Хорезмская область;0.000;0.000;254;;0;Страх_отчет(I_чорак_2025_йил_)_uz
2025-03-31;company:OMAD SUG'URTA AJ;"""OMAD SUG‘URTA"" AJ";общее;total;Все регионы;13.810;2722.779;15930;19715.999;867;Страх_отчет(I_чорак_2025_йил_)_uz
2025-03-31;company:QUANTUM INSURANCE AJ;"""QUANTUM INSURANCE"" AJ (ранее ""INGO-UZBEKISTON"")";общее;region:ANDIJON;Андижанская область;232.457;24.562;2756;10.566;84346;Страх_отчет(I_чорак_2025_йил_)_uz
2025-03-31;company:QUANTUM INSURANCE AJ;"""QUANTUM INSURANCE"" AJ (ранее ""INGO-UZBEKISTON"")";общее;region:BUXORO;Бухарская область;199.587;18.280;923;9.159;216237;Страх_отчет(I_чорак_2025_йил_)_uz
2025-03-31;company:QUANTUM INSURANCE AJ;"""QUANTUM INSURANCE"" AJ (ранее ""INGO-UZBEKISTON"")";общее;region:FARG'ONA;Ферганская область;93.896;10.483;644;11.164;145801;Страх_отчет(I_чорак_2025_йил_)_uz
2025-03-31;company:QUANTUM INSURANCE AJ;"""QUANTUM INSURANCE"" AJ (ранее ""INGO-UZBEKISTON"")";общее;region:JIZZAX;Джизакская область;615.813;134.599;3272;21.857;188207;Страх_отчет(I_чорак_2025_йил_)_uz
2025-03-31;company:QUANTUM INSURANCE AJ;"""QUANTUM INSURANCE"" AJ (ранее ""INGO-UZBEKISTON"")";общее;region:NAMANGAN;Наманганская область;795.540;62.476;3565;7.853;223153;Страх_отчет(I_чорак_2025_йил_)_uz
2025-03-31;company:QUANTUM INSURANCE AJ;"""QUANTUM INSURANCE"" AJ (ранее ""INGO-UZBEKISTON"")";общее;region:NAVOIY;Навоийская область;451.650;11.251;2008;2.491;224925;Страх_отчет(I_чорак_2025_йил_)_uz
2025-03-31;company:QUANTUM INSURANCE AJ;"""QUANTUM INSURANCE"" AJ (ранее ""INGO-UZBEKISTON"")";общее;region:QASHQADARYO;Кашкадарьинская область;694.373;103.755;2616;14.942;265433;Страх_отчет(I_чорак_2025_йил_)_uz
2025-03-31;company:QUANTUM INSURANCE AJ;"""QUANTUM INSURANCE"" AJ (ранее ""INGO-UZBEKISTON"")";общее;region:QORAQALPOG'ISTON RESPUBLIKASI;Республика Каракалпакстан;192.342;0.000;381;0.000;504834;Страх_отчет(I_чорак_2025_йил_)_uz
2025-03-31;company:QUANTUM INSURANCE AJ;"""QUANTUM INSURANCE"" AJ (ранее ""INGO-UZBEKISTON"")";общее;region:SAMARQAND;Самаркандская область;536.563;16.930;1010;3.155;531250;Страх_отчет(I_чорак_2025_йил_)_uz
2025-03-31;company:QUANTUM INSURANCE AJ;"""QUANTUM INSURANCE"" AJ (ранее ""INGO-UZBEKISTON"")";общее;region:SIRDARYO;Сырдарьинская область;259.995;75.000;1406;28.847;184918;Страх_отчет(I_чорак_2025_йил_)_uz
2025-03-31;company:QUANTUM INSURANCE AJ;"""QUANTUM INSURANCE"" AJ (ранее ""INGO-UZBEKISTON"")";общее;region:SURXANDARYO;Сурхандарьинская область;1544.341;604.996;10207;39.175;151302;Страх_отчет(I_чорак_2025_йил_)_uz
2025-03-31;company:QUANTUM INSURANCE AJ;"""QUANTUM INSURANCE"" AJ (ранее ""INGO-UZBEKISTON"")";общее;region:TOSHKENT;Ташкентская область;557.017;116.959;3294;20.997;169101;Страх_отчет(I_чорак_2025_йил_)_uz
2025-03-31;company:QUANTUM INSURANCE AJ;"""QUANTUM INSURANCE"" AJ (ранее ""INGO-UZBEKISTON"")";общее;region:TOSHKENT SHAHRI;город Ташкент;41079.030;1701.932;27672;4.143;1484498;Страх_отчет(I_чорак_2025_йил_)_uz
2025-03-31;company:QUANTUM INSURANCE AJ;"""QUANTUM INSURANCE"" AJ (ранее ""INGO-UZBEKISTON"")";общее;region:XORAZM;Хорезмская область;337.940;240.729;3205;71.234;105441;Страх_отчет(I_чорак_2025_йил_)_uz
2025-03-31;company:QUANTUM INSURANCE AJ;"""QUANTUM INSURANCE"" AJ (ранее ""INGO-UZBEKISTON"")";общее;total;Все регионы;47590.543;3121.954;62959;6.560;755897;Страх_отчет(I_чорак_2025_йил_)_uz
2025-03-31;company:SEMURG SUG'URTA AJ QK;"""SEMURG SUG‘URTA"" AJ QK";общее;region:ANDIJON;Андижанская область;539.541;171.384;15840;31.765;34062;Страх_отчет(I_чорак_2025_йил_)_uz
2025-03-31;company:SEMURG SUG'URTA AJ QK;"""SEMURG SUG‘URTA"" AJ QK";общее;region:BUXORO;Бухарская область;849.656;73.998;15730;8.709;54015;Страх_отчет(I_чорак_2025_йил_)_uz
2025-03-31;company:SEMURG SUG'URTA AJ QK;"""SEMURG SUG‘URTA"" AJ QK";общее;region:FARG'ONA;Ферганская область;317.044;23.196;4621;7.316;68609;Страх_отчет(I_чорак_2025_йил_)_uz
2025-03-31;company:SEMURG SUG'URTA AJ QK;"""SEMURG SUG‘URTA"" AJ QK";общее;region:JIZZAX;Джизакская область;85.176;0.000;407;0.000;209278;Страх_отчет(I_чорак_2025_йил_)_uz
2025-03-31;company:SEMURG SUG'URTA AJ QK;"""SEMURG SUG‘URTA"" AJ QK";общее;region:NAMANGAN;Наманганская область;655.995;19.854;13786;3.026;47584;Страх_отчет(I_чорак_2025_йил_)_uz
2025-03-31;company:SEMURG SUG'URTA AJ QK;"""SEMURG SUG‘URTA"" AJ QK";общее;region:NAVOIY;Навоийская область;3598.149;21.440;4552;0.596;790454;Страх_отчет(I_чорак_2025_йил_)_uz
2025-03-31;company:SEMURG SUG'URTA AJ QK;"""SEMURG SUG‘URTA"" AJ QK";общее;region:QASHQADARYO;Кашкадарьинская область;870.127;61.586;28885;7.078;30124;Страх_отчет(I_чорак_2025_йил_)_uz
2025-03-31;company:SEMURG SUG'URTA AJ QK;"""SEMURG SUG‘URTA"" AJ QK";общее;region:QORAQALPOG'ISTON RESPUBLIKASI;Республика Каракалпакстан;40.649;37.875;1387;93.175;29307;Страх_отчет(I_чорак_2025_йил_)_uz
2025-03-31;company:SEMURG SUG'URTA AJ QK;"""SEMURG SUG‘URTA"" AJ QK";общее;region:SAMARQAND;Самаркандская область;310.578;28.712;5994;9.245;51815;Страх_отчет(I_чорак_2025_йил_)_uz
2025-03-31;company:SEMURG SUG'URTA AJ QK;"""SEMURG SUG‘URTA"" AJ QK";общее;region:SIRDARYO;Сырдарьинская область;0.844;0.000;674;0.000;1252;Страх_отчет(I_чорак_2025_йил_)_uz
2025-03-31;company:SEMURG SUG'URTA AJ QK;"""SEMURG SUG‘URTA"" AJ QK";общее;region:SURXANDARYO;Сурхандарьинская область;539.322;131.936;28714;24.463;18783;Страх_отчет(I_чорак_2025_йил_)_uz
2025-03-31;company:SEMURG SUG'URTA AJ QK;"""SEMURG SUG‘URTA"" AJ QK";общее;region:TOSHKENT;Ташкентская область;374.713;30.681;7977;8.188;46974;Страх_отчет(I_чорак_2025_йил_)_uz
2025-03-31;company:SEMURG SUG'URTA AJ QK;"""SEMURG SUG‘URTA"" AJ QK";общее;region:TOSHKENT SHAHRI;город Ташкент;18409.406;1735.437;13651;9.427;1348576;Страх_отчет(I_чорак_2025_йил_)_uz
2025-03-31;company:SEMURG SUG'URTA AJ QK;"""SEMURG SUG‘URTA"" AJ QK";общее;region:XORAZM;Хорезмская область;187.460;29.256;1791;15.606;104668;Страх_отчет(I_чорак_2025_йил_)_uz
2025-03-31;company:SEMURG SUG'URTA AJ QK;"""SEMURG SUG‘URTA"" AJ QK";общее;total;Все регионы;26778.659;2365.355;144009;8.833;185951;Страх_отчет(I_чорак_2025_йил_)_uz
2025-03-31;company:SQB INSURANCE SUG'URTA KOMPANIYASI AJ;"""SQB INSURANCE SUG‘URTA KOMPANIYASI"" AJ";общее;region:ANDIJON;Андижанская область;525.171;580.928;4126;110.617;127283;Страх_отчет(I_чорак_2025_йил_)_uz
2025-03-31;company:SQB INSURANCE SUG'URTA KOMPANIYASI AJ;"""SQB INSURANCE SUG‘URTA KOMPANIYASI"" AJ";общее;region:BUXORO;Бухарская область;321.690;311.191;4304;96.736;74742;Страх_отчет(I_чорак_2025_йил_)_uz
2025-03-31;company:SQB INSURANCE SUG'URTA KOMPANIYASI AJ;"""SQB INSURANCE SUG‘URTA KOMPANIYASI"" AJ";общее;region:FARG'ONA;Ферганская область;852.288;995.975;7085;116.859;120295;Страх_отчет(I_чорак_2025_йил_)_uz
2025-03-31;company:SQB INSURANCE SUG'URTA KOMPANIYASI AJ;"""SQB INSURANCE SUG‘URTA KOMPANIYASI"" AJ";общее;region:JIZZAX;Джизакская область;1170.266;106.902;4484;9.135;260987;Страх_отчет(I_чорак_2025_йил_)_uz
2025-03-31;company:SQB INSURANCE SUG'URTA KOMPANIYASI AJ;"""SQB INSURANCE SUG‘URTA KOMPANIYASI"" AJ";общее;region:NAMANGAN;Наманганская область;217.743;156.743;2041;71.985;106684;Страх_отчет(I_чорак_2025_йил_)_uz
2025-03-31;company:SQB INSURANCE SUG'URTA KOMPANIYASI AJ;"""SQB INSURANCE SUG‘URTA KOMPANIYASI"" AJ";общее;region:NAVOIY;Навоийская область;729.056;170.193;6622;23.344;110096;Страх_отчет(I_чорак_2025_йил_)_uz
2025-03-31;company:SQB INSURANCE SUG'URTA KOMPANIYASI AJ;"""SQB INSURANCE SUG‘URTA KOMPANIYASI"" AJ";общее;region:QASHQADARYO;Кашкадарьинская область;778.497;583.440;7021;74.944;110881;Страх_отчет(I_чорак_2025_йил_)_uz
2025-03-31;company:SQB INSURANCE SUG'URTA KOMPANIYASI AJ;"""SQB INSURANCE SUG‘URTA KOMPANIYASI"" AJ";общее;region:QORAQALPOG'ISTON RESPUBLIKASI;Республика Каракалпакстан;1020.396;340.930;10581;33.412;96437;Страх_отчет(I_чорак_2025_йил_)_uz
2025-03-31;company:SQB INSURANCE SUG'URTA KOMPANIYASI AJ;"""SQB INSURANCE SUG‘URTA KOMPANIYASI"" AJ";общее;region:SAMARQAND;Самаркандская область;418.266;572.474;5449;136.869;76760;Страх_отчет(I_чорак_2025_йил_)_uz
2025-03-31;company:SQB INSURANCE SUG'URTA KOMPANIYASI AJ;"""SQB INSURANCE SUG‘URTA KOMPANIYASI"" AJ";общее;region:SIRDARYO;Сырдарьинская область;262.356;148.256;3625;56.510;72374;Страх_отчет(I_чорак_2025_йил_)_uz
2025-03-31;company:SQB INSURANCE SUG'URTA KOMPANIYASI AJ;"""SQB INSURANCE SUG‘URTA KOMPANIYASI"" AJ";общее;region:SURXANDARYO;Сурхандарьинская область;395.490;267.891;5309;67.736;74494;Страх_отчет(I_чорак_2025_йил_)_uz
2025-03-31;company:SQB INSURANCE SUG'URTA KOMPANIYASI AJ;"""SQB INSURANCE SUG‘URTA KOMPANIYASI"" AJ";общее;region:TOSHKENT;Ташкентская область;502.331;1632.066;7521;324.899;66790;Страх_отчет(I_чорак_2025_йил_)_uz
2025-03-31;company:SQB INSURANCE SUG'URTA KOMPANIYASI AJ;"""SQB INSURANCE SUG‘URTA KOMPANIYASI"" AJ";общее;region:TOSHKENT SHAHRI;город Ташкент;28113.537;11406.310;121422;40.572;231536;Страх_отчет(I_чорак_2025_йил_)_uz
2025-03-31;company:SQB INSURANCE SUG'URTA KOMPANIYASI AJ;"""SQB INSURANCE SUG‘URTA KOMPANIYASI"" AJ";общее;region:XORAZM;Хорезмская область;1093.768;506.898;4278;46.344;255673;Страх_отчет(I_чорак_2025_йил_)_uz
2025-03-31;company:SQB INSURANCE SUG'URTA KOMPANIYASI AJ;"""SQB INSURANCE SUG‘URTA KOMPANIYASI"" AJ";общее;total;Все регионы;36400.854;17780.197;193868;48.846;187761;Страх_отчет(I_чорак_2025_йил_)_uz
2025-03-31;company:TBC SUG'URTA AJ;"""TBC SUG‘URTA"" AJ";жизнь;region:ANDIJON;Андижанская область;0.000;0.000;0;;;Страх_отчет(I_чорак_2025_йил_)_uz
2025-03-31;company:TBC SUG'URTA AJ;"""TBC SUG‘URTA"" AJ";жизнь;region:BUXORO;Бухарская область;0.000;0.000;0;;;Страх_отчет(I_чорак_2025_йил_)_uz
2025-03-31;company:TBC SUG'URTA AJ;"""TBC SUG‘URTA"" AJ";жизнь;region:FARG'ONA;Ферганская область;0.000;0.000;0;;;Страх_отчет(I_чорак_2025_йил_)_uz
2025-03-31;company:TBC SUG'URTA AJ;"""TBC SUG‘URTA"" AJ";жизнь;region:JIZZAX;Джизакская область;0.000;0.000;0;;;Страх_отчет(I_чорак_2025_йил_)_uz
2025-03-31;company:TBC SUG'URTA AJ;"""TBC SUG‘URTA"" AJ";жизнь;region:NAMANGAN;Наманганская область;0.000;0.000;0;;;Страх_отчет(I_чорак_2025_йил_)_uz
2025-03-31;company:TBC SUG'URTA AJ;"""TBC SUG‘URTA"" AJ";жизнь;region:NAVOIY;Навоийская область;0.000;0.000;0;;;Страх_отчет(I_чорак_2025_йил_)_uz
2025-03-31;company:TBC SUG'URTA AJ;"""TBC SUG‘URTA"" AJ";жизнь;region:QASHQADARYO;Кашкадарьинская область;0.000;0.000;0;;;Страх_отчет(I_чорак_2025_йил_)_uz
2025-03-31;company:TBC SUG'URTA AJ;"""TBC SUG‘URTA"" AJ";жизнь;region:QORAQALPOG'ISTON RESPUBLIKASI;Республика Каракалпакстан;0.000;0.000;0;;;Страх_отчет(I_чорак_2025_йил_)_uz
2025-03-31;company:TBC SUG'URTA AJ;"""TBC SUG‘URTA"" AJ";жизнь;region:SAMARQAND;Самаркандская область;0.000;0.000;0;;;Страх_отчет(I_чорак_2025_йил_)_uz
2025-03-31;company:TBC SUG'URTA AJ;"""TBC SUG‘URTA"" AJ";жизнь;region:SIRDARYO;Сырдарьинская область;0.000;0.000;0;;;Страх_отчет(I_чорак_2025_йил_)_uz
2025-03-31;company:TBC SUG'URTA AJ;"""TBC SUG‘URTA"" AJ";жизнь;region:SURXANDARYO;Сурхандарьинская область;0.000;0.000;0;;;Страх_отчет(I_чорак_2025_йил_)_uz
2025-03-31;company:TBC SUG'URTA AJ;"""TBC SUG‘URTA"" AJ";жизнь;region:TOSHKENT;Ташкентская область;0.000;0.000;0;;;Страх_отчет(I_чорак_2025_йил_)_uz
2025-03-31;company:TBC SUG'URTA AJ;"""TBC SUG‘URTA"" AJ";жизнь;region:TOSHKENT SHAHRI;город Ташкент;0.000;0.000;0;;;Страх_отчет(I_чорак_2025_йил_)_uz
2025-03-31;company:TBC SUG'URTA AJ;"""TBC SUG‘URTA"" AJ";жизнь;region:XORAZM;Хорезмская область;0.000;0.000;0;;;Страх_отчет(I_чорак_2025_йил_)_uz
2025-03-31;company:TBC SUG'URTA AJ;"""TBC SUG‘URTA"" AJ";жизнь;total;Все регионы;0.000;0.000;0;;;Страх_отчет(I_чорак_2025_йил_)_uz
2025-03-31;company:TEMIRYO'L SUG'URTA AJ;"""TEMIRYO‘L SUG‘URTA"" AJ";общее;region:ANDIJON;Андижанская область;441.479;31.620;12618;7.162;34988;Страх_отчет(I_чорак_2025_йил_)_uz
2025-03-31;company:TEMIRYO'L SUG'URTA AJ;"""TEMIRYO‘L SUG‘URTA"" AJ";общее;region:BUXORO;Бухарская область;2860.039;38.700;538;1.353;5316057;Страх_отчет(I_чорак_2025_йил_)_uz
2025-03-31;company:TEMIRYO'L SUG'URTA AJ;"""TEMIRYO‘L SUG‘URTA"" AJ";общее;region:FARG'ONA;Ферганская область;152.826;10.362;2241;6.780;68195;Страх_отчет(I_чорак_2025_йил_)_uz
2025-03-31;company:TEMIRYO'L SUG'URTA AJ;"""TEMIRYO‘L SUG‘URTA"" AJ";общее;region:JIZZAX;Джизакская область;837.641;48.000;3116;5.730;268819;Страх_отчет(I_чорак_2025_йил_)_uz
2025-03-31;company:TEMIRYO'L SUG'URTA AJ;"""TEMIRYO‘L SUG‘URTA"" AJ";общее;region:NAMANGAN;Наманганская область;188.659;0.000;1375;0.000;137206;Страх_отчет(I_чорак_2025_йил_)_uz
2025-03-31;company:TEMIRYO'L SUG'URTA AJ;"""TEMIRYO‘L SUG‘URTA"" AJ";общее;region:NAVOIY;Навоийская область;742.246;4.901;2172;0.660;341734;Страх_отчет(I_чорак_2025_йил_)_uz
2025-03-31;company:TEMIRYO'L SUG'URTA AJ;"""TEMIRYO‘L SUG‘URTA"" AJ";общее;region:QASHQADARYO;Кашкадарьинская область;614.098;1686.334;1120;274.603;548302;Страх_отчет(I_чорак_2025_йил_)_uz
2025-03-31;company:TEMIRYO'L SUG'URTA AJ;"""TEMIRYO‘L SUG‘URTA"" AJ";общее;region:QORAQALPOG'ISTON RESPUBLIKASI;Республика Каракалпакстан;39.753;40.000;918;100.623;43303;Страх_отчет(I_чорак_2025_йил_)_uz
2025-03-31;company:TEMIRYO'L SUG'URTA AJ;"""TEMIRYO‘L SUG‘URTA"" AJ";общее;region:SAMARQAND;Самаркандская область;962.056;260.099;10188;27.036;94430;Страх_отчет(I_чорак_2025_йил_)_uz
2025-03-31;company:TEMIRYO'L SUG'URTA AJ;"""TEMIRYO‘L SUG‘URTA"" AJ";общее;region:SIRDARYO;Сырдарьинская область;321.973;132.517;820;41.158;392650;Страх_отчет(I_чорак_2025_йил_)_uz
2025-03-31;company:TEMIRYO'L SUG'URTA AJ;"""TEMIRYO‘L SUG‘URTA"" AJ";общее;region:SURXANDARYO;Сурхандарьинская область;657.257;1246.562;4171;189.661;157578;Страх_отчет(I_чорак_2025_йил_)_uz
2025-03-31;company:TEMIRYO'L SUG'URTA AJ;"""TEMIRYO‘L SUG‘URTA"" AJ";общее;region:TOSHKENT;Ташкентская область;2971.919;1205.979;1464;40.579;2029999;Страх_отчет(I_чорак_2025_йил_)_uz
2025-03-31;company:TEMIRYO'L SUG'URTA AJ;"""TEMIRYO‘L SUG‘URTA"" AJ";общее;region:TOSHKENT SHAHRI;город Ташкент;56766.703;16493.005;20892;29.054;2717150;Страх_отчет(I_чорак_2025_йил_)_uz
2025-03-31;company:TEMIRYO'L SUG'URTA AJ;"""TEMIRYO‘L SUG‘URTA"" AJ";общее;region:XORAZM;Хорезмская область;734.647;51.388;25639;6.995;28653;Страх_отчет(I_чорак_2025_йил_)_uz
2025-03-31;company:TEMIRYO'L SUG'URTA AJ;"""TEMIRYO‘L SUG‘URTA"" AJ";общее;total;Все регионы;68291.295;21249.468;87272;31.116;782511;Страх_отчет(I_чорак_2025_йил_)_uz
2025-03-31;company:TRUST-INSURANCE AJ;"""TRUST-INSURANCE"" AJ";общее;region:ANDIJON;Андижанская область;637.046;95.148;2728;14.936;233521;Страх_отчет(I_чорак_2025_йил_)_uz
2025-03-31;company:TRUST-INSURANCE AJ;"""TRUST-INSURANCE"" AJ";общее;region:BUXORO;Бухарская область;766.632;101.439;1924;13.232;398458;Страх_отчет(I_чорак_2025_йил_)_uz
2025-03-31;company:TRUST-INSURANCE AJ;"""TRUST-INSURANCE"" AJ";общее;region:FARG'ONA;Ферганская область;7247.199;26314.983;51973;363.106;139442;Страх_отчет(I_чорак_2025_йил_)_uz
2025-03-31;company:TRUST-INSURANCE AJ;"""TRUST-INSURANCE"" AJ";общее;region:JIZZAX;Джизакская область;831.343;0.000;499;0.000;1666019;Страх_отчет(I_чорак_2025_йил_)_uz
2025-03-31;company:TRUST-INSURANCE AJ;"""TRUST-INSURANCE"" AJ";общее;region:NAMANGAN;Наманганская область;122.100;0.000;122;0.000;1000820;Страх_отчет(I_чорак_2025_йил_)_uz
2025-03-31;company:TRUST-INSURANCE AJ;"""TRUST-INSURANCE"" AJ";общее;region:NAVOIY;Навоийская область;342.675;0.000;1168;0.000;293386;Страх_отчет(I_чорак_2025_йил_)_uz
2025-03-31;company:TRUST-INSURANCE AJ;"""TRUST-INSURANCE"" AJ";общее;region:QASHQADARYO;Кашкадарьинская область;520.085;0.000;595;0.000;874093;Страх_отчет(I_чорак_2025_йил_)_uz
2025-03-31;company:TRUST-INSURANCE AJ;"""TRUST-INSURANCE"" AJ";общее;region:QORAQALPOG'ISTON RESPUBLIKASI;Республика Каракалпакстан;336.685;1.520;1474;0.452;228416;Страх_отчет(I_чорак_2025_йил_)_uz
2025-03-31;company:TRUST-INSURANCE AJ;"""TRUST-INSURANCE"" AJ";общее;region:SAMARQAND;Самаркандская область;1402.033;130.699;8598;9.322;163065;Страх_отчет(I_чорак_2025_йил_)_uz
2025-03-31;company:TRUST-INSURANCE AJ;"""TRUST-INSURANCE"" AJ";общее;region:SIRDARYO;Сырдарьинская область;524.601;12.175;493;2.321;1064099;Страх_отчет(I_чорак_2025_йил_)_uz
2025-03-31;company:TRUST-INSURANCE AJ;"""TRUST-INSURANCE"" AJ";общее;region:SURXANDARYO;Сурхандарьинская область;661.614;48.688;1842;7.359;359182;Страх_отчет(I_чорак_2025_йил_)_uz
2025-03-31;company:TRUST-INSURANCE AJ;"""TRUST-INSURANCE"" AJ";общее;region:TOSHKENT;Ташкентская область;311.574;159.937;1530;51.332;203643;Страх_отчет(I_чорак_2025_йил_)_uz
2025-03-31;company:TRUST-INSURANCE AJ;"""TRUST-INSURANCE"" AJ";общее;region:TOSHKENT SHAHRI;город Ташкент;54886.633;3457.575;82171;6.299;667956;Страх_отчет(I_чорак_2025_йил_)_uz
2025-03-31;company:TRUST-INSURANCE AJ;"""TRUST-INSURANCE"" AJ";общее;region:XORAZM;Хорезмская область;666.795;95.709;2916;14.354;228668;Страх_отчет(I_чорак_2025_йил_)_uz
2025-03-31;company:TRUST-INSURANCE AJ;"""TRUST-INSURANCE"" AJ";общее;total;Все регионы;69257.015;30417.873;158033;43.920;438244;Страх_отчет(I_чорак_2025_йил_)_uz
2025-03-31;company:XALQ SUG'URTA AJ;"""XALQ SUG‘URTA"" AJ";общее;region:ANDIJON;Андижанская область;274.452;74.391;33079;27.105;8297;Страх_отчет(I_чорак_2025_йил_)_uz
2025-03-31;company:XALQ SUG'URTA AJ;"""XALQ SUG‘URTA"" AJ";общее;region:BUXORO;Бухарская область;89.643;26.270;26306;29.305;3408;Страх_отчет(I_чорак_2025_йил_)_uz
2025-03-31;company:XALQ SUG'URTA AJ;"""XALQ SUG‘URTA"" AJ";общее;region:FARG'ONA;Ферганская область;337.761;62.030;30422;18.365;11103;Страх_отчет(I_чорак_2025_йил_)_uz
2025-03-31;company:XALQ SUG'URTA AJ;"""XALQ SUG‘URTA"" AJ";общее;region:JIZZAX;Джизакская область;551.900;152.714;19837;27.671;27822;Страх_отчет(I_чорак_2025_йил_)_uz
2025-03-31;company:XALQ SUG'URTA AJ;"""XALQ SUG‘URTA"" AJ";общее;region:NAMANGAN;Наманганская область;106.979;68.348;16753;63.889;6386;Страх_отчет(I_чорак_2025_йил_)_uz
2025-03-31;company:XALQ SUG'URTA AJ;"""XALQ SUG‘URTA"" AJ";общее;region:NAVOIY;Навоийская область;64.392;81.999;14446;127.343;4457;Страх_отчет(I_чорак_2025_йил_)_uz
2025-03-31;company:XALQ SUG'URTA AJ;"""XALQ SUG‘URTA"" AJ";общее;region:QASHQADARYO;Кашкадарьинская область;206.374;189.264;25855;91.709;7982;Страх_отчет(I_чорак_2025_йил_)_uz
2025-03-31;company:XALQ SUG'URTA AJ;"""XALQ SUG‘URTA"" AJ";общее;region:QORAQALPOG'ISTON RESPUBLIKASI;Республика Каракалпакстан;95.422;279.555;32603;292.966;2927;Страх_отчет(I_чорак_2025_йил_)_uz
2025-03-31;company:XALQ SUG'URTA AJ;"""XALQ SUG‘URTA"" AJ";общее;region:SAMARQAND;Самаркандская область;776.211;217.633;39435;28.038;19683;Страх_отчет(I_чорак_2025_йил_)_uz
2025-03-31;company:XALQ SUG'URTA AJ;"""XALQ SUG‘URTA"" AJ";общее;region:SIRDARYO;Сырдарьинская область;164.449;176.904;29228;107.574;5626;Страх_отчет(I_чорак_2025_йил_)_uz
2025-03-31;company:XALQ SUG'URTA AJ;"""XALQ SUG‘URTA"" AJ";общее;region:SURXANDARYO;Сурхандарьинская область;182.545;564.534;29293;309.258;6232;Страх_отчет(I_чорак_2025_йил_)_uz
2025-03-31;company:XALQ SUG'URTA AJ;"""XALQ SUG‘URTA"" AJ";общее;region:TOSHKENT;Ташкентская область;32.164;29.988;22638;93.235;1421;Страх_отчет(I_чорак_2025_йил_)_uz
2025-03-31;company:XALQ SUG'URTA AJ;"""XALQ SUG‘URTA"" AJ";общее;region:TOSHKENT SHAHRI;город Ташкент;11277.772;5303.841;422356;47.029;26702;Страх_отчет(I_чорак_2025_йил_)_uz
2025-03-31;company:XALQ SUG'URTA AJ;"""XALQ SUG‘URTA"" AJ";общее;region:XORAZM;Хорезмская область;96.738;173.976;23997;179.842;4031;Страх_отчет(I_чорак_2025_йил_)_uz
2025-03-31;company:XALQ SUG'URTA AJ;"""XALQ SUG‘URTA"" AJ";общее;total;Все регионы;14256.803;7401.447;766248;51.915;18606;Страх_отчет(I_чорак_2025_йил_)_uz
2025-03-31;total;Весь рынок;;region:ANDIJON;Андижанская область;41221.346;6278.280;459603;15.231;89689;Страх_отчет(I_чорак_2025_йил_)_uz
2025-03-31;total;Весь рынок;;region:BUXORO;Бухарская область;42260.379;6058.029;354337;14.335;119266;Страх_отчет(I_чорак_2025_йил_)_uz
2025-03-31;total;Весь рынок;;region:FARG'ONA;Ферганская область;57658.201;47623.514;734387;82.596;78512;Страх_отчет(I_чорак_2025_йил_)_uz
2025-03-31;total;Весь рынок;;region:JIZZAX;Джизакская область;39192.507;3084.526;603377;7.870;64955;Страх_отчет(I_чорак_2025_йил_)_uz
2025-03-31;total;Весь рынок;;region:NAMANGAN;Наманганская область;34650.488;22803.946;433028;65.811;80019;Страх_отчет(I_чорак_2025_йил_)_uz
2025-03-31;total;Весь рынок;;region:NAVOIY;Навоийская область;28516.380;9589.464;226950;33.628;125650;Страх_отчет(I_чорак_2025_йил_)_uz
2025-03-31;total;Весь рынок;;region:QASHQADARYO;Кашкадарьинская область;69943.856;11356.870;535674;16.237;130572;Страх_отчет(I_чорак_2025_йил_)_uz
2025-03-31;total;Весь рынок;;region:QORAQALPOG'ISTON RESPUBLIKASI;Республика Каракалпакстан;42077.662;53888.482;277577;128.069;151589;Страх_отчет(I_чорак_2025_йил_)_uz
2025-03-31;total;Весь рынок;;region:SAMARQAND;Самаркандская область;47574.917;15386.764;626527;32.342;75934;Страх_отчет(I_чорак_2025_йил_)_uz
2025-03-31;total;Весь рынок;;region:SIRDARYO;Сырдарьинская область;22345.658;20820.281;164339;93.174;135973;Страх_отчет(I_чорак_2025_йил_)_uz
2025-03-31;total;Весь рынок;;region:SURXANDARYO;Сурхандарьинская область;32058.531;35688.800;392394;111.324;81700;Страх_отчет(I_чорак_2025_йил_)_uz
2025-03-31;total;Весь рынок;;region:TOSHKENT;Ташкентская область;67375.333;19022.791;275091;28.234;244920;Страх_отчет(I_чорак_2025_йил_)_uz
2025-03-31;total;Весь рынок;;region:TOSHKENT SHAHRI;город Ташкент;2065391.747;382428.396;4420042;18.516;467279;Страх_отчет(I_чорак_2025_йил_)_uz
2025-03-31;total;Весь рынок;;region:XORAZM;Хорезмская область;40213.803;9608.463;375725;23.893;107030;Страх_отчет(I_чорак_2025_йил_)_uz
2025-03-31;total;Весь рынок;;total;Все регионы;2630480.806;643638.605;9879051;24.468;266269;Страх_отчет(I_чорак_2025_йил_)_uz
2025-07-01;company:AGROS HAYOT AJ;"""AGROS HAYOT"" AJ";жизнь;region:ANDIJON;Андижанская область;19.343;75.807;244;391.916;79273;Страх_отчет(II_чорак_2025_йил_)_uz_—_filtr
2025-07-01;company:AGROS HAYOT AJ;"""AGROS HAYOT"" AJ";жизнь;region:BUXORO;Бухарская область;2.380;45.647;279;1917.922;8530;Страх_отчет(II_чорак_2025_йил_)_uz_—_filtr
2025-07-01;company:AGROS HAYOT AJ;"""AGROS HAYOT"" AJ";жизнь;region:FARG'ONA;Ферганская область;0.000;87.638;569;;0;Страх_отчет(II_чорак_2025_йил_)_uz_—_filtr
2025-07-01;company:AGROS HAYOT AJ;"""AGROS HAYOT"" AJ";жизнь;region:JIZZAX;Джизакская область;0.000;13.021;148;;0;Страх_отчет(II_чорак_2025_йил_)_uz_—_filtr
2025-07-01;company:AGROS HAYOT AJ;"""AGROS HAYOT"" AJ";жизнь;region:NAMANGAN;Наманганская область;0.000;16.828;532;;0;Страх_отчет(II_чорак_2025_йил_)_uz_—_filtr
2025-07-01;company:AGROS HAYOT AJ;"""AGROS HAYOT"" AJ";жизнь;region:NAVOIY;Навоийская область;23.416;43.182;287;184.413;81589;Страх_отчет(II_чорак_2025_йил_)_uz_—_filtr
2025-07-01;company:AGROS HAYOT AJ;"""AGROS HAYOT"" AJ";жизнь;region:QASHQADARYO;Кашкадарьинская область;19.865;30.359;113;152.823;175800;Страх_отчет(II_чорак_2025_йил_)_uz_—_filtr
2025-07-01;company:AGROS HAYOT AJ;"""AGROS HAYOT"" AJ";жизнь;region:QORAQALPOG'ISTON RESPUBLIKASI;Республика Каракалпакстан;1904.254;85.294;238;4.479;8001069;Страх_отчет(II_чорак_2025_йил_)_uz_—_filtr
2025-07-01;company:AGROS HAYOT AJ;"""AGROS HAYOT"" AJ";жизнь;region:SAMARQAND;Самаркандская область;0.200;22.829;384;11414.592;521;Страх_отчет(II_чорак_2025_йил_)_uz_—_filtr
2025-07-01;company:AGROS HAYOT AJ;"""AGROS HAYOT"" AJ";жизнь;region:SIRDARYO;Сырдарьинская область;0.000;1.811;175;;0;Страх_отчет(II_чорак_2025_йил_)_uz_—_filtr
2025-07-01;company:AGROS HAYOT AJ;"""AGROS HAYOT"" AJ";жизнь;region:SURXANDARYO;Сурхандарьинская область;0.050;7.117;240;14233.394;208;Страх_отчет(II_чорак_2025_йил_)_uz_—_filtr
2025-07-01;company:AGROS HAYOT AJ;"""AGROS HAYOT"" AJ";жизнь;region:TOSHKENT;Ташкентская область;1.530;183.612;964;12003.048;1587;Страх_отчет(II_чорак_2025_йил_)_uz_—_filtr
2025-07-01;company:AGROS HAYOT AJ;"""AGROS HAYOT"" AJ";жизнь;region:TOSHKENT SHAHRI;город Ташкент;1044.396;698.394;3534;66.871;295528;Страх_отчет(II_чорак_2025_йил_)_uz_—_filtr
2025-07-01;company:AGROS HAYOT AJ;"""AGROS HAYOT"" AJ";жизнь;region:XORAZM;Хорезмская область;0.000;25.923;205;;0;Страх_отчет(II_чорак_2025_йил_)_uz_—_filtr
2025-07-01;company:AGROS HAYOT AJ;"""AGROS HAYOT"" AJ";жизнь;total;Все регионы;3015.434;1337.463;7912;44.354;381122;Страх_отчет(II_чорак_2025_йил_)_uz_—_filtr
2025-07-01;company:ALFA INVEST SUG'URTA KOMPANIYASI AJ;"""ALFA INVEST SUG‘URTA KOMPANIYASI"" AJ";общее;region:ANDIJON;Андижанская область;2782.909;234.156;8764;8.414;317539;Страх_отчет(II_чорак_2025_йил_)_uz_—_filtr
2025-07-01;company:ALFA INVEST SUG'URTA KOMPANIYASI AJ;"""ALFA INVEST SUG‘URTA KOMPANIYASI"" AJ";общее;region:BUXORO;Бухарская область;2858.416;867.996;7590;30.366;376603;Страх_отчет(II_чорак_2025_йил_)_uz_—_filtr
2025-07-01;company:ALFA INVEST SUG'URTA KOMPANIYASI AJ;"""ALFA INVEST SUG‘URTA KOMPANIYASI"" AJ";общее;region:FARG'ONA;Ферганская область;2935.869;1064.507;14757;36.259;198948;Страх_отчет(II_чорак_2025_йил_)_uz_—_filtr
2025-07-01;company:ALFA INVEST SUG'URTA KOMPANIYASI AJ;"""ALFA INVEST SUG‘URTA KOMPANIYASI"" AJ";общее;region:JIZZAX;Джизакская область;864.573;22.043;792;2.550;1091632;Страх_отчет(II_чорак_2025_йил_)_uz_—_filtr
2025-07-01;company:ALFA INVEST SUG'URTA KOMPANIYASI AJ;"""ALFA INVEST SUG‘URTA KOMPANIYASI"" AJ";общее;region:NAMANGAN;Наманганская область;1702.099;249.955;6449;14.685;263932;Страх_отчет(II_чорак_2025_йил_)_uz_—_filtr
2025-07-01;company:ALFA INVEST SUG'URTA KOMPANIYASI AJ;"""ALFA INVEST SUG‘URTA KOMPANIYASI"" AJ";общее;region:NAVOIY;Навоийская область;5195.607;676.943;13531;13.029;383978;Страх_отчет(II_чорак_2025_йил_)_uz_—_filtr
2025-07-01;company:ALFA INVEST SUG'URTA KOMPANIYASI AJ;"""ALFA INVEST SUG‘URTA KOMPANIYASI"" AJ";общее;region:QASHQADARYO;Кашкадарьинская область;3514.976;432.604;11757;12.307;298969;Страх_отчет(II_чорак_2025_йил_)_uz_—_filtr
2025-07-01;company:ALFA INVEST SUG'URTA KOMPANIYASI AJ;"""ALFA INVEST SUG‘URTA KOMPANIYASI"" AJ";общее;region:QORAQALPOG'ISTON RESPUBLIKASI;Республика Каракалпакстан;446.030;39.494;786;8.855;567468;Страх_отчет(II_чорак_2025_йил_)_uz_—_filtr
2025-07-01;company:ALFA INVEST SUG'URTA KOMPANIYASI AJ;"""ALFA INVEST SUG‘URTA KOMPANIYASI"" AJ";общее;region:SAMARQAND;Самаркандская область;3479.615;300.228;4488;8.628;775315;Страх_отчет(II_чорак_2025_йил_)_uz_—_filtr
2025-07-01;company:ALFA INVEST SUG'URTA KOMPANIYASI AJ;"""ALFA INVEST SUG‘URTA KOMPANIYASI"" AJ";общее;region:SIRDARYO;Сырдарьинская область;115.656;0.000;59;0.000;1960271;Страх_отчет(II_чорак_2025_йил_)_uz_—_filtr
2025-07-01;company:ALFA INVEST SUG'URTA KOMPANIYASI AJ;"""ALFA INVEST SUG‘URTA KOMPANIYASI"" AJ";общее;region:SURXANDARYO;Сурхандарьинская область;1005.316;31.575;1078;3.141;932575;Страх_отчет(II_чорак_2025_йил_)_uz_—_filtr
2025-07-01;company:ALFA INVEST SUG'URTA KOMPANIYASI AJ;"""ALFA INVEST SUG‘URTA KOMPANIYASI"" AJ";общее;region:TOSHKENT;Ташкентская область;1319.316;520.514;3169;39.453;416319;Страх_отчет(II_чорак_2025_йил_)_uz_—_filtr
2025-07-01;company:ALFA INVEST SUG'URTA KOMPANIYASI AJ;"""ALFA INVEST SUG‘URTA KOMPANIYASI"" AJ";общее;region:TOSHKENT SHAHRI;город Ташкент;165259.354;17554.442;185885;10.622;889041;Страх_отчет(II_чорак_2025_йил_)_uz_—_filtr
2025-07-01;company:ALFA INVEST SUG'URTA KOMPANIYASI AJ;"""ALFA INVEST SUG‘URTA KOMPANIYASI"" AJ";общее;region:XORAZM;Хорезмская область;2105.577;290.506;1965;13.797;1071540;Страх_отчет(II_чорак_2025_йил_)_uz_—_filtr
2025-07-01;company:ALFA INVEST SUG'URTA KOMPANIYASI AJ;"""ALFA INVEST SUG‘URTA KOMPANIYASI"" AJ";общее;total;Все регионы;193585.312;22284.963;261070;11.512;741507;Страх_отчет(II_чорак_2025_йил_)_uz_—_filtr
2025-07-01;company:ALFA LIFE INSURANCE AJ;"""ALFA LIFE INSURANCE"" AJ";жизнь;region:ANDIJON;Андижанская область;0.000;7.299;242;;0;Страх_отчет(II_чорак_2025_йил_)_uz_—_filtr
2025-07-01;company:ALFA LIFE INSURANCE AJ;"""ALFA LIFE INSURANCE"" AJ";жизнь;region:BUXORO;Бухарская область;0.000;59.006;67;;0;Страх_отчет(II_чорак_2025_йил_)_uz_—_filtr
2025-07-01;company:ALFA LIFE INSURANCE AJ;"""ALFA LIFE INSURANCE"" AJ";жизнь;region:FARG'ONA;Ферганская область;1202.926;1351.976;1127;112.391;1067370;Страх_отчет(II_чорак_2025_йил_)_uz_—_filtr
2025-07-01;company:ALFA LIFE INSURANCE AJ;"""ALFA LIFE INSURANCE"" AJ";жизнь;region:JIZZAX;Джизакская область;5.000;43.312;29;866.250;172414;Страх_отчет(II_чорак_2025_йил_)_uz_—_filtr
2025-07-01;company:ALFA LIFE INSURANCE AJ;"""ALFA LIFE INSURANCE"" AJ";жизнь;region:NAMANGAN;Наманганская область;1721.832;1714.361;1065;99.566;1616743;Страх_отчет(II_чорак_2025_йил_)_uz_—_filtr
2025-07-01;company:ALFA LIFE INSURANCE AJ;"""ALFA LIFE INSURANCE"" AJ";жизнь;region:NAVOIY;Навоийская область;26.980;184.720;166;684.657;162530;Страх_отчет(II_чорак_2025_йил_)_uz_—_filtr
2025-07-01;company:ALFA LIFE INSURANCE AJ;"""ALFA LIFE INSURANCE"" AJ";жизнь;region:QASHQADARYO;Кашкадарьинская область;0.000;16.298;34;;0;Страх_отчет(II_чорак_2025_йил_)_uz_—_filtr
2025-07-01;company:ALFA LIFE INSURANCE AJ;"""ALFA LIFE INSURANCE"" AJ";жизнь;region:QORAQALPOG'ISTON RESPUBLIKASI;Республика Каракалпакстан;3.093;60.459;7;1954.979;441796;Страх_отчет(II_чорак_2025_йил_)_uz_—_filtr
2025-07-01;company:ALFA LIFE INSURANCE AJ;"""ALFA LIFE INSURANCE"" AJ";жизнь;region:SAMARQAND;Самаркандская область;21.933;89.928;203;410.023;108042;Страх_отчет(II_чорак_2025_йил_)_uz_—_filtr
2025-07-01;company:ALFA LIFE INSURANCE AJ;"""ALFA LIFE INSURANCE"" AJ";жизнь;region:SIRDARYO;Сырдарьинская область;0.000;0.000;0;;;Страх_отчет(II_чорак_2025_йил_)_uz_—_filtr
2025-07-01;company:ALFA LIFE INSURANCE AJ;"""ALFA LIFE INSURANCE"" AJ";жизнь;region:SURXANDARYO;Сурхандарьинская область;0.000;17.423;3;;0;Страх_отчет(II_чорак_2025_йил_)_uz_—_filtr
2025-07-01;company:ALFA LIFE INSURANCE AJ;"""ALFA LIFE INSURANCE"" AJ";жизнь;region:TOSHKENT;Ташкентская область;0.000;0.000;264;;0;Страх_отчет(II_чорак_2025_йил_)_uz_—_filtr
2025-07-01;company:ALFA LIFE INSURANCE AJ;"""ALFA LIFE INSURANCE"" AJ";жизнь;region:TOSHKENT SHAHRI;город Ташкент;15057.883;5145.890;9307;34.174;1617909;Страх_отчет(II_чорак_2025_йил_)_uz_—_filtr
2025-07-01;company:ALFA LIFE INSURANCE AJ;"""ALFA LIFE INSURANCE"" AJ";жизнь;region:XORAZM;Хорезмская область;0.000;0.000;8;;0;Страх_отчет(II_чорак_2025_йил_)_uz_—_filtr
2025-07-01;company:ALFA LIFE INSURANCE AJ;"""ALFA LIFE INSURANCE"" AJ";жизнь;total;Все регионы;18039.646;8690.674;12522;48.175;1440636;Страх_отчет(II_чорак_2025_йил_)_uz_—_filtr
2025-07-01;company:ALSKOM AJ;"""ALSKOM"" AJ";общее;region:ANDIJON;Андижанская область;1003.995;383.868;15296;38.234;65638;Страх_отчет(II_чорак_2025_йил_)_uz_—_filtr
2025-07-01;company:ALSKOM AJ;"""ALSKOM"" AJ";общее;region:BUXORO;Бухарская область;5472.572;639.440;10721;11.684;510453;Страх_отчет(II_чорак_2025_йил_)_uz_—_filtr
2025-07-01;company:ALSKOM AJ;"""ALSKOM"" AJ";общее;region:FARG'ONA;Ферганская область;7928.700;1162.550;66669;14.663;118926;Страх_отчет(II_чорак_2025_йил_)_uz_—_filtr
2025-07-01;company:ALSKOM AJ;"""ALSKOM"" AJ";общее;region:JIZZAX;Джизакская область;3517.618;865.049;28185;24.592;124805;Страх_отчет(II_чорак_2025_йил_)_uz_—_filtr
2025-07-01;company:ALSKOM AJ;"""ALSKOM"" AJ";общее;region:NAMANGAN;Наманганская область;2195.121;37.272;8844;1.698;248205;Страх_отчет(II_чорак_2025_йил_)_uz_—_filtr
2025-07-01;company:ALSKOM AJ;"""ALSKOM"" AJ";общее;region:NAVOIY;Навоийская область;3138.008;447.984;26051;14.276;120456;Страх_отчет(II_чорак_2025_йил_)_uz_—_filtr
2025-07-01;company:ALSKOM AJ;"""ALSKOM"" AJ";общее;region:QASHQADARYO;Кашкадарьинская область;5443.469;5612.781;73630;103.110;73930;Страх_отчет(II_чорак_2025_йил_)_uz_—_filtr
2025-07-01;company:ALSKOM AJ;"""ALSKOM"" AJ";общее;region:QORAQALPOG'ISTON RESPUBLIKASI;Республика Каракалпакстан;1341.578;247.360;17669;18.438;75928;Страх_отчет(II_чорак_2025_йил_)_uz_—_filtr
2025-07-01;company:ALSKOM AJ;"""ALSKOM"" AJ";общее;region:SAMARQAND;Самаркандская область;2246.041;507.966;22529;22.616;99696;Страх_отчет(II_чорак_2025_йил_)_uz_—_filtr
2025-07-01;company:ALSKOM AJ;"""ALSKOM"" AJ";общее;region:SIRDARYO;Сырдарьинская область;2412.943;1703.069;42407;70.581;56900;Страх_отчет(II_чорак_2025_йил_)_uz_—_filtr
2025-07-01;company:ALSKOM AJ;"""ALSKOM"" AJ";общее;region:SURXANDARYO;Сурхандарьинская область;1096.150;295.962;13375;27.000;81955;Страх_отчет(II_чорак_2025_йил_)_uz_—_filtr
2025-07-01;company:ALSKOM AJ;"""ALSKOM"" AJ";общее;region:TOSHKENT;Ташкентская область;4129.843;657.034;19162;15.909;215523;Страх_отчет(II_чорак_2025_йил_)_uz_—_filtr
2025-07-01;company:ALSKOM AJ;"""ALSKOM"" AJ";общее;region:TOSHKENT SHAHRI;город Ташкент;102315.388;33738.173;339281;32.975;301565;Страх_отчет(II_чорак_2025_йил_)_uz_—_filtr
2025-07-01;company:ALSKOM AJ;"""ALSKOM"" AJ";общее;region:XORAZM;Хорезмская область;1569.373;455.026;17986;28.994;87255;Страх_отчет(II_чорак_2025_йил_)_uz_—_filtr
2025-07-01;company:ALSKOM AJ;"""ALSKOM"" AJ";общее;total;Все регионы;143810.798;46753.532;701805;32.510;204916;Страх_отчет(II_чорак_2025_йил_)_uz_—_filtr
2025-07-01;company:APEX INSURANCE AJ;"""APEX INSURANCE"" AJ";общее;region:ANDIJON;Андижанская область;37273.800;268.337;28143;0.720;1324443;Страх_отчет(II_чорак_2025_йил_)_uz_—_filtr
2025-07-01;company:APEX INSURANCE AJ;"""APEX INSURANCE"" AJ";общее;region:BUXORO;Бухарская область;41587.858;2255.801;45337;5.424;917305;Страх_отчет(II_чорак_2025_йил_)_uz_—_filtr
2025-07-01;company:APEX INSURANCE AJ;"""APEX INSURANCE"" AJ";общее;region:FARG'ONA;Ферганская область;19131.190;2537.351;52797;13.263;362354;Страх_отчет(II_чорак_2025_йил_)_uz_—_filtr
2025-07-01;company:APEX INSURANCE AJ;"""APEX INSURANCE"" AJ";общее;region:JIZZAX;Джизакская область;37978.815;1135.100;35774;2.989;1061632;Страх_отчет(II_чорак_2025_йил_)_uz_—_filtr
2025-07-01;company:APEX INSURANCE AJ;"""APEX INSURANCE"" AJ";общее;region:NAMANGAN;Наманганская область;51072.547;805.330;42989;1.577;1188038;Страх_отчет(II_чорак_2025_йил_)_uz_—_filtr
2025-07-01;company:APEX INSURANCE AJ;"""APEX INSURANCE"" AJ";общее;region:NAVOIY;Навоийская область;19686.943;1898.869;27652;9.645;711954;Страх_отчет(II_чорак_2025_йил_)_uz_—_filtr
2025-07-01;company:APEX INSURANCE AJ;"""APEX INSURANCE"" AJ";общее;region:QASHQADARYO;Кашкадарьинская область;81191.339;3164.684;150082;3.898;540980;Страх_отчет(II_чорак_2025_йил_)_uz_—_filtr
2025-07-01;company:APEX INSURANCE AJ;"""APEX INSURANCE"" AJ";общее;region:QORAQALPOG'ISTON RESPUBLIKASI;Республика Каракалпакстан;37927.051;8298.258;97348;21.880;389603;Страх_отчет(II_чорак_2025_йил_)_uz_—_filtr
2025-07-01;company:APEX INSURANCE AJ;"""APEX INSURANCE"" AJ";общее;region:SAMARQAND;Самаркандская область;26860.494;2650.378;125369;9.867;214251;Страх_отчет(II_чорак_2025_йил_)_uz_—_filtr
2025-07-01;company:APEX INSURANCE AJ;"""APEX INSURANCE"" AJ";общее;region:SIRDARYO;Сырдарьинская область;8785.545;2274.422;30530;25.888;287768;Страх_отчет(II_чорак_2025_йил_)_uz_—_filtr
2025-07-01;company:APEX INSURANCE AJ;"""APEX INSURANCE"" AJ";общее;region:SURXANDARYO;Сурхандарьинская область;35382.896;1871.467;43398;5.289;815312;Страх_отчет(II_чорак_2025_йил_)_uz_—_filtr
2025-07-01;company:APEX INSURANCE AJ;"""APEX INSURANCE"" AJ";общее;region:TOSHKENT;Ташкентская область;22005.487;33.680;6331;0.153;3475831;Страх_отчет(II_чорак_2025_йил_)_uz_—_filtr
2025-07-01;company:APEX INSURANCE AJ;"""APEX INSURANCE"" AJ";общее;region:TOSHKENT SHAHRI;город Ташкент;1539517.766;254724.714;452034;16.546;3405757;Страх_отчет(II_чорак_2025_йил_)_uz_—_filtr
2025-07-01;company:APEX INSURANCE AJ;"""APEX INSURANCE"" AJ";общее;region:XORAZM;Хорезмская область;34142.944;5269.293;97011;15.433;351949;Страх_отчет(II_чорак_2025_йил_)_uz_—_filtr
2025-07-01;company:APEX INSURANCE AJ;"""APEX INSURANCE"" AJ";общее;total;Все регионы;1992544.674;287187.683;1234795;14.413;1613664;Страх_отчет(II_чорак_2025_йил_)_uz_—_filtr
2025-07-01;company:APEX LIFE INSURANCE AJ;"""APEX LIFE INSURANCE"" AJ";жизнь;region:ANDIJON;Андижанская область;292.674;156.549;290;53.489;1009220;Страх_отчет(II_чорак_2025_йил_)_uz_—_filtr
2025-07-01;company:APEX LIFE INSURANCE AJ;"""APEX LIFE INSURANCE"" AJ";жизнь;region:BUXORO;Бухарская область;98.079;71.148;127;72.542;772277;Страх_отчет(II_чорак_2025_йил_)_uz_—_filtr
2025-07-01;company:APEX LIFE INSURANCE AJ;"""APEX LIFE INSURANCE"" AJ";жизнь;region:FARG'ONA;Ферганская область;2029.899;1982.726;614;97.676;3306024;Страх_отчет(II_чорак_2025_йил_)_uz_—_filtr
2025-07-01;company:APEX LIFE INSURANCE AJ;"""APEX LIFE INSURANCE"" AJ";жизнь;region:JIZZAX;Джизакская область;821.821;120.665;6;14.683;136970247;Страх_отчет(II_чорак_2025_йил_)_uz_—_filtr
2025-07-01;company:APEX LIFE INSURANCE AJ;"""APEX LIFE INSURANCE"" AJ";жизнь;region:NAMANGAN;Наманганская область;5052.944;4653.979;1053;92.104;4798618;Страх_отчет(II_чорак_2025_йил_)_uz_—_filtr
2025-07-01;company:APEX LIFE INSURANCE AJ;"""APEX LIFE INSURANCE"" AJ";жизнь;region:NAVOIY;Навоийская область;1777.880;685.296;1023;38.546;1737908;Страх_отчет(II_чорак_2025_йил_)_uz_—_filtr
2025-07-01;company:APEX LIFE INSURANCE AJ;"""APEX LIFE INSURANCE"" AJ";жизнь;region:QASHQADARYO;Кашкадарьинская область;336.465;485.439;46;144.276;7314450;Страх_отчет(II_чорак_2025_йил_)_uz_—_filtr
2025-07-01;company:APEX LIFE INSURANCE AJ;"""APEX LIFE INSURANCE"" AJ";жизнь;region:QORAQALPOG'ISTON RESPUBLIKASI;Республика Каракалпакстан;348.548;156.066;1443;44.776;241544;Страх_отчет(II_чорак_2025_йил_)_uz_—_filtr
2025-07-01;company:APEX LIFE INSURANCE AJ;"""APEX LIFE INSURANCE"" AJ";жизнь;region:SAMARQAND;Самаркандская область;1157.722;160.639;179;13.875;6467718;Страх_отчет(II_чорак_2025_йил_)_uz_—_filtr
2025-07-01;company:APEX LIFE INSURANCE AJ;"""APEX LIFE INSURANCE"" AJ";жизнь;region:SIRDARYO;Сырдарьинская область;0.000;14.347;2;;0;Страх_отчет(II_чорак_2025_йил_)_uz_—_filtr
2025-07-01;company:APEX LIFE INSURANCE AJ;"""APEX LIFE INSURANCE"" AJ";жизнь;region:SURXANDARYO;Сурхандарьинская область;0.000;2.756;1;;0;Страх_отчет(II_чорак_2025_йил_)_uz_—_filtr
2025-07-01;company:APEX LIFE INSURANCE AJ;"""APEX LIFE INSURANCE"" AJ";жизнь;region:TOSHKENT;Ташкентская область;5588.435;5815.814;128;104.069;43659648;Страх_отчет(II_чорак_2025_йил_)_uz_—_filtr
2025-07-01;company:APEX LIFE INSURANCE AJ;"""APEX LIFE INSURANCE"" AJ";жизнь;region:TOSHKENT SHAHRI;город Ташкент;291631.349;31812.126;581485;10.908;501529;Страх_отчет(II_чорак_2025_йил_)_uz_—_filtr
2025-07-01;company:APEX LIFE INSURANCE AJ;"""APEX LIFE INSURANCE"" AJ";жизнь;region:XORAZM;Хорезмская область;294.473;44.046;8418;14.958;34981;Страх_отчет(II_чорак_2025_йил_)_uz_—_filtr
2025-07-01;company:APEX LIFE INSURANCE AJ;"""APEX LIFE INSURANCE"" AJ";жизнь;total;Все регионы;309430.289;46161.599;594815;14.918;520213;Страх_отчет(II_чорак_2025_йил_)_uz_—_filtr
2025-07-01;company:ARIA SUG'URTA TASHKILOTI AJ;"""ARIA SUG‘URTA TASHKILOTI"" AJ";общее;region:ANDIJON;Андижанская область;0.000;0.000;0;;;Страх_отчет(II_чорак_2025_йил_)_uz_—_filtr
2025-07-01;company:ARIA SUG'URTA TASHKILOTI AJ;"""ARIA SUG‘URTA TASHKILOTI"" AJ";общее;region:BUXORO;Бухарская область;0.000;0.000;0;;;Страх_отчет(II_чорак_2025_йил_)_uz_—_filtr
2025-07-01;company:ARIA SUG'URTA TASHKILOTI AJ;"""ARIA SUG‘URTA TASHKILOTI"" AJ";общее;region:FARG'ONA;Ферганская область;0.000;0.000;0;;;Страх_отчет(II_чорак_2025_йил_)_uz_—_filtr
2025-07-01;company:ARIA SUG'URTA TASHKILOTI AJ;"""ARIA SUG‘URTA TASHKILOTI"" AJ";общее;region:JIZZAX;Джизакская область;0.000;0.000;0;;;Страх_отчет(II_чорак_2025_йил_)_uz_—_filtr
2025-07-01;company:ARIA SUG'URTA TASHKILOTI AJ;"""ARIA SUG‘URTA TASHKILOTI"" AJ";общее;region:NAMANGAN;Наманганская область;0.000;0.000;0;;;Страх_отчет(II_чорак_2025_йил_)_uz_—_filtr
2025-07-01;company:ARIA SUG'URTA TASHKILOTI AJ;"""ARIA SUG‘URTA TASHKILOTI"" AJ";общее;region:NAVOIY;Навоийская область;0.000;0.000;0;;;Страх_отчет(II_чорак_2025_йил_)_uz_—_filtr
2025-07-01;company:ARIA SUG'URTA TASHKILOTI AJ;"""ARIA SUG‘URTA TASHKILOTI"" AJ";общее;region:QASHQADARYO;Кашкадарьинская область;0.000;0.000;0;;;Страх_отчет(II_чорак_2025_йил_)_uz_—_filtr
2025-07-01;company:ARIA SUG'URTA TASHKILOTI AJ;"""ARIA SUG‘URTA TASHKILOTI"" AJ";общее;region:QORAQALPOG'ISTON RESPUBLIKASI;Республика Каракалпакстан;0.000;0.000;0;;;Страх_отчет(II_чорак_2025_йил_)_uz_—_filtr
2025-07-01;company:ARIA SUG'URTA TASHKILOTI AJ;"""ARIA SUG‘URTA TASHKILOTI"" AJ";общее;region:SAMARQAND;Самаркандская область;0.000;0.000;0;;;Страх_отчет(II_чорак_2025_йил_)_uz_—_filtr
2025-07-01;company:ARIA SUG'URTA TASHKILOTI AJ;"""ARIA SUG‘URTA TASHKILOTI"" AJ";общее;region:SIRDARYO;Сырдарьинская область;0.000;0.000;0;;;Страх_отчет(II_чорак_2025_йил_)_uz_—_filtr
2025-07-01;company:ARIA SUG'URTA TASHKILOTI AJ;"""ARIA SUG‘URTA TASHKILOTI"" AJ";общее;region:SURXANDARYO;Сурхандарьинская область;0.000;0.000;0;;;Страх_отчет(II_чорак_2025_йил_)_uz_—_filtr
2025-07-01;company:ARIA SUG'URTA TASHKILOTI AJ;"""ARIA SUG‘URTA TASHKILOTI"" AJ";общее;region:TOSHKENT;Ташкентская область;0.000;0.000;0;;;Страх_отчет(II_чорак_2025_йил_)_uz_—_filtr
2025-07-01;company:ARIA SUG'URTA TASHKILOTI AJ;"""ARIA SUG‘URTA TASHKILOTI"" AJ";общее;region:TOSHKENT SHAHRI;город Ташкент;22748.305;1383.904;7341;6.084;3098802;Страх_отчет(II_чорак_2025_йил_)_uz_—_filtr
2025-07-01;company:ARIA SUG'URTA TASHKILOTI AJ;"""ARIA SUG‘URTA TASHKILOTI"" AJ";общее;region:XORAZM;Хорезмская область;0.000;0.000;0;;;Страх_отчет(II_чорак_2025_йил_)_uz_—_filtr
2025-07-01;company:ARIA SUG'URTA TASHKILOTI AJ;"""ARIA SUG‘URTA TASHKILOTI"" AJ";общее;total;Все регионы;22748.305;1383.904;7341;6.084;3098802;Страх_отчет(II_чорак_2025_йил_)_uz_—_filtr
2025-07-01;company:ASIA INSURANCE SUG'URTA KOMPANIYASI AJ;"""ASIA INSURANCE SUG‘URTA KOMPANIYASI"" AJ";общее;region:ANDIJON;Андижанская область;1157.056;102.630;12428;8.870;93101;Страх_отчет(II_чорак_2025_йил_)_uz_—_filtr
2025-07-01;company:ASIA INSURANCE SUG'URTA KOMPANIYASI AJ;"""ASIA INSURANCE SUG‘URTA KOMPANIYASI"" AJ";общее;region:BUXORO;Бухарская область;1175.852;297.778;4276;25.324;274989;Страх_отчет(II_чорак_2025_йил_)_uz_—_filtr
2025-07-01;company:ASIA INSURANCE SUG'URTA KOMPANIYASI AJ;"""ASIA INSURANCE SUG‘URTA KOMPANIYASI"" AJ";общее;region:FARG'ONA;Ферганская область;756.204;63.489;2351;8.396;321652;Страх_отчет(II_чорак_2025_йил_)_uz_—_filtr
2025-07-01;company:ASIA INSURANCE SUG'URTA KOMPANIYASI AJ;"""ASIA INSURANCE SUG‘URTA KOMPANIYASI"" AJ";общее;region:JIZZAX;Джизакская область;836.566;14.000;3596;1.674;232638;Страх_отчет(II_чорак_2025_йил_)_uz_—_filtr
2025-07-01;company:ASIA INSURANCE SUG'URTA KOMPANIYASI AJ;"""ASIA INSURANCE SUG‘URTA KOMPANIYASI"" AJ";общее;region:NAMANGAN;Наманганская область;1538.766;122.722;31220;7.975;49288;Страх_отчет(II_чорак_2025_йил_)_uz_—_filtr
2025-07-01;company:ASIA INSURANCE SUG'URTA KOMPANIYASI AJ;"""ASIA INSURANCE SUG‘URTA KOMPANIYASI"" AJ";общее;region:NAVOIY;Навоийская область;213.015;0.000;3056;0.000;69704;Страх_отчет(II_чорак_2025_йил_)_uz_—_filtr
2025-07-01;company:ASIA INSURANCE SUG'URTA KOMPANIYASI AJ;"""ASIA INSURANCE SUG‘URTA KOMPANIYASI"" AJ";общее;region:QASHQADARYO;Кашкадарьинская область;302.823;1.730;5655;0.571;53550;Страх_отчет(II_чорак_2025_йил_)_uz_—_filtr
2025-07-01;company:ASIA INSURANCE SUG'URTA KOMPANIYASI AJ;"""ASIA INSURANCE SUG‘URTA KOMPANIYASI"" AJ";общее;region:QORAQALPOG'ISTON RESPUBLIKASI;Республика Каракалпакстан;155.905;78.478;2198;50.337;70930;Страх_отчет(II_чорак_2025_йил_)_uz_—_filtr
2025-07-01;company:ASIA INSURANCE SUG'URTA KOMPANIYASI AJ;"""ASIA INSURANCE SUG‘URTA KOMPANIYASI"" AJ";общее;region:SAMARQAND;Самаркандская область;1194.040;204.630;25877;17.138;46143;Страх_отчет(II_чорак_2025_йил_)_uz_—_filtr
2025-07-01;company:ASIA INSURANCE SUG'URTA KOMPANIYASI AJ;"""ASIA INSURANCE SUG‘URTA KOMPANIYASI"" AJ";общее;region:SIRDARYO;Сырдарьинская область;151.816;193.227;2935;127.277;51726;Страх_отчет(II_чорак_2025_йил_)_uz_—_filtr
2025-07-01;company:ASIA INSURANCE SUG'URTA KOMPANIYASI AJ;"""ASIA INSURANCE SUG‘URTA KOMPANIYASI"" AJ";общее;region:SURXANDARYO;Сурхандарьинская область;1128.981;9.685;3561;0.858;317040;Страх_отчет(II_чорак_2025_йил_)_uz_—_filtr
2025-07-01;company:ASIA INSURANCE SUG'URTA KOMPANIYASI AJ;"""ASIA INSURANCE SUG‘URTA KOMPANIYASI"" AJ";общее;region:TOSHKENT;Ташкентская область;1594.735;463.633;33233;29.073;47986;Страх_отчет(II_чорак_2025_йил_)_uz_—_filtr
2025-07-01;company:ASIA INSURANCE SUG'URTA KOMPANIYASI AJ;"""ASIA INSURANCE SUG‘URTA KOMPANIYASI"" AJ";общее;region:TOSHKENT SHAHRI;город Ташкент;58468.848;9752.870;24169;16.680;2419167;Страх_отчет(II_чорак_2025_йил_)_uz_—_filtr
2025-07-01;company:ASIA INSURANCE SUG'URTA KOMPANIYASI AJ;"""ASIA INSURANCE SUG‘URTA KOMPANIYASI"" AJ";общее;region:XORAZM;Хорезмская область;67.792;0.000;514;0.000;131891;Страх_отчет(II_чорак_2025_йил_)_uz_—_filtr
2025-07-01;company:ASIA INSURANCE SUG'URTA KOMPANIYASI AJ;"""ASIA INSURANCE SUG‘URTA KOMPANIYASI"" AJ";общее;total;Все регионы;68742.400;11304.871;155069;16.445;443302;Страх_отчет(II_чорак_2025_йил_)_uz_—_filtr
2025-07-01;company:EUROASIA INSURANCE AJ QK;"""EUROASIA INSURANCE"" AJ QK";общее;region:ANDIJON;Андижанская область;0.000;13.209;0;;;Страх_отчет(II_чорак_2025_йил_)_uz_—_filtr
2025-07-01;company:EUROASIA INSURANCE AJ QK;"""EUROASIA INSURANCE"" AJ QK";общее;region:BUXORO;Бухарская область;0.304;69.352;5;22813.059;60800;Страх_отчет(II_чорак_2025_йил_)_uz_—_filtr
2025-07-01;company:EUROASIA INSURANCE AJ QK;"""EUROASIA INSURANCE"" AJ QK";общее;region:FARG'ONA;Ферганская область;0.000;10.950;0;;;Страх_отчет(II_чорак_2025_йил_)_uz_—_filtr
2025-07-01;company:EUROASIA INSURANCE AJ QK;"""EUROASIA INSURANCE"" AJ QK";общее;region:JIZZAX;Джизакская область;0.000;70.594;0;;;Страх_отчет(II_чорак_2025_йил_)_uz_—_filtr
2025-07-01;company:EUROASIA INSURANCE AJ QK;"""EUROASIA INSURANCE"" AJ QK";общее;region:NAMANGAN;Наманганская область;2.752;0.000;46;0.000;59826;Страх_отчет(II_чорак_2025_йил_)_uz_—_filtr
2025-07-01;company:EUROASIA INSURANCE AJ QK;"""EUROASIA INSURANCE"" AJ QK";общее;region:NAVOIY;Навоийская область;0.000;49.550;0;;;Страх_отчет(II_чорак_2025_йил_)_uz_—_filtr
2025-07-01;company:EUROASIA INSURANCE AJ QK;"""EUROASIA INSURANCE"" AJ QK";общее;region:QASHQADARYO;Кашкадарьинская область;0.087;36.650;4;42013.894;21808;Страх_отчет(II_чорак_2025_йил_)_uz_—_filtr
2025-07-01;company:EUROASIA INSURANCE AJ QK;"""EUROASIA INSURANCE"" AJ QK";общее;region:QORAQALPOG'ISTON RESPUBLIKASI;Республика Каракалпакстан;0.000;61.308;0;;;Страх_отчет(II_чорак_2025_йил_)_uz_—_filtr
2025-07-01;company:EUROASIA INSURANCE AJ QK;"""EUROASIA INSURANCE"" AJ QK";общее;region:SAMARQAND;Самаркандская область;0.000;276.097;0;;;Страх_отчет(II_чорак_2025_йил_)_uz_—_filtr
2025-07-01;company:EUROASIA INSURANCE AJ QK;"""EUROASIA INSURANCE"" AJ QK";общее;region:SIRDARYO;Сырдарьинская область;0.000;53.778;0;;;Страх_отчет(II_чорак_2025_йил_)_uz_—_filtr
2025-07-01;company:EUROASIA INSURANCE AJ QK;"""EUROASIA INSURANCE"" AJ QK";общее;region:SURXANDARYO;Сурхандарьинская область;0.000;0.000;0;;;Страх_отчет(II_чорак_2025_йил_)_uz_—_filtr
2025-07-01;company:EUROASIA INSURANCE AJ QK;"""EUROASIA INSURANCE"" AJ QK";общее;region:TOSHKENT;Ташкентская область;0.000;2634.043;0;;;Страх_отчет(II_чорак_2025_йил_)_uz_—_filtr
2025-07-01;company:EUROASIA INSURANCE AJ QK;"""EUROASIA INSURANCE"" AJ QK";общее;region:TOSHKENT SHAHRI;город Ташкент;162262.745;3414.738;7058;2.104;22989904;Страх_отчет(II_чорак_2025_йил_)_uz_—_filtr
2025-07-01;company:EUROASIA INSURANCE AJ QK;"""EUROASIA INSURANCE"" AJ QK";общее;region:XORAZM;Хорезмская область;0.000;33.204;0;;;Страх_отчет(II_чорак_2025_йил_)_uz_—_filtr
2025-07-01;company:EUROASIA INSURANCE AJ QK;"""EUROASIA INSURANCE"" AJ QK";общее;total;Все регионы;162265.888;6723.472;7113;4.143;22812581;Страх_отчет(II_чорак_2025_йил_)_uz_—_filtr
2025-07-01;company:GLOBAL INSURANCE GROUP AJ;"""GLOBAL INSURANCE GROUP"" AJ";общее;region:ANDIJON;Андижанская область;0.000;8.975;0;;;Страх_отчет(II_чорак_2025_йил_)_uz_—_filtr
2025-07-01;company:GLOBAL INSURANCE GROUP AJ;"""GLOBAL INSURANCE GROUP"" AJ";общее;region:BUXORO;Бухарская область;0.000;228.697;0;;;Страх_отчет(II_чорак_2025_йил_)_uz_—_filtr
2025-07-01;company:GLOBAL INSURANCE GROUP AJ;"""GLOBAL INSURANCE GROUP"" AJ";общее;region:FARG'ONA;Ферганская область;0.000;10.096;0;;;Страх_отчет(II_чорак_2025_йил_)_uz_—_filtr
2025-07-01;company:GLOBAL INSURANCE GROUP AJ;"""GLOBAL INSURANCE GROUP"" AJ";общее;region:JIZZAX;Джизакская область;0.000;54.933;0;;;Страх_отчет(II_чорак_2025_йил_)_uz_—_filtr
2025-07-01;company:GLOBAL INSURANCE GROUP AJ;"""GLOBAL INSURANCE GROUP"" AJ";общее;region:NAMANGAN;Наманганская область;0.000;2.015;0;;;Страх_отчет(II_чорак_2025_йил_)_uz_—_filtr
2025-07-01;company:GLOBAL INSURANCE GROUP AJ;"""GLOBAL INSURANCE GROUP"" AJ";общее;region:NAVOIY;Навоийская область;0.000;44.933;0;;;Страх_отчет(II_чорак_2025_йил_)_uz_—_filtr
2025-07-01;company:GLOBAL INSURANCE GROUP AJ;"""GLOBAL INSURANCE GROUP"" AJ";общее;region:QASHQADARYO;Кашкадарьинская область;0.000;45.128;0;;;Страх_отчет(II_чорак_2025_йил_)_uz_—_filtr
2025-07-01;company:GLOBAL INSURANCE GROUP AJ;"""GLOBAL INSURANCE GROUP"" AJ";общее;region:QORAQALPOG'ISTON RESPUBLIKASI;Республика Каракалпакстан;0.000;20.036;0;;;Страх_отчет(II_чорак_2025_йил_)_uz_—_filtr
2025-07-01;company:GLOBAL INSURANCE GROUP AJ;"""GLOBAL INSURANCE GROUP"" AJ";общее;region:SAMARQAND;Самаркандская область;0.000;201.093;0;;;Страх_отчет(II_чорак_2025_йил_)_uz_—_filtr
2025-07-01;company:GLOBAL INSURANCE GROUP AJ;"""GLOBAL INSURANCE GROUP"" AJ";общее;region:SIRDARYO;Сырдарьинская область;0.000;0.000;0;;;Страх_отчет(II_чорак_2025_йил_)_uz_—_filtr
2025-07-01;company:GLOBAL INSURANCE GROUP AJ;"""GLOBAL INSURANCE GROUP"" AJ";общее;region:SURXANDARYO;Сурхандарьинская область;0.000;175.431;0;;;Страх_отчет(II_чорак_2025_йил_)_uz_—_filtr
2025-07-01;company:GLOBAL INSURANCE GROUP AJ;"""GLOBAL INSURANCE GROUP"" AJ";общее;region:TOSHKENT;Ташкентская область;0.000;740.645;0;;;Страх_отчет(II_чорак_2025_йил_)_uz_—_filtr
2025-07-01;company:GLOBAL INSURANCE GROUP AJ;"""GLOBAL INSURANCE GROUP"" AJ";общее;region:TOSHKENT SHAHRI;город Ташкент;31545.179;10001.978;76335;31.707;413247;Страх_отчет(II_чорак_2025_йил_)_uz_—_filtr
2025-07-01;company:GLOBAL INSURANCE GROUP AJ;"""GLOBAL INSURANCE GROUP"" AJ";общее;region:XORAZM;Хорезмская область;0.000;0.000;0;;;Страх_отчет(II_чорак_2025_йил_)_uz_—_filtr
2025-07-01;company:GLOBAL INSURANCE GROUP AJ;"""GLOBAL INSURANCE GROUP"" AJ";общее;total;Все регионы;31545.179;11533.960;76335;36.563;413247;Страх_отчет(II_чорак_2025_йил_)_uz_—_filtr
2025-07-01;company:GROSS SUG'URTA KOMPANIYASI AJ;"""GROSS SUG‘URTA KOMPANIYASI"" AJ";общее;region:ANDIJON;Андижанская область;7623.719;982.388;128716;12.886;59229;Страх_отчет(II_чорак_2025_йил_)_uz_—_filtr
2025-07-01;company:GROSS SUG'URTA KOMPANIYASI AJ;"""GROSS SUG‘URTA KOMPANIYASI"" AJ";общее;region:BUXORO;Бухарская область;2352.347;231.890;7537;9.858;312106;Страх_отчет(II_чорак_2025_йил_)_uz_—_filtr
2025-07-01;company:GROSS SUG'URTA KOMPANIYASI AJ;"""GROSS SUG‘URTA KOMPANIYASI"" AJ";общее;region:FARG'ONA;Ферганская область;10698.813;1554.643;161316;14.531;66322;Страх_отчет(II_чорак_2025_йил_)_uz_—_filtr
2025-07-01;company:GROSS SUG'URTA KOMPANIYASI AJ;"""GROSS SUG‘URTA KOMPANIYASI"" AJ";общее;region:JIZZAX;Джизакская область;1022.776;362.074;6783;35.401;150785;Страх_отчет(II_чорак_2025_йил_)_uz_—_filtr
2025-07-01;company:GROSS SUG'URTA KOMPANIYASI AJ;"""GROSS SUG‘URTA KOMPANIYASI"" AJ";общее;region:NAMANGAN;Наманганская область;1468.129;87.634;60982;5.969;24075;Страх_отчет(II_чорак_2025_йил_)_uz_—_filtr
2025-07-01;company:GROSS SUG'URTA KOMPANIYASI AJ;"""GROSS SUG‘URTA KOMPANIYASI"" AJ";общее;region:NAVOIY;Навоийская область;2833.021;418.068;30251;14.757;93650;Страх_отчет(II_чорак_2025_йил_)_uz_—_filtr
2025-07-01;company:GROSS SUG'URTA KOMPANIYASI AJ;"""GROSS SUG‘URTA KOMPANIYASI"" AJ";общее;region:QASHQADARYO;Кашкадарьинская область;3657.244;869.063;20771;23.763;176075;Страх_отчет(II_чорак_2025_йил_)_uz_—_filtr
2025-07-01;company:GROSS SUG'URTA KOMPANIYASI AJ;"""GROSS SUG‘URTA KOMPANIYASI"" AJ";общее;region:QORAQALPOG'ISTON RESPUBLIKASI;Республика Каракалпакстан;897.802;383.769;15946;42.745;56303;Страх_отчет(II_чорак_2025_йил_)_uz_—_filtr
2025-07-01;company:GROSS SUG'URTA KOMPANIYASI AJ;"""GROSS SUG‘URTA KOMPANIYASI"" AJ";общее;region:SAMARQAND;Самаркандская область;8398.185;1216.565;80985;14.486;103701;Страх_отчет(II_чорак_2025_йил_)_uz_—_filtr
2025-07-01;company:GROSS SUG'URTA KOMPANIYASI AJ;"""GROSS SUG‘URTA KOMPANIYASI"" AJ";общее;region:SIRDARYO;Сырдарьинская область;95.633;111.057;2909;116.129;32875;Страх_отчет(II_чорак_2025_йил_)_uz_—_filtr
2025-07-01;company:GROSS SUG'URTA KOMPANIYASI AJ;"""GROSS SUG‘URTA KOMPANIYASI"" AJ";общее;region:SURXANDARYO;Сурхандарьинская область;2222.572;568.035;49392;25.558;44999;Страх_отчет(II_чорак_2025_йил_)_uz_—_filtr
2025-07-01;company:GROSS SUG'URTA KOMPANIYASI AJ;"""GROSS SUG‘URTA KOMPANIYASI"" AJ";общее;region:TOSHKENT;Ташкентская область;2483.496;497.934;8316;20.050;298641;Страх_отчет(II_чорак_2025_йил_)_uz_—_filtr
2025-07-01;company:GROSS SUG'URTA KOMPANIYASI AJ;"""GROSS SUG‘URTA KOMPANIYASI"" AJ";общее;region:TOSHKENT SHAHRI;город Ташкент;352339.176;89207.362;391238;25.319;900575;Страх_отчет(II_чорак_2025_йил_)_uz_—_filtr
2025-07-01;company:GROSS SUG'URTA KOMPANIYASI AJ;"""GROSS SUG‘URTA KOMPANIYASI"" AJ";общее;region:XORAZM;Хорезмская область;3359.090;926.896;30409;27.594;110464;Страх_отчет(II_чорак_2025_йил_)_uz_—_filtr
2025-07-01;company:GROSS SUG'URTA KOMPANIYASI AJ;"""GROSS SUG‘URTA KOMPANIYASI"" AJ";общее;total;Все регионы;399452.003;97417.378;995551;24.388;401237;Страх_отчет(II_чорак_2025_йил_)_uz_—_filtr
2025-07-01;company:HAMKOR SUG'URTA AJ;"""HAMKOR SUG’URTA"" AJ";общее;region:ANDIJON;Андижанская область;957.022;215.564;1141;22.524;838758;Страх_отчет(II_чорак_2025_йил_)_uz_—_filtr
2025-07-01;company:HAMKOR SUG'URTA AJ;"""HAMKOR SUG’URTA"" AJ";общее;region:BUXORO;Бухарская область;664.297;0.000;466;0.000;1425530;Страх_отчет(II_чорак_2025_йил_)_uz_—_filtr
2025-07-01;company:HAMKOR SUG'URTA AJ;"""HAMKOR SUG’URTA"" AJ";общее;region:FARG'ONA;Ферганская область;1217.071;59.166;1016;4.861;1197905;Страх_отчет(II_чорак_2025_йил_)_uz_—_filtr
2025-07-01;company:HAMKOR SUG'URTA AJ;"""HAMKOR SUG’URTA"" AJ";общее;region:JIZZAX;Джизакская область;208.562;53.501;178;25.652;1171699;Страх_отчет(II_чорак_2025_йил_)_uz_—_filtr
2025-07-01;company:HAMKOR SUG'URTA AJ;"""HAMKOR SUG’URTA"" AJ";общее;region:NAMANGAN;Наманганская область;452.787;5.000;401;1.104;1129145;Страх_отчет(II_чорак_2025_йил_)_uz_—_filtr
2025-07-01;company:HAMKOR SUG'URTA AJ;"""HAMKOR SUG’URTA"" AJ";общее;region:NAVOIY;Навоийская область;387.011;29.254;313;7.559;1236455;Страх_отчет(II_чорак_2025_йил_)_uz_—_filtr
2025-07-01;company:HAMKOR SUG'URTA AJ;"""HAMKOR SUG’URTA"" AJ";общее;region:QASHQADARYO;Кашкадарьинская область;200.870;155.761;135;77.543;1487929;Страх_отчет(II_чорак_2025_йил_)_uz_—_filtr
2025-07-01;company:HAMKOR SUG'URTA AJ;"""HAMKOR SUG’URTA"" AJ";общее;region:QORAQALPOG'ISTON RESPUBLIKASI;Республика Каракалпакстан;457.370;16.600;561;3.629;815276;Страх_отчет(II_чорак_2025_йил_)_uz_—_filtr
2025-07-01;company:HAMKOR SUG'URTA AJ;"""HAMKOR SUG’URTA"" AJ";общее;region:SAMARQAND;Самаркандская область;743.486;69.812;552;9.390;1346895;Страх_отчет(II_чорак_2025_йил_)_uz_—_filtr
2025-07-01;company:HAMKOR SUG'URTA AJ;"""HAMKOR SUG’URTA"" AJ";общее;region:SIRDARYO;Сырдарьинская область;462.810;41.952;1007;9.065;459593;Страх_отчет(II_чорак_2025_йил_)_uz_—_filtr
2025-07-01;company:HAMKOR SUG'URTA AJ;"""HAMKOR SUG’URTA"" AJ";общее;region:SURXANDARYO;Сурхандарьинская область;421.441;34.670;525;8.227;802745;Страх_отчет(II_чорак_2025_йил_)_uz_—_filtr
2025-07-01;company:HAMKOR SUG'URTA AJ;"""HAMKOR SUG’URTA"" AJ";общее;region:TOSHKENT;Ташкентская область;758.919;106.848;3193;14.079;237682;Страх_отчет(II_чорак_2025_йил_)_uz_—_filtr
2025-07-01;company:HAMKOR SUG'URTA AJ;"""HAMKOR SUG’URTA"" AJ";общее;region:TOSHKENT SHAHRI;город Ташкент;1410.477;1452.597;4754;102.986;296693;Страх_отчет(II_чорак_2025_йил_)_uz_—_filtr
2025-07-01;company:HAMKOR SUG'URTA AJ;"""HAMKOR SUG’URTA"" AJ";общее;region:XORAZM;Хорезмская область;1170.945;90.709;691;7.747;1694565;Страх_отчет(II_чорак_2025_йил_)_uz_—_filtr
2025-07-01;company:HAMKOR SUG'URTA AJ;"""HAMKOR SUG’URTA"" AJ";общее;total;Все регионы;9513.070;2331.433;14933;24.508;637050;Страх_отчет(II_чорак_2025_йил_)_uz_—_filtr
2025-07-01;company:IMKON SUG'URTA AJ;"""IMKON SUG’URTA"" AJ";общее;region:ANDIJON;Андижанская область;436.841;0.000;1129;0.000;386927;Страх_отчет(II_чорак_2025_йил_)_uz_—_filtr
2025-07-01;company:IMKON SUG'URTA AJ;"""IMKON SUG’URTA"" AJ";общее;region:BUXORO;Бухарская область;141.344;0.000;660;0.000;214158;Страх_отчет(II_чорак_2025_йил_)_uz_—_filtr
2025-07-01;company:IMKON SUG'URTA AJ;"""IMKON SUG’URTA"" AJ";общее;region:FARG'ONA;Ферганская область;992.569;0.000;2877;0.000;345001;Страх_отчет(II_чорак_2025_йил_)_uz_—_filtr
2025-07-01;company:IMKON SUG'URTA AJ;"""IMKON SUG’URTA"" AJ";общее;region:JIZZAX;Джизакская область;69.104;31.059;1975;44.946;34990;Страх_отчет(II_чорак_2025_йил_)_uz_—_filtr
2025-07-01;company:IMKON SUG'URTA AJ;"""IMKON SUG’URTA"" AJ";общее;region:NAMANGAN;Наманганская область;276.714;0.000;319;0.000;867442;Страх_отчет(II_чорак_2025_йил_)_uz_—_filtr
2025-07-01;company:IMKON SUG'URTA AJ;"""IMKON SUG’URTA"" AJ";общее;region:NAVOIY;Навоийская область;895.638;406.990;2545;45.441;351921;Страх_отчет(II_чорак_2025_йил_)_uz_—_filtr
2025-07-01;company:IMKON SUG'URTA AJ;"""IMKON SUG’URTA"" AJ";общее;region:QASHQADARYO;Кашкадарьинская область;447.647;0.000;733;0.000;610705;Страх_отчет(II_чорак_2025_йил_)_uz_—_filtr
2025-07-01;company:IMKON SUG'URTA AJ;"""IMKON SUG’URTA"" AJ";общее;region:QORAQALPOG'ISTON RESPUBLIKASI;Республика Каракалпакстан;749.009;17.320;2309;2.312;324387;Страх_отчет(II_чорак_2025_йил_)_uz_—_filtr
2025-07-01;company:IMKON SUG'URTA AJ;"""IMKON SUG’URTA"" AJ";общее;region:SAMARQAND;Самаркандская область;2134.270;87.197;6113;4.086;349136;Страх_отчет(II_чорак_2025_йил_)_uz_—_filtr
2025-07-01;company:IMKON SUG'URTA AJ;"""IMKON SUG’URTA"" AJ";общее;region:SIRDARYO;Сырдарьинская область;106.059;4.384;665;4.134;159487;Страх_отчет(II_чорак_2025_йил_)_uz_—_filtr
2025-07-01;company:IMKON SUG'URTA AJ;"""IMKON SUG’URTA"" AJ";общее;region:SURXANDARYO;Сурхандарьинская область;995.024;78.753;2855;7.915;348520;Страх_отчет(II_чорак_2025_йил_)_uz_—_filtr
2025-07-01;company:IMKON SUG'URTA AJ;"""IMKON SUG’URTA"" AJ";общее;region:TOSHKENT;Ташкентская область;2896.596;70.552;3913;2.436;740249;Страх_отчет(II_чорак_2025_йил_)_uz_—_filtr
2025-07-01;company:IMKON SUG'URTA AJ;"""IMKON SUG’URTA"" AJ";общее;region:TOSHKENT SHAHRI;город Ташкент;3585.702;11542.102;309847;321.892;11572;Страх_отчет(II_чорак_2025_йил_)_uz_—_filtr
2025-07-01;company:IMKON SUG'URTA AJ;"""IMKON SUG’URTA"" AJ";общее;region:XORAZM;Хорезмская область;514.926;58.663;1305;11.392;394579;Страх_отчет(II_чорак_2025_йил_)_uz_—_filtr
2025-07-01;company:IMKON SUG'URTA AJ;"""IMKON SUG’URTA"" AJ";общее;total;Все регионы;14241.443;12297.022;337245;86.347;42229;Страх_отчет(II_чорак_2025_йил_)_uz_—_filtr
2025-07-01;company:IMPEX-INSURANCE AJ;"""IMPEX-INSURANCE"" AJ";общее;region:ANDIJON;Андижанская область;4007.847;0.000;3104;0.000;1291188;Страх_отчет(II_чорак_2025_йил_)_uz_—_filtr
2025-07-01;company:IMPEX-INSURANCE AJ;"""IMPEX-INSURANCE"" AJ";общее;region:BUXORO;Бухарская область;2737.870;49.892;4882;1.822;560809;Страх_отчет(II_чорак_2025_йил_)_uz_—_filtr
2025-07-01;company:IMPEX-INSURANCE AJ;"""IMPEX-INSURANCE"" AJ";общее;region:FARG'ONA;Ферганская область;6272.018;85.374;26382;1.361;237739;Страх_отчет(II_чорак_2025_йил_)_uz_—_filtr
2025-07-01;company:IMPEX-INSURANCE AJ;"""IMPEX-INSURANCE"" AJ";общее;region:JIZZAX;Джизакская область;1685.480;31.665;1324;1.879;1273021;Страх_отчет(II_чорак_2025_йил_)_uz_—_filtr
2025-07-01;company:IMPEX-INSURANCE AJ;"""IMPEX-INSURANCE"" AJ";общее;region:NAMANGAN;Наманганская область;0.000;111.231;70;;0;Страх_отчет(II_чорак_2025_йил_)_uz_—_filtr
2025-07-01;company:IMPEX-INSURANCE AJ;"""IMPEX-INSURANCE"" AJ";общее;region:NAVOIY;Навоийская область;1318.868;21.209;1576;1.608;836845;Страх_отчет(II_чорак_2025_йил_)_uz_—_filtr
2025-07-01;company:IMPEX-INSURANCE AJ;"""IMPEX-INSURANCE"" AJ";общее;region:QASHQADARYO;Кашкадарьинская область;1444.780;113.602;6638;7.863;217653;Страх_отчет(II_чорак_2025_йил_)_uz_—_filtr
2025-07-01;company:IMPEX-INSURANCE AJ;"""IMPEX-INSURANCE"" AJ";общее;region:QORAQALPOG'ISTON RESPUBLIKASI;Республика Каракалпакстан;2115.833;22.472;2439;1.062;867500;Страх_отчет(II_чорак_2025_йил_)_uz_—_filtr
2025-07-01;company:IMPEX-INSURANCE AJ;"""IMPEX-INSURANCE"" AJ";общее;region:SAMARQAND;Самаркандская область;1929.574;137.433;3267;7.122;590626;Страх_отчет(II_чорак_2025_йил_)_uz_—_filtr
2025-07-01;company:IMPEX-INSURANCE AJ;"""IMPEX-INSURANCE"" AJ";общее;region:SIRDARYO;Сырдарьинская область;1057.321;222.448;1097;21.039;963829;Страх_отчет(II_чорак_2025_йил_)_uz_—_filtr
2025-07-01;company:IMPEX-INSURANCE AJ;"""IMPEX-INSURANCE"" AJ";общее;region:SURXANDARYO;Сурхандарьинская область;3856.814;130.316;18622;3.379;207111;Страх_отчет(II_чорак_2025_йил_)_uz_—_filtr
2025-07-01;company:IMPEX-INSURANCE AJ;"""IMPEX-INSURANCE"" AJ";общее;region:TOSHKENT;Ташкентская область;2006.516;22.321;2751;1.112;729377;Страх_отчет(II_чорак_2025_йил_)_uz_—_filtr
2025-07-01;company:IMPEX-INSURANCE AJ;"""IMPEX-INSURANCE"" AJ";общее;region:TOSHKENT SHAHRI;город Ташкент;89500.498;26449.665;39278;29.553;2278642;Страх_отчет(II_чорак_2025_йил_)_uz_—_filtr
2025-07-01;company:IMPEX-INSURANCE AJ;"""IMPEX-INSURANCE"" AJ";общее;region:XORAZM;Хорезмская область;2897.942;24.872;6695;0.858;432852;Страх_отчет(II_чорак_2025_йил_)_uz_—_filtr
2025-07-01;company:IMPEX-INSURANCE AJ;"""IMPEX-INSURANCE"" AJ";общее;total;Все регионы;120831.361;27422.500;118125;22.695;1022911;Страх_отчет(II_чорак_2025_йил_)_uz_—_filtr
2025-07-01;company:INFINITY INSURANCE AJ;"""INFINITY INSURANCE"" AJ";общее;region:ANDIJON;Андижанская область;596.398;67.736;1082;11.357;551199;Страх_отчет(II_чорак_2025_йил_)_uz_—_filtr
2025-07-01;company:INFINITY INSURANCE AJ;"""INFINITY INSURANCE"" AJ";общее;region:BUXORO;Бухарская область;170.703;157.751;1672;92.412;102095;Страх_отчет(II_чорак_2025_йил_)_uz_—_filtr
2025-07-01;company:INFINITY INSURANCE AJ;"""INFINITY INSURANCE"" AJ";общее;region:FARG'ONA;Ферганская область;1575.980;64.885;2051;4.117;768396;Страх_отчет(II_чорак_2025_йил_)_uz_—_filtr
2025-07-01;company:INFINITY INSURANCE AJ;"""INFINITY INSURANCE"" AJ";общее;region:JIZZAX;Джизакская область;471.488;249.320;2443;52.879;192995;Страх_отчет(II_чорак_2025_йил_)_uz_—_filtr
2025-07-01;company:INFINITY INSURANCE AJ;"""INFINITY INSURANCE"" AJ";общее;region:NAMANGAN;Наманганская область;100.538;0.000;1623;0.000;61945;Страх_отчет(II_чорак_2025_йил_)_uz_—_filtr
2025-07-01;company:INFINITY INSURANCE AJ;"""INFINITY INSURANCE"" AJ";общее;region:NAVOIY;Навоийская область;263.090;501.786;2094;190.728;125640;Страх_отчет(II_чорак_2025_йил_)_uz_—_filtr
2025-07-01;company:INFINITY INSURANCE AJ;"""INFINITY INSURANCE"" AJ";общее;region:QASHQADARYO;Кашкадарьинская область;1868.628;119.629;3533;6.402;528907;Страх_отчет(II_чорак_2025_йил_)_uz_—_filtr
2025-07-01;company:INFINITY INSURANCE AJ;"""INFINITY INSURANCE"" AJ";общее;region:QORAQALPOG'ISTON RESPUBLIKASI;Республика Каракалпакстан;847.993;307.069;3623;36.211;234058;Страх_отчет(II_чорак_2025_йил_)_uz_—_filtr
2025-07-01;company:INFINITY INSURANCE AJ;"""INFINITY INSURANCE"" AJ";общее;region:SAMARQAND;Самаркандская область;1512.356;66.987;2441;4.429;619564;Страх_отчет(II_чорак_2025_йил_)_uz_—_filtr
2025-07-01;company:INFINITY INSURANCE AJ;"""INFINITY INSURANCE"" AJ";общее;region:SIRDARYO;Сырдарьинская область;35.958;12.795;562;35.584;63982;Страх_отчет(II_чорак_2025_йил_)_uz_—_filtr
2025-07-01;company:INFINITY INSURANCE AJ;"""INFINITY INSURANCE"" AJ";общее;region:SURXANDARYO;Сурхандарьинская область;1174.404;52.292;2493;4.453;471081;Страх_отчет(II_чорак_2025_йил_)_uz_—_filtr
2025-07-01;company:INFINITY INSURANCE AJ;"""INFINITY INSURANCE"" AJ";общее;region:TOSHKENT;Ташкентская область;4396.705;665.552;2892;15.138;1520299;Страх_отчет(II_чорак_2025_йил_)_uz_—_filtr
2025-07-01;company:INFINITY INSURANCE AJ;"""INFINITY INSURANCE"" AJ";общее;region:TOSHKENT SHAHRI;город Ташкент;14705.028;4114.412;61948;27.980;237377;Страх_отчет(II_чорак_2025_йил_)_uz_—_filtr
2025-07-01;company:INFINITY INSURANCE AJ;"""INFINITY INSURANCE"" AJ";общее;region:XORAZM;Хорезмская область;729.521;5.755;1548;0.789;471267;Страх_отчет(II_чорак_2025_йил_)_uz_—_filtr
2025-07-01;company:INFINITY INSURANCE AJ;"""INFINITY INSURANCE"" AJ";общее;total;Все регионы;28448.790;6385.968;90005;22.447;316080;Страх_отчет(II_чорак_2025_йил_)_uz_—_filtr
2025-07-01;company:INSON AJ;"""INSON"" AJ";общее;region:ANDIJON;Андижанская область;1910.832;275.968;8223;14.442;232376;Страх_отчет(II_чорак_2025_йил_)_uz_—_filtr
2025-07-01;company:INSON AJ;"""INSON"" AJ";общее;region:BUXORO;Бухарская область;2412.600;446.064;7264;18.489;332131;Страх_отчет(II_чорак_2025_йил_)_uz_—_filtr
2025-07-01;company:INSON AJ;"""INSON"" AJ";общее;region:FARG'ONA;Ферганская область;2387.334;570.374;7011;23.892;340513;Страх_отчет(II_чорак_2025_йил_)_uz_—_filtr
2025-07-01;company:INSON AJ;"""INSON"" AJ";общее;region:JIZZAX;Джизакская область;0.324;0.000;339;0.000;957;Страх_отчет(II_чорак_2025_йил_)_uz_—_filtr
2025-07-01;company:INSON AJ;"""INSON"" AJ";общее;region:NAMANGAN;Наманганская область;936.206;28.285;2163;3.021;432828;Страх_отчет(II_чорак_2025_йил_)_uz_—_filtr
2025-07-01;company:INSON AJ;"""INSON"" AJ";общее;region:NAVOIY;Навоийская область;22.016;28.680;1119;130.269;19675;Страх_отчет(II_чорак_2025_йил_)_uz_—_filtr
2025-07-01;company:INSON AJ;"""INSON"" AJ";общее;region:QASHQADARYO;Кашкадарьинская область;3804.554;889.458;27200;23.379;139873;Страх_отчет(II_чорак_2025_йил_)_uz_—_filtr
2025-07-01;company:INSON AJ;"""INSON"" AJ";общее;region:QORAQALPOG'ISTON RESPUBLIKASI;Республика Каракалпакстан;179.410;130.434;4835;72.702;37107;Страх_отчет(II_чорак_2025_йил_)_uz_—_filtr
2025-07-01;company:INSON AJ;"""INSON"" AJ";общее;region:SAMARQAND;Самаркандская область;4039.289;923.332;7934;22.859;509111;Страх_отчет(II_чорак_2025_йил_)_uz_—_filtr
2025-07-01;company:INSON AJ;"""INSON"" AJ";общее;region:SIRDARYO;Сырдарьинская область;6.923;65.818;893;950.664;7753;Страх_отчет(II_чорак_2025_йил_)_uz_—_filtr
2025-07-01;company:INSON AJ;"""INSON"" AJ";общее;region:SURXANDARYO;Сурхандарьинская область;2204.212;403.442;17932;18.303;122921;Страх_отчет(II_чорак_2025_йил_)_uz_—_filtr
2025-07-01;company:INSON AJ;"""INSON"" AJ";общее;region:TOSHKENT;Ташкентская область;73.601;121.752;436;165.421;168811;Страх_отчет(II_чорак_2025_йил_)_uz_—_filtr
2025-07-01;company:INSON AJ;"""INSON"" AJ";общее;region:TOSHKENT SHAHRI;город Ташкент;67407.490;18830.050;284134;27.935;237238;Страх_отчет(II_чорак_2025_йил_)_uz_—_filtr
2025-07-01;company:INSON AJ;"""INSON"" AJ";общее;region:XORAZM;Хорезмская область;1351.322;54.000;1728;3.996;782015;Страх_отчет(II_чорак_2025_йил_)_uz_—_filtr
2025-07-01;company:INSON AJ;"""INSON"" AJ";общее;total;Все регионы;86736.113;22767.658;371211;26.249;233657;Страх_отчет(II_чорак_2025_йил_)_uz_—_filtr
2025-07-01;company:ISHONCH SUG'URTA KOMPANIYASI AJ;"""ISHONCH SUG‘URTA KOMPANIYASI"" AJ";общее;region:ANDIJON;Андижанская область;405.836;0.000;1372;0.000;295799;Страх_отчет(II_чорак_2025_йил_)_uz_—_filtr
2025-07-01;company:ISHONCH SUG'URTA KOMPANIYASI AJ;"""ISHONCH SUG‘URTA KOMPANIYASI"" AJ";общее;region:BUXORO;Бухарская область;1242.167;67.040;2026;5.397;613113;Страх_отчет(II_чорак_2025_йил_)_uz_—_filtr
2025-07-01;company:ISHONCH SUG'URTA KOMPANIYASI AJ;"""ISHONCH SUG‘URTA KOMPANIYASI"" AJ";общее;region:FARG'ONA;Ферганская область;1819.441;55.200;5126;3.034;354944;Страх_отчет(II_чорак_2025_йил_)_uz_—_filtr
2025-07-01;company:ISHONCH SUG'URTA KOMPANIYASI AJ;"""ISHONCH SUG‘URTA KOMPANIYASI"" AJ";общее;region:JIZZAX;Джизакская область;1922.335;0.000;1673;0.000;1149035;Страх_отчет(II_чорак_2025_йил_)_uz_—_filtr
2025-07-01;company:ISHONCH SUG'URTA KOMPANIYASI AJ;"""ISHONCH SUG‘URTA KOMPANIYASI"" AJ";общее;region:NAMANGAN;Наманганская область;949.474;0.000;1480;0.000;641537;Страх_отчет(II_чорак_2025_йил_)_uz_—_filtr
2025-07-01;company:ISHONCH SUG'URTA KOMPANIYASI AJ;"""ISHONCH SUG‘URTA KOMPANIYASI"" AJ";общее;region:NAVOIY;Навоийская область;989.357;57.533;1348;5.815;733944;Страх_отчет(II_чорак_2025_йил_)_uz_—_filtr
2025-07-01;company:ISHONCH SUG'URTA KOMPANIYASI AJ;"""ISHONCH SUG‘URTA KOMPANIYASI"" AJ";общее;region:QASHQADARYO;Кашкадарьинская область;847.051;0.000;3465;0.000;244459;Страх_отчет(II_чорак_2025_йил_)_uz_—_filtr
2025-07-01;company:ISHONCH SUG'URTA KOMPANIYASI AJ;"""ISHONCH SUG‘URTA KOMPANIYASI"" AJ";общее;region:QORAQALPOG'ISTON RESPUBLIKASI;Республика Каракалпакстан;1024.682;295.406;2354;28.829;435294;Страх_отчет(II_чорак_2025_йил_)_uz_—_filtr
2025-07-01;company:ISHONCH SUG'URTA KOMPANIYASI AJ;"""ISHONCH SUG‘URTA KOMPANIYASI"" AJ";общее;region:SAMARQAND;Самаркандская область;341.561;503.358;758;147.370;450609;Страх_отчет(II_чорак_2025_йил_)_uz_—_filtr
2025-07-01;company:ISHONCH SUG'URTA KOMPANIYASI AJ;"""ISHONCH SUG‘URTA KOMPANIYASI"" AJ";общее;region:SIRDARYO;Сырдарьинская область;406.251;96.453;623;23.742;652088;Страх_отчет(II_чорак_2025_йил_)_uz_—_filtr
2025-07-01;company:ISHONCH SUG'URTA KOMPANIYASI AJ;"""ISHONCH SUG‘URTA KOMPANIYASI"" AJ";общее;region:SURXANDARYO;Сурхандарьинская область;1274.655;572.329;2835;44.901;449614;Страх_отчет(II_чорак_2025_йил_)_uz_—_filtr
2025-07-01;company:ISHONCH SUG'URTA KOMPANIYASI AJ;"""ISHONCH SUG‘URTA KOMPANIYASI"" AJ";общее;region:TOSHKENT;Ташкентская область;3880.766;972.240;2039;25.053;1903269;Страх_отчет(II_чорак_2025_йил_)_uz_—_filtr
2025-07-01;company:ISHONCH SUG'URTA KOMPANIYASI AJ;"""ISHONCH SUG‘URTA KOMPANIYASI"" AJ";общее;region:TOSHKENT SHAHRI;город Ташкент;29301.817;6057.513;51006;20.673;574478;Страх_отчет(II_чорак_2025_йил_)_uz_—_filtr
2025-07-01;company:ISHONCH SUG'URTA KOMPANIYASI AJ;"""ISHONCH SUG‘URTA KOMPANIYASI"" AJ";общее;region:XORAZM;Хорезмская область;669.385;0.000;1699;0.000;393988;Страх_отчет(II_чорак_2025_йил_)_uz_—_filtr
2025-07-01;company:ISHONCH SUG'URTA KOMPANIYASI AJ;"""ISHONCH SUG‘URTA KOMPANIYASI"" AJ";общее;total;Все регионы;45074.778;8677.073;77804;19.250;579338;Страх_отчет(II_чорак_2025_йил_)_uz_—_filtr
2025-07-01;company:KAFIL SUG'URTA AJ;"""KAFIL SUG’URTA"" AJ";общее;region:ANDIJON;Андижанская область;3953.184;256.218;4016;6.481;984359;Страх_отчет(II_чорак_2025_йил_)_uz_—_filtr
2025-07-01;company:KAFIL SUG'URTA AJ;"""KAFIL SUG’URTA"" AJ";общее;region:BUXORO;Бухарская область;7800.578;282.942;7983;3.627;977149;Страх_отчет(II_чорак_2025_йил_)_uz_—_filtr
2025-07-01;company:KAFIL SUG'URTA AJ;"""KAFIL SUG’URTA"" AJ";общее;region:FARG'ONA;Ферганская область;3537.439;116.480;4812;3.293;735129;Страх_отчет(II_чорак_2025_йил_)_uz_—_filtr
2025-07-01;company:KAFIL SUG'URTA AJ;"""KAFIL SUG’URTA"" AJ";общее;region:JIZZAX;Джизакская область;2522.425;33.352;1299;1.322;1941821;Страх_отчет(II_чорак_2025_йил_)_uz_—_filtr
2025-07-01;company:KAFIL SUG'URTA AJ;"""KAFIL SUG’URTA"" AJ";общее;region:NAMANGAN;Наманганская область;1573.367;357.154;1825;22.700;862119;Страх_отчет(II_чорак_2025_йил_)_uz_—_filtr
2025-07-01;company:KAFIL SUG'URTA AJ;"""KAFIL SUG’URTA"" AJ";общее;region:NAVOIY;Навоийская область;3215.384;9822.936;2664;305.498;1206976;Страх_отчет(II_чорак_2025_йил_)_uz_—_filtr
2025-07-01;company:KAFIL SUG'URTA AJ;"""KAFIL SUG’URTA"" AJ";общее;region:QASHQADARYO;Кашкадарьинская область;3319.555;211.461;3705;6.370;895966;Страх_отчет(II_чорак_2025_йил_)_uz_—_filtr
2025-07-01;company:KAFIL SUG'URTA AJ;"""KAFIL SUG’URTA"" AJ";общее;region:QORAQALPOG'ISTON RESPUBLIKASI;Республика Каракалпакстан;1129.200;493.569;1666;43.710;677791;Страх_отчет(II_чорак_2025_йил_)_uz_—_filtr
2025-07-01;company:KAFIL SUG'URTA AJ;"""KAFIL SUG’URTA"" AJ";общее;region:SAMARQAND;Самаркандская область;1216.192;127.353;2846;10.471;427334;Страх_отчет(II_чорак_2025_йил_)_uz_—_filtr
2025-07-01;company:KAFIL SUG'URTA AJ;"""KAFIL SUG’URTA"" AJ";общее;region:SIRDARYO;Сырдарьинская область;552.833;791.819;1384;143.229;399446;Страх_отчет(II_чорак_2025_йил_)_uz_—_filtr
2025-07-01;company:KAFIL SUG'URTA AJ;"""KAFIL SUG’URTA"" AJ";общее;region:SURXANDARYO;Сурхандарьинская область;1688.155;49.475;1762;2.931;958090;Страх_отчет(II_чорак_2025_йил_)_uz_—_filtr
2025-07-01;company:KAFIL SUG'URTA AJ;"""KAFIL SUG’URTA"" AJ";общее;region:TOSHKENT;Ташкентская область;23972.178;1244.924;8939;5.193;2681752;Страх_отчет(II_чорак_2025_йил_)_uz_—_filtr
2025-07-01;company:KAFIL SUG'URTA AJ;"""KAFIL SUG’URTA"" AJ";общее;region:TOSHKENT SHAHRI;город Ташкент;82259.822;23010.763;516159;27.973;159369;Страх_отчет(II_чорак_2025_йил_)_uz_—_filtr
2025-07-01;company:KAFIL SUG'URTA AJ;"""KAFIL SUG’URTA"" AJ";общее;region:XORAZM;Хорезмская область;4471.343;900.414;9824;20.137;455145;Страх_отчет(II_чорак_2025_йил_)_uz_—_filtr
2025-07-01;company:KAFIL SUG'URTA AJ;"""KAFIL SUG’URTA"" AJ";общее;total;Все регионы;141211.656;37698.859;568884;26.697;248226;Страх_отчет(II_чорак_2025_йил_)_uz_—_filtr
2025-07-01;company:KAFOLAT HAYOT INSURANCE AJ;"""KAFOLAT HAYOT INSURANCE"" AJ";жизнь;region:ANDIJON;Андижанская область;63.332;52.146;10;82.337;6333218;Страх_отчет(II_чорак_2025_йил_)_uz_—_filtr
2025-07-01;company:KAFOLAT HAYOT INSURANCE AJ;"""KAFOLAT HAYOT INSURANCE"" AJ";жизнь;region:BUXORO;Бухарская область;0.043;88.500;1;205814.419;43000;Страх_отчет(II_чорак_2025_йил_)_uz_—_filtr
2025-07-01;company:KAFOLAT HAYOT INSURANCE AJ;"""KAFOLAT HAYOT INSURANCE"" AJ";жизнь;region:FARG'ONA;Ферганская область;151.225;89.750;1;59.348;151225411;Страх_отчет(II_чорак_2025_йил_)_uz_—_filtr
2025-07-01;company:KAFOLAT HAYOT INSURANCE AJ;"""KAFOLAT HAYOT INSURANCE"" AJ";жизнь;region:JIZZAX;Джизакская область;0.000;5.414;0;;;Страх_отчет(II_чорак_2025_йил_)_uz_—_filtr
2025-07-01;company:KAFOLAT HAYOT INSURANCE AJ;"""KAFOLAT HAYOT INSURANCE"" AJ";жизнь;region:NAMANGAN;Наманганская область;0.000;31.182;0;;;Страх_отчет(II_чорак_2025_йил_)_uz_—_filtr
2025-07-01;company:KAFOLAT HAYOT INSURANCE AJ;"""KAFOLAT HAYOT INSURANCE"" AJ";жизнь;region:NAVOIY;Навоийская область;0.000;47.675;0;;;Страх_отчет(II_чорак_2025_йил_)_uz_—_filtr
2025-07-01;company:KAFOLAT HAYOT INSURANCE AJ;"""KAFOLAT HAYOT INSURANCE"" AJ";жизнь;region:QASHQADARYO;Кашкадарьинская область;0.000;11.247;0;;;Страх_отчет(II_чорак_2025_йил_)_uz_—_filtr
2025-07-01;company:KAFOLAT HAYOT INSURANCE AJ;"""KAFOLAT HAYOT INSURANCE"" AJ";жизнь;region:QORAQALPOG'ISTON RESPUBLIKASI;Республика Каракалпакстан;0.000;3.684;0;;;Страх_отчет(II_чорак_2025_йил_)_uz_—_filtr
2025-07-01;company:KAFOLAT HAYOT INSURANCE AJ;"""KAFOLAT HAYOT INSURANCE"" AJ";жизнь;region:SAMARQAND;Самаркандская область;0.000;6.323;0;;;Страх_отчет(II_чорак_2025_йил_)_uz_—_filtr
2025-07-01;company:KAFOLAT HAYOT INSURANCE AJ;"""KAFOLAT HAYOT INSURANCE"" AJ";жизнь;region:SIRDARYO;Сырдарьинская область;0.000;19.185;0;;;Страх_отчет(II_чорак_2025_йил_)_uz_—_filtr
2025-07-01;company:KAFOLAT HAYOT INSURANCE AJ;"""KAFOLAT HAYOT INSURANCE"" AJ";жизнь;region:SURXANDARYO;Сурхандарьинская область;0.000;10.940;0;;;Страх_отчет(II_чорак_2025_йил_)_uz_—_filtr
2025-07-01;company:KAFOLAT HAYOT INSURANCE AJ;"""KAFOLAT HAYOT INSURANCE"" AJ";жизнь;region:TOSHKENT;Ташкентская область;1769.082;134.180;4;7.585;442270523;Страх_отчет(II_чорак_2025_йил_)_uz_—_filtr
2025-07-01;company:KAFOLAT HAYOT INSURANCE AJ;"""KAFOLAT HAYOT INSURANCE"" AJ";жизнь;region:TOSHKENT SHAHRI;город Ташкент;8954.613;1759.854;371;19.653;24136425;Страх_отчет(II_чорак_2025_йил_)_uz_—_filtr
2025-07-01;company:KAFOLAT HAYOT INSURANCE AJ;"""KAFOLAT HAYOT INSURANCE"" AJ";жизнь;region:XORAZM;Хорезмская область;0.000;0.000;0;;;Страх_отчет(II_чорак_2025_йил_)_uz_—_filtr
2025-07-01;company:KAFOLAT HAYOT INSURANCE AJ;"""KAFOLAT HAYOT INSURANCE"" AJ";жизнь;total;Все регионы;10938.296;2260.081;387;20.662;28264331;Страх_отчет(II_чорак_2025_йил_)_uz_—_filtr
2025-07-01;company:KAFOLAT SUG'URTA KOMPANIYASI AJ;"""KAFOLAT SUG‘URTA KOMPANIYASI"" AJ";общее;region:ANDIJON;Андижанская область;12149.524;780.329;41223;6.423;294727;Страх_отчет(II_чорак_2025_йил_)_uz_—_filtr
2025-07-01;company:KAFOLAT SUG'URTA KOMPANIYASI AJ;"""KAFOLAT SUG‘URTA KOMPANIYASI"" AJ";общее;region:BUXORO;Бухарская область;3470.263;1272.356;37976;36.665;91380;Страх_отчет(II_чорак_2025_йил_)_uz_—_filtr
2025-07-01;company:KAFOLAT SUG'URTA KOMPANIYASI AJ;"""KAFOLAT SUG‘URTA KOMPANIYASI"" AJ";общее;region:FARG'ONA;Ферганская область;5228.646;530.529;67190;10.147;77819;Страх_отчет(II_чорак_2025_йил_)_uz_—_filtr
2025-07-01;company:KAFOLAT SUG'URTA KOMPANIYASI AJ;"""KAFOLAT SUG‘URTA KOMPANIYASI"" AJ";общее;region:JIZZAX;Джизакская область;1933.305;167.263;19167;8.652;100866;Страх_отчет(II_чорак_2025_йил_)_uz_—_filtr
2025-07-01;company:KAFOLAT SUG'URTA KOMPANIYASI AJ;"""KAFOLAT SUG‘URTA KOMPANIYASI"" AJ";общее;region:NAMANGAN;Наманганская область;4197.390;279.823;91773;6.667;45737;Страх_отчет(II_чорак_2025_йил_)_uz_—_filtr
2025-07-01;company:KAFOLAT SUG'URTA KOMPANIYASI AJ;"""KAFOLAT SUG‘URTA KOMPANIYASI"" AJ";общее;region:NAVOIY;Навоийская область;1820.157;164.412;19913;9.033;91405;Страх_отчет(II_чорак_2025_йил_)_uz_—_filtr
2025-07-01;company:KAFOLAT SUG'URTA KOMPANIYASI AJ;"""KAFOLAT SUG‘URTA KOMPANIYASI"" AJ";общее;region:QASHQADARYO;Кашкадарьинская область;2057.986;453.115;27991;22.017;73523;Страх_отчет(II_чорак_2025_йил_)_uz_—_filtr
2025-07-01;company:KAFOLAT SUG'URTA KOMPANIYASI AJ;"""KAFOLAT SUG‘URTA KOMPANIYASI"" AJ";общее;region:QORAQALPOG'ISTON RESPUBLIKASI;Республика Каракалпакстан;1162.042;227.842;10080;19.607;115282;Страх_отчет(II_чорак_2025_йил_)_uz_—_filtr
2025-07-01;company:KAFOLAT SUG'URTA KOMPANIYASI AJ;"""KAFOLAT SUG‘URTA KOMPANIYASI"" AJ";общее;region:SAMARQAND;Самаркандская область;3736.431;1202.880;33877;32.193;110294;Страх_отчет(II_чорак_2025_йил_)_uz_—_filtr
2025-07-01;company:KAFOLAT SUG'URTA KOMPANIYASI AJ;"""KAFOLAT SUG‘URTA KOMPANIYASI"" AJ";общее;region:SIRDARYO;Сырдарьинская область;1217.815;253.240;18001;20.795;67653;Страх_отчет(II_чорак_2025_йил_)_uz_—_filtr
2025-07-01;company:KAFOLAT SUG'URTA KOMPANIYASI AJ;"""KAFOLAT SUG‘URTA KOMPANIYASI"" AJ";общее;region:SURXANDARYO;Сурхандарьинская область;2079.912;145.331;28251;6.987;73623;Страх_отчет(II_чорак_2025_йил_)_uz_—_filtr
2025-07-01;company:KAFOLAT SUG'URTA KOMPANIYASI AJ;"""KAFOLAT SUG‘URTA KOMPANIYASI"" AJ";общее;region:TOSHKENT;Ташкентская область;9708.035;1839.256;16683;18.946;581912;Страх_отчет(II_чорак_2025_йил_)_uz_—_filtr
2025-07-01;company:KAFOLAT SUG'URTA KOMPANIYASI AJ;"""KAFOLAT SUG‘URTA KOMPANIYASI"" AJ";общее;region:TOSHKENT SHAHRI;город Ташкент;196044.522;70122.857;35612;35.769;5505013;Страх_отчет(II_чорак_2025_йил_)_uz_—_filtr
2025-07-01;company:KAFOLAT SUG'URTA KOMPANIYASI AJ;"""KAFOLAT SUG‘URTA KOMPANIYASI"" AJ";общее;region:XORAZM;Хорезмская область;2215.446;177.525;24385;8.013;90853;Страх_отчет(II_чорак_2025_йил_)_uz_—_filtr
2025-07-01;company:KAFOLAT SUG'URTA KOMPANIYASI AJ;"""KAFOLAT SUG‘URTA KOMPANIYASI"" AJ";общее;total;Все регионы;247021.474;77616.757;472122;31.421;523215;Страх_отчет(II_чорак_2025_йил_)_uz_—_filtr
2025-07-01;company:KAPITAL SUG'URTA AJ;"""KAPITAL SUG‘URTA"" AJ";общее;region:ANDIJON;Андижанская область;195.367;2803.126;6212;1434.799;31450;Страх_отчет(II_чорак_2025_йил_)_uz_—_filtr
2025-07-01;company:KAPITAL SUG'URTA AJ;"""KAPITAL SUG‘URTA"" AJ";общее;region:BUXORO;Бухарская область;1745.979;640.581;7675;36.689;227489;Страх_отчет(II_чорак_2025_йил_)_uz_—_filtr
2025-07-01;company:KAPITAL SUG'URTA AJ;"""KAPITAL SUG‘URTA"" AJ";общее;region:FARG'ONA;Ферганская область;4588.848;345.559;15682;7.530;292619;Страх_отчет(II_чорак_2025_йил_)_uz_—_filtr
2025-07-01;company:KAPITAL SUG'URTA AJ;"""KAPITAL SUG‘URTA"" AJ";общее;region:JIZZAX;Джизакская область;56.881;296.274;2877;520.869;19771;Страх_отчет(II_чорак_2025_йил_)_uz_—_filtr
2025-07-01;company:KAPITAL SUG'URTA AJ;"""KAPITAL SUG‘URTA"" AJ";общее;region:NAMANGAN;Наманганская область;1205.230;105.299;7609;8.737;158395;Страх_отчет(II_чорак_2025_йил_)_uz_—_filtr
2025-07-01;company:KAPITAL SUG'URTA AJ;"""KAPITAL SUG‘URTA"" AJ";общее;region:NAVOIY;Навоийская область;677.524;266.749;4097;39.371;165371;Страх_отчет(II_чорак_2025_йил_)_uz_—_filtr
2025-07-01;company:KAPITAL SUG'URTA AJ;"""KAPITAL SUG‘URTA"" AJ";общее;region:QASHQADARYO;Кашкадарьинская область;278.555;29.033;2575;10.423;108177;Страх_отчет(II_чорак_2025_йил_)_uz_—_filtr
2025-07-01;company:KAPITAL SUG'URTA AJ;"""KAPITAL SUG‘URTA"" AJ";общее;region:QORAQALPOG'ISTON RESPUBLIKASI;Республика Каракалпакстан;101.574;469.080;6970;461.812;14573;Страх_отчет(II_чорак_2025_йил_)_uz_—_filtr
2025-07-01;company:KAPITAL SUG'URTA AJ;"""KAPITAL SUG‘URTA"" AJ";общее;region:SAMARQAND;Самаркандская область;2878.991;360.244;9540;12.513;301781;Страх_отчет(II_чорак_2025_йил_)_uz_—_filtr
2025-07-01;company:KAPITAL SUG'URTA AJ;"""KAPITAL SUG‘URTA"" AJ";общее;region:SIRDARYO;Сырдарьинская область;1452.618;176.478;16231;12.149;89497;Страх_отчет(II_чорак_2025_йил_)_uz_—_filtr
2025-07-01;company:KAPITAL SUG'URTA AJ;"""KAPITAL SUG‘URTA"" AJ";общее;region:SURXANDARYO;Сурхандарьинская область;404.541;232.361;5450;57.438;74228;Страх_отчет(II_чорак_2025_йил_)_uz_—_filtr
2025-07-01;company:KAPITAL SUG'URTA AJ;"""KAPITAL SUG‘URTA"" AJ";общее;region:TOSHKENT;Ташкентская область;3673.938;3012.224;19440;81.989;188989;Страх_отчет(II_чорак_2025_йил_)_uz_—_filtr
2025-07-01;company:KAPITAL SUG'URTA AJ;"""KAPITAL SUG‘URTA"" AJ";общее;region:TOSHKENT SHAHRI;город Ташкент;276475.620;44611.825;483053;16.136;572350;Страх_отчет(II_чорак_2025_йил_)_uz_—_filtr
2025-07-01;company:KAPITAL SUG'URTA AJ;"""KAPITAL SUG‘URTA"" AJ";общее;region:XORAZM;Хорезмская область;1016.949;665.096;5346;65.401;190226;Страх_отчет(II_чорак_2025_йил_)_uz_—_filtr
2025-07-01;company:KAPITAL SUG'URTA AJ;"""KAPITAL SUG‘URTA"" AJ";общее;total;Все регионы;294752.614;54013.928;592757;18.325;497257;Страх_отчет(II_чорак_2025_йил_)_uz_—_filtr
2025-07-01;company:MOSAIC INSURANCE GROUP AJ QK;"""MOSAIC INSURANCE GROUP"" AJ QK (ранее ""MOSAIC INSURANCE COMPANY"")";общее;region:ANDIJON;Андижанская область;0.000;0.000;0;;;Страх_отчет(II_чорак_2025_йил_)_uz_—_filtr
2025-07-01;company:MOSAIC INSURANCE GROUP AJ QK;"""MOSAIC INSURANCE GROUP"" AJ QK (ранее ""MOSAIC INSURANCE COMPANY"")";общее;region:BUXORO;Бухарская область;0.000;0.000;0;;;Страх_отчет(II_чорак_2025_йил_)_uz_—_filtr
2025-07-01;company:MOSAIC INSURANCE GROUP AJ QK;"""MOSAIC INSURANCE GROUP"" AJ QK (ранее ""MOSAIC INSURANCE COMPANY"")";общее;region:FARG'ONA;Ферганская область;0.000;0.000;0;;;Страх_отчет(II_чорак_2025_йил_)_uz_—_filtr
2025-07-01;company:MOSAIC INSURANCE GROUP AJ QK;"""MOSAIC INSURANCE GROUP"" AJ QK (ранее ""MOSAIC INSURANCE COMPANY"")";общее;region:JIZZAX;Джизакская область;0.000;0.000;0;;;Страх_отчет(II_чорак_2025_йил_)_uz_—_filtr
2025-07-01;company:MOSAIC INSURANCE GROUP AJ QK;"""MOSAIC INSURANCE GROUP"" AJ QK (ранее ""MOSAIC INSURANCE COMPANY"")";общее;region:NAMANGAN;Наманганская область;0.000;0.000;0;;;Страх_отчет(II_чорак_2025_йил_)_uz_—_filtr
2025-07-01;company:MOSAIC INSURANCE GROUP AJ QK;"""MOSAIC INSURANCE GROUP"" AJ QK (ранее ""MOSAIC INSURANCE COMPANY"")";общее;region:NAVOIY;Навоийская область;0.000;0.000;0;;;Страх_отчет(II_чорак_2025_йил_)_uz_—_filtr
2025-07-01;company:MOSAIC INSURANCE GROUP AJ QK;"""MOSAIC INSURANCE GROUP"" AJ QK (ранее ""MOSAIC INSURANCE COMPANY"")";общее;region:QASHQADARYO;Кашкадарьинская область;0.000;0.000;0;;;Страх_отчет(II_чорак_2025_йил_)_uz_—_filtr
2025-07-01;company:MOSAIC INSURANCE GROUP AJ QK;"""MOSAIC INSURANCE GROUP"" AJ QK (ранее ""MOSAIC INSURANCE COMPANY"")";общее;region:QORAQALPOG'ISTON RESPUBLIKASI;Республика Каракалпакстан;0.000;0.000;0;;;Страх_отчет(II_чорак_2025_йил_)_uz_—_filtr
2025-07-01;company:MOSAIC INSURANCE GROUP AJ QK;"""MOSAIC INSURANCE GROUP"" AJ QK (ранее ""MOSAIC INSURANCE COMPANY"")";общее;region:SAMARQAND;Самаркандская область;0.000;0.000;0;;;Страх_отчет(II_чорак_2025_йил_)_uz_—_filtr
2025-07-01;company:MOSAIC INSURANCE GROUP AJ QK;"""MOSAIC INSURANCE GROUP"" AJ QK (ранее ""MOSAIC INSURANCE COMPANY"")";общее;region:SIRDARYO;Сырдарьинская область;0.000;0.000;0;;;Страх_отчет(II_чорак_2025_йил_)_uz_—_filtr
2025-07-01;company:MOSAIC INSURANCE GROUP AJ QK;"""MOSAIC INSURANCE GROUP"" AJ QK (ранее ""MOSAIC INSURANCE COMPANY"")";общее;region:SURXANDARYO;Сурхандарьинская область;0.000;0.000;0;;;Страх_отчет(II_чорак_2025_йил_)_uz_—_filtr
2025-07-01;company:MOSAIC INSURANCE GROUP AJ QK;"""MOSAIC INSURANCE GROUP"" AJ QK (ранее ""MOSAIC INSURANCE COMPANY"")";общее;region:TOSHKENT;Ташкентская область;0.000;0.000;0;;;Страх_отчет(II_чорак_2025_йил_)_uz_—_filtr
2025-07-01;company:MOSAIC INSURANCE GROUP AJ QK;"""MOSAIC INSURANCE GROUP"" AJ QK (ранее ""MOSAIC INSURANCE COMPANY"")";общее;region:TOSHKENT SHAHRI;город Ташкент;51523.110;5196.100;1181;10.085;43626681;Страх_отчет(II_чорак_2025_йил_)_uz_—_filtr
2025-07-01;company:MOSAIC INSURANCE GROUP AJ QK;"""MOSAIC INSURANCE GROUP"" AJ QK (ранее ""MOSAIC INSURANCE COMPANY"")";общее;region:XORAZM;Хорезмская область;0.000;0.000;0;;;Страх_отчет(II_чорак_2025_йил_)_uz_—_filtr
2025-07-01;company:MOSAIC INSURANCE GROUP AJ QK;"""MOSAIC INSURANCE GROUP"" AJ QK (ранее ""MOSAIC INSURANCE COMPANY"")";общее;total;Все регионы;51523.110;5196.100;1181;10.085;43626681;Страх_отчет(II_чорак_2025_йил_)_uz_—_filtr
2025-07-01;company:MY-INSURANCE AJ;"""MY-INSURANCE"" AJ";общее;region:ANDIJON;Андижанская область;4807.034;1413.349;9763;29.402;492373;Страх_отчет(II_чорак_2025_йил_)_uz_—_filtr
2025-07-01;company:MY-INSURANCE AJ;"""MY-INSURANCE"" AJ";общее;region:BUXORO;Бухарская область;3838.141;17.158;2830;0.447;1356234;Страх_отчет(II_чорак_2025_йил_)_uz_—_filtr
2025-07-01;company:MY-INSURANCE AJ;"""MY-INSURANCE"" AJ";общее;region:FARG'ONA;Ферганская область;28440.427;12923.379;89621;45.440;317341;Страх_отчет(II_чорак_2025_йил_)_uz_—_filtr
2025-07-01;company:MY-INSURANCE AJ;"""MY-INSURANCE"" AJ";общее;region:JIZZAX;Джизакская область;3922.254;3077.580;250088;78.465;15683;Страх_отчет(II_чорак_2025_йил_)_uz_—_filtr
2025-07-01;company:MY-INSURANCE AJ;"""MY-INSURANCE"" AJ";общее;region:NAMANGAN;Наманганская область;4518.023;15057.445;24388;333.275;185256;Страх_отчет(II_чорак_2025_йил_)_uz_—_filtr
2025-07-01;company:MY-INSURANCE AJ;"""MY-INSURANCE"" AJ";общее;region:NAVOIY;Навоийская область;5805.701;308.107;8183;5.307;709483;Страх_отчет(II_чорак_2025_йил_)_uz_—_filtr
2025-07-01;company:MY-INSURANCE AJ;"""MY-INSURANCE"" AJ";общее;region:QASHQADARYO;Кашкадарьинская область;15308.809;790.375;19350;5.163;791153;Страх_отчет(II_чорак_2025_йил_)_uz_—_filtr
2025-07-01;company:MY-INSURANCE AJ;"""MY-INSURANCE"" AJ";общее;region:QORAQALPOG'ISTON RESPUBLIKASI;Республика Каракалпакстан;27177.636;42764.240;13365;157.351;2033493;Страх_отчет(II_чорак_2025_йил_)_uz_—_filtr
2025-07-01;company:MY-INSURANCE AJ;"""MY-INSURANCE"" AJ";общее;region:SAMARQAND;Самаркандская область;18813.114;9424.672;24744;50.096;760310;Страх_отчет(II_чорак_2025_йил_)_uz_—_filtr
2025-07-01;company:MY-INSURANCE AJ;"""MY-INSURANCE"" AJ";общее;region:SIRDARYO;Сырдарьинская область;36073.488;17039.971;7762;47.237;4647448;Страх_отчет(II_чорак_2025_йил_)_uz_—_filtr
2025-07-01;company:MY-INSURANCE AJ;"""MY-INSURANCE"" AJ";общее;region:SURXANDARYO;Сурхандарьинская область;3022.202;29470.564;6794;975.136;444834;Страх_отчет(II_чорак_2025_йил_)_uz_—_filtr
2025-07-01;company:MY-INSURANCE AJ;"""MY-INSURANCE"" AJ";общее;region:TOSHKENT;Ташкентская область;3601.754;2079.320;35010;57.731;102878;Страх_отчет(II_чорак_2025_йил_)_uz_—_filtr
2025-07-01;company:MY-INSURANCE AJ;"""MY-INSURANCE"" AJ";общее;region:TOSHKENT SHAHRI;город Ташкент;186519.965;46985.005;777361;25.190;239940;Страх_отчет(II_чорак_2025_йил_)_uz_—_filtr
2025-07-01;company:MY-INSURANCE AJ;"""MY-INSURANCE"" AJ";общее;region:XORAZM;Хорезмская область;14467.491;642.078;5995;4.438;2413259;Страх_отчет(II_чорак_2025_йил_)_uz_—_filtr
2025-07-01;company:MY-INSURANCE AJ;"""MY-INSURANCE"" AJ";общее;total;Все регионы;356316.038;181993.241;1275254;51.076;279408;Страх_отчет(II_чорак_2025_йил_)_uz_—_filtr
2025-07-01;company:NEO INSURANCE CORP AJ;"""NEO INSURANCE CORP"" AJ";общее;region:ANDIJON;Андижанская область;4797.877;236.322;47051;4.926;101972;Страх_отчет(II_чорак_2025_йил_)_uz_—_filtr
2025-07-01;company:NEO INSURANCE CORP AJ;"""NEO INSURANCE CORP"" AJ";общее;region:BUXORO;Бухарская область;1625.592;276.943;18863;17.036;86179;Страх_отчет(II_чорак_2025_йил_)_uz_—_filtr
2025-07-01;company:NEO INSURANCE CORP AJ;"""NEO INSURANCE CORP"" AJ";общее;region:FARG'ONA;Ферганская область;567.465;242.668;16191;42.763;35048;Страх_отчет(II_чорак_2025_йил_)_uz_—_filtr
2025-07-01;company:NEO INSURANCE CORP AJ;"""NEO INSURANCE CORP"" AJ";общее;region:JIZZAX;Джизакская область;1334.685;341.579;11568;25.592;115377;Страх_отчет(II_чорак_2025_йил_)_uz_—_filtr
2025-07-01;company:NEO INSURANCE CORP AJ;"""NEO INSURANCE CORP"" AJ";общее;region:NAMANGAN;Наманганская область;2179.407;189.815;35016;8.709;62240;Страх_отчет(II_чорак_2025_йил_)_uz_—_filtr
2025-07-01;company:NEO INSURANCE CORP AJ;"""NEO INSURANCE CORP"" AJ";общее;region:NAVOIY;Навоийская область;58.336;133.815;5797;229.386;10063;Страх_отчет(II_чорак_2025_йил_)_uz_—_filtr
2025-07-01;company:NEO INSURANCE CORP AJ;"""NEO INSURANCE CORP"" AJ";общее;region:QASHQADARYO;Кашкадарьинская область;2122.102;325.261;37353;15.327;56812;Страх_отчет(II_чорак_2025_йил_)_uz_—_filtr
2025-07-01;company:NEO INSURANCE CORP AJ;"""NEO INSURANCE CORP"" AJ";общее;region:QORAQALPOG'ISTON RESPUBLIKASI;Республика Каракалпакстан;67.580;578.048;15842;855.351;4266;Страх_отчет(II_чорак_2025_йил_)_uz_—_filtr
2025-07-01;company:NEO INSURANCE CORP AJ;"""NEO INSURANCE CORP"" AJ";общее;region:SAMARQAND;Самаркандская область;3259.300;763.826;79317;23.435;41092;Страх_отчет(II_чорак_2025_йил_)_uz_—_filtr
2025-07-01;company:NEO INSURANCE CORP AJ;"""NEO INSURANCE CORP"" AJ";общее;region:SIRDARYO;Сырдарьинская область;797.674;30.519;3776;3.826;211249;Страх_отчет(II_чорак_2025_йил_)_uz_—_filtr
2025-07-01;company:NEO INSURANCE CORP AJ;"""NEO INSURANCE CORP"" AJ";общее;region:SURXANDARYO;Сурхандарьинская область;1749.569;370.107;41288;21.154;42375;Страх_отчет(II_чорак_2025_йил_)_uz_—_filtr
2025-07-01;company:NEO INSURANCE CORP AJ;"""NEO INSURANCE CORP"" AJ";общее;region:TOSHKENT;Ташкентская область;532.630;230.529;2754;43.281;193402;Страх_отчет(II_чорак_2025_йил_)_uz_—_filtr
2025-07-01;company:NEO INSURANCE CORP AJ;"""NEO INSURANCE CORP"" AJ";общее;region:TOSHKENT SHAHRI;город Ташкент;24832.168;14109.600;68638;56.820;361785;Страх_отчет(II_чорак_2025_йил_)_uz_—_filtr
2025-07-01;company:NEO INSURANCE CORP AJ;"""NEO INSURANCE CORP"" AJ";общее;region:XORAZM;Хорезмская область;821.339;440.968;23209;53.689;35389;Страх_отчет(II_чорак_2025_йил_)_uz_—_filtr
2025-07-01;company:NEO INSURANCE CORP AJ;"""NEO INSURANCE CORP"" AJ";общее;total;Все регионы;44745.724;18269.999;406663;40.831;110031;Страх_отчет(II_чорак_2025_йил_)_uz_—_filtr
2025-07-01;company:O'ZAGROSUG'URTA AJ;"""O‘ZAGROSUG‘URTA"" AJ";общее;region:ANDIJON;Андижанская область;5386.756;847.860;28329;15.740;190150;Страх_отчет(II_чорак_2025_йил_)_uz_—_filtr
2025-07-01;company:O'ZAGROSUG'URTA AJ;"""O‘ZAGROSUG‘URTA"" AJ";общее;region:BUXORO;Бухарская область;5686.276;914.380;31334;16.080;181473;Страх_отчет(II_чорак_2025_йил_)_uz_—_filtr
2025-07-01;company:O'ZAGROSUG'URTA AJ;"""O‘ZAGROSUG‘URTA"" AJ";общее;region:FARG'ONA;Ферганская область;6524.353;840.274;51129;12.879;127606;Страх_отчет(II_чорак_2025_йил_)_uz_—_filtr
2025-07-01;company:O'ZAGROSUG'URTA AJ;"""O‘ZAGROSUG‘URTA"" AJ";общее;region:JIZZAX;Джизакская область;3276.268;294.209;11693;8.980;280191;Страх_отчет(II_чорак_2025_йил_)_uz_—_filtr
2025-07-01;company:O'ZAGROSUG'URTA AJ;"""O‘ZAGROSUG‘URTA"" AJ";общее;region:NAMANGAN;Наманганская область;4230.357;290.949;40246;6.878;105112;Страх_отчет(II_чорак_2025_йил_)_uz_—_filtr
2025-07-01;company:O'ZAGROSUG'URTA AJ;"""O‘ZAGROSUG‘URTA"" AJ";общее;region:NAVOIY;Навоийская область;1444.504;312.912;12712;21.662;113633;Страх_отчет(II_чорак_2025_йил_)_uz_—_filtr
2025-07-01;company:O'ZAGROSUG'URTA AJ;"""O‘ZAGROSUG‘URTA"" AJ";общее;region:QASHQADARYO;Кашкадарьинская область;5691.266;637.204;30136;11.196;188853;Страх_отчет(II_чорак_2025_йил_)_uz_—_filtr
2025-07-01;company:O'ZAGROSUG'URTA AJ;"""O‘ZAGROSUG‘URTA"" AJ";общее;region:QORAQALPOG'ISTON RESPUBLIKASI;Республика Каракалпакстан;3914.714;2960.571;22557;75.627;173548;Страх_отчет(II_чорак_2025_йил_)_uz_—_filtr
2025-07-01;company:O'ZAGROSUG'URTA AJ;"""O‘ZAGROSUG‘URTA"" AJ";общее;region:SAMARQAND;Самаркандская область;3150.645;281.943;35111;8.949;89734;Страх_отчет(II_чорак_2025_йил_)_uz_—_filtr
2025-07-01;company:O'ZAGROSUG'URTA AJ;"""O‘ZAGROSUG‘URTA"" AJ";общее;region:SIRDARYO;Сырдарьинская область;2284.237;135.352;2942;5.925;776423;Страх_отчет(II_чорак_2025_йил_)_uz_—_filtr
2025-07-01;company:O'ZAGROSUG'URTA AJ;"""O‘ZAGROSUG‘URTA"" AJ";общее;region:SURXANDARYO;Сурхандарьинская область;5684.962;450.206;31614;7.919;179824;Страх_отчет(II_чорак_2025_йил_)_uz_—_filtr
2025-07-01;company:O'ZAGROSUG'URTA AJ;"""O‘ZAGROSUG‘URTA"" AJ";общее;region:TOSHKENT;Ташкентская область;5305.505;3717.952;23221;70.077;228479;Страх_отчет(II_чорак_2025_йил_)_uz_—_filtr
2025-07-01;company:O'ZAGROSUG'URTA AJ;"""O‘ZAGROSUG‘URTA"" AJ";общее;region:TOSHKENT SHAHRI;город Ташкент;167823.098;12071.331;21952;7.193;7645003;Страх_отчет(II_чорак_2025_йил_)_uz_—_filtr
2025-07-01;company:O'ZAGROSUG'URTA AJ;"""O‘ZAGROSUG‘URTA"" AJ";общее;region:XORAZM;Хорезмская область;3611.701;352.369;29059;9.756;124289;Страх_отчет(II_чорак_2025_йил_)_uz_—_filtr
2025-07-01;company:O'ZAGROSUG'URTA AJ;"""O‘ZAGROSUG‘URTA"" AJ";общее;total;Все регионы;224014.641;24107.513;372035;10.762;602133;Страх_отчет(II_чорак_2025_йил_)_uz_—_filtr
2025-07-01;company:O'ZBEKINVEST EISK AJ;"""O‘ZBEKINVEST"" EISK AJ";общее;region:ANDIJON;Андижанская область;7267.501;1134.939;103340;15.617;70326;Страх_отчет(II_чорак_2025_йил_)_uz_—_filtr
2025-07-01;company:O'ZBEKINVEST EISK AJ;"""O‘ZBEKINVEST"" EISK AJ";общее;region:BUXORO;Бухарская область;33198.015;2190.362;144083;6.598;230409;Страх_отчет(II_чорак_2025_йил_)_uz_—_filtr
2025-07-01;company:O'ZBEKINVEST EISK AJ;"""O‘ZBEKINVEST"" EISK AJ";общее;region:FARG'ONA;Ферганская область;7673.445;1333.980;128958;17.384;59503;Страх_отчет(II_чорак_2025_йил_)_uz_—_filtr
2025-07-01;company:O'ZBEKINVEST EISK AJ;"""O‘ZBEKINVEST"" EISK AJ";общее;region:JIZZAX;Джизакская область;3662.826;866.106;35622;23.646;102825;Страх_отчет(II_чорак_2025_йил_)_uz_—_filtr
2025-07-01;company:O'ZBEKINVEST EISK AJ;"""O‘ZBEKINVEST"" EISK AJ";общее;region:NAMANGAN;Наманганская область;5559.004;983.331;84845;17.689;65520;Страх_отчет(II_чорак_2025_йил_)_uz_—_filtr
2025-07-01;company:O'ZBEKINVEST EISK AJ;"""O‘ZBEKINVEST"" EISK AJ";общее;region:NAVOIY;Навоийская область;3661.847;712.875;62347;19.468;58733;Страх_отчет(II_чорак_2025_йил_)_uz_—_filtr
2025-07-01;company:O'ZBEKINVEST EISK AJ;"""O‘ZBEKINVEST"" EISK AJ";общее;region:QASHQADARYO;Кашкадарьинская область;4563.434;2168.293;61857;47.514;73774;Страх_отчет(II_чорак_2025_йил_)_uz_—_filtr
2025-07-01;company:O'ZBEKINVEST EISK AJ;"""O‘ZBEKINVEST"" EISK AJ";общее;region:QORAQALPOG'ISTON RESPUBLIKASI;Республика Каракалпакстан;3829.893;1182.904;32874;30.886;116502;Страх_отчет(II_чорак_2025_йил_)_uz_—_filtr
2025-07-01;company:O'ZBEKINVEST EISK AJ;"""O‘ZBEKINVEST"" EISK AJ";общее;region:SAMARQAND;Самаркандская область;10845.684;1444.222;147384;13.316;73588;Страх_отчет(II_чорак_2025_йил_)_uz_—_filtr
2025-07-01;company:O'ZBEKINVEST EISK AJ;"""O‘ZBEKINVEST"" EISK AJ";общее;region:SIRDARYO;Сырдарьинская область;2779.747;1261.801;19011;45.393;146218;Страх_отчет(II_чорак_2025_йил_)_uz_—_filtr
2025-07-01;company:O'ZBEKINVEST EISK AJ;"""O‘ZBEKINVEST"" EISK AJ";общее;region:SURXANDARYO;Сурхандарьинская область;6562.098;948.522;75805;14.455;86566;Страх_отчет(II_чорак_2025_йил_)_uz_—_filtr
2025-07-01;company:O'ZBEKINVEST EISK AJ;"""O‘ZBEKINVEST"" EISK AJ";общее;region:TOSHKENT;Ташкентская область;15788.142;2599.471;28042;16.465;563018;Страх_отчет(II_чорак_2025_йил_)_uz_—_filtr
2025-07-01;company:O'ZBEKINVEST EISK AJ;"""O‘ZBEKINVEST"" EISK AJ";общее;region:TOSHKENT SHAHRI;город Ташкент;598393.255;40819.479;92485;6.822;6470165;Страх_отчет(II_чорак_2025_йил_)_uz_—_filtr
2025-07-01;company:O'ZBEKINVEST EISK AJ;"""O‘ZBEKINVEST"" EISK AJ";общее;region:XORAZM;Хорезмская область;5375.828;1387.516;79409;25.810;67698;Страх_отчет(II_чорак_2025_йил_)_uz_—_filtr
2025-07-01;company:O'ZBEKINVEST EISK AJ;"""O‘ZBEKINVEST"" EISK AJ";общее;total;Все регионы;709160.719;59033.800;1096062;8.324;647008;Страх_отчет(II_чорак_2025_йил_)_uz_—_filtr
2025-07-01;company:O'ZBEKINVEST HAYOT SUG'URTA KOMPANIYASI AJ;"""O’ZBEKINVEST HAYOT SUG‘URTA KOMPANIYASI"" AJ";жизнь;region:ANDIJON;Андижанская область;0.000;38.609;22;;0;Страх_отчет(II_чорак_2025_йил_)_uz_—_filtr
2025-07-01;company:O'ZBEKINVEST HAYOT SUG'URTA KOMPANIYASI AJ;"""O’ZBEKINVEST HAYOT SUG‘URTA KOMPANIYASI"" AJ";жизнь;region:BUXORO;Бухарская область;0.000;24.340;20;;0;Страх_отчет(II_чорак_2025_йил_)_uz_—_filtr
2025-07-01;company:O'ZBEKINVEST HAYOT SUG'URTA KOMPANIYASI AJ;"""O’ZBEKINVEST HAYOT SUG‘URTA KOMPANIYASI"" AJ";жизнь;region:FARG'ONA;Ферганская область;549.726;825.906;210;150.240;2617743;Страх_отчет(II_чорак_2025_йил_)_uz_—_filtr
2025-07-01;company:O'ZBEKINVEST HAYOT SUG'URTA KOMPANIYASI AJ;"""O’ZBEKINVEST HAYOT SUG‘URTA KOMPANIYASI"" AJ";жизнь;region:JIZZAX;Джизакская область;9.278;93.031;125;1002.667;74227;Страх_отчет(II_чорак_2025_йил_)_uz_—_filtr
2025-07-01;company:O'ZBEKINVEST HAYOT SUG'URTA KOMPANIYASI AJ;"""O’ZBEKINVEST HAYOT SUG‘URTA KOMPANIYASI"" AJ";жизнь;region:NAMANGAN;Наманганская область;11.070;54.608;48;493.304;230623;Страх_отчет(II_чорак_2025_йил_)_uz_—_filtr
2025-07-01;company:O'ZBEKINVEST HAYOT SUG'URTA KOMPANIYASI AJ;"""O’ZBEKINVEST HAYOT SUG‘URTA KOMPANIYASI"" AJ";жизнь;region:NAVOIY;Навоийская область;24.000;48.309;40;201.287;600000;Страх_отчет(II_чорак_2025_йил_)_uz_—_filtr
2025-07-01;company:O'ZBEKINVEST HAYOT SUG'URTA KOMPANIYASI AJ;"""O’ZBEKINVEST HAYOT SUG‘URTA KOMPANIYASI"" AJ";жизнь;region:QASHQADARYO;Кашкадарьинская область;0.000;86.809;34;;0;Страх_отчет(II_чорак_2025_йил_)_uz_—_filtr
2025-07-01;company:O'ZBEKINVEST HAYOT SUG'URTA KOMPANIYASI AJ;"""O’ZBEKINVEST HAYOT SUG‘URTA KOMPANIYASI"" AJ";жизнь;region:QORAQALPOG'ISTON RESPUBLIKASI;Республика Каракалпакстан;2.000;39.760;33;1987.982;60606;Страх_отчет(II_чорак_2025_йил_)_uz_—_filtr
2025-07-01;company:O'ZBEKINVEST HAYOT SUG'URTA KOMPANIYASI AJ;"""O’ZBEKINVEST HAYOT SUG‘URTA KOMPANIYASI"" AJ";жизнь;region:SAMARQAND;Самаркандская область;11.701;13.950;19;119.213;615863;Страх_отчет(II_чорак_2025_йил_)_uz_—_filtr
2025-07-01;company:O'ZBEKINVEST HAYOT SUG'URTA KOMPANIYASI AJ;"""O’ZBEKINVEST HAYOT SUG‘URTA KOMPANIYASI"" AJ";жизнь;region:SIRDARYO;Сырдарьинская область;0.000;27.425;16;;0;Страх_отчет(II_чорак_2025_йил_)_uz_—_filtr
2025-07-01;company:O'ZBEKINVEST HAYOT SUG'URTA KOMPANIYASI AJ;"""O’ZBEKINVEST HAYOT SUG‘URTA KOMPANIYASI"" AJ";жизнь;region:SURXANDARYO;Сурхандарьинская область;61.453;196.642;16;319.988;3840812;Страх_отчет(II_чорак_2025_йил_)_uz_—_filtr
2025-07-01;company:O'ZBEKINVEST HAYOT SUG'URTA KOMPANIYASI AJ;"""O’ZBEKINVEST HAYOT SUG‘URTA KOMPANIYASI"" AJ";жизнь;region:TOSHKENT;Ташкентская область;0.000;180.867;64;;0;Страх_отчет(II_чорак_2025_йил_)_uz_—_filtr
2025-07-01;company:O'ZBEKINVEST HAYOT SUG'URTA KOMPANIYASI AJ;"""O’ZBEKINVEST HAYOT SUG‘URTA KOMPANIYASI"" AJ";жизнь;region:TOSHKENT SHAHRI;город Ташкент;3583.400;4359.703;226;121.664;15855751;Страх_отчет(II_чорак_2025_йил_)_uz_—_filtr
2025-07-01;company:O'ZBEKINVEST HAYOT SUG'URTA KOMPANIYASI AJ;"""O’ZBEKINVEST HAYOT SUG‘URTA KOMPANIYASI"" AJ";жизнь;region:XORAZM;Хорезмская область;0.000;18.268;16;;0;Страх_отчет(II_чорак_2025_йил_)_uz_—_filtr
2025-07-01;company:O'ZBEKINVEST HAYOT SUG'URTA KOMPANIYASI AJ;"""O’ZBEKINVEST HAYOT SUG‘URTA KOMPANIYASI"" AJ";жизнь;total;Все регионы;4252.628;6008.229;889;141.283;4783609;Страх_отчет(II_чорак_2025_йил_)_uz_—_filtr
2025-07-01;company:QUANTUM INSURANCE AJ;"""QUANTUM INSURANCE"" AJ (ранее ""INGO-UZBEKISTON"")";общее;region:ANDIJON;Андижанская область;469.790;167.643;2755;35.685;170523;Страх_отчет(II_чорак_2025_йил_)_uz_—_filtr
2025-07-01;company:QUANTUM INSURANCE AJ;"""QUANTUM INSURANCE"" AJ (ранее ""INGO-UZBEKISTON"")";общее;region:BUXORO;Бухарская область;290.549;89.354;901;30.754;322473;Страх_отчет(II_чорак_2025_йил_)_uz_—_filtr
2025-07-01;company:QUANTUM INSURANCE AJ;"""QUANTUM INSURANCE"" AJ (ранее ""INGO-UZBEKISTON"")";общее;region:FARG'ONA;Ферганская область;142.776;10.483;630;7.342;226629;Страх_отчет(II_чорак_2025_йил_)_uz_—_filtr
2025-07-01;company:QUANTUM INSURANCE AJ;"""QUANTUM INSURANCE"" AJ (ранее ""INGO-UZBEKISTON"")";общее;region:JIZZAX;Джизакская область;1235.481;405.730;3804;32.840;324785;Страх_отчет(II_чорак_2025_йил_)_uz_—_filtr
2025-07-01;company:QUANTUM INSURANCE AJ;"""QUANTUM INSURANCE"" AJ (ранее ""INGO-UZBEKISTON"")";общее;region:NAMANGAN;Наманганская область;1614.430;109.816;3827;6.802;421853;Страх_отчет(II_чорак_2025_йил_)_uz_—_filtr
2025-07-01;company:QUANTUM INSURANCE AJ;"""QUANTUM INSURANCE"" AJ (ранее ""INGO-UZBEKISTON"")";общее;region:NAVOIY;Навоийская область;1137.592;42.109;2328;3.702;488656;Страх_отчет(II_чорак_2025_йил_)_uz_—_filtr
2025-07-01;company:QUANTUM INSURANCE AJ;"""QUANTUM INSURANCE"" AJ (ранее ""INGO-UZBEKISTON"")";общее;region:QASHQADARYO;Кашкадарьинская область;1556.505;199.160;3054;12.795;509661;Страх_отчет(II_чорак_2025_йил_)_uz_—_filtr
2025-07-01;company:QUANTUM INSURANCE AJ;"""QUANTUM INSURANCE"" AJ (ранее ""INGO-UZBEKISTON"")";общее;region:QORAQALPOG'ISTON RESPUBLIKASI;Республика Каракалпакстан;279.108;57.979;429;20.773;650601;Страх_отчет(II_чорак_2025_йил_)_uz_—_filtr
2025-07-01;company:QUANTUM INSURANCE AJ;"""QUANTUM INSURANCE"" AJ (ранее ""INGO-UZBEKISTON"")";общее;region:SAMARQAND;Самаркандская область;810.706;16.930;1086;2.088;746506;Страх_отчет(II_чорак_2025_йил_)_uz_—_filtr
2025-07-01;company:QUANTUM INSURANCE AJ;"""QUANTUM INSURANCE"" AJ (ранее ""INGO-UZBEKISTON"")";общее;region:SIRDARYO;Сырдарьинская область;348.748;97.651;1411;28.001;247163;Страх_отчет(II_чорак_2025_йил_)_uz_—_filtr
2025-07-01;company:QUANTUM INSURANCE AJ;"""QUANTUM INSURANCE"" AJ (ранее ""INGO-UZBEKISTON"")";общее;region:SURXANDARYO;Сурхандарьинская область;3274.210;1233.574;11936;37.675;274314;Страх_отчет(II_чорак_2025_йил_)_uz_—_filtr
2025-07-01;company:QUANTUM INSURANCE AJ;"""QUANTUM INSURANCE"" AJ (ранее ""INGO-UZBEKISTON"")";общее;region:TOSHKENT;Ташкентская область;1266.780;143.329;3052;11.314;415066;Страх_отчет(II_чорак_2025_йил_)_uz_—_filtr
2025-07-01;company:QUANTUM INSURANCE AJ;"""QUANTUM INSURANCE"" AJ (ранее ""INGO-UZBEKISTON"")";общее;region:TOSHKENT SHAHRI;город Ташкент;55366.472;3773.763;40482;6.816;1367681;Страх_отчет(II_чорак_2025_йил_)_uz_—_filtr
2025-07-01;company:QUANTUM INSURANCE AJ;"""QUANTUM INSURANCE"" AJ (ранее ""INGO-UZBEKISTON"")";общее;region:XORAZM;Хорезмская область;402.785;329.624;3126;81.836;128850;Страх_отчет(II_чорак_2025_йил_)_uz_—_filtr
2025-07-01;company:QUANTUM INSURANCE AJ;"""QUANTUM INSURANCE"" AJ (ранее ""INGO-UZBEKISTON"")";общее;total;Все регионы;68195.932;6677.146;78821;9.791;865200;Страх_отчет(II_чорак_2025_йил_)_uz_—_filtr
2025-07-01;company:SEMURG SUG'URTA AJ QK;"""SEMURG SUG‘URTA"" AJ QK";общее;region:ANDIJON;Андижанская область;1064.847;205.857;17309;19.332;61520;Страх_отчет(II_чорак_2025_йил_)_uz_—_filtr
2025-07-01;company:SEMURG SUG'URTA AJ QK;"""SEMURG SUG‘URTA"" AJ QK";общее;region:BUXORO;Бухарская область;1996.457;196.889;17031;9.862;117225;Страх_отчет(II_чорак_2025_йил_)_uz_—_filtr
2025-07-01;company:SEMURG SUG'URTA AJ QK;"""SEMURG SUG‘URTA"" AJ QK";общее;region:FARG'ONA;Ферганская область;927.654;23.197;4624;2.501;200617;Страх_отчет(II_чорак_2025_йил_)_uz_—_filtr
2025-07-01;company:SEMURG SUG'URTA AJ QK;"""SEMURG SUG‘URTA"" AJ QK";общее;region:JIZZAX;Джизакская область;85.296;0.000;306;0.000;278745;Страх_отчет(II_чорак_2025_йил_)_uz_—_filtr
2025-07-01;company:SEMURG SUG'URTA AJ QK;"""SEMURG SUG‘URTA"" AJ QK";общее;region:NAMANGAN;Наманганская область;1362.599;24.914;14672;1.828;92871;Страх_отчет(II_чорак_2025_йил_)_uz_—_filtr
2025-07-01;company:SEMURG SUG'URTA AJ QK;"""SEMURG SUG‘URTA"" AJ QK";общее;region:NAVOIY;Навоийская область;4339.109;130.802;4840;3.014;896510;Страх_отчет(II_чорак_2025_йил_)_uz_—_filtr
2025-07-01;company:SEMURG SUG'URTA AJ QK;"""SEMURG SUG‘URTA"" AJ QK";общее;region:QASHQADARYO;Кашкадарьинская область;1846.136;117.552;32873;6.367;56160;Страх_отчет(II_чорак_2025_йил_)_uz_—_filtr
2025-07-01;company:SEMURG SUG'URTA AJ QK;"""SEMURG SUG‘URTA"" AJ QK";общее;region:QORAQALPOG'ISTON RESPUBLIKASI;Республика Каракалпакстан;78.269;63.778;1316;81.486;59475;Страх_отчет(II_чорак_2025_йил_)_uz_—_filtr
2025-07-01;company:SEMURG SUG'URTA AJ QK;"""SEMURG SUG‘URTA"" AJ QK";общее;region:SAMARQAND;Самаркандская область;626.669;41.938;5357;6.692;116981;Страх_отчет(II_чорак_2025_йил_)_uz_—_filtr
2025-07-01;company:SEMURG SUG'URTA AJ QK;"""SEMURG SUG‘URTA"" AJ QK";общее;region:SIRDARYO;Сырдарьинская область;0.944;0.000;524;0.000;1802;Страх_отчет(II_чорак_2025_йил_)_uz_—_filtr
2025-07-01;company:SEMURG SUG'URTA AJ QK;"""SEMURG SUG‘URTA"" AJ QK";общее;region:SURXANDARYO;Сурхандарьинская область;1083.943;337.250;27097;31.113;40002;Страх_отчет(II_чорак_2025_йил_)_uz_—_filtr
2025-07-01;company:SEMURG SUG'URTA AJ QK;"""SEMURG SUG‘URTA"" AJ QK";общее;region:TOSHKENT;Ташкентская область;1092.529;67.335;8370;6.163;130529;Страх_отчет(II_чорак_2025_йил_)_uz_—_filtr
2025-07-01;company:SEMURG SUG'URTA AJ QK;"""SEMURG SUG‘URTA"" AJ QK";общее;region:TOSHKENT SHAHRI;город Ташкент;36102.238;2138.872;12416;5.924;2907719;Страх_отчет(II_чорак_2025_йил_)_uz_—_filtr
2025-07-01;company:SEMURG SUG'URTA AJ QK;"""SEMURG SUG‘URTA"" AJ QK";общее;region:XORAZM;Хорезмская область;214.353;29.256;1741;13.648;123121;Страх_отчет(II_чорак_2025_йил_)_uz_—_filtr
2025-07-01;company:SEMURG SUG'URTA AJ QK;"""SEMURG SUG‘URTA"" AJ QK";общее;total;Все регионы;50821.044;3377.639;148476;6.646;342285;Страх_отчет(II_чорак_2025_йил_)_uz_—_filtr
2025-07-01;company:SQB INSURANCE SUG'URTA KOMPANIYASI AJ;"""SQB INSURANCE SUG‘URTA KOMPANIYASI"" AJ";общее;region:ANDIJON;Андижанская область;964.263;868.743;3979;90.094;242338;Страх_отчет(II_чорак_2025_йил_)_uz_—_filtr
2025-07-01;company:SQB INSURANCE SUG'URTA KOMPANIYASI AJ;"""SQB INSURANCE SUG‘URTA KOMPANIYASI"" AJ";общее;region:BUXORO;Бухарская область;643.253;1106.208;4129;171.971;155789;Страх_отчет(II_чорак_2025_йил_)_uz_—_filtr
2025-07-01;company:SQB INSURANCE SUG'URTA KOMPANIYASI AJ;"""SQB INSURANCE SUG‘URTA KOMPANIYASI"" AJ";общее;region:FARG'ONA;Ферганская область;1473.556;1552.444;6814;105.354;216254;Страх_отчет(II_чорак_2025_йил_)_uz_—_filtr
2025-07-01;company:SQB INSURANCE SUG'URTA KOMPANIYASI AJ;"""SQB INSURANCE SUG‘URTA KOMPANIYASI"" AJ";общее;region:JIZZAX;Джизакская область;2014.040;380.644;4681;18.900;430259;Страх_отчет(II_чорак_2025_йил_)_uz_—_filtr
2025-07-01;company:SQB INSURANCE SUG'URTA KOMPANIYASI AJ;"""SQB INSURANCE SUG‘URTA KOMPANIYASI"" AJ";общее;region:NAMANGAN;Наманганская область;757.863;313.268;2294;41.336;330367;Страх_отчет(II_чорак_2025_йил_)_uz_—_filtr
2025-07-01;company:SQB INSURANCE SUG'URTA KOMPANIYASI AJ;"""SQB INSURANCE SUG‘URTA KOMPANIYASI"" AJ";общее;region:NAVOIY;Навоийская область;1479.659;345.615;6754;23.358;219079;Страх_отчет(II_чорак_2025_йил_)_uz_—_filtr
2025-07-01;company:SQB INSURANCE SUG'URTA KOMPANIYASI AJ;"""SQB INSURANCE SUG‘URTA KOMPANIYASI"" AJ";общее;region:QASHQADARYO;Кашкадарьинская область;1409.263;881.156;6884;62.526;204716;Страх_отчет(II_чорак_2025_йил_)_uz_—_filtr
2025-07-01;company:SQB INSURANCE SUG'URTA KOMPANIYASI AJ;"""SQB INSURANCE SUG‘URTA KOMPANIYASI"" AJ";общее;region:QORAQALPOG'ISTON RESPUBLIKASI;Республика Каракалпакстан;1991.307;594.531;10775;29.856;184808;Страх_отчет(II_чорак_2025_йил_)_uz_—_filtr
2025-07-01;company:SQB INSURANCE SUG'URTA KOMPANIYASI AJ;"""SQB INSURANCE SUG‘URTA KOMPANIYASI"" AJ";общее;region:SAMARQAND;Самаркандская область;908.554;896.079;5573;98.627;163028;Страх_отчет(II_чорак_2025_йил_)_uz_—_filtr
2025-07-01;company:SQB INSURANCE SUG'URTA KOMPANIYASI AJ;"""SQB INSURANCE SUG‘URTA KOMPANIYASI"" AJ";общее;region:SIRDARYO;Сырдарьинская область;720.496;1057.968;3636;146.839;198156;Страх_отчет(II_чорак_2025_йил_)_uz_—_filtr
2025-07-01;company:SQB INSURANCE SUG'URTA KOMPANIYASI AJ;"""SQB INSURANCE SUG‘URTA KOMPANIYASI"" AJ";общее;region:SURXANDARYO;Сурхандарьинская область;803.361;387.392;5135;48.221;156448;Страх_отчет(II_чорак_2025_йил_)_uz_—_filtr
2025-07-01;company:SQB INSURANCE SUG'URTA KOMPANIYASI AJ;"""SQB INSURANCE SUG‘URTA KOMPANIYASI"" AJ";общее;region:TOSHKENT;Ташкентская область;2307.015;3873.166;7387;167.886;312307;Страх_отчет(II_чорак_2025_йил_)_uz_—_filtr
2025-07-01;company:SQB INSURANCE SUG'URTA KOMPANIYASI AJ;"""SQB INSURANCE SUG‘URTA KOMPANIYASI"" AJ";общее;region:TOSHKENT SHAHRI;город Ташкент;63158.176;26801.004;138137;42.435;457214;Страх_отчет(II_чорак_2025_йил_)_uz_—_filtr
2025-07-01;company:SQB INSURANCE SUG'URTA KOMPANIYASI AJ;"""SQB INSURANCE SUG‘URTA KOMPANIYASI"" AJ";общее;region:XORAZM;Хорезмская область;2079.624;582.938;4352;28.031;477855;Страх_отчет(II_чорак_2025_йил_)_uz_—_filtr
2025-07-01;company:SQB INSURANCE SUG'URTA KOMPANIYASI AJ;"""SQB INSURANCE SUG‘URTA KOMPANIYASI"" AJ";общее;total;Все регионы;80710.430;39641.155;210530;49.115;383368;Страх_отчет(II_чорак_2025_йил_)_uz_—_filtr
2025-07-01;company:TBC SUG'URTA AJ;"""TBC SUG‘URTA"" AJ";жизнь;region:ANDIJON;Андижанская область;0.000;0.000;0;;;Страх_отчет(II_чорак_2025_йил_)_uz_—_filtr
2025-07-01;company:TBC SUG'URTA AJ;"""TBC SUG‘URTA"" AJ";жизнь;region:BUXORO;Бухарская область;0.000;0.000;0;;;Страх_отчет(II_чорак_2025_йил_)_uz_—_filtr
2025-07-01;company:TBC SUG'URTA AJ;"""TBC SUG‘URTA"" AJ";жизнь;region:FARG'ONA;Ферганская область;0.000;0.000;0;;;Страх_отчет(II_чорак_2025_йил_)_uz_—_filtr
2025-07-01;company:TBC SUG'URTA AJ;"""TBC SUG‘URTA"" AJ";жизнь;region:JIZZAX;Джизакская область;0.000;0.000;0;;;Страх_отчет(II_чорак_2025_йил_)_uz_—_filtr
2025-07-01;company:TBC SUG'URTA AJ;"""TBC SUG‘URTA"" AJ";жизнь;region:NAMANGAN;Наманганская область;0.000;0.000;0;;;Страх_отчет(II_чорак_2025_йил_)_uz_—_filtr
2025-07-01;company:TBC SUG'URTA AJ;"""TBC SUG‘URTA"" AJ";жизнь;region:NAVOIY;Навоийская область;0.000;0.000;0;;;Страх_отчет(II_чорак_2025_йил_)_uz_—_filtr
2025-07-01;company:TBC SUG'URTA AJ;"""TBC SUG‘URTA"" AJ";жизнь;region:QASHQADARYO;Кашкадарьинская область;0.000;0.000;0;;;Страх_отчет(II_чорак_2025_йил_)_uz_—_filtr
2025-07-01;company:TBC SUG'URTA AJ;"""TBC SUG‘URTA"" AJ";жизнь;region:QORAQALPOG'ISTON RESPUBLIKASI;Республика Каракалпакстан;0.000;0.000;0;;;Страх_отчет(II_чорак_2025_йил_)_uz_—_filtr
2025-07-01;company:TBC SUG'URTA AJ;"""TBC SUG‘URTA"" AJ";жизнь;region:SAMARQAND;Самаркандская область;0.000;0.000;0;;;Страх_отчет(II_чорак_2025_йил_)_uz_—_filtr
2025-07-01;company:TBC SUG'URTA AJ;"""TBC SUG‘URTA"" AJ";жизнь;region:SIRDARYO;Сырдарьинская область;0.000;0.000;0;;;Страх_отчет(II_чорак_2025_йил_)_uz_—_filtr
2025-07-01;company:TBC SUG'URTA AJ;"""TBC SUG‘URTA"" AJ";жизнь;region:SURXANDARYO;Сурхандарьинская область;0.000;0.000;0;;;Страх_отчет(II_чорак_2025_йил_)_uz_—_filtr
2025-07-01;company:TBC SUG'URTA AJ;"""TBC SUG‘URTA"" AJ";жизнь;region:TOSHKENT;Ташкентская область;0.000;0.000;0;;;Страх_отчет(II_чорак_2025_йил_)_uz_—_filtr
2025-07-01;company:TBC SUG'URTA AJ;"""TBC SUG‘URTA"" AJ";жизнь;region:TOSHKENT SHAHRI;город Ташкент;38549.885;0.000;75649;0.000;509589;Страх_отчет(II_чорак_2025_йил_)_uz_—_filtr
2025-07-01;company:TBC SUG'URTA AJ;"""TBC SUG‘URTA"" AJ";жизнь;region:XORAZM;Хорезмская область;0.000;0.000;0;;;Страх_отчет(II_чорак_2025_йил_)_uz_—_filtr
2025-07-01;company:TBC SUG'URTA AJ;"""TBC SUG‘URTA"" AJ";жизнь;total;Все регионы;38549.885;0.000;75649;0.000;509589;Страх_отчет(II_чорак_2025_йил_)_uz_—_filtr
2025-07-01;company:TEMIRYO'L SUG'URTA AJ;"""TEMIRYO‘L SUG‘URTA"" AJ";общее;region:ANDIJON;Андижанская область;813.943;121.097;8280;14.878;98302;Страх_отчет(II_чорак_2025_йил_)_uz_—_filtr
2025-07-01;company:TEMIRYO'L SUG'URTA AJ;"""TEMIRYO‘L SUG‘URTA"" AJ";общее;region:BUXORO;Бухарская область;8024.370;131.401;525;1.638;15284514;Страх_отчет(II_чорак_2025_йил_)_uz_—_filtr
2025-07-01;company:TEMIRYO'L SUG'URTA AJ;"""TEMIRYO‘L SUG‘URTA"" AJ";общее;region:FARG'ONA;Ферганская область;491.379;20.725;2477;4.218;198377;Страх_отчет(II_чорак_2025_йил_)_uz_—_filtr
2025-07-01;company:TEMIRYO'L SUG'URTA AJ;"""TEMIRYO‘L SUG‘URTA"" AJ";общее;region:JIZZAX;Джизакская область;1889.946;128.130;3352;6.780;563826;Страх_отчет(II_чорак_2025_йил_)_uz_—_filtr
2025-07-01;company:TEMIRYO'L SUG'URTA AJ;"""TEMIRYO‘L SUG‘URTA"" AJ";общее;region:NAMANGAN;Наманганская область;325.368;16.571;1647;5.093;197552;Страх_отчет(II_чорак_2025_йил_)_uz_—_filtr
2025-07-01;company:TEMIRYO'L SUG'URTA AJ;"""TEMIRYO‘L SUG‘URTA"" AJ";общее;region:NAVOIY;Навоийская область;2015.523;263.516;2430;13.074;829433;Страх_отчет(II_чорак_2025_йил_)_uz_—_filtr
2025-07-01;company:TEMIRYO'L SUG'URTA AJ;"""TEMIRYO‘L SUG‘URTA"" AJ";общее;region:QASHQADARYO;Кашкадарьинская область;905.154;1787.127;1594;197.439;567851;Страх_отчет(II_чорак_2025_йил_)_uz_—_filtr
2025-07-01;company:TEMIRYO'L SUG'URTA AJ;"""TEMIRYO‘L SUG‘URTA"" AJ";общее;region:QORAQALPOG'ISTON RESPUBLIKASI;Республика Каракалпакстан;53.829;46.273;1026;85.962;52465;Страх_отчет(II_чорак_2025_йил_)_uz_—_filtr
2025-07-01;company:TEMIRYO'L SUG'URTA AJ;"""TEMIRYO‘L SUG‘URTA"" AJ";общее;region:SAMARQAND;Самаркандская область;1852.849;502.533;5592;27.122;331339;Страх_отчет(II_чорак_2025_йил_)_uz_—_filtr
2025-07-01;company:TEMIRYO'L SUG'URTA AJ;"""TEMIRYO‘L SUG‘URTA"" AJ";общее;region:SIRDARYO;Сырдарьинская область;462.216;140.686;1058;30.437;436878;Страх_отчет(II_чорак_2025_йил_)_uz_—_filtr
2025-07-01;company:TEMIRYO'L SUG'URTA AJ;"""TEMIRYO‘L SUG‘URTA"" AJ";общее;region:SURXANDARYO;Сурхандарьинская область;1299.205;4887.579;4430;376.198;293274;Страх_отчет(II_чорак_2025_йил_)_uz_—_filtr
2025-07-01;company:TEMIRYO'L SUG'URTA AJ;"""TEMIRYO‘L SUG‘URTA"" AJ";общее;region:TOSHKENT;Ташкентская область;5536.848;1307.305;1885;23.611;2937320;Страх_отчет(II_чорак_2025_йил_)_uz_—_filtr
2025-07-01;company:TEMIRYO'L SUG'URTA AJ;"""TEMIRYO‘L SUG‘URTA"" AJ";общее;region:TOSHKENT SHAHRI;город Ташкент;86490.791;26300.495;19825;30.408;4362713;Страх_отчет(II_чорак_2025_йил_)_uz_—_filtr
2025-07-01;company:TEMIRYO'L SUG'URTA AJ;"""TEMIRYO‘L SUG‘URTA"" AJ";общее;region:XORAZM;Хорезмская область;1487.912;150.468;13951;10.113;106653;Страх_отчет(II_чорак_2025_йил_)_uz_—_filtr
2025-07-01;company:TEMIRYO'L SUG'URTA AJ;"""TEMIRYO‘L SUG‘URTA"" AJ";общее;total;Все регионы;111649.334;35803.905;68072;32.068;1640165;Страх_отчет(II_чорак_2025_йил_)_uz_—_filtr
2025-07-01;company:TRUST-INSURANCE AJ;"""TRUST-INSURANCE"" AJ";общее;region:ANDIJON;Андижанская область;1435.511;109.541;3199;7.631;448737;Страх_отчет(II_чорак_2025_йил_)_uz_—_filtr
2025-07-01;company:TRUST-INSURANCE AJ;"""TRUST-INSURANCE"" AJ";общее;region:BUXORO;Бухарская область;1765.960;213.234;1993;12.075;886081;Страх_отчет(II_чорак_2025_йил_)_uz_—_filtr
2025-07-01;company:TRUST-INSURANCE AJ;"""TRUST-INSURANCE"" AJ";общее;region:FARG'ONA;Ферганская область;13185.452;50906.696;63708;386.082;206967;Страх_отчет(II_чорак_2025_йил_)_uz_—_filtr
2025-07-01;company:TRUST-INSURANCE AJ;"""TRUST-INSURANCE"" AJ";общее;region:JIZZAX;Джизакская область;1302.251;14.428;546;1.108;2385076;Страх_отчет(II_чорак_2025_йил_)_uz_—_filtr
2025-07-01;company:TRUST-INSURANCE AJ;"""TRUST-INSURANCE"" AJ";общее;region:NAMANGAN;Наманганская область;749.375;0.000;126;0.000;5947422;Страх_отчет(II_чорак_2025_йил_)_uz_—_filtr
2025-07-01;company:TRUST-INSURANCE AJ;"""TRUST-INSURANCE"" AJ";общее;region:NAVOIY;Навоийская область;769.920;20.284;1276;2.635;603385;Страх_отчет(II_чорак_2025_йил_)_uz_—_filtr
2025-07-01;company:TRUST-INSURANCE AJ;"""TRUST-INSURANCE"" AJ";общее;region:QASHQADARYO;Кашкадарьинская область;1050.660;0.000;643;0.000;1633998;Страх_отчет(II_чорак_2025_йил_)_uz_—_filtr
2025-07-01;company:TRUST-INSURANCE AJ;"""TRUST-INSURANCE"" AJ";общее;region:QORAQALPOG'ISTON RESPUBLIKASI;Республика Каракалпакстан;419.226;1.520;1117;0.363;375314;Страх_отчет(II_чорак_2025_йил_)_uz_—_filtr
2025-07-01;company:TRUST-INSURANCE AJ;"""TRUST-INSURANCE"" AJ";общее;region:SAMARQAND;Самаркандская область;4157.053;242.916;10069;5.843;412857;Страх_отчет(II_чорак_2025_йил_)_uz_—_filtr
2025-07-01;company:TRUST-INSURANCE AJ;"""TRUST-INSURANCE"" AJ";общее;region:SIRDARYO;Сырдарьинская область;1173.331;18.663;549;1.591;2137216;Страх_отчет(II_чорак_2025_йил_)_uz_—_filtr
2025-07-01;company:TRUST-INSURANCE AJ;"""TRUST-INSURANCE"" AJ";общее;region:SURXANDARYO;Сурхандарьинская область;3979.363;124.991;2200;3.141;1808801;Страх_отчет(II_чорак_2025_йил_)_uz_—_filtr
2025-07-01;company:TRUST-INSURANCE AJ;"""TRUST-INSURANCE"" AJ";общее;region:TOSHKENT;Ташкентская область;877.427;238.184;1605;27.146;546684;Страх_отчет(II_чорак_2025_йил_)_uz_—_filtr
2025-07-01;company:TRUST-INSURANCE AJ;"""TRUST-INSURANCE"" AJ";общее;region:TOSHKENT SHAHRI;город Ташкент;93661.133;9874.012;89902;10.542;1041814;Страх_отчет(II_чорак_2025_йил_)_uz_—_filtr
2025-07-01;company:TRUST-INSURANCE AJ;"""TRUST-INSURANCE"" AJ";общее;region:XORAZM;Хорезмская область;1461.369;259.527;3158;17.759;462751;Страх_отчет(II_чорак_2025_йил_)_uz_—_filtr
2025-07-01;company:TRUST-INSURANCE AJ;"""TRUST-INSURANCE"" AJ";общее;total;Все регионы;125988.032;62023.995;180091;49.230;699580;Страх_отчет(II_чорак_2025_йил_)_uz_—_filtr
2025-07-01;company:XALQ SUG'URTA AJ;"""XALQ SUG‘URTA"" AJ";общее;region:ANDIJON;Андижанская область;690.988;149.694;30079;21.664;22972;Страх_отчет(II_чорак_2025_йил_)_uz_—_filtr
2025-07-01;company:XALQ SUG'URTA AJ;"""XALQ SUG‘URTA"" AJ";общее;region:BUXORO;Бухарская область;221.834;291.546;26128;131.425;8490;Страх_отчет(II_чорак_2025_йил_)_uz_—_filtr
2025-07-01;company:XALQ SUG'URTA AJ;"""XALQ SUG‘URTA"" AJ";общее;region:FARG'ONA;Ферганская область;662.271;194.427;29616;29.358;22362;Страх_отчет(II_чорак_2025_йил_)_uz_—_filtr
2025-07-01;company:XALQ SUG'URTA AJ;"""XALQ SUG‘URTA"" AJ";общее;region:JIZZAX;Джизакская область;1131.036;262.256;18677;23.187;60558;Страх_отчет(II_чорак_2025_йил_)_uz_—_filtr
2025-07-01;company:XALQ SUG'URTA AJ;"""XALQ SUG‘URTA"" AJ";общее;region:NAMANGAN;Наманганская область;199.525;116.337;16085;58.307;12404;Страх_отчет(II_чорак_2025_йил_)_uz_—_filtr
2025-07-01;company:XALQ SUG'URTA AJ;"""XALQ SUG‘URTA"" AJ";общее;region:NAVOIY;Навоийская область;138.709;359.509;13976;259.182;9925;Страх_отчет(II_чорак_2025_йил_)_uz_—_filtr
2025-07-01;company:XALQ SUG'URTA AJ;"""XALQ SUG‘URTA"" AJ";общее;region:QASHQADARYO;Кашкадарьинская область;495.612;361.536;24497;72.947;20232;Страх_отчет(II_чорак_2025_йил_)_uz_—_filtr
2025-07-01;company:XALQ SUG'URTA AJ;"""XALQ SUG‘URTA"" AJ";общее;region:QORAQALPOG'ISTON RESPUBLIKASI;Республика Каракалпакстан;206.935;447.660;29681;216.329;6972;Страх_отчет(II_чорак_2025_йил_)_uz_—_filtr
2025-07-01;company:XALQ SUG'URTA AJ;"""XALQ SUG‘URTA"" AJ";общее;region:SAMARQAND;Самаркандская область;1668.171;740.322;37997;44.379;43903;Страх_отчет(II_чорак_2025_йил_)_uz_—_filtr
2025-07-01;company:XALQ SUG'URTA AJ;"""XALQ SUG‘URTA"" AJ";общее;region:SIRDARYO;Сырдарьинская область;492.881;380.107;25198;77.119;19560;Страх_отчет(II_чорак_2025_йил_)_uz_—_filtr
2025-07-01;company:XALQ SUG'URTA AJ;"""XALQ SUG‘URTA"" AJ";общее;region:SURXANDARYO;Сурхандарьинская область;375.164;1100.257;27750;293.273;13519;Страх_отчет(II_чорак_2025_йил_)_uz_—_filtr
2025-07-01;company:XALQ SUG'URTA AJ;"""XALQ SUG‘URTA"" AJ";общее;region:TOSHKENT;Ташкентская область;46.155;157.302;21866;340.813;2111;Страх_отчет(II_чорак_2025_йил_)_uz_—_filtr
2025-07-01;company:XALQ SUG'URTA AJ;"""XALQ SUG‘URTA"" AJ";общее;region:TOSHKENT SHAHRI;город Ташкент;18287.136;6148.826;437007;33.624;41846;Страх_отчет(II_чорак_2025_йил_)_uz_—_filtr
2025-07-01;company:XALQ SUG'URTA AJ;"""XALQ SUG‘URTA"" AJ";общее;region:XORAZM;Хорезмская область;370.134;282.692;23549;76.375;15718;Страх_отчет(II_чорак_2025_йил_)_uz_—_filtr
2025-07-01;company:XALQ SUG'URTA AJ;"""XALQ SUG‘URTA"" AJ";общее;total;Все регионы;24986.552;10992.470;762106;43.994;32786;Страх_отчет(II_чорак_2025_йил_)_uz_—_filtr
2025-07-01;total;Весь рынок;;region:ANDIJON;Андижанская область;102528.188;11977.956;515741;11.683;198798;Страх_отчет(II_чорак_2025_йил_)_uz_—_filtr
2025-07-01;total;Весь рынок;;region:BUXORO;Бухарская область;131224.099;13223.695;394381;10.077;332734;Страх_отчет(II_чорак_2025_йил_)_uz_—_filtr
2025-07-01;total;Весь рынок;;region:FARG'ONA;Ферганская область;133092.676;80617.420;826326;60.572;161066;Страх_отчет(II_чорак_2025_йил_)_uz_—_filtr
2025-07-01;total;Весь рынок;;region:JIZZAX;Джизакская область;73780.436;9432.333;447050;12.784;165038;Страх_отчет(II_чорак_2025_йил_)_uz_—_filtr
2025-07-01;total;Весь рынок;;region:NAMANGAN;Наманганская область;95952.918;25765.126;483637;26.852;198399;Страх_отчет(II_чорак_2025_йил_)_uz_—_filtr
2025-07-01;total;Весь рынок;;region:NAVOIY;Навоийская область;63358.812;18474.620;258369;29.159;245226;Страх_отчет(II_чорак_2025_йил_)_uz_—_filtr
2025-07-01;total;Весь рынок;;region:QASHQADARYO;Кашкадарьинская область;143684.836;20032.515;556342;13.942;258267;Страх_отчет(II_чорак_2025_йил_)_uz_—_filtr
2025-07-01;total;Весь рынок;;region:QORAQALPOG'ISTON RESPUBLIKASI;Республика Каракалпакстан;88811.872;60151.262;299487;67.729;296547;Страх_отчет(II_чорак_2025_йил_)_uz_—_filtr
2025-07-01;total;Весь рынок;;region:SAMARQAND;Самаркандская область;107994.824;23484.601;679591;21.746;158911;Страх_отчет(II_чорак_2025_йил_)_uz_—_filtr
2025-07-01;total;Весь рынок;;region:SIRDARYO;Сырдарьинская область;61993.945;26226.426;185363;42.305;334446;Страх_отчет(II_чорак_2025_йил_)_uz_—_filtr
2025-07-01;total;Весь рынок;;region:SURXANDARYO;Сурхандарьинская область;82830.654;44196.441;425838;53.358;194512;Страх_отчет(II_чорак_2025_йил_)_uz_—_filtr
2025-07-01;total;Весь рынок;;region:TOSHKENT;Ташкентская область;126613.963;34331.519;265113;27.115;477585;Страх_отчет(II_чорак_2025_йил_)_uz_—_filtr
2025-07-01;total;Весь рынок;;region:TOSHKENT SHAHRI;город Ташкент;4936126.806;863964.421;5639090;17.503;875341;Страх_отчет(II_чорак_2025_йил_)_uz_—_filtr
2025-07-01;total;Весь рынок;;region:XORAZM;Хорезмская область;86869.563;13497.633;397302;15.538;218649;Страх_отчет(II_чорак_2025_йил_)_uz_—_filtr
2025-07-01;total;Весь рынок;;total;Все регионы;6234863.591;1245375.969;11373630;19.974;548186;Страх_отчет(II_чорак_2025_йил_)_uz_—_filtr
2025-10-01;company:AGROS HAYOT AJ;"""AGROS HAYOT"" AJ";жизнь;region:ANDIJON;Андижанская область;85.869;110.470;245;128.650;350485;Страх_отчет(III_чорак_2025_йил_)_uz_—_filtr
2025-10-01;company:AGROS HAYOT AJ;"""AGROS HAYOT"" AJ";жизнь;region:BUXORO;Бухарская область;2.380;66.330;277;2786.978;8592;Страх_отчет(III_чорак_2025_йил_)_uz_—_filtr
2025-10-01;company:AGROS HAYOT AJ;"""AGROS HAYOT"" AJ";жизнь;region:FARG'ONA;Ферганская область;0.000;113.579;569;;0;Страх_отчет(III_чорак_2025_йил_)_uz_—_filtr
2025-10-01;company:AGROS HAYOT AJ;"""AGROS HAYOT"" AJ";жизнь;region:JIZZAX;Джизакская область;0.000;19.531;148;;0;Страх_отчет(III_чорак_2025_йил_)_uz_—_filtr
2025-10-01;company:AGROS HAYOT AJ;"""AGROS HAYOT"" AJ";жизнь;region:NAMANGAN;Наманганская область;0.383;24.545;534;6411.791;717;Страх_отчет(III_чорак_2025_йил_)_uz_—_filtr
2025-10-01;company:AGROS HAYOT AJ;"""AGROS HAYOT"" AJ";жизнь;region:NAVOIY;Навоийская область;23.416;63.314;287;270.386;81589;Страх_отчет(III_чорак_2025_йил_)_uz_—_filtr
2025-10-01;company:AGROS HAYOT AJ;"""AGROS HAYOT"" AJ";жизнь;region:QASHQADARYO;Кашкадарьинская область;19.865;45.303;113;228.048;175800;Страх_отчет(III_чорак_2025_йил_)_uz_—_filtr
2025-10-01;company:AGROS HAYOT AJ;"""AGROS HAYOT"" AJ";жизнь;region:QORAQALPOG'ISTON RESPUBLIKASI;Республика Каракалпакстан;1904.254;128.118;238;6.728;8001069;Страх_отчет(III_чорак_2025_йил_)_uz_—_filtr
2025-10-01;company:AGROS HAYOT AJ;"""AGROS HAYOT"" AJ";жизнь;region:SAMARQAND;Самаркандская область;5.223;34.244;391;655.597;13359;Страх_отчет(III_чорак_2025_йил_)_uz_—_filtr
2025-10-01;company:AGROS HAYOT AJ;"""AGROS HAYOT"" AJ";жизнь;region:SIRDARYO;Сырдарьинская область;0.000;2.717;175;;0;Страх_отчет(III_чорак_2025_йил_)_uz_—_filtr
2025-10-01;company:AGROS HAYOT AJ;"""AGROS HAYOT"" AJ";жизнь;region:SURXANDARYO;Сурхандарьинская область;263.389;41.137;244;15.619;1079462;Страх_отчет(III_чорак_2025_йил_)_uz_—_filtr
2025-10-01;company:AGROS HAYOT AJ;"""AGROS HAYOT"" AJ";жизнь;region:TOSHKENT;Ташкентская область;27.798;310.706;965;1117.712;28807;Страх_отчет(III_чорак_2025_йил_)_uz_—_filtr
2025-10-01;company:AGROS HAYOT AJ;"""AGROS HAYOT"" AJ";жизнь;region:TOSHKENT SHAHRI;город Ташкент;2489.489;1092.165;3661;43.871;680002;Страх_отчет(III_чорак_2025_йил_)_uz_—_filtr
2025-10-01;company:AGROS HAYOT AJ;"""AGROS HAYOT"" AJ";жизнь;region:XORAZM;Хорезмская область;0.000;38.685;205;;0;Страх_отчет(III_чорак_2025_йил_)_uz_—_filtr
2025-10-01;company:AGROS HAYOT AJ;"""AGROS HAYOT"" AJ";жизнь;total;Все регионы;4822.067;2090.844;8052;43.360;598866;Страх_отчет(III_чорак_2025_йил_)_uz_—_filtr
2025-10-01;company:ALFA INVEST SUG'URTA KOMPANIYASI AJ;"""ALFA INVEST SUG‘URTA KOMPANIYASI"" AJ";общее;region:ANDIJON;Андижанская область;4411.858;603.296;9004;13.674;489989;Страх_отчет(III_чорак_2025_йил_)_uz_—_filtr
2025-10-01;company:ALFA INVEST SUG'URTA KOMPANIYASI AJ;"""ALFA INVEST SUG‘URTA KOMPANIYASI"" AJ";общее;region:BUXORO;Бухарская область;4290.249;1512.000;7674;35.243;559063;Страх_отчет(III_чорак_2025_йил_)_uz_—_filtr
2025-10-01;company:ALFA INVEST SUG'URTA KOMPANIYASI AJ;"""ALFA INVEST SUG‘URTA KOMPANIYASI"" AJ";общее;region:FARG'ONA;Ферганская область;4209.664;1309.559;14210;31.108;296247;Страх_отчет(III_чорак_2025_йил_)_uz_—_filtr
2025-10-01;company:ALFA INVEST SUG'URTA KOMPANIYASI AJ;"""ALFA INVEST SUG‘URTA KOMPANIYASI"" AJ";общее;region:JIZZAX;Джизакская область;2413.266;41.129;1026;1.704;2352111;Страх_отчет(III_чорак_2025_йил_)_uz_—_filtr
2025-10-01;company:ALFA INVEST SUG'URTA KOMPANIYASI AJ;"""ALFA INVEST SUG‘URTA KOMPANIYASI"" AJ";общее;region:NAMANGAN;Наманганская область;2964.678;308.911;6108;10.420;485376;Страх_отчет(III_чорак_2025_йил_)_uz_—_filtr
2025-10-01;company:ALFA INVEST SUG'URTA KOMPANIYASI AJ;"""ALFA INVEST SUG‘URTA KOMPANIYASI"" AJ";общее;region:NAVOIY;Навоийская область;8050.328;945.711;14125;11.747;569935;Страх_отчет(III_чорак_2025_йил_)_uz_—_filtr
2025-10-01;company:ALFA INVEST SUG'URTA KOMPANIYASI AJ;"""ALFA INVEST SUG‘URTA KOMPANIYASI"" AJ";общее;region:QASHQADARYO;Кашкадарьинская область;5431.534;772.176;11915;14.217;455857;Страх_отчет(III_чорак_2025_йил_)_uz_—_filtr
2025-10-01;company:ALFA INVEST SUG'URTA KOMPANIYASI AJ;"""ALFA INVEST SUG‘URTA KOMPANIYASI"" AJ";общее;region:QORAQALPOG'ISTON RESPUBLIKASI;Республика Каракалпакстан;559.630;62.375;801;11.146;698664;Страх_отчет(III_чорак_2025_йил_)_uz_—_filtr
2025-10-01;company:ALFA INVEST SUG'URTA KOMPANIYASI AJ;"""ALFA INVEST SUG‘URTA KOMPANIYASI"" AJ";общее;region:SAMARQAND;Самаркандская область;4710.591;452.532;4498;9.607;1047263;Страх_отчет(III_чорак_2025_йил_)_uz_—_filtr
2025-10-01;company:ALFA INVEST SUG'URTA KOMPANIYASI AJ;"""ALFA INVEST SUG‘URTA KOMPANIYASI"" AJ";общее;region:SIRDARYO;Сырдарьинская область;127.680;0.000;58;0.000;2201379;Страх_отчет(III_чорак_2025_йил_)_uz_—_filtr
2025-10-01;company:ALFA INVEST SUG'URTA KOMPANIYASI AJ;"""ALFA INVEST SUG‘URTA KOMPANIYASI"" AJ";общее;region:SURXANDARYO;Сурхандарьинская область;1221.843;31.575;1123;2.584;1088017;Страх_отчет(III_чорак_2025_йил_)_uz_—_filtr
2025-10-01;company:ALFA INVEST SUG'URTA KOMPANIYASI AJ;"""ALFA INVEST SUG‘URTA KOMPANIYASI"" AJ";общее;region:TOSHKENT;Ташкентская область;1653.008;695.532;3054;42.077;541260;Страх_отчет(III_чорак_2025_йил_)_uz_—_filtr
2025-10-01;company:ALFA INVEST SUG'URTA KOMPANIYASI AJ;"""ALFA INVEST SUG‘URTA KOMPANIYASI"" AJ";общее;region:TOSHKENT SHAHRI;город Ташкент;270083.465;25705.865;234782;9.518;1150358;Страх_отчет(III_чорак_2025_йил_)_uz_—_filtr
2025-10-01;company:ALFA INVEST SUG'URTA KOMPANIYASI AJ;"""ALFA INVEST SUG‘URTA KOMPANIYASI"" AJ";общее;region:XORAZM;Хорезмская область;2924.968;537.317;2196;18.370;1331952;Страх_отчет(III_чорак_2025_йил_)_uz_—_filtr
2025-10-01;company:ALFA INVEST SUG'URTA KOMPANIYASI AJ;"""ALFA INVEST SUG‘URTA KOMPANIYASI"" AJ";общее;total;Все регионы;313052.761;32977.978;310574;10.534;1007981;Страх_отчет(III_чорак_2025_йил_)_uz_—_filtr
2025-10-01;company:ALFA LIFE INSURANCE AJ;"""ALFA LIFE INSURANCE"" AJ";жизнь;region:ANDIJON;Андижанская область;0.000;10.949;2;;0;Страх_отчет(III_чорак_2025_йил_)_uz_—_filtr
2025-10-01;company:ALFA LIFE INSURANCE AJ;"""ALFA LIFE INSURANCE"" AJ";жизнь;region:BUXORO;Бухарская область;0.000;84.694;6;;0;Страх_отчет(III_чорак_2025_йил_)_uz_—_filtr
2025-10-01;company:ALFA LIFE INSURANCE AJ;"""ALFA LIFE INSURANCE"" AJ";жизнь;region:FARG'ONA;Ферганская область;1513.299;1915.763;371;126.595;4078973;Страх_отчет(III_чорак_2025_йил_)_uz_—_filtr
2025-10-01;company:ALFA LIFE INSURANCE AJ;"""ALFA LIFE INSURANCE"" AJ";жизнь;region:JIZZAX;Джизакская область;5.000;43.312;0;866.250;;Страх_отчет(III_чорак_2025_йил_)_uz_—_filtr
2025-10-01;company:ALFA LIFE INSURANCE AJ;"""ALFA LIFE INSURANCE"" AJ";жизнь;region:NAMANGAN;Наманганская область;2054.724;1910.804;397;92.996;5175627;Страх_отчет(III_чорак_2025_йил_)_uz_—_filtr
2025-10-01;company:ALFA LIFE INSURANCE AJ;"""ALFA LIFE INSURANCE"" AJ";жизнь;region:NAVOIY;Навоийская область;26.980;226.862;8;840.851;3372500;Страх_отчет(III_чорак_2025_йил_)_uz_—_filtr
2025-10-01;company:ALFA LIFE INSURANCE AJ;"""ALFA LIFE INSURANCE"" AJ";жизнь;region:QASHQADARYO;Кашкадарьинская область;0.000;24.968;2;;0;Страх_отчет(III_чорак_2025_йил_)_uz_—_filtr
2025-10-01;company:ALFA LIFE INSURANCE AJ;"""ALFA LIFE INSURANCE"" AJ";жизнь;region:QORAQALPOG'ISTON RESPUBLIKASI;Республика Каракалпакстан;3.093;65.491;5;2117.677;618515;Страх_отчет(III_чорак_2025_йил_)_uz_—_filtr
2025-10-01;company:ALFA LIFE INSURANCE AJ;"""ALFA LIFE INSURANCE"" AJ";жизнь;region:SAMARQAND;Самаркандская область;35.334;97.189;15;275.054;2355633;Страх_отчет(III_чорак_2025_йил_)_uz_—_filtr
2025-10-01;company:ALFA LIFE INSURANCE AJ;"""ALFA LIFE INSURANCE"" AJ";жизнь;region:SIRDARYO;Сырдарьинская область;0.000;0.000;0;;;Страх_отчет(III_чорак_2025_йил_)_uz_—_filtr
2025-10-01;company:ALFA LIFE INSURANCE AJ;"""ALFA LIFE INSURANCE"" AJ";жизнь;region:SURXANDARYO;Сурхандарьинская область;0.000;26.138;3;;0;Страх_отчет(III_чорак_2025_йил_)_uz_—_filtr
2025-10-01;company:ALFA LIFE INSURANCE AJ;"""ALFA LIFE INSURANCE"" AJ";жизнь;region:TOSHKENT;Ташкентская область;0.000;0.000;0;;;Страх_отчет(III_чорак_2025_йил_)_uz_—_filtr
2025-10-01;company:ALFA LIFE INSURANCE AJ;"""ALFA LIFE INSURANCE"" AJ";жизнь;region:TOSHKENT SHAHRI;город Ташкент;25666.489;8588.702;8376;33.463;3064289;Страх_отчет(III_чорак_2025_йил_)_uz_—_filtr
2025-10-01;company:ALFA LIFE INSURANCE AJ;"""ALFA LIFE INSURANCE"" AJ";жизнь;region:XORAZM;Хорезмская область;0.000;0.000;0;;;Страх_отчет(III_чорак_2025_йил_)_uz_—_filtr
2025-10-01;company:ALFA LIFE INSURANCE AJ;"""ALFA LIFE INSURANCE"" AJ";жизнь;total;Все регионы;29304.919;12994.873;9185;44.344;3190519;Страх_отчет(III_чорак_2025_йил_)_uz_—_filtr
2025-10-01;company:ALSKOM AJ;"""ALSKOM"" AJ";общее;region:ANDIJON;Андижанская область;1283.357;658.422;12294;51.305;104389;Страх_отчет(III_чорак_2025_йил_)_uz_—_filtr
2025-10-01;company:ALSKOM AJ;"""ALSKOM"" AJ";общее;region:BUXORO;Бухарская область;6077.030;859.046;10199;14.136;595846;Страх_отчет(III_чорак_2025_йил_)_uz_—_filtr
2025-10-01;company:ALSKOM AJ;"""ALSKOM"" AJ";общее;region:FARG'ONA;Ферганская область;11739.933;1365.543;65723;11.632;178627;Страх_отчет(III_чорак_2025_йил_)_uz_—_filtr
2025-10-01;company:ALSKOM AJ;"""ALSKOM"" AJ";общее;region:JIZZAX;Джизакская область;5046.233;1655.346;32996;32.804;152935;Страх_отчет(III_чорак_2025_йил_)_uz_—_filtr
2025-10-01;company:ALSKOM AJ;"""ALSKOM"" AJ";общее;region:NAMANGAN;Наманганская область;3070.537;63.072;7060;2.054;434920;Страх_отчет(III_чорак_2025_йил_)_uz_—_filtr
2025-10-01;company:ALSKOM AJ;"""ALSKOM"" AJ";общее;region:NAVOIY;Навоийская область;4037.796;925.684;27843;22.925;145020;Страх_отчет(III_чорак_2025_йил_)_uz_—_filtr
2025-10-01;company:ALSKOM AJ;"""ALSKOM"" AJ";общее;region:QASHQADARYO;Кашкадарьинская область;6406.161;8364.909;52490;130.576;122045;Страх_отчет(III_чорак_2025_йил_)_uz_—_filtr
2025-10-01;company:ALSKOM AJ;"""ALSKOM"" AJ";общее;region:QORAQALPOG'ISTON RESPUBLIKASI;Республика Каракалпакстан;1851.176;825.283;16072;44.582;115180;Страх_отчет(III_чорак_2025_йил_)_uz_—_filtr
2025-10-01;company:ALSKOM AJ;"""ALSKOM"" AJ";общее;region:SAMARQAND;Самаркандская область;2715.837;629.326;18928;23.172;143483;Страх_отчет(III_чорак_2025_йил_)_uz_—_filtr
2025-10-01;company:ALSKOM AJ;"""ALSKOM"" AJ";общее;region:SIRDARYO;Сырдарьинская область;3084.253;2710.536;36221;87.883;85151;Страх_отчет(III_чорак_2025_йил_)_uz_—_filtr
2025-10-01;company:ALSKOM AJ;"""ALSKOM"" AJ";общее;region:SURXANDARYO;Сурхандарьинская область;1407.831;640.993;11579;45.531;121585;Страх_отчет(III_чорак_2025_йил_)_uz_—_filtr
2025-10-01;company:ALSKOM AJ;"""ALSKOM"" AJ";общее;region:TOSHKENT;Ташкентская область;6772.144;848.865;22346;12.535;303058;Страх_отчет(III_чорак_2025_йил_)_uz_—_filtr
2025-10-01;company:ALSKOM AJ;"""ALSKOM"" AJ";общее;region:TOSHKENT SHAHRI;город Ташкент;162474.600;52559.157;318590;32.349;509980;Страх_отчет(III_чорак_2025_йил_)_uz_—_filtr
2025-10-01;company:ALSKOM AJ;"""ALSKOM"" AJ";общее;region:XORAZM;Хорезмская область;1931.176;682.745;15868;35.354;121703;Страх_отчет(III_чорак_2025_йил_)_uz_—_filtr
2025-10-01;company:ALSKOM AJ;"""ALSKOM"" AJ";общее;total;Все регионы;217898.060;72788.926;648209;33.405;336154;Страх_отчет(III_чорак_2025_йил_)_uz_—_filtr
2025-10-01;company:APEX INSURANCE AJ;"""APEX INSURANCE"" AJ";общее;region:ANDIJON;Андижанская область;46328.789;462.645;29716;0.999;1559052;Страх_отчет(III_чорак_2025_йил_)_uz_—_filtr
2025-10-01;company:APEX INSURANCE AJ;"""APEX INSURANCE"" AJ";общее;region:BUXORO;Бухарская область;70603.101;2920.792;51388;4.137;1373922;Страх_отчет(III_чорак_2025_йил_)_uz_—_filtr
2025-10-01;company:APEX INSURANCE AJ;"""APEX INSURANCE"" AJ";общее;region:FARG'ONA;Ферганская область;28128.643;3752.291;58004;13.340;484943;Страх_отчет(III_чорак_2025_йил_)_uz_—_filtr
2025-10-01;company:APEX INSURANCE AJ;"""APEX INSURANCE"" AJ";общее;region:JIZZAX;Джизакская область;49287.918;1789.656;41656;3.631;1183213;Страх_отчет(III_чорак_2025_йил_)_uz_—_filtr
2025-10-01;company:APEX INSURANCE AJ;"""APEX INSURANCE"" AJ";общее;region:NAMANGAN;Наманганская область;78967.908;1131.652;47379;1.433;1666728;Страх_отчет(III_чорак_2025_йил_)_uz_—_filtr
2025-10-01;company:APEX INSURANCE AJ;"""APEX INSURANCE"" AJ";общее;region:NAVOIY;Навоийская область;26942.795;2477.622;30057;9.196;896390;Страх_отчет(III_чорак_2025_йил_)_uz_—_filtr
2025-10-01;company:APEX INSURANCE AJ;"""APEX INSURANCE"" AJ";общее;region:QASHQADARYO;Кашкадарьинская область;104041.041;7079.731;161895;6.805;642645;Страх_отчет(III_чорак_2025_йил_)_uz_—_filtr
2025-10-01;company:APEX INSURANCE AJ;"""APEX INSURANCE"" AJ";общее;region:QORAQALPOG'ISTON RESPUBLIKASI;Республика Каракалпакстан;49421.140;12453.975;119401;25.200;413909;Страх_отчет(III_чорак_2025_йил_)_uz_—_filtr
2025-10-01;company:APEX INSURANCE AJ;"""APEX INSURANCE"" AJ";общее;region:SAMARQAND;Самаркандская область;42808.027;3791.052;130161;8.856;328885;Страх_отчет(III_чорак_2025_йил_)_uz_—_filtr
2025-10-01;company:APEX INSURANCE AJ;"""APEX INSURANCE"" AJ";общее;region:SIRDARYO;Сырдарьинская область;10746.556;3507.946;32692;32.643;328721;Страх_отчет(III_чорак_2025_йил_)_uz_—_filtr
2025-10-01;company:APEX INSURANCE AJ;"""APEX INSURANCE"" AJ";общее;region:SURXANDARYO;Сурхандарьинская область;50729.876;2906.760;57659;5.730;879826;Страх_отчет(III_чорак_2025_йил_)_uz_—_filtr
2025-10-01;company:APEX INSURANCE AJ;"""APEX INSURANCE"" AJ";общее;region:TOSHKENT;Ташкентская область;32779.817;51.379;4495;0.157;7292507;Страх_отчет(III_чорак_2025_йил_)_uz_—_filtr
2025-10-01;company:APEX INSURANCE AJ;"""APEX INSURANCE"" AJ";общее;region:TOSHKENT SHAHRI;город Ташкент;2176953.138;419013.234;523232;19.248;4160589;Страх_отчет(III_чорак_2025_йил_)_uz_—_filtr
2025-10-01;company:APEX INSURANCE AJ;"""APEX INSURANCE"" AJ";общее;region:XORAZM;Хорезмская область;46817.730;7465.704;116813;15.946;400792;Страх_отчет(III_чорак_2025_йил_)_uz_—_filtr
2025-10-01;company:APEX INSURANCE AJ;"""APEX INSURANCE"" AJ";общее;total;Все регионы;2814556.481;468804.440;1404548;16.656;2003888;Страх_отчет(III_чорак_2025_йил_)_uz_—_filtr
2025-10-01;company:APEX LIFE INSURANCE AJ;"""APEX LIFE INSURANCE"" AJ";жизнь;region:ANDIJON;Андижанская область;971.291;249.367;283;25.674;3432123;Страх_отчет(III_чорак_2025_йил_)_uz_—_filtr
2025-10-01;company:APEX LIFE INSURANCE AJ;"""APEX LIFE INSURANCE"" AJ";жизнь;region:BUXORO;Бухарская область;116.745;104.489;132;89.502;884429;Страх_отчет(III_чорак_2025_йил_)_uz_—_filtr
2025-10-01;company:APEX LIFE INSURANCE AJ;"""APEX LIFE INSURANCE"" AJ";жизнь;region:FARG'ONA;Ферганская область;2989.779;2913.300;563;97.442;5310442;Страх_отчет(III_чорак_2025_йил_)_uz_—_filtr
2025-10-01;company:APEX LIFE INSURANCE AJ;"""APEX LIFE INSURANCE"" AJ";жизнь;region:JIZZAX;Джизакская область;1616.778;190.667;7;11.793;230968322;Страх_отчет(III_чорак_2025_йил_)_uz_—_filtr
2025-10-01;company:APEX LIFE INSURANCE AJ;"""APEX LIFE INSURANCE"" AJ";жизнь;region:NAMANGAN;Наманганская область;6724.561;6204.965;1163;92.273;5782081;Страх_отчет(III_чорак_2025_йил_)_uz_—_filtr
2025-10-01;company:APEX LIFE INSURANCE AJ;"""APEX LIFE INSURANCE"" AJ";жизнь;region:NAVOIY;Навоийская область;2390.923;1053.558;1019;44.065;2346343;Страх_отчет(III_чорак_2025_йил_)_uz_—_filtr
2025-10-01;company:APEX LIFE INSURANCE AJ;"""APEX LIFE INSURANCE"" AJ";жизнь;region:QASHQADARYO;Кашкадарьинская область;538.345;645.981;18;119.994;29908077;Страх_отчет(III_чорак_2025_йил_)_uz_—_filtr
2025-10-01;company:APEX LIFE INSURANCE AJ;"""APEX LIFE INSURANCE"" AJ";жизнь;region:QORAQALPOG'ISTON RESPUBLIKASI;Республика Каракалпакстан;783.187;206.861;1447;26.413;541249;Страх_отчет(III_чорак_2025_йил_)_uz_—_filtr
2025-10-01;company:APEX LIFE INSURANCE AJ;"""APEX LIFE INSURANCE"" AJ";жизнь;region:SAMARQAND;Самаркандская область;1233.371;235.756;191;19.115;6457439;Страх_отчет(III_чорак_2025_йил_)_uz_—_filtr
2025-10-01;company:APEX LIFE INSURANCE AJ;"""APEX LIFE INSURANCE"" AJ";жизнь;region:SIRDARYO;Сырдарьинская область;285.525;37.277;3;13.056;95174839;Страх_отчет(III_чорак_2025_йил_)_uz_—_filtr
2025-10-01;company:APEX LIFE INSURANCE AJ;"""APEX LIFE INSURANCE"" AJ";жизнь;region:SURXANDARYO;Сурхандарьинская область;0.000;4.135;1;;0;Страх_отчет(III_чорак_2025_йил_)_uz_—_filtr
2025-10-01;company:APEX LIFE INSURANCE AJ;"""APEX LIFE INSURANCE"" AJ";жизнь;region:TOSHKENT;Ташкентская область;10439.774;8218.894;155;78.727;67353378;Страх_отчет(III_чорак_2025_йил_)_uz_—_filtr
2025-10-01;company:APEX LIFE INSURANCE AJ;"""APEX LIFE INSURANCE"" AJ";жизнь;region:TOSHKENT SHAHRI;город Ташкент;356055.400;52195.398;263203;14.659;1352779;Страх_отчет(III_чорак_2025_йил_)_uz_—_filtr
2025-10-01;company:APEX LIFE INSURANCE AJ;"""APEX LIFE INSURANCE"" AJ";жизнь;region:XORAZM;Хорезмская область;553.269;811.152;7405;146.611;74716;Страх_отчет(III_чорак_2025_йил_)_uz_—_filtr
2025-10-01;company:APEX LIFE INSURANCE AJ;"""APEX LIFE INSURANCE"" AJ";жизнь;total;Все регионы;384698.946;73071.801;275590;18.995;1395910;Страх_отчет(III_чорак_2025_йил_)_uz_—_filtr
2025-10-01;company:ARIA SUG'URTA TASHKILOTI AJ;"""ARIA SUG‘URTA TASHKILOTI"" AJ";общее;region:ANDIJON;Андижанская область;0.000;0.000;0;;;Страх_отчет(III_чорак_2025_йил_)_uz_—_filtr
2025-10-01;company:ARIA SUG'URTA TASHKILOTI AJ;"""ARIA SUG‘URTA TASHKILOTI"" AJ";общее;region:BUXORO;Бухарская область;0.000;0.000;0;;;Страх_отчет(III_чорак_2025_йил_)_uz_—_filtr
2025-10-01;company:ARIA SUG'URTA TASHKILOTI AJ;"""ARIA SUG‘URTA TASHKILOTI"" AJ";общее;region:FARG'ONA;Ферганская область;0.000;0.000;0;;;Страх_отчет(III_чорак_2025_йил_)_uz_—_filtr
2025-10-01;company:ARIA SUG'URTA TASHKILOTI AJ;"""ARIA SUG‘URTA TASHKILOTI"" AJ";общее;region:JIZZAX;Джизакская область;0.000;0.000;0;;;Страх_отчет(III_чорак_2025_йил_)_uz_—_filtr
2025-10-01;company:ARIA SUG'URTA TASHKILOTI AJ;"""ARIA SUG‘URTA TASHKILOTI"" AJ";общее;region:NAMANGAN;Наманганская область;0.000;0.000;0;;;Страх_отчет(III_чорак_2025_йил_)_uz_—_filtr
2025-10-01;company:ARIA SUG'URTA TASHKILOTI AJ;"""ARIA SUG‘URTA TASHKILOTI"" AJ";общее;region:NAVOIY;Навоийская область;0.000;0.000;0;;;Страх_отчет(III_чорак_2025_йил_)_uz_—_filtr
2025-10-01;company:ARIA SUG'URTA TASHKILOTI AJ;"""ARIA SUG‘URTA TASHKILOTI"" AJ";общее;region:QASHQADARYO;Кашкадарьинская область;0.000;0.000;0;;;Страх_отчет(III_чорак_2025_йил_)_uz_—_filtr
2025-10-01;company:ARIA SUG'URTA TASHKILOTI AJ;"""ARIA SUG‘URTA TASHKILOTI"" AJ";общее;region:QORAQALPOG'ISTON RESPUBLIKASI;Республика Каракалпакстан;0.000;0.000;0;;;Страх_отчет(III_чорак_2025_йил_)_uz_—_filtr
2025-10-01;company:ARIA SUG'URTA TASHKILOTI AJ;"""ARIA SUG‘URTA TASHKILOTI"" AJ";общее;region:SAMARQAND;Самаркандская область;0.000;0.000;0;;;Страх_отчет(III_чорак_2025_йил_)_uz_—_filtr
2025-10-01;company:ARIA SUG'URTA TASHKILOTI AJ;"""ARIA SUG‘URTA TASHKILOTI"" AJ";общее;region:SIRDARYO;Сырдарьинская область;0.000;0.000;0;;;Страх_отчет(III_чорак_2025_йил_)_uz_—_filtr
2025-10-01;company:ARIA SUG'URTA TASHKILOTI AJ;"""ARIA SUG‘URTA TASHKILOTI"" AJ";общее;region:SURXANDARYO;Сурхандарьинская область;0.000;0.000;0;;;Страх_отчет(III_чорак_2025_йил_)_uz_—_filtr
2025-10-01;company:ARIA SUG'URTA TASHKILOTI AJ;"""ARIA SUG‘URTA TASHKILOTI"" AJ";общее;region:TOSHKENT;Ташкентская область;0.000;0.000;0;;;Страх_отчет(III_чорак_2025_йил_)_uz_—_filtr
2025-10-01;company:ARIA SUG'URTA TASHKILOTI AJ;"""ARIA SUG‘URTA TASHKILOTI"" AJ";общее;region:TOSHKENT SHAHRI;город Ташкент;38996.094;2439.335;9390;6.255;4152939;Страх_отчет(III_чорак_2025_йил_)_uz_—_filtr
2025-10-01;company:ARIA SUG'URTA TASHKILOTI AJ;"""ARIA SUG‘URTA TASHKILOTI"" AJ";общее;region:XORAZM;Хорезмская область;0.000;0.000;0;;;Страх_отчет(III_чорак_2025_йил_)_uz_—_filtr
2025-10-01;company:ARIA SUG'URTA TASHKILOTI AJ;"""ARIA SUG‘URTA TASHKILOTI"" AJ";общее;total;Все регионы;38996.094;2439.335;9390;6.255;4152939;Страх_отчет(III_чорак_2025_йил_)_uz_—_filtr
2025-10-01;company:ASIA INSURANCE SUG'URTA KOMPANIYASI AJ;"""ASIA INSURANCE SUG‘URTA KOMPANIYASI"" AJ";общее;region:ANDIJON;Андижанская область;1445.358;116.630;13660;8.069;105810;Страх_отчет(III_чорак_2025_йил_)_uz_—_filtr
2025-10-01;company:ASIA INSURANCE SUG'URTA KOMPANIYASI AJ;"""ASIA INSURANCE SUG‘URTA KOMPANIYASI"" AJ";общее;region:BUXORO;Бухарская область;2576.655;388.188;3864;15.066;666836;Страх_отчет(III_чорак_2025_йил_)_uz_—_filtr
2025-10-01;company:ASIA INSURANCE SUG'URTA KOMPANIYASI AJ;"""ASIA INSURANCE SUG‘URTA KOMPANIYASI"" AJ";общее;region:FARG'ONA;Ферганская область;1571.892;63.489;2551;4.039;616186;Страх_отчет(III_чорак_2025_йил_)_uz_—_filtr
2025-10-01;company:ASIA INSURANCE SUG'URTA KOMPANIYASI AJ;"""ASIA INSURANCE SUG‘URTA KOMPANIYASI"" AJ";общее;region:JIZZAX;Джизакская область;1056.585;14.000;3193;1.325;330907;Страх_отчет(III_чорак_2025_йил_)_uz_—_filtr
2025-10-01;company:ASIA INSURANCE SUG'URTA KOMPANIYASI AJ;"""ASIA INSURANCE SUG‘URTA KOMPANIYASI"" AJ";общее;region:NAMANGAN;Наманганская область;4475.794;166.959;31234;3.730;143299;Страх_отчет(III_чорак_2025_йил_)_uz_—_filtr
2025-10-01;company:ASIA INSURANCE SUG'URTA KOMPANIYASI AJ;"""ASIA INSURANCE SUG‘URTA KOMPANIYASI"" AJ";общее;region:NAVOIY;Навоийская область;379.912;91.094;2953;23.978;128653;Страх_отчет(III_чорак_2025_йил_)_uz_—_filtr
2025-10-01;company:ASIA INSURANCE SUG'URTA KOMPANIYASI AJ;"""ASIA INSURANCE SUG‘URTA KOMPANIYASI"" AJ";общее;region:QASHQADARYO;Кашкадарьинская область;608.459;34.862;6017;5.730;101123;Страх_отчет(III_чорак_2025_йил_)_uz_—_filtr
2025-10-01;company:ASIA INSURANCE SUG'URTA KOMPANIYASI AJ;"""ASIA INSURANCE SUG‘URTA KOMPANIYASI"" AJ";общее;region:QORAQALPOG'ISTON RESPUBLIKASI;Республика Каракалпакстан;325.698;78.478;2407;24.095;135313;Страх_отчет(III_чорак_2025_йил_)_uz_—_filtr
2025-10-01;company:ASIA INSURANCE SUG'URTA KOMPANIYASI AJ;"""ASIA INSURANCE SUG‘URTA KOMPANIYASI"" AJ";общее;region:SAMARQAND;Самаркандская область;1852.101;304.495;29464;16.441;62860;Страх_отчет(III_чорак_2025_йил_)_uz_—_filtr
2025-10-01;company:ASIA INSURANCE SUG'URTA KOMPANIYASI AJ;"""ASIA INSURANCE SUG‘URTA KOMPANIYASI"" AJ";общее;region:SIRDARYO;Сырдарьинская область;183.238;231.733;2078;126.466;88180;Страх_отчет(III_чорак_2025_йил_)_uz_—_filtr
2025-10-01;company:ASIA INSURANCE SUG'URTA KOMPANIYASI AJ;"""ASIA INSURANCE SUG‘URTA KOMPANIYASI"" AJ";общее;region:SURXANDARYO;Сурхандарьинская область;3249.486;23.685;4561;0.729;712450;Страх_отчет(III_чорак_2025_йил_)_uz_—_filtr
2025-10-01;company:ASIA INSURANCE SUG'URTA KOMPANIYASI AJ;"""ASIA INSURANCE SUG‘URTA KOMPANIYASI"" AJ";общее;region:TOSHKENT;Ташкентская область;2662.655;1115.671;48823;41.901;54537;Страх_отчет(III_чорак_2025_йил_)_uz_—_filtr
2025-10-01;company:ASIA INSURANCE SUG'URTA KOMPANIYASI AJ;"""ASIA INSURANCE SUG‘URTA KOMPANIYASI"" AJ";общее;region:TOSHKENT SHAHRI;город Ташкент;166100.836;18513.153;38448;11.146;4320142;Страх_отчет(III_чорак_2025_йил_)_uz_—_filtr
2025-10-01;company:ASIA INSURANCE SUG'URTA KOMPANIYASI AJ;"""ASIA INSURANCE SUG‘URTA KOMPANIYASI"" AJ";общее;region:XORAZM;Хорезмская область;123.376;14.000;626;11.347;197086;Страх_отчет(III_чорак_2025_йил_)_uz_—_filtr
2025-10-01;company:ASIA INSURANCE SUG'URTA KOMPANIYASI AJ;"""ASIA INSURANCE SUG‘URTA KOMPANIYASI"" AJ";общее;total;Все регионы;186612.044;21156.437;189879;11.337;982795;Страх_отчет(III_чорак_2025_йил_)_uz_—_filtr
2025-10-01;company:EUROASIA INSURANCE AJ QK;"""EUROASIA INSURANCE"" AJ QK";общее;region:ANDIJON;Андижанская область;0.000;13.209;0;;;Страх_отчет(III_чорак_2025_йил_)_uz_—_filtr
2025-10-01;company:EUROASIA INSURANCE AJ QK;"""EUROASIA INSURANCE"" AJ QK";общее;region:BUXORO;Бухарская область;0.304;69.352;5;22813.092;60800;Страх_отчет(III_чорак_2025_йил_)_uz_—_filtr
2025-10-01;company:EUROASIA INSURANCE AJ QK;"""EUROASIA INSURANCE"" AJ QK";общее;region:FARG'ONA;Ферганская область;0.000;10.950;0;;;Страх_отчет(III_чорак_2025_йил_)_uz_—_filtr
2025-10-01;company:EUROASIA INSURANCE AJ QK;"""EUROASIA INSURANCE"" AJ QK";общее;region:JIZZAX;Джизакская область;0.000;159.011;0;;;Страх_отчет(III_чорак_2025_йил_)_uz_—_filtr
2025-10-01;company:EUROASIA INSURANCE AJ QK;"""EUROASIA INSURANCE"" AJ QK";общее;region:NAMANGAN;Наманганская область;2.752;0.000;46;0.000;59826;Страх_отчет(III_чорак_2025_йил_)_uz_—_filtr
2025-10-01;company:EUROASIA INSURANCE AJ QK;"""EUROASIA INSURANCE"" AJ QK";общее;region:NAVOIY;Навоийская область;0.000;49.550;0;;;Страх_отчет(III_чорак_2025_йил_)_uz_—_filtr
2025-10-01;company:EUROASIA INSURANCE AJ QK;"""EUROASIA INSURANCE"" AJ QK";общее;region:QASHQADARYO;Кашкадарьинская область;0.087;36.650;4;42013.894;21808;Страх_отчет(III_чорак_2025_йил_)_uz_—_filtr
2025-10-01;company:EUROASIA INSURANCE AJ QK;"""EUROASIA INSURANCE"" AJ QK";общее;region:QORAQALPOG'ISTON RESPUBLIKASI;Республика Каракалпакстан;0.000;68.399;0;;;Страх_отчет(III_чорак_2025_йил_)_uz_—_filtr
2025-10-01;company:EUROASIA INSURANCE AJ QK;"""EUROASIA INSURANCE"" AJ QK";общее;region:SAMARQAND;Самаркандская область;0.000;276.097;0;;;Страх_отчет(III_чорак_2025_йил_)_uz_—_filtr
2025-10-01;company:EUROASIA INSURANCE AJ QK;"""EUROASIA INSURANCE"" AJ QK";общее;region:SIRDARYO;Сырдарьинская область;0.000;63.578;0;;;Страх_отчет(III_чорак_2025_йил_)_uz_—_filtr
2025-10-01;company:EUROASIA INSURANCE AJ QK;"""EUROASIA INSURANCE"" AJ QK";общее;region:SURXANDARYO;Сурхандарьинская область;0.000;0.000;0;;;Страх_отчет(III_чорак_2025_йил_)_uz_—_filtr
2025-10-01;company:EUROASIA INSURANCE AJ QK;"""EUROASIA INSURANCE"" AJ QK";общее;region:TOSHKENT;Ташкентская область;0.000;2634.043;0;;;Страх_отчет(III_чорак_2025_йил_)_uz_—_filtr
2025-10-01;company:EUROASIA INSURANCE AJ QK;"""EUROASIA INSURANCE"" AJ QK";общее;region:TOSHKENT SHAHRI;город Ташкент;230119.686;14237.142;29059;6.187;7919050;Страх_отчет(III_чорак_2025_йил_)_uz_—_filtr
2025-10-01;company:EUROASIA INSURANCE AJ QK;"""EUROASIA INSURANCE"" AJ QK";общее;region:XORAZM;Хорезмская область;0.000;46.732;0;;;Страх_отчет(III_чорак_2025_йил_)_uz_—_filtr
2025-10-01;company:EUROASIA INSURANCE AJ QK;"""EUROASIA INSURANCE"" AJ QK";общее;total;Все регионы;230122.829;17664.712;29114;7.676;7904198;Страх_отчет(III_чорак_2025_йил_)_uz_—_filtr
2025-10-01;company:GLOBAL INSURANCE GROUP AJ;"""GLOBAL INSURANCE GROUP"" AJ";общее;region:ANDIJON;Андижанская область;0.000;8.975;0;;;Страх_отчет(III_чорак_2025_йил_)_uz_—_filtr
2025-10-01;company:GLOBAL INSURANCE GROUP AJ;"""GLOBAL INSURANCE GROUP"" AJ";общее;region:BUXORO;Бухарская область;0.000;281.154;0;;;Страх_отчет(III_чорак_2025_йил_)_uz_—_filtr
2025-10-01;company:GLOBAL INSURANCE GROUP AJ;"""GLOBAL INSURANCE GROUP"" AJ";общее;region:FARG'ONA;Ферганская область;0.000;10.096;0;;;Страх_отчет(III_чорак_2025_йил_)_uz_—_filtr
2025-10-01;company:GLOBAL INSURANCE GROUP AJ;"""GLOBAL INSURANCE GROUP"" AJ";общее;region:JIZZAX;Джизакская область;0.000;54.933;0;;;Страх_отчет(III_чорак_2025_йил_)_uz_—_filtr
2025-10-01;company:GLOBAL INSURANCE GROUP AJ;"""GLOBAL INSURANCE GROUP"" AJ";общее;region:NAMANGAN;Наманганская область;0.000;68.085;0;;;Страх_отчет(III_чорак_2025_йил_)_uz_—_filtr
2025-10-01;company:GLOBAL INSURANCE GROUP AJ;"""GLOBAL INSURANCE GROUP"" AJ";общее;region:NAVOIY;Навоийская область;0.000;50.174;0;;;Страх_отчет(III_чорак_2025_йил_)_uz_—_filtr
2025-10-01;company:GLOBAL INSURANCE GROUP AJ;"""GLOBAL INSURANCE GROUP"" AJ";общее;region:QASHQADARYO;Кашкадарьинская область;0.000;106.363;0;;;Страх_отчет(III_чорак_2025_йил_)_uz_—_filtr
2025-10-01;company:GLOBAL INSURANCE GROUP AJ;"""GLOBAL INSURANCE GROUP"" AJ";общее;region:QORAQALPOG'ISTON RESPUBLIKASI;Республика Каракалпакстан;0.000;30.080;0;;;Страх_отчет(III_чорак_2025_йил_)_uz_—_filtr
2025-10-01;company:GLOBAL INSURANCE GROUP AJ;"""GLOBAL INSURANCE GROUP"" AJ";общее;region:SAMARQAND;Самаркандская область;0.000;307.418;0;;;Страх_отчет(III_чорак_2025_йил_)_uz_—_filtr
2025-10-01;company:GLOBAL INSURANCE GROUP AJ;"""GLOBAL INSURANCE GROUP"" AJ";общее;region:SIRDARYO;Сырдарьинская область;0.000;0.000;0;;;Страх_отчет(III_чорак_2025_йил_)_uz_—_filtr
2025-10-01;company:GLOBAL INSURANCE GROUP AJ;"""GLOBAL INSURANCE GROUP"" AJ";общее;region:SURXANDARYO;Сурхандарьинская область;0.000;175.431;0;;;Страх_отчет(III_чорак_2025_йил_)_uz_—_filtr
2025-10-01;company:GLOBAL INSURANCE GROUP AJ;"""GLOBAL INSURANCE GROUP"" AJ";общее;region:TOSHKENT;Ташкентская область;0.000;925.131;0;;;Страх_отчет(III_чорак_2025_йил_)_uz_—_filtr
2025-10-01;company:GLOBAL INSURANCE GROUP AJ;"""GLOBAL INSURANCE GROUP"" AJ";общее;region:TOSHKENT SHAHRI;город Ташкент;48108.414;22040.593;35933;45.814;1338837;Страх_отчет(III_чорак_2025_йил_)_uz_—_filtr
2025-10-01;company:GLOBAL INSURANCE GROUP AJ;"""GLOBAL INSURANCE GROUP"" AJ";общее;region:XORAZM;Хорезмская область;0.000;0.000;0;;;Страх_отчет(III_чорак_2025_йил_)_uz_—_filtr
2025-10-01;company:GLOBAL INSURANCE GROUP AJ;"""GLOBAL INSURANCE GROUP"" AJ";общее;total;Все регионы;48108.414;24058.434;35933;50.009;1338837;Страх_отчет(III_чорак_2025_йил_)_uz_—_filtr
2025-10-01;company:GROSS SUG'URTA KOMPANIYASI AJ;"""GROSS SUG‘URTA KOMPANIYASI"" AJ";общее;region:ANDIJON;Андижанская область;11248.247;2451.620;151274;21.796;74357;Страх_отчет(III_чорак_2025_йил_)_uz_—_filtr
2025-10-01;company:GROSS SUG'URTA KOMPANIYASI AJ;"""GROSS SUG‘URTA KOMPANIYASI"" AJ";общее;region:BUXORO;Бухарская область;4607.948;272.068;8601;5.904;535746;Страх_отчет(III_чорак_2025_йил_)_uz_—_filtr
2025-10-01;company:GROSS SUG'URTA KOMPANIYASI AJ;"""GROSS SUG‘URTA KOMPANIYASI"" AJ";общее;region:FARG'ONA;Ферганская область;14477.265;2098.279;186068;14.494;77806;Страх_отчет(III_чорак_2025_йил_)_uz_—_filtr
2025-10-01;company:GROSS SUG'URTA KOMPANIYASI AJ;"""GROSS SUG‘URTA KOMPANIYASI"" AJ";общее;region:JIZZAX;Джизакская область;1769.668;715.380;11715;40.425;151060;Страх_отчет(III_чорак_2025_йил_)_uz_—_filtr
2025-10-01;company:GROSS SUG'URTA KOMPANIYASI AJ;"""GROSS SUG‘URTA KOMPANIYASI"" AJ";общее;region:NAMANGAN;Наманганская область;2233.710;137.217;71986;6.143;31030;Страх_отчет(III_чорак_2025_йил_)_uz_—_filtr
2025-10-01;company:GROSS SUG'URTA KOMPANIYASI AJ;"""GROSS SUG‘URTA KOMPANIYASI"" AJ";общее;region:NAVOIY;Навоийская область;5163.385;2365.824;35308;45.819;146238;Страх_отчет(III_чорак_2025_йил_)_uz_—_filtr
2025-10-01;company:GROSS SUG'URTA KOMPANIYASI AJ;"""GROSS SUG‘URTA KOMPANIYASI"" AJ";общее;region:QASHQADARYO;Кашкадарьинская область;6315.926;1238.744;24771;19.613;254973;Страх_отчет(III_чорак_2025_йил_)_uz_—_filtr
2025-10-01;company:GROSS SUG'URTA KOMPANIYASI AJ;"""GROSS SUG‘URTA KOMPANIYASI"" AJ";общее;region:QORAQALPOG'ISTON RESPUBLIKASI;Республика Каракалпакстан;1209.967;489.089;18886;40.422;64067;Страх_отчет(III_чорак_2025_йил_)_uz_—_filtr
2025-10-01;company:GROSS SUG'URTA KOMPANIYASI AJ;"""GROSS SUG‘URTA KOMPANIYASI"" AJ";общее;region:SAMARQAND;Самаркандская область;14268.912;1769.455;94439;12.401;151091;Страх_отчет(III_чорак_2025_йил_)_uz_—_filtr
2025-10-01;company:GROSS SUG'URTA KOMPANIYASI AJ;"""GROSS SUG‘URTA KOMPANIYASI"" AJ";общее;region:SIRDARYO;Сырдарьинская область;209.235;115.528;3674;55.214;56950;Страх_отчет(III_чорак_2025_йил_)_uz_—_filtr
2025-10-01;company:GROSS SUG'URTA KOMPANIYASI AJ;"""GROSS SUG‘URTA KOMPANIYASI"" AJ";общее;region:SURXANDARYO;Сурхандарьинская область;3880.165;1205.202;55385;31.061;70058;Страх_отчет(III_чорак_2025_йил_)_uz_—_filtr
2025-10-01;company:GROSS SUG'URTA KOMPANIYASI AJ;"""GROSS SUG‘URTA KOMPANIYASI"" AJ";общее;region:TOSHKENT;Ташкентская область;4158.067;1071.167;9241;25.761;449959;Страх_отчет(III_чорак_2025_йил_)_uz_—_filtr
2025-10-01;company:GROSS SUG'URTA KOMPANIYASI AJ;"""GROSS SUG‘URTA KOMPANIYASI"" AJ";общее;region:TOSHKENT SHAHRI;город Ташкент;550372.394;130081.784;515138;23.635;1068398;Страх_отчет(III_чорак_2025_йил_)_uz_—_filtr
2025-10-01;company:GROSS SUG'URTA KOMPANIYASI AJ;"""GROSS SUG‘URTA KOMPANIYASI"" AJ";общее;region:XORAZM;Хорезмская область;6141.999;1659.571;34508;27.020;177988;Страх_отчет(III_чорак_2025_йил_)_uz_—_filtr
2025-10-01;company:GROSS SUG'URTA KOMPANIYASI AJ;"""GROSS SUG‘URTA KOMPANIYASI"" AJ";общее;total;Все регионы;626056.889;145670.926;1220994;23.268;512744;Страх_отчет(III_чорак_2025_йил_)_uz_—_filtr
2025-10-01;company:HAMKOR SUG'URTA AJ;"""HAMKOR SUG’URTA"" AJ";общее;region:ANDIJON;Андижанская область;1608.382;258.783;1895;16.090;848751;Страх_отчет(III_чорак_2025_йил_)_uz_—_filtr
2025-10-01;company:HAMKOR SUG'URTA AJ;"""HAMKOR SUG’URTA"" AJ";общее;region:BUXORO;Бухарская область;1260.120;35.578;874;2.823;1441784;Страх_отчет(III_чорак_2025_йил_)_uz_—_filtr
2025-10-01;company:HAMKOR SUG'URTA AJ;"""HAMKOR SUG’URTA"" AJ";общее;region:FARG'ONA;Ферганская область;1988.414;69.920;1659;3.516;1198562;Страх_отчет(III_чорак_2025_йил_)_uz_—_filtr
2025-10-01;company:HAMKOR SUG'URTA AJ;"""HAMKOR SUG’URTA"" AJ";общее;region:JIZZAX;Джизакская область;376.072;53.501;388;14.226;969258;Страх_отчет(III_чорак_2025_йил_)_uz_—_filtr
2025-10-01;company:HAMKOR SUG'URTA AJ;"""HAMKOR SUG’URTA"" AJ";общее;region:NAMANGAN;Наманганская область;795.028;9.169;706;1.153;1126101;Страх_отчет(III_чорак_2025_йил_)_uz_—_filtr
2025-10-01;company:HAMKOR SUG'URTA AJ;"""HAMKOR SUG’URTA"" AJ";общее;region:NAVOIY;Навоийская область;622.021;100.023;495;16.080;1256608;Страх_отчет(III_чорак_2025_йил_)_uz_—_filtr
2025-10-01;company:HAMKOR SUG'URTA AJ;"""HAMKOR SUG’URTA"" AJ";общее;region:QASHQADARYO;Кашкадарьинская область;525.833;159.231;318;30.282;1653564;Страх_отчет(III_чорак_2025_йил_)_uz_—_filtr
2025-10-01;company:HAMKOR SUG'URTA AJ;"""HAMKOR SUG’URTA"" AJ";общее;region:QORAQALPOG'ISTON RESPUBLIKASI;Республика Каракалпакстан;746.014;25.708;954;3.446;781986;Страх_отчет(III_чорак_2025_йил_)_uz_—_filtr
2025-10-01;company:HAMKOR SUG'URTA AJ;"""HAMKOR SUG’URTA"" AJ";общее;region:SAMARQAND;Самаркандская область;1306.764;89.812;997;6.873;1310696;Страх_отчет(III_чорак_2025_йил_)_uz_—_filtr
2025-10-01;company:HAMKOR SUG'URTA AJ;"""HAMKOR SUG’URTA"" AJ";общее;region:SIRDARYO;Сырдарьинская область;663.535;91.042;1315;13.721;504590;Страх_отчет(III_чорак_2025_йил_)_uz_—_filtr
2025-10-01;company:HAMKOR SUG'URTA AJ;"""HAMKOR SUG’URTA"" AJ";общее;region:SURXANDARYO;Сурхандарьинская область;712.253;116.439;797;16.348;893668;Страх_отчет(III_чорак_2025_йил_)_uz_—_filtr
2025-10-01;company:HAMKOR SUG'URTA AJ;"""HAMKOR SUG’URTA"" AJ";общее;region:TOSHKENT;Ташкентская область;1460.758;205.793;5949;14.088;245547;Страх_отчет(III_чорак_2025_йил_)_uz_—_filtr
2025-10-01;company:HAMKOR SUG'URTA AJ;"""HAMKOR SUG’URTA"" AJ";общее;region:TOSHKENT SHAHRI;город Ташкент;2839.658;1746.750;7469;61.513;380193;Страх_отчет(III_чорак_2025_йил_)_uz_—_filtr
2025-10-01;company:HAMKOR SUG'URTA AJ;"""HAMKOR SUG’URTA"" AJ";общее;region:XORAZM;Хорезмская область;1843.868;102.115;1126;5.538;1637538;Страх_отчет(III_чорак_2025_йил_)_uz_—_filtr
2025-10-01;company:HAMKOR SUG'URTA AJ;"""HAMKOR SUG’URTA"" AJ";общее;total;Все регионы;16748.722;3063.866;24942;18.293;671507;Страх_отчет(III_чорак_2025_йил_)_uz_—_filtr
2025-10-01;company:IMKON SUG'URTA AJ;"""IMKON SUG’URTA"" AJ";общее;region:ANDIJON;Андижанская область;698.066;0.000;1184;0.000;589583;Страх_отчет(III_чорак_2025_йил_)_uz_—_filtr
2025-10-01;company:IMKON SUG'URTA AJ;"""IMKON SUG’URTA"" AJ";общее;region:BUXORO;Бухарская область;258.015;26.825;659;10.397;391525;Страх_отчет(III_чорак_2025_йил_)_uz_—_filtr
2025-10-01;company:IMKON SUG'URTA AJ;"""IMKON SUG’URTA"" AJ";общее;region:FARG'ONA;Ферганская область;1281.287;10.953;2695;0.855;475431;Страх_отчет(III_чорак_2025_йил_)_uz_—_filtr
2025-10-01;company:IMKON SUG'URTA AJ;"""IMKON SUG’URTA"" AJ";общее;region:JIZZAX;Джизакская область;124.784;34.303;1348;27.490;92570;Страх_отчет(III_чорак_2025_йил_)_uz_—_filtr
2025-10-01;company:IMKON SUG'URTA AJ;"""IMKON SUG’URTA"" AJ";общее;region:NAMANGAN;Наманганская область;461.348;0.000;338;0.000;1364934;Страх_отчет(III_чорак_2025_йил_)_uz_—_filtr
2025-10-01;company:IMKON SUG'URTA AJ;"""IMKON SUG’URTA"" AJ";общее;region:NAVOIY;Навоийская область;1453.282;406.990;2577;28.005;563943;Страх_отчет(III_чорак_2025_йил_)_uz_—_filtr
2025-10-01;company:IMKON SUG'URTA AJ;"""IMKON SUG’URTA"" AJ";общее;region:QASHQADARYO;Кашкадарьинская область;497.243;0.000;643;0.000;773318;Страх_отчет(III_чорак_2025_йил_)_uz_—_filtr
2025-10-01;company:IMKON SUG'URTA AJ;"""IMKON SUG’URTA"" AJ";общее;region:QORAQALPOG'ISTON RESPUBLIKASI;Республика Каракалпакстан;1003.567;17.320;2510;1.726;399827;Страх_отчет(III_чорак_2025_йил_)_uz_—_filtr
2025-10-01;company:IMKON SUG'URTA AJ;"""IMKON SUG’URTA"" AJ";общее;region:SAMARQAND;Самаркандская область;2865.495;92.910;6292;3.242;455419;Страх_отчет(III_чорак_2025_йил_)_uz_—_filtr
2025-10-01;company:IMKON SUG'URTA AJ;"""IMKON SUG’URTA"" AJ";общее;region:SIRDARYO;Сырдарьинская область;199.227;4.384;689;2.201;289153;Страх_отчет(III_чорак_2025_йил_)_uz_—_filtr
2025-10-01;company:IMKON SUG'URTA AJ;"""IMKON SUG’URTA"" AJ";общее;region:SURXANDARYO;Сурхандарьинская область;1212.710;102.439;3085;8.447;393099;Страх_отчет(III_чорак_2025_йил_)_uz_—_filtr
2025-10-01;company:IMKON SUG'URTA AJ;"""IMKON SUG’URTA"" AJ";общее;region:TOSHKENT;Ташкентская область;4331.478;111.853;4112;2.582;1053375;Страх_отчет(III_чорак_2025_йил_)_uz_—_filtr
2025-10-01;company:IMKON SUG'URTA AJ;"""IMKON SUG’URTA"" AJ";общее;region:TOSHKENT SHAHRI;город Ташкент;27137.478;14692.153;350684;54.140;77384;Страх_отчет(III_чорак_2025_йил_)_uz_—_filtr
2025-10-01;company:IMKON SUG'URTA AJ;"""IMKON SUG’URTA"" AJ";общее;region:XORAZM;Хорезмская область;871.067;80.860;1243;9.283;700778;Страх_отчет(III_чорак_2025_йил_)_uz_—_filtr
2025-10-01;company:IMKON SUG'URTA AJ;"""IMKON SUG’URTA"" AJ";общее;total;Все регионы;42395.046;15580.992;378059;36.752;112139;Страх_отчет(III_чорак_2025_йил_)_uz_—_filtr
2025-10-01;company:IMPEX-INSURANCE AJ;"""IMPEX-INSURANCE"" AJ";общее;region:ANDIJON;Андижанская область;5173.848;283.102;3371;5.472;1534811;Страх_отчет(III_чорак_2025_йил_)_uz_—_filtr
2025-10-01;company:IMPEX-INSURANCE AJ;"""IMPEX-INSURANCE"" AJ";общее;region:BUXORO;Бухарская область;3196.341;49.892;5089;1.561;628088;Страх_отчет(III_чорак_2025_йил_)_uz_—_filtr
2025-10-01;company:IMPEX-INSURANCE AJ;"""IMPEX-INSURANCE"" AJ";общее;region:FARG'ONA;Ферганская область;8241.024;158.514;26796;1.923;307547;Страх_отчет(III_чорак_2025_йил_)_uz_—_filtr
2025-10-01;company:IMPEX-INSURANCE AJ;"""IMPEX-INSURANCE"" AJ";общее;region:JIZZAX;Джизакская область;1934.458;31.665;1390;1.637;1391696;Страх_отчет(III_чорак_2025_йил_)_uz_—_filtr
2025-10-01;company:IMPEX-INSURANCE AJ;"""IMPEX-INSURANCE"" AJ";общее;region:NAMANGAN;Наманганская область;0.000;111.231;54;;0;Страх_отчет(III_чорак_2025_йил_)_uz_—_filtr
2025-10-01;company:IMPEX-INSURANCE AJ;"""IMPEX-INSURANCE"" AJ";общее;region:NAVOIY;Навоийская область;2545.147;141.737;1649;5.569;1543449;Страх_отчет(III_чорак_2025_йил_)_uz_—_filtr
2025-10-01;company:IMPEX-INSURANCE AJ;"""IMPEX-INSURANCE"" AJ";общее;region:QASHQADARYO;Кашкадарьинская область;2187.414;131.404;3858;6.007;566981;Страх_отчет(III_чорак_2025_йил_)_uz_—_filtr
2025-10-01;company:IMPEX-INSURANCE AJ;"""IMPEX-INSURANCE"" AJ";общее;region:QORAQALPOG'ISTON RESPUBLIKASI;Республика Каракалпакстан;2407.752;161.168;2562;6.694;939794;Страх_отчет(III_чорак_2025_йил_)_uz_—_filtr
2025-10-01;company:IMPEX-INSURANCE AJ;"""IMPEX-INSURANCE"" AJ";общее;region:SAMARQAND;Самаркандская область;2574.277;162.749;3214;6.322;800957;Страх_отчет(III_чорак_2025_йил_)_uz_—_filtr
2025-10-01;company:IMPEX-INSURANCE AJ;"""IMPEX-INSURANCE"" AJ";общее;region:SIRDARYO;Сырдарьинская область;1556.242;222.448;1309;14.294;1188879;Страх_отчет(III_чорак_2025_йил_)_uz_—_filtr
2025-10-01;company:IMPEX-INSURANCE AJ;"""IMPEX-INSURANCE"" AJ";общее;region:SURXANDARYO;Сурхандарьинская область;4564.076;167.274;14577;3.665;313101;Страх_отчет(III_чорак_2025_йил_)_uz_—_filtr
2025-10-01;company:IMPEX-INSURANCE AJ;"""IMPEX-INSURANCE"" AJ";общее;region:TOSHKENT;Ташкентская область;2254.947;178.276;2740;7.906;822973;Страх_отчет(III_чорак_2025_йил_)_uz_—_filtr
2025-10-01;company:IMPEX-INSURANCE AJ;"""IMPEX-INSURANCE"" AJ";общее;region:TOSHKENT SHAHRI;город Ташкент;166575.928;41546.476;45798;24.941;3637188;Страх_отчет(III_чорак_2025_йил_)_uz_—_filtr
2025-10-01;company:IMPEX-INSURANCE AJ;"""IMPEX-INSURANCE"" AJ";общее;region:XORAZM;Хорезмская область;3793.119;522.616;6290;13.778;603040;Страх_отчет(III_чорак_2025_йил_)_uz_—_filtr
2025-10-01;company:IMPEX-INSURANCE AJ;"""IMPEX-INSURANCE"" AJ";общее;total;Все регионы;207004.573;43868.551;118697;21.192;1743975;Страх_отчет(III_чорак_2025_йил_)_uz_—_filtr
2025-10-01;company:INFINITY INSURANCE AJ;"""INFINITY INSURANCE"" AJ";общее;region:ANDIJON;Андижанская область;1266.123;67.736;1331;5.350;951257;Страх_отчет(III_чорак_2025_йил_)_uz_—_filtr
2025-10-01;company:INFINITY INSURANCE AJ;"""INFINITY INSURANCE"" AJ";общее;region:BUXORO;Бухарская область;655.292;157.751;1318;24.073;497187;Страх_отчет(III_чорак_2025_йил_)_uz_—_filtr
2025-10-01;company:INFINITY INSURANCE AJ;"""INFINITY INSURANCE"" AJ";общее;region:FARG'ONA;Ферганская область;2348.681;64.885;2103;2.763;1116824;Страх_отчет(III_чорак_2025_йил_)_uz_—_filtr
2025-10-01;company:INFINITY INSURANCE AJ;"""INFINITY INSURANCE"" AJ";общее;region:JIZZAX;Джизакская область;729.809;281.373;2373;38.554;307547;Страх_отчет(III_чорак_2025_йил_)_uz_—_filtr
2025-10-01;company:INFINITY INSURANCE AJ;"""INFINITY INSURANCE"" AJ";общее;region:NAMANGAN;Наманганская область;234.341;393.170;1663;167.777;140915;Страх_отчет(III_чорак_2025_йил_)_uz_—_filtr
2025-10-01;company:INFINITY INSURANCE AJ;"""INFINITY INSURANCE"" AJ";общее;region:NAVOIY;Навоийская область;560.330;541.276;2157;96.600;259773;Страх_отчет(III_чорак_2025_йил_)_uz_—_filtr
2025-10-01;company:INFINITY INSURANCE AJ;"""INFINITY INSURANCE"" AJ";общее;region:QASHQADARYO;Кашкадарьинская область;3336.638;449.629;3803;13.476;877370;Страх_отчет(III_чорак_2025_йил_)_uz_—_filtr
2025-10-01;company:INFINITY INSURANCE AJ;"""INFINITY INSURANCE"" AJ";общее;region:QORAQALPOG'ISTON RESPUBLIKASI;Республика Каракалпакстан;1042.396;439.111;3495;42.125;298253;Страх_отчет(III_чорак_2025_йил_)_uz_—_filtr
2025-10-01;company:INFINITY INSURANCE AJ;"""INFINITY INSURANCE"" AJ";общее;region:SAMARQAND;Самаркандская область;2522.278;70.625;2771;2.800;910241;Страх_отчет(III_чорак_2025_йил_)_uz_—_filtr
2025-10-01;company:INFINITY INSURANCE AJ;"""INFINITY INSURANCE"" AJ";общее;region:SIRDARYO;Сырдарьинская область;47.843;12.795;649;26.744;73719;Страх_отчет(III_чорак_2025_йил_)_uz_—_filtr
2025-10-01;company:INFINITY INSURANCE AJ;"""INFINITY INSURANCE"" AJ";общее;region:SURXANDARYO;Сурхандарьинская область;1393.795;62.186;2515;4.462;554193;Страх_отчет(III_чорак_2025_йил_)_uz_—_filtr
2025-10-01;company:INFINITY INSURANCE AJ;"""INFINITY INSURANCE"" AJ";общее;region:TOSHKENT;Ташкентская область;6360.148;678.698;2788;10.671;2281258;Страх_отчет(III_чорак_2025_йил_)_uz_—_filtr
2025-10-01;company:INFINITY INSURANCE AJ;"""INFINITY INSURANCE"" AJ";общее;region:TOSHKENT SHAHRI;город Ташкент;26302.499;6626.021;58971;25.192;446024;Страх_отчет(III_чорак_2025_йил_)_uz_—_filtr
2025-10-01;company:INFINITY INSURANCE AJ;"""INFINITY INSURANCE"" AJ";общее;region:XORAZM;Хорезмская область;960.315;5.755;1482;0.599;647986;Страх_отчет(III_чорак_2025_йил_)_uz_—_filtr
2025-10-01;company:INFINITY INSURANCE AJ;"""INFINITY INSURANCE"" AJ";общее;total;Все регионы;47760.487;9851.010;87419;20.626;546340;Страх_отчет(III_чорак_2025_йил_)_uz_—_filtr
2025-10-01;company:INSON AJ;"""INSON"" AJ";общее;region:ANDIJON;Андижанская область;2585.713;373.216;5811;14.434;444969;Страх_отчет(III_чорак_2025_йил_)_uz_—_filtr
2025-10-01;company:INSON AJ;"""INSON"" AJ";общее;region:BUXORO;Бухарская область;3594.069;580.226;3815;16.144;942089;Страх_отчет(III_чорак_2025_йил_)_uz_—_filtr
2025-10-01;company:INSON AJ;"""INSON"" AJ";общее;region:FARG'ONA;Ферганская область;3355.147;895.483;3701;26.690;906551;Страх_отчет(III_чорак_2025_йил_)_uz_—_filtr
2025-10-01;company:INSON AJ;"""INSON"" AJ";общее;region:JIZZAX;Джизакская область;0.364;0.000;120;0.000;3036;Страх_отчет(III_чорак_2025_йил_)_uz_—_filtr
2025-10-01;company:INSON AJ;"""INSON"" AJ";общее;region:NAMANGAN;Наманганская область;1606.008;76.952;1710;4.792;939186;Страх_отчет(III_чорак_2025_йил_)_uz_—_filtr
2025-10-01;company:INSON AJ;"""INSON"" AJ";общее;region:NAVOIY;Навоийская область;22.184;33.669;231;151.771;96034;Страх_отчет(III_чорак_2025_йил_)_uz_—_filtr
2025-10-01;company:INSON AJ;"""INSON"" AJ";общее;region:QASHQADARYO;Кашкадарьинская область;5830.806;1054.746;16376;18.089;356058;Страх_отчет(III_чорак_2025_йил_)_uz_—_filtr
2025-10-01;company:INSON AJ;"""INSON"" AJ";общее;region:QORAQALPOG'ISTON RESPUBLIKASI;Республика Каракалпакстан;207.289;130.434;4339;62.924;47773;Страх_отчет(III_чорак_2025_йил_)_uz_—_filtr
2025-10-01;company:INSON AJ;"""INSON"" AJ";общее;region:SAMARQAND;Самаркандская область;5888.929;1091.596;5542;18.536;1062600;Страх_отчет(III_чорак_2025_йил_)_uz_—_filtr
2025-10-01;company:INSON AJ;"""INSON"" AJ";общее;region:SIRDARYO;Сырдарьинская область;6.943;65.818;474;947.926;14648;Страх_отчет(III_чорак_2025_йил_)_uz_—_filtr
2025-10-01;company:INSON AJ;"""INSON"" AJ";общее;region:SURXANDARYO;Сурхандарьинская область;2645.450;623.074;15866;23.553;166737;Страх_отчет(III_чорак_2025_йил_)_uz_—_filtr
2025-10-01;company:INSON AJ;"""INSON"" AJ";общее;region:TOSHKENT;Ташкентская область;129.379;121.752;157;94.105;824070;Страх_отчет(III_чорак_2025_йил_)_uz_—_filtr
2025-10-01;company:INSON AJ;"""INSON"" AJ";общее;region:TOSHKENT SHAHRI;город Ташкент;116156.957;27755.102;187861;23.894;618313;Страх_отчет(III_чорак_2025_йил_)_uz_—_filtr
2025-10-01;company:INSON AJ;"""INSON"" AJ";общее;region:XORAZM;Хорезмская область;2426.818;146.710;1726;6.045;1406036;Страх_отчет(III_чорак_2025_йил_)_uz_—_filtr
2025-10-01;company:INSON AJ;"""INSON"" AJ";общее;total;Все регионы;144456.056;32948.778;247729;22.809;583121;Страх_отчет(III_чорак_2025_йил_)_uz_—_filtr
2025-10-01;company:ISHONCH SUG'URTA KOMPANIYASI AJ;"""ISHONCH SUG‘URTA KOMPANIYASI"" AJ";общее;region:ANDIJON;Андижанская область;415.836;0.000;1335;0.000;311488;Страх_отчет(III_чорак_2025_йил_)_uz_—_filtr
2025-10-01;company:ISHONCH SUG'URTA KOMPANIYASI AJ;"""ISHONCH SUG‘URTA KOMPANIYASI"" AJ";общее;region:BUXORO;Бухарская область;1547.766;88.939;2080;5.746;744118;Страх_отчет(III_чорак_2025_йил_)_uz_—_filtr
2025-10-01;company:ISHONCH SUG'URTA KOMPANIYASI AJ;"""ISHONCH SUG‘URTA KOMPANIYASI"" AJ";общее;region:FARG'ONA;Ферганская область;1879.716;55.200;5088;2.937;369441;Страх_отчет(III_чорак_2025_йил_)_uz_—_filtr
2025-10-01;company:ISHONCH SUG'URTA KOMPANIYASI AJ;"""ISHONCH SUG‘URTA KOMPANIYASI"" AJ";общее;region:JIZZAX;Джизакская область;2096.315;0.000;1621;0.000;1293223;Страх_отчет(III_чорак_2025_йил_)_uz_—_filtr
2025-10-01;company:ISHONCH SUG'URTA KOMPANIYASI AJ;"""ISHONCH SUG‘URTA KOMPANIYASI"" AJ";общее;region:NAMANGAN;Наманганская область;1011.889;24.460;1465;2.417;690710;Страх_отчет(III_чорак_2025_йил_)_uz_—_filtr
2025-10-01;company:ISHONCH SUG'URTA KOMPANIYASI AJ;"""ISHONCH SUG‘URTA KOMPANIYASI"" AJ";общее;region:NAVOIY;Навоийская область;1043.464;57.533;1384;5.514;753948;Страх_отчет(III_чорак_2025_йил_)_uz_—_filtr
2025-10-01;company:ISHONCH SUG'URTA KOMPANIYASI AJ;"""ISHONCH SUG‘URTA KOMPANIYASI"" AJ";общее;region:QASHQADARYO;Кашкадарьинская область;863.187;902.704;3411;104.578;253060;Страх_отчет(III_чорак_2025_йил_)_uz_—_filtr
2025-10-01;company:ISHONCH SUG'URTA KOMPANIYASI AJ;"""ISHONCH SUG‘URTA KOMPANIYASI"" AJ";общее;region:QORAQALPOG'ISTON RESPUBLIKASI;Республика Каракалпакстан;1720.229;295.406;2329;17.173;738613;Страх_отчет(III_чорак_2025_йил_)_uz_—_filtr
2025-10-01;company:ISHONCH SUG'URTA KOMPANIYASI AJ;"""ISHONCH SUG‘URTA KOMPANIYASI"" AJ";общее;region:SAMARQAND;Самаркандская область;438.000;503.358;770;114.922;568831;Страх_отчет(III_чорак_2025_йил_)_uz_—_filtr
2025-10-01;company:ISHONCH SUG'URTA KOMPANIYASI AJ;"""ISHONCH SUG‘URTA KOMPANIYASI"" AJ";общее;region:SIRDARYO;Сырдарьинская область;407.579;105.221;629;25.816;647980;Страх_отчет(III_чорак_2025_йил_)_uz_—_filtr
2025-10-01;company:ISHONCH SUG'URTA KOMPANIYASI AJ;"""ISHONCH SUG‘URTA KOMPANIYASI"" AJ";общее;region:SURXANDARYO;Сурхандарьинская область;1306.186;979.334;2855;74.977;457508;Страх_отчет(III_чорак_2025_йил_)_uz_—_filtr
2025-10-01;company:ISHONCH SUG'URTA KOMPANIYASI AJ;"""ISHONCH SUG‘URTA KOMPANIYASI"" AJ";общее;region:TOSHKENT;Ташкентская область;5433.335;1002.604;2095;18.453;2593477;Страх_отчет(III_чорак_2025_йил_)_uz_—_filtr
2025-10-01;company:ISHONCH SUG'URTA KOMPANIYASI AJ;"""ISHONCH SUG‘URTA KOMPANIYASI"" AJ";общее;region:TOSHKENT SHAHRI;город Ташкент;40411.184;7558.355;52791;18.704;765494;Страх_отчет(III_чорак_2025_йил_)_uz_—_filtr
2025-10-01;company:ISHONCH SUG'URTA KOMPANIYASI AJ;"""ISHONCH SUG‘URTA KOMPANIYASI"" AJ";общее;region:XORAZM;Хорезмская область;1101.832;0.000;1662;0.000;662956;Страх_отчет(III_чорак_2025_йил_)_uz_—_filtr
2025-10-01;company:ISHONCH SUG'URTA KOMPANIYASI AJ;"""ISHONCH SUG‘URTA KOMPANIYASI"" AJ";общее;total;Все регионы;59676.518;11573.114;79515;19.393;750506;Страх_отчет(III_чорак_2025_йил_)_uz_—_filtr
2025-10-01;company:KAFIL SUG'URTA AJ;"""KAFIL SUG’URTA"" AJ";общее;region:ANDIJON;Андижанская область;7299.004;256.218;4572;3.510;1596457;Страх_отчет(III_чорак_2025_йил_)_uz_—_filtr
2025-10-01;company:KAFIL SUG'URTA AJ;"""KAFIL SUG’URTA"" AJ";общее;region:BUXORO;Бухарская область;12244.902;316.154;8823;2.582;1387839;Страх_отчет(III_чорак_2025_йил_)_uz_—_filtr
2025-10-01;company:KAFIL SUG'URTA AJ;"""KAFIL SUG’URTA"" AJ";общее;region:FARG'ONA;Ферганская область;17157.566;249.894;5248;1.456;3269353;Страх_отчет(III_чорак_2025_йил_)_uz_—_filtr
2025-10-01;company:KAFIL SUG'URTA AJ;"""KAFIL SUG’URTA"" AJ";общее;region:JIZZAX;Джизакская область;4773.990;101.196;1636;2.120;2918087;Страх_отчет(III_чорак_2025_йил_)_uz_—_filtr
2025-10-01;company:KAFIL SUG'URTA AJ;"""KAFIL SUG’URTA"" AJ";общее;region:NAMANGAN;Наманганская область;2517.743;357.154;1768;14.185;1424063;Страх_отчет(III_чорак_2025_йил_)_uz_—_filtr
2025-10-01;company:KAFIL SUG'URTA AJ;"""KAFIL SUG’URTA"" AJ";общее;region:NAVOIY;Навоийская область;5103.450;9845.053;2991;192.910;1706269;Страх_отчет(III_чорак_2025_йил_)_uz_—_filtr
2025-10-01;company:KAFIL SUG'URTA AJ;"""KAFIL SUG’URTA"" AJ";общее;region:QASHQADARYO;Кашкадарьинская область;5481.485;222.850;3822;4.066;1434193;Страх_отчет(III_чорак_2025_йил_)_uz_—_filtr
2025-10-01;company:KAFIL SUG'URTA AJ;"""KAFIL SUG’URTA"" AJ";общее;region:QORAQALPOG'ISTON RESPUBLIKASI;Республика Каракалпакстан;2186.198;584.053;1829;26.715;1195297;Страх_отчет(III_чорак_2025_йил_)_uz_—_filtr
2025-10-01;company:KAFIL SUG'URTA AJ;"""KAFIL SUG’URTA"" AJ";общее;region:SAMARQAND;Самаркандская область;1393.105;151.475;2281;10.873;610743;Страх_отчет(III_чорак_2025_йил_)_uz_—_filtr
2025-10-01;company:KAFIL SUG'URTA AJ;"""KAFIL SUG’URTA"" AJ";общее;region:SIRDARYO;Сырдарьинская область;2502.024;1016.359;1428;40.621;1752118;Страх_отчет(III_чорак_2025_йил_)_uz_—_filtr
2025-10-01;company:KAFIL SUG'URTA AJ;"""KAFIL SUG’URTA"" AJ";общее;region:SURXANDARYO;Сурхандарьинская область;2513.388;132.646;1732;5.278;1451148;Страх_отчет(III_чорак_2025_йил_)_uz_—_filtr
2025-10-01;company:KAFIL SUG'URTA AJ;"""KAFIL SUG’URTA"" AJ";общее;region:TOSHKENT;Ташкентская область;29668.736;2142.582;8934;7.222;3320879;Страх_отчет(III_чорак_2025_йил_)_uz_—_filtr
2025-10-01;company:KAFIL SUG'URTA AJ;"""KAFIL SUG’URTA"" AJ";общее;region:TOSHKENT SHAHRI;город Ташкент;120248.127;38139.528;515727;31.717;233162;Страх_отчет(III_чорак_2025_йил_)_uz_—_filtr
2025-10-01;company:KAFIL SUG'URTA AJ;"""KAFIL SUG’URTA"" AJ";общее;region:XORAZM;Хорезмская область;6283.623;1009.312;10106;16.063;621772;Страх_отчет(III_чорак_2025_йил_)_uz_—_filtr
2025-10-01;company:KAFIL SUG'URTA AJ;"""KAFIL SUG’URTA"" AJ";общее;total;Все регионы;219373.341;54524.475;570897;24.855;384261;Страх_отчет(III_чорак_2025_йил_)_uz_—_filtr
2025-10-01;company:KAFOLAT HAYOT INSURANCE AJ;"""KAFOLAT HAYOT INSURANCE"" AJ";жизнь;region:ANDIJON;Андижанская область;65.151;78.219;13;120.057;5011644;Страх_отчет(III_чорак_2025_йил_)_uz_—_filtr
2025-10-01;company:KAFOLAT HAYOT INSURANCE AJ;"""KAFOLAT HAYOT INSURANCE"" AJ";жизнь;region:BUXORO;Бухарская область;0.043;132.750;0;308721.628;;Страх_отчет(III_чорак_2025_йил_)_uz_—_filtr
2025-10-01;company:KAFOLAT HAYOT INSURANCE AJ;"""KAFOLAT HAYOT INSURANCE"" AJ";жизнь;region:FARG'ONA;Ферганская область;151.225;132.738;1;87.775;151225411;Страх_отчет(III_чорак_2025_йил_)_uz_—_filtr
2025-10-01;company:KAFOLAT HAYOT INSURANCE AJ;"""KAFOLAT HAYOT INSURANCE"" AJ";жизнь;region:JIZZAX;Джизакская область;0.000;14.179;0;;;Страх_отчет(III_чорак_2025_йил_)_uz_—_filtr
2025-10-01;company:KAFOLAT HAYOT INSURANCE AJ;"""KAFOLAT HAYOT INSURANCE"" AJ";жизнь;region:NAMANGAN;Наманганская область;0.000;46.773;0;;;Страх_отчет(III_чорак_2025_йил_)_uz_—_filtr
2025-10-01;company:KAFOLAT HAYOT INSURANCE AJ;"""KAFOLAT HAYOT INSURANCE"" AJ";жизнь;region:NAVOIY;Навоийская область;0.000;71.513;0;;;Страх_отчет(III_чорак_2025_йил_)_uz_—_filtr
2025-10-01;company:KAFOLAT HAYOT INSURANCE AJ;"""KAFOLAT HAYOT INSURANCE"" AJ";жизнь;region:QASHQADARYO;Кашкадарьинская область;0.000;15.587;0;;;Страх_отчет(III_чорак_2025_йил_)_uz_—_filtr
2025-10-01;company:KAFOLAT HAYOT INSURANCE AJ;"""KAFOLAT HAYOT INSURANCE"" AJ";жизнь;region:QORAQALPOG'ISTON RESPUBLIKASI;Республика Каракалпакстан;0.000;5.526;0;;;Страх_отчет(III_чорак_2025_йил_)_uz_—_filtr
2025-10-01;company:KAFOLAT HAYOT INSURANCE AJ;"""KAFOLAT HAYOT INSURANCE"" AJ";жизнь;region:SAMARQAND;Самаркандская область;0.000;9.485;0;;;Страх_отчет(III_чорак_2025_йил_)_uz_—_filtr
2025-10-01;company:KAFOLAT HAYOT INSURANCE AJ;"""KAFOLAT HAYOT INSURANCE"" AJ";жизнь;region:SIRDARYO;Сырдарьинская область;0.000;28.777;0;;;Страх_отчет(III_чорак_2025_йил_)_uz_—_filtr
2025-10-01;company:KAFOLAT HAYOT INSURANCE AJ;"""KAFOLAT HAYOT INSURANCE"" AJ";жизнь;region:SURXANDARYO;Сурхандарьинская область;0.000;16.410;0;;;Страх_отчет(III_чорак_2025_йил_)_uz_—_filtr
2025-10-01;company:KAFOLAT HAYOT INSURANCE AJ;"""KAFOLAT HAYOT INSURANCE"" AJ";жизнь;region:TOSHKENT;Ташкентская область;1920.784;213.083;10;11.094;192078367;Страх_отчет(III_чорак_2025_йил_)_uz_—_filtr
2025-10-01;company:KAFOLAT HAYOT INSURANCE AJ;"""KAFOLAT HAYOT INSURANCE"" AJ";жизнь;region:TOSHKENT SHAHRI;город Ташкент;12102.061;2716.996;399;22.451;30330979;Страх_отчет(III_чорак_2025_йил_)_uz_—_filtr
2025-10-01;company:KAFOLAT HAYOT INSURANCE AJ;"""KAFOLAT HAYOT INSURANCE"" AJ";жизнь;region:XORAZM;Хорезмская область;0.000;0.000;0;;;Страх_отчет(III_чорак_2025_йил_)_uz_—_filtr
2025-10-01;company:KAFOLAT HAYOT INSURANCE AJ;"""KAFOLAT HAYOT INSURANCE"" AJ";жизнь;total;Все регионы;14239.264;3482.035;423;24.454;33662563;Страх_отчет(III_чорак_2025_йил_)_uz_—_filtr
2025-10-01;company:KAFOLAT SUG'URTA KOMPANIYASI AJ;"""KAFOLAT SUG‘URTA KOMPANIYASI"" AJ";общее;region:ANDIJON;Андижанская область;14681.113;907.244;41611;6.180;352818;Страх_отчет(III_чорак_2025_йил_)_uz_—_filtr
2025-10-01;company:KAFOLAT SUG'URTA KOMPANIYASI AJ;"""KAFOLAT SUG‘URTA KOMPANIYASI"" AJ";общее;region:BUXORO;Бухарская область;5282.201;1724.556;41443;32.648;127457;Страх_отчет(III_чорак_2025_йил_)_uz_—_filtr
2025-10-01;company:KAFOLAT SUG'URTA KOMPANIYASI AJ;"""KAFOLAT SUG‘URTA KOMPANIYASI"" AJ";общее;region:FARG'ONA;Ферганская область;7571.787;887.827;68340;11.725;110796;Страх_отчет(III_чорак_2025_йил_)_uz_—_filtr
2025-10-01;company:KAFOLAT SUG'URTA KOMPANIYASI AJ;"""KAFOLAT SUG‘URTA KOMPANIYASI"" AJ";общее;region:JIZZAX;Джизакская область;2777.627;628.829;24356;22.639;114043;Страх_отчет(III_чорак_2025_йил_)_uz_—_filtr
2025-10-01;company:KAFOLAT SUG'URTA KOMPANIYASI AJ;"""KAFOLAT SUG‘URTA KOMPANIYASI"" AJ";общее;region:NAMANGAN;Наманганская область;5705.361;538.685;94835;9.442;60161;Страх_отчет(III_чорак_2025_йил_)_uz_—_filtr
2025-10-01;company:KAFOLAT SUG'URTA KOMPANIYASI AJ;"""KAFOLAT SUG‘URTA KOMPANIYASI"" AJ";общее;region:NAVOIY;Навоийская область;2347.280;215.595;19884;9.185;118049;Страх_отчет(III_чорак_2025_йил_)_uz_—_filtr
2025-10-01;company:KAFOLAT SUG'URTA KOMPANIYASI AJ;"""KAFOLAT SUG‘URTA KOMPANIYASI"" AJ";общее;region:QASHQADARYO;Кашкадарьинская область;3060.946;523.642;32134;17.107;95256;Страх_отчет(III_чорак_2025_йил_)_uz_—_filtr
2025-10-01;company:KAFOLAT SUG'URTA KOMPANIYASI AJ;"""KAFOLAT SUG‘URTA KOMPANIYASI"" AJ";общее;region:QORAQALPOG'ISTON RESPUBLIKASI;Республика Каракалпакстан;1702.650;307.502;9374;18.060;181635;Страх_отчет(III_чорак_2025_йил_)_uz_—_filtr
2025-10-01;company:KAFOLAT SUG'URTA KOMPANIYASI AJ;"""KAFOLAT SUG‘URTA KOMPANIYASI"" AJ";общее;region:SAMARQAND;Самаркандская область;5136.056;1353.362;40863;26.350;125690;Страх_отчет(III_чорак_2025_йил_)_uz_—_filtr
2025-10-01;company:KAFOLAT SUG'URTA KOMPANIYASI AJ;"""KAFOLAT SUG‘URTA KOMPANIYASI"" AJ";общее;region:SIRDARYO;Сырдарьинская область;1717.023;302.813;21110;17.636;81337;Страх_отчет(III_чорак_2025_йил_)_uz_—_filtr
2025-10-01;company:KAFOLAT SUG'URTA KOMPANIYASI AJ;"""KAFOLAT SUG‘URTA KOMPANIYASI"" AJ";общее;region:SURXANDARYO;Сурхандарьинская область;3406.818;217.983;33361;6.398;102120;Страх_отчет(III_чорак_2025_йил_)_uz_—_filtr
2025-10-01;company:KAFOLAT SUG'URTA KOMPANIYASI AJ;"""KAFOLAT SUG‘URTA KOMPANIYASI"" AJ";общее;region:TOSHKENT;Ташкентская область;11381.978;2009.593;16262;17.656;699913;Страх_отчет(III_чорак_2025_йил_)_uz_—_filtr
2025-10-01;company:KAFOLAT SUG'URTA KOMPANIYASI AJ;"""KAFOLAT SUG‘URTA KOMPANIYASI"" AJ";общее;region:TOSHKENT SHAHRI;город Ташкент;391457.742;92832.217;68473;23.714;5716965;Страх_отчет(III_чорак_2025_йил_)_uz_—_filtr
2025-10-01;company:KAFOLAT SUG'URTA KOMPANIYASI AJ;"""KAFOLAT SUG‘URTA KOMPANIYASI"" AJ";общее;region:XORAZM;Хорезмская область;3917.648;331.682;26570;8.466;147446;Страх_отчет(III_чорак_2025_йил_)_uz_—_filtr
2025-10-01;company:KAFOLAT SUG'URTA KOMPANIYASI AJ;"""KAFOLAT SUG‘URTA KOMPANIYASI"" AJ";общее;total;Все регионы;460146.229;102781.530;538616;22.337;854312;Страх_отчет(III_чорак_2025_йил_)_uz_—_filtr
2025-10-01;company:KAPITAL SUG'URTA AJ;"""KAPITAL SUG‘URTA"" AJ";общее;region:ANDIJON;Андижанская область;203.070;2880.055;5977;1418.259;33975;Страх_отчет(III_чорак_2025_йил_)_uz_—_filtr
2025-10-01;company:KAPITAL SUG'URTA AJ;"""KAPITAL SUG‘URTA"" AJ";общее;region:BUXORO;Бухарская область;2630.607;659.802;8714;25.082;301883;Страх_отчет(III_чорак_2025_йил_)_uz_—_filtr
2025-10-01;company:KAPITAL SUG'URTA AJ;"""KAPITAL SUG‘URTA"" AJ";общее;region:FARG'ONA;Ферганская область;8950.560;369.969;16686;4.133;536411;Страх_отчет(III_чорак_2025_йил_)_uz_—_filtr
2025-10-01;company:KAPITAL SUG'URTA AJ;"""KAPITAL SUG‘URTA"" AJ";общее;region:JIZZAX;Джизакская область;59.783;498.569;2823;833.964;21177;Страх_отчет(III_чорак_2025_йил_)_uz_—_filtr
2025-10-01;company:KAPITAL SUG'URTA AJ;"""KAPITAL SUG‘URTA"" AJ";общее;region:NAMANGAN;Наманганская область;1939.353;131.231;8396;6.767;230985;Страх_отчет(III_чорак_2025_йил_)_uz_—_filtr
2025-10-01;company:KAPITAL SUG'URTA AJ;"""KAPITAL SUG‘URTA"" AJ";общее;region:NAVOIY;Навоийская область;892.160;273.799;4183;30.689;213282;Страх_отчет(III_чорак_2025_йил_)_uz_—_filtr
2025-10-01;company:KAPITAL SUG'URTA AJ;"""KAPITAL SUG‘URTA"" AJ";общее;region:QASHQADARYO;Кашкадарьинская область;559.826;29.033;2531;5.186;221188;Страх_отчет(III_чорак_2025_йил_)_uz_—_filtr
2025-10-01;company:KAPITAL SUG'URTA AJ;"""KAPITAL SUG‘URTA"" AJ";общее;region:QORAQALPOG'ISTON RESPUBLIKASI;Республика Каракалпакстан;151.142;478.486;7629;316.581;19811;Страх_отчет(III_чорак_2025_йил_)_uz_—_filtr
2025-10-01;company:KAPITAL SUG'URTA AJ;"""KAPITAL SUG‘URTA"" AJ";общее;region:SAMARQAND;Самаркандская область;4448.896;379.946;10039;8.540;443161;Страх_отчет(III_чорак_2025_йил_)_uz_—_filtr
2025-10-01;company:KAPITAL SUG'URTA AJ;"""KAPITAL SUG‘URTA"" AJ";общее;region:SIRDARYO;Сырдарьинская область;1929.757;203.077;23217;10.523;83118;Страх_отчет(III_чорак_2025_йил_)_uz_—_filtr
2025-10-01;company:KAPITAL SUG'URTA AJ;"""KAPITAL SUG‘URTA"" AJ";общее;region:SURXANDARYO;Сурхандарьинская область;462.207;232.361;5742;50.272;80496;Страх_отчет(III_чорак_2025_йил_)_uz_—_filtr
2025-10-01;company:KAPITAL SUG'URTA AJ;"""KAPITAL SUG‘URTA"" AJ";общее;region:TOSHKENT;Ташкентская область;8186.131;3393.977;13914;41.460;588338;Страх_отчет(III_чорак_2025_йил_)_uz_—_filtr
2025-10-01;company:KAPITAL SUG'URTA AJ;"""KAPITAL SUG‘URTA"" AJ";общее;region:TOSHKENT SHAHRI;город Ташкент;423913.561;74559.499;642687;17.588;659596;Страх_отчет(III_чорак_2025_йил_)_uz_—_filtr
2025-10-01;company:KAPITAL SUG'URTA AJ;"""KAPITAL SUG‘URTA"" AJ";общее;region:XORAZM;Хорезмская область;1857.976;1132.282;5944;60.942;312580;Страх_отчет(III_чорак_2025_йил_)_uz_—_filtr
2025-10-01;company:KAPITAL SUG'URTA AJ;"""KAPITAL SUG‘URTA"" AJ";общее;total;Все регионы;456185.029;85222.086;758482;18.681;601445;Страх_отчет(III_чорак_2025_йил_)_uz_—_filtr
2025-10-01;company:MOSAIC INSURANCE GROUP AJ QK;"""MOSAIC INSURANCE GROUP"" AJ QK (ранее ""MOSAIC INSURANCE COMPANY"")";общее;region:ANDIJON;Андижанская область;0.000;0.000;0;;;Страх_отчет(III_чорак_2025_йил_)_uz_—_filtr
2025-10-01;company:MOSAIC INSURANCE GROUP AJ QK;"""MOSAIC INSURANCE GROUP"" AJ QK (ранее ""MOSAIC INSURANCE COMPANY"")";общее;region:BUXORO;Бухарская область;0.000;0.000;0;;;Страх_отчет(III_чорак_2025_йил_)_uz_—_filtr
2025-10-01;company:MOSAIC INSURANCE GROUP AJ QK;"""MOSAIC INSURANCE GROUP"" AJ QK (ранее ""MOSAIC INSURANCE COMPANY"")";общее;region:FARG'ONA;Ферганская область;0.000;0.000;0;;;Страх_отчет(III_чорак_2025_йил_)_uz_—_filtr
2025-10-01;company:MOSAIC INSURANCE GROUP AJ QK;"""MOSAIC INSURANCE GROUP"" AJ QK (ранее ""MOSAIC INSURANCE COMPANY"")";общее;region:JIZZAX;Джизакская область;0.000;0.000;0;;;Страх_отчет(III_чорак_2025_йил_)_uz_—_filtr
2025-10-01;company:MOSAIC INSURANCE GROUP AJ QK;"""MOSAIC INSURANCE GROUP"" AJ QK (ранее ""MOSAIC INSURANCE COMPANY"")";общее;region:NAMANGAN;Наманганская область;0.000;0.000;0;;;Страх_отчет(III_чорак_2025_йил_)_uz_—_filtr
2025-10-01;company:MOSAIC INSURANCE GROUP AJ QK;"""MOSAIC INSURANCE GROUP"" AJ QK (ранее ""MOSAIC INSURANCE COMPANY"")";общее;region:NAVOIY;Навоийская область;0.000;0.000;0;;;Страх_отчет(III_чорак_2025_йил_)_uz_—_filtr
2025-10-01;company:MOSAIC INSURANCE GROUP AJ QK;"""MOSAIC INSURANCE GROUP"" AJ QK (ранее ""MOSAIC INSURANCE COMPANY"")";общее;region:QASHQADARYO;Кашкадарьинская область;0.000;0.000;0;;;Страх_отчет(III_чорак_2025_йил_)_uz_—_filtr
2025-10-01;company:MOSAIC INSURANCE GROUP AJ QK;"""MOSAIC INSURANCE GROUP"" AJ QK (ранее ""MOSAIC INSURANCE COMPANY"")";общее;region:QORAQALPOG'ISTON RESPUBLIKASI;Республика Каракалпакстан;0.000;0.000;0;;;Страх_отчет(III_чорак_2025_йил_)_uz_—_filtr
2025-10-01;company:MOSAIC INSURANCE GROUP AJ QK;"""MOSAIC INSURANCE GROUP"" AJ QK (ранее ""MOSAIC INSURANCE COMPANY"")";общее;region:SAMARQAND;Самаркандская область;0.000;0.000;0;;;Страх_отчет(III_чорак_2025_йил_)_uz_—_filtr
2025-10-01;company:MOSAIC INSURANCE GROUP AJ QK;"""MOSAIC INSURANCE GROUP"" AJ QK (ранее ""MOSAIC INSURANCE COMPANY"")";общее;region:SIRDARYO;Сырдарьинская область;0.000;0.000;0;;;Страх_отчет(III_чорак_2025_йил_)_uz_—_filtr
2025-10-01;company:MOSAIC INSURANCE GROUP AJ QK;"""MOSAIC INSURANCE GROUP"" AJ QK (ранее ""MOSAIC INSURANCE COMPANY"")";общее;region:SURXANDARYO;Сурхандарьинская область;0.000;0.000;0;;;Страх_отчет(III_чорак_2025_йил_)_uz_—_filtr
2025-10-01;company:MOSAIC INSURANCE GROUP AJ QK;"""MOSAIC INSURANCE GROUP"" AJ QK (ранее ""MOSAIC INSURANCE COMPANY"")";общее;region:TOSHKENT;Ташкентская область;0.000;0.000;0;;;Страх_отчет(III_чорак_2025_йил_)_uz_—_filtr
2025-10-01;company:MOSAIC INSURANCE GROUP AJ QK;"""MOSAIC INSURANCE GROUP"" AJ QK (ранее ""MOSAIC INSURANCE COMPANY"")";общее;region:TOSHKENT SHAHRI;город Ташкент;104264.903;9042.224;1482;8.672;70354185;Страх_отчет(III_чорак_2025_йил_)_uz_—_filtr
2025-10-01;company:MOSAIC INSURANCE GROUP AJ QK;"""MOSAIC INSURANCE GROUP"" AJ QK (ранее ""MOSAIC INSURANCE COMPANY"")";общее;region:XORAZM;Хорезмская область;0.000;0.000;0;;;Страх_отчет(III_чорак_2025_йил_)_uz_—_filtr
2025-10-01;company:MOSAIC INSURANCE GROUP AJ QK;"""MOSAIC INSURANCE GROUP"" AJ QK (ранее ""MOSAIC INSURANCE COMPANY"")";общее;total;Все регионы;104264.903;9042.224;1482;8.672;70354185;Страх_отчет(III_чорак_2025_йил_)_uz_—_filtr
2025-10-01;company:MY-INSURANCE AJ;"""MY-INSURANCE"" AJ";общее;region:ANDIJON;Андижанская область;6185.171;1555.299;10272;25.146;602139;Страх_отчет(III_чорак_2025_йил_)_uz_—_filtr
2025-10-01;company:MY-INSURANCE AJ;"""MY-INSURANCE"" AJ";общее;region:BUXORO;Бухарская область;4524.070;35.753;3874;0.790;1167803;Страх_отчет(III_чорак_2025_йил_)_uz_—_filtr
2025-10-01;company:MY-INSURANCE AJ;"""MY-INSURANCE"" AJ";общее;region:FARG'ONA;Ферганская область;46616.364;13179.368;93555;28.272;498278;Страх_отчет(III_чорак_2025_йил_)_uz_—_filtr
2025-10-01;company:MY-INSURANCE AJ;"""MY-INSURANCE"" AJ";общее;region:JIZZAX;Джизакская область;5398.279;3215.127;405136;59.558;13325;Страх_отчет(III_чорак_2025_йил_)_uz_—_filtr
2025-10-01;company:MY-INSURANCE AJ;"""MY-INSURANCE"" AJ";общее;region:NAMANGAN;Наманганская область;9095.823;15245.176;27410;167.606;331843;Страх_отчет(III_чорак_2025_йил_)_uz_—_filtr
2025-10-01;company:MY-INSURANCE AJ;"""MY-INSURANCE"" AJ";общее;region:NAVOIY;Навоийская область;8142.298;574.133;9057;7.051;899006;Страх_отчет(III_чорак_2025_йил_)_uz_—_filtr
2025-10-01;company:MY-INSURANCE AJ;"""MY-INSURANCE"" AJ";общее;region:QASHQADARYO;Кашкадарьинская область;18050.808;1204.325;10923;6.672;1652550;Страх_отчет(III_чорак_2025_йил_)_uz_—_filtr
2025-10-01;company:MY-INSURANCE AJ;"""MY-INSURANCE"" AJ";общее;region:QORAQALPOG'ISTON RESPUBLIKASI;Республика Каракалпакстан;43912.686;42953.168;13484;97.815;3256651;Страх_отчет(III_чорак_2025_йил_)_uz_—_filtr
2025-10-01;company:MY-INSURANCE AJ;"""MY-INSURANCE"" AJ";общее;region:SAMARQAND;Самаркандская область;21314.787;9949.862;20438;46.681;1042900;Страх_отчет(III_чорак_2025_йил_)_uz_—_filtr
2025-10-01;company:MY-INSURANCE AJ;"""MY-INSURANCE"" AJ";общее;region:SIRDARYO;Сырдарьинская область;49945.205;28801.682;9043;57.667;5523079;Страх_отчет(III_чорак_2025_йил_)_uz_—_filtr
2025-10-01;company:MY-INSURANCE AJ;"""MY-INSURANCE"" AJ";общее;region:SURXANDARYO;Сурхандарьинская область;5413.692;29816.374;8794;550.759;615612;Страх_отчет(III_чорак_2025_йил_)_uz_—_filtr
2025-10-01;company:MY-INSURANCE AJ;"""MY-INSURANCE"" AJ";общее;region:TOSHKENT;Ташкентская область;5881.250;3434.891;38159;58.404;154125;Страх_отчет(III_чорак_2025_йил_)_uz_—_filtr
2025-10-01;company:MY-INSURANCE AJ;"""MY-INSURANCE"" AJ";общее;region:TOSHKENT SHAHRI;город Ташкент;304369.043;67201.935;737800;22.079;412536;Страх_отчет(III_чорак_2025_йил_)_uz_—_filtr
2025-10-01;company:MY-INSURANCE AJ;"""MY-INSURANCE"" AJ";общее;region:XORAZM;Хорезмская область;43341.019;805.667;7142;1.859;6068471;Страх_отчет(III_чорак_2025_йил_)_uz_—_filtr
2025-10-01;company:MY-INSURANCE AJ;"""MY-INSURANCE"" AJ";общее;total;Все регионы;572190.497;217972.759;1395087;38.094;410147;Страх_отчет(III_чорак_2025_йил_)_uz_—_filtr
2025-10-01;company:NEO INSURANCE CORP AJ;"""NEO INSURANCE CORP"" AJ";общее;region:ANDIJON;Андижанская область;10230.177;365.270;52093;3.571;196383;Страх_отчет(III_чорак_2025_йил_)_uz_—_filtr
2025-10-01;company:NEO INSURANCE CORP AJ;"""NEO INSURANCE CORP"" AJ";общее;region:BUXORO;Бухарская область;2234.936;380.451;14566;17.023;153435;Страх_отчет(III_чорак_2025_йил_)_uz_—_filtr
2025-10-01;company:NEO INSURANCE CORP AJ;"""NEO INSURANCE CORP"" AJ";общее;region:FARG'ONA;Ферганская область;884.638;287.024;9489;32.445;93228;Страх_отчет(III_чорак_2025_йил_)_uz_—_filtr
2025-10-01;company:NEO INSURANCE CORP AJ;"""NEO INSURANCE CORP"" AJ";общее;region:JIZZAX;Джизакская область;1901.469;404.728;5953;21.285;319414;Страх_отчет(III_чорак_2025_йил_)_uz_—_filtr
2025-10-01;company:NEO INSURANCE CORP AJ;"""NEO INSURANCE CORP"" AJ";общее;region:NAMANGAN;Наманганская область;3021.182;215.613;34262;7.137;88179;Страх_отчет(III_чорак_2025_йил_)_uz_—_filtr
2025-10-01;company:NEO INSURANCE CORP AJ;"""NEO INSURANCE CORP"" AJ";общее;region:NAVOIY;Навоийская область;78.391;149.702;1573;190.970;49835;Страх_отчет(III_чорак_2025_йил_)_uz_—_filtr
2025-10-01;company:NEO INSURANCE CORP AJ;"""NEO INSURANCE CORP"" AJ";общее;region:QASHQADARYO;Кашкадарьинская область;3103.793;489.621;36347;15.775;85393;Страх_отчет(III_чорак_2025_йил_)_uz_—_filtr
2025-10-01;company:NEO INSURANCE CORP AJ;"""NEO INSURANCE CORP"" AJ";общее;region:QORAQALPOG'ISTON RESPUBLIKASI;Республика Каракалпакстан;67.580;730.984;8662;1081.655;7802;Страх_отчет(III_чорак_2025_йил_)_uz_—_filtr
2025-10-01;company:NEO INSURANCE CORP AJ;"""NEO INSURANCE CORP"" AJ";общее;region:SAMARQAND;Самаркандская область;5584.907;1156.447;70640;20.707;79062;Страх_отчет(III_чорак_2025_йил_)_uz_—_filtr
2025-10-01;company:NEO INSURANCE CORP AJ;"""NEO INSURANCE CORP"" AJ";общее;region:SIRDARYO;Сырдарьинская область;1283.196;69.549;4242;5.420;302498;Страх_отчет(III_чорак_2025_йил_)_uz_—_filtr
2025-10-01;company:NEO INSURANCE CORP AJ;"""NEO INSURANCE CORP"" AJ";общее;region:SURXANDARYO;Сурхандарьинская область;2402.044;569.666;33034;23.716;72714;Страх_отчет(III_чорак_2025_йил_)_uz_—_filtr
2025-10-01;company:NEO INSURANCE CORP AJ;"""NEO INSURANCE CORP"" AJ";общее;region:TOSHKENT;Ташкентская область;1024.346;327.269;3288;31.949;311541;Страх_отчет(III_чорак_2025_йил_)_uz_—_filtr
2025-10-01;company:NEO INSURANCE CORP AJ;"""NEO INSURANCE CORP"" AJ";общее;region:TOSHKENT SHAHRI;город Ташкент;49479.761;17836.868;87996;36.049;562296;Страх_отчет(III_чорак_2025_йил_)_uz_—_filtr
2025-10-01;company:NEO INSURANCE CORP AJ;"""NEO INSURANCE CORP"" AJ";общее;region:XORAZM;Хорезмская область;1440.866;540.373;21023;37.503;68538;Страх_отчет(III_чорак_2025_йил_)_uz_—_filtr
2025-10-01;company:NEO INSURANCE CORP AJ;"""NEO INSURANCE CORP"" AJ";общее;total;Все регионы;82737.285;23523.565;383168;28.432;215930;Страх_отчет(III_чорак_2025_йил_)_uz_—_filtr
2025-10-01;company:O'ZAGROSUG'URTA AJ;"""O‘ZAGROSUG‘URTA"" AJ";общее;region:ANDIJON;Андижанская область;8209.534;1181.828;26815;14.396;306155;Страх_отчет(III_чорак_2025_йил_)_uz_—_filtr
2025-10-01;company:O'ZAGROSUG'URTA AJ;"""O‘ZAGROSUG‘URTA"" AJ";общее;region:BUXORO;Бухарская область;7623.729;1133.007;24970;14.862;305316;Страх_отчет(III_чорак_2025_йил_)_uz_—_filtr
2025-10-01;company:O'ZAGROSUG'URTA AJ;"""O‘ZAGROSUG‘URTA"" AJ";общее;region:FARG'ONA;Ферганская область;8541.356;917.144;49887;10.738;171214;Страх_отчет(III_чорак_2025_йил_)_uz_—_filtr
2025-10-01;company:O'ZAGROSUG'URTA AJ;"""O‘ZAGROSUG‘URTA"" AJ";общее;region:JIZZAX;Джизакская область;5334.026;364.613;11757;6.836;453689;Страх_отчет(III_чорак_2025_йил_)_uz_—_filtr
2025-10-01;company:O'ZAGROSUG'URTA AJ;"""O‘ZAGROSUG‘URTA"" AJ";общее;region:NAMANGAN;Наманганская область;7017.089;437.231;36892;6.231;190206;Страх_отчет(III_чорак_2025_йил_)_uz_—_filtr
2025-10-01;company:O'ZAGROSUG'URTA AJ;"""O‘ZAGROSUG‘URTA"" AJ";общее;region:NAVOIY;Навоийская область;3595.130;346.278;11159;9.632;322173;Страх_отчет(III_чорак_2025_йил_)_uz_—_filtr
2025-10-01;company:O'ZAGROSUG'URTA AJ;"""O‘ZAGROSUG‘URTA"" AJ";общее;region:QASHQADARYO;Кашкадарьинская область;8399.149;711.826;30995;8.475;270984;Страх_отчет(III_чорак_2025_йил_)_uz_—_filtr
2025-10-01;company:O'ZAGROSUG'URTA AJ;"""O‘ZAGROSUG‘URTA"" AJ";общее;region:QORAQALPOG'ISTON RESPUBLIKASI;Республика Каракалпакстан;6436.881;3191.059;22076;49.575;291578;Страх_отчет(III_чорак_2025_йил_)_uz_—_filtr
2025-10-01;company:O'ZAGROSUG'URTA AJ;"""O‘ZAGROSUG‘URTA"" AJ";общее;region:SAMARQAND;Самаркандская область;4847.473;410.049;34963;8.459;138646;Страх_отчет(III_чорак_2025_йил_)_uz_—_filtr
2025-10-01;company:O'ZAGROSUG'URTA AJ;"""O‘ZAGROSUG‘URTA"" AJ";общее;region:SIRDARYO;Сырдарьинская область;3160.766;191.772;3250;6.067;972543;Страх_отчет(III_чорак_2025_йил_)_uz_—_filtr
2025-10-01;company:O'ZAGROSUG'URTA AJ;"""O‘ZAGROSUG‘URTA"" AJ";общее;region:SURXANDARYO;Сурхандарьинская область;7789.444;832.322;25289;10.685;308017;Страх_отчет(III_чорак_2025_йил_)_uz_—_filtr
2025-10-01;company:O'ZAGROSUG'URTA AJ;"""O‘ZAGROSUG‘URTA"" AJ";общее;region:TOSHKENT;Ташкентская область;7901.879;4785.789;19981;60.565;395470;Страх_отчет(III_чорак_2025_йил_)_uz_—_filtr
2025-10-01;company:O'ZAGROSUG'URTA AJ;"""O‘ZAGROSUG‘URTA"" AJ";общее;region:TOSHKENT SHAHRI;город Ташкент;291288.478;15356.133;22944;5.272;12695628;Страх_отчет(III_чорак_2025_йил_)_uz_—_filtr
2025-10-01;company:O'ZAGROSUG'URTA AJ;"""O‘ZAGROSUG‘URTA"" AJ";общее;region:XORAZM;Хорезмская область;7551.831;548.391;24696;7.262;305792;Страх_отчет(III_чорак_2025_йил_)_uz_—_filtr
2025-10-01;company:O'ZAGROSUG'URTA AJ;"""O‘ZAGROSUG‘URTA"" AJ";общее;total;Все регионы;377696.764;30407.442;345674;8.051;1092639;Страх_отчет(III_чорак_2025_йил_)_uz_—_filtr
2025-10-01;company:O'ZBEKINVEST EISK AJ;"""O‘ZBEKINVEST"" EISK AJ";общее;region:ANDIJON;Андижанская область;12557.077;1729.731;109191;13.775;115001;Страх_отчет(III_чорак_2025_йил_)_uz_—_filtr
2025-10-01;company:O'ZBEKINVEST EISK AJ;"""O‘ZBEKINVEST"" EISK AJ";общее;region:BUXORO;Бухарская область;37247.697;3641.012;145335;9.775;256289;Страх_отчет(III_чорак_2025_йил_)_uz_—_filtr
2025-10-01;company:O'ZBEKINVEST EISK AJ;"""O‘ZBEKINVEST"" EISK AJ";общее;region:FARG'ONA;Ферганская область;11702.312;1807.663;138827;15.447;84294;Страх_отчет(III_чорак_2025_йил_)_uz_—_filtr
2025-10-01;company:O'ZBEKINVEST EISK AJ;"""O‘ZBEKINVEST"" EISK AJ";общее;region:JIZZAX;Джизакская область;5410.236;1212.044;36616;22.403;147756;Страх_отчет(III_чорак_2025_йил_)_uz_—_filtr
2025-10-01;company:O'ZBEKINVEST EISK AJ;"""O‘ZBEKINVEST"" EISK AJ";общее;region:NAMANGAN;Наманганская область;7867.538;1260.635;87509;16.023;89905;Страх_отчет(III_чорак_2025_йил_)_uz_—_filtr
2025-10-01;company:O'ZBEKINVEST EISK AJ;"""O‘ZBEKINVEST"" EISK AJ";общее;region:NAVOIY;Навоийская область;6170.261;1050.833;66582;17.031;92672;Страх_отчет(III_чорак_2025_йил_)_uz_—_filtr
2025-10-01;company:O'ZBEKINVEST EISK AJ;"""O‘ZBEKINVEST"" EISK AJ";общее;region:QASHQADARYO;Кашкадарьинская область;6743.390;2748.508;67555;40.759;99821;Страх_отчет(III_чорак_2025_йил_)_uz_—_filtr
2025-10-01;company:O'ZBEKINVEST EISK AJ;"""O‘ZBEKINVEST"" EISK AJ";общее;region:QORAQALPOG'ISTON RESPUBLIKASI;Республика Каракалпакстан;5653.831;2197.858;34629;38.874;163269;Страх_отчет(III_чорак_2025_йил_)_uz_—_filtr
2025-10-01;company:O'ZBEKINVEST EISK AJ;"""O‘ZBEKINVEST"" EISK AJ";общее;region:SAMARQAND;Самаркандская область;15866.923;2071.338;161233;13.054;98410;Страх_отчет(III_чорак_2025_йил_)_uz_—_filtr
2025-10-01;company:O'ZBEKINVEST EISK AJ;"""O‘ZBEKINVEST"" EISK AJ";общее;region:SIRDARYO;Сырдарьинская область;5134.908;1533.180;19048;29.858;269577;Страх_отчет(III_чорак_2025_йил_)_uz_—_filtr
2025-10-01;company:O'ZBEKINVEST EISK AJ;"""O‘ZBEKINVEST"" EISK AJ";общее;region:SURXANDARYO;Сурхандарьинская область;9544.994;1326.711;80474;13.900;118610;Страх_отчет(III_чорак_2025_йил_)_uz_—_filtr
2025-10-01;company:O'ZBEKINVEST EISK AJ;"""O‘ZBEKINVEST"" EISK AJ";общее;region:TOSHKENT;Ташкентская область;24056.181;5034.224;31048;20.927;774806;Страх_отчет(III_чорак_2025_йил_)_uz_—_filtr
2025-10-01;company:O'ZBEKINVEST EISK AJ;"""O‘ZBEKINVEST"" EISK AJ";общее;region:TOSHKENT SHAHRI;город Ташкент;1044415.000;69401.936;119761;6.645;8720827;Страх_отчет(III_чорак_2025_йил_)_uz_—_filtr
2025-10-01;company:O'ZBEKINVEST EISK AJ;"""O‘ZBEKINVEST"" EISK AJ";общее;region:XORAZM;Хорезмская область;8868.043;2226.785;85056;25.110;104261;Страх_отчет(III_чорак_2025_йил_)_uz_—_filtr
2025-10-01;company:O'ZBEKINVEST EISK AJ;"""O‘ZBEKINVEST"" EISK AJ";общее;total;Все регионы;1201238.391;97242.458;1182864;8.095;1015534;Страх_отчет(III_чорак_2025_йил_)_uz_—_filtr
2025-10-01;company:O'ZBEKINVEST HAYOT SUG'URTA KOMPANIYASI AJ;"""O’ZBEKINVEST HAYOT SUG‘URTA KOMPANIYASI"" AJ";жизнь;region:ANDIJON;Андижанская область;0.000;57.793;22;;0;Страх_отчет(III_чорак_2025_йил_)_uz_—_filtr
2025-10-01;company:O'ZBEKINVEST HAYOT SUG'URTA KOMPANIYASI AJ;"""O’ZBEKINVEST HAYOT SUG‘URTA KOMPANIYASI"" AJ";жизнь;region:BUXORO;Бухарская область;0.220;39.873;27;18124.200;8148;Страх_отчет(III_чорак_2025_йил_)_uz_—_filtr
2025-10-01;company:O'ZBEKINVEST HAYOT SUG'URTA KOMPANIYASI AJ;"""O’ZBEKINVEST HAYOT SUG‘URTA KOMPANIYASI"" AJ";жизнь;region:FARG'ONA;Ферганская область;767.714;1002.600;209;130.595;3673275;Страх_отчет(III_чорак_2025_йил_)_uz_—_filtr
2025-10-01;company:O'ZBEKINVEST HAYOT SUG'URTA KOMPANIYASI AJ;"""O’ZBEKINVEST HAYOT SUG‘URTA KOMPANIYASI"" AJ";жизнь;region:JIZZAX;Джизакская область;17.028;107.137;122;629.165;139577;Страх_отчет(III_чорак_2025_йил_)_uz_—_filtr
2025-10-01;company:O'ZBEKINVEST HAYOT SUG'URTA KOMPANIYASI AJ;"""O’ZBEKINVEST HAYOT SUG‘URTA KOMPANIYASI"" AJ";жизнь;region:NAMANGAN;Наманганская область;25.290;61.684;43;243.907;588137;Страх_отчет(III_чорак_2025_йил_)_uz_—_filtr
2025-10-01;company:O'ZBEKINVEST HAYOT SUG'URTA KOMPANIYASI AJ;"""O’ZBEKINVEST HAYOT SUG‘URTA KOMPANIYASI"" AJ";жизнь;region:NAVOIY;Навоийская область;38.400;58.027;18;151.112;2133333;Страх_отчет(III_чорак_2025_йил_)_uz_—_filtr
2025-10-01;company:O'ZBEKINVEST HAYOT SUG'URTA KOMPANIYASI AJ;"""O’ZBEKINVEST HAYOT SUG‘URTA KOMPANIYASI"" AJ";жизнь;region:QASHQADARYO;Кашкадарьинская область;0.000;124.266;34;;0;Страх_отчет(III_чорак_2025_йил_)_uz_—_filtr
2025-10-01;company:O'ZBEKINVEST HAYOT SUG'URTA KOMPANIYASI AJ;"""O’ZBEKINVEST HAYOT SUG‘URTA KOMPANIYASI"" AJ";жизнь;region:QORAQALPOG'ISTON RESPUBLIKASI;Республика Каракалпакстан;2.000;48.111;32;2405.550;62500;Страх_отчет(III_чорак_2025_йил_)_uz_—_filtr
2025-10-01;company:O'ZBEKINVEST HAYOT SUG'URTA KOMPANIYASI AJ;"""O’ZBEKINVEST HAYOT SUG‘URTA KOMPANIYASI"" AJ";жизнь;region:SAMARQAND;Самаркандская область;17.739;19.793;19;111.579;933626;Страх_отчет(III_чорак_2025_йил_)_uz_—_filtr
2025-10-01;company:O'ZBEKINVEST HAYOT SUG'URTA KOMPANIYASI AJ;"""O’ZBEKINVEST HAYOT SUG‘URTA KOMPANIYASI"" AJ";жизнь;region:SIRDARYO;Сырдарьинская область;0.000;40.291;16;;0;Страх_отчет(III_чорак_2025_йил_)_uz_—_filtr
2025-10-01;company:O'ZBEKINVEST HAYOT SUG'URTA KOMPANIYASI AJ;"""O’ZBEKINVEST HAYOT SUG‘URTA KOMPANIYASI"" AJ";жизнь;region:SURXANDARYO;Сурхандарьинская область;61.453;218.721;16;355.915;3840812;Страх_отчет(III_чорак_2025_йил_)_uz_—_filtr
2025-10-01;company:O'ZBEKINVEST HAYOT SUG'URTA KOMPANIYASI AJ;"""O’ZBEKINVEST HAYOT SUG‘URTA KOMPANIYASI"" AJ";жизнь;region:TOSHKENT;Ташкентская область;0.000;269.287;64;;0;Страх_отчет(III_чорак_2025_йил_)_uz_—_filtr
2025-10-01;company:O'ZBEKINVEST HAYOT SUG'URTA KOMPANIYASI AJ;"""O’ZBEKINVEST HAYOT SUG‘URTA KOMPANIYASI"" AJ";жизнь;region:TOSHKENT SHAHRI;город Ташкент;5284.930;5730.073;223;108.423;23699236;Страх_отчет(III_чорак_2025_йил_)_uz_—_filtr
2025-10-01;company:O'ZBEKINVEST HAYOT SUG'URTA KOMPANIYASI AJ;"""O’ZBEKINVEST HAYOT SUG‘URTA KOMPANIYASI"" AJ";жизнь;region:XORAZM;Хорезмская область;0.000;26.286;16;;0;Страх_отчет(III_чорак_2025_йил_)_uz_—_filtr
2025-10-01;company:O'ZBEKINVEST HAYOT SUG'URTA KOMPANIYASI AJ;"""O’ZBEKINVEST HAYOT SUG‘URTA KOMPANIYASI"" AJ";жизнь;total;Все регионы;6214.774;7803.942;861;125.571;7218089;Страх_отчет(III_чорак_2025_йил_)_uz_—_filtr
2025-10-01;company:O'ZBEKISTON QAYTA SUG'URTA KOMPANIYASI MQST AJ;"""O‘ZBEKISTON QAYTA SUG‘URTA KOMPANIYASI"" MQST AJ";общее;region:ANDIJON;Андижанская область;0.000;0.000;0;;;Страх_отчет(III_чорак_2025_йил_)_uz_—_filtr
2025-10-01;company:O'ZBEKISTON QAYTA SUG'URTA KOMPANIYASI MQST AJ;"""O‘ZBEKISTON QAYTA SUG‘URTA KOMPANIYASI"" MQST AJ";общее;region:BUXORO;Бухарская область;0.000;0.000;0;;;Страх_отчет(III_чорак_2025_йил_)_uz_—_filtr
2025-10-01;company:O'ZBEKISTON QAYTA SUG'URTA KOMPANIYASI MQST AJ;"""O‘ZBEKISTON QAYTA SUG‘URTA KOMPANIYASI"" MQST AJ";общее;region:FARG'ONA;Ферганская область;0.000;0.000;0;;;Страх_отчет(III_чорак_2025_йил_)_uz_—_filtr
2025-10-01;company:O'ZBEKISTON QAYTA SUG'URTA KOMPANIYASI MQST AJ;"""O‘ZBEKISTON QAYTA SUG‘URTA KOMPANIYASI"" MQST AJ";общее;region:JIZZAX;Джизакская область;0.000;0.000;0;;;Страх_отчет(III_чорак_2025_йил_)_uz_—_filtr
2025-10-01;company:O'ZBEKISTON QAYTA SUG'URTA KOMPANIYASI MQST AJ;"""O‘ZBEKISTON QAYTA SUG‘URTA KOMPANIYASI"" MQST AJ";общее;region:NAMANGAN;Наманганская область;0.000;0.000;0;;;Страх_отчет(III_чорак_2025_йил_)_uz_—_filtr
2025-10-01;company:O'ZBEKISTON QAYTA SUG'URTA KOMPANIYASI MQST AJ;"""O‘ZBEKISTON QAYTA SUG‘URTA KOMPANIYASI"" MQST AJ";общее;region:NAVOIY;Навоийская область;0.000;0.000;0;;;Страх_отчет(III_чорак_2025_йил_)_uz_—_filtr
2025-10-01;company:O'ZBEKISTON QAYTA SUG'URTA KOMPANIYASI MQST AJ;"""O‘ZBEKISTON QAYTA SUG‘URTA KOMPANIYASI"" MQST AJ";общее;region:QASHQADARYO;Кашкадарьинская область;0.000;0.000;0;;;Страх_отчет(III_чорак_2025_йил_)_uz_—_filtr
2025-10-01;company:O'ZBEKISTON QAYTA SUG'URTA KOMPANIYASI MQST AJ;"""O‘ZBEKISTON QAYTA SUG‘URTA KOMPANIYASI"" MQST AJ";общее;region:QORAQALPOG'ISTON RESPUBLIKASI;Республика Каракалпакстан;0.000;0.000;0;;;Страх_отчет(III_чорак_2025_йил_)_uz_—_filtr
2025-10-01;company:O'ZBEKISTON QAYTA SUG'URTA KOMPANIYASI MQST AJ;"""O‘ZBEKISTON QAYTA SUG‘URTA KOMPANIYASI"" MQST AJ";общее;region:SAMARQAND;Самаркандская область;0.000;0.000;0;;;Страх_отчет(III_чорак_2025_йил_)_uz_—_filtr
2025-10-01;company:O'ZBEKISTON QAYTA SUG'URTA KOMPANIYASI MQST AJ;"""O‘ZBEKISTON QAYTA SUG‘URTA KOMPANIYASI"" MQST AJ";общее;region:SIRDARYO;Сырдарьинская область;0.000;0.000;0;;;Страх_отчет(III_чорак_2025_йил_)_uz_—_filtr
2025-10-01;company:O'ZBEKISTON QAYTA SUG'URTA KOMPANIYASI MQST AJ;"""O‘ZBEKISTON QAYTA SUG‘URTA KOMPANIYASI"" MQST AJ";общее;region:SURXANDARYO;Сурхандарьинская область;0.000;0.000;0;;;Страх_отчет(III_чорак_2025_йил_)_uz_—_filtr
2025-10-01;company:O'ZBEKISTON QAYTA SUG'URTA KOMPANIYASI MQST AJ;"""O‘ZBEKISTON QAYTA SUG‘URTA KOMPANIYASI"" MQST AJ";общее;region:TOSHKENT;Ташкентская область;0.000;0.000;0;;;Страх_отчет(III_чорак_2025_йил_)_uz_—_filtr
2025-10-01;company:O'ZBEKISTON QAYTA SUG'URTA KOMPANIYASI MQST AJ;"""O‘ZBEKISTON QAYTA SUG‘URTA KOMPANIYASI"" MQST AJ";общее;region:TOSHKENT SHAHRI;город Ташкент;20.259;0.000;3;0.000;6753012;Страх_отчет(III_чорак_2025_йил_)_uz_—_filtr
2025-10-01;company:O'ZBEKISTON QAYTA SUG'URTA KOMPANIYASI MQST AJ;"""O‘ZBEKISTON QAYTA SUG‘URTA KOMPANIYASI"" MQST AJ";общее;region:XORAZM;Хорезмская область;0.000;0.000;0;;;Страх_отчет(III_чорак_2025_йил_)_uz_—_filtr
2025-10-01;company:O'ZBEKISTON QAYTA SUG'URTA KOMPANIYASI MQST AJ;"""O‘ZBEKISTON QAYTA SUG‘URTA KOMPANIYASI"" MQST AJ";общее;total;Все регионы;20.259;0.000;3;0.000;6753012;Страх_отчет(III_чорак_2025_йил_)_uz_—_filtr
2025-10-01;company:QUANTUM INSURANCE AJ;"""QUANTUM INSURANCE"" AJ (ранее ""INGO-UZBEKISTON"")";общее;region:ANDIJON;Андижанская область;874.379;504.143;2760;57.657;316804;Страх_отчет(III_чорак_2025_йил_)_uz_—_filtr
2025-10-01;company:QUANTUM INSURANCE AJ;"""QUANTUM INSURANCE"" AJ (ранее ""INGO-UZBEKISTON"")";общее;region:BUXORO;Бухарская область;658.165;120.344;996;18.285;660808;Страх_отчет(III_чорак_2025_йил_)_uz_—_filtr
2025-10-01;company:QUANTUM INSURANCE AJ;"""QUANTUM INSURANCE"" AJ (ранее ""INGO-UZBEKISTON"")";общее;region:FARG'ONA;Ферганская область;183.368;200.290;611;109.229;300111;Страх_отчет(III_чорак_2025_йил_)_uz_—_filtr
2025-10-01;company:QUANTUM INSURANCE AJ;"""QUANTUM INSURANCE"" AJ (ранее ""INGO-UZBEKISTON"")";общее;region:JIZZAX;Джизакская область;1963.617;641.964;4370;32.693;449340;Страх_отчет(III_чорак_2025_йил_)_uz_—_filtr
2025-10-01;company:QUANTUM INSURANCE AJ;"""QUANTUM INSURANCE"" AJ (ранее ""INGO-UZBEKISTON"")";общее;region:NAMANGAN;Наманганская область;2847.686;153.609;4366;5.394;652241;Страх_отчет(III_чорак_2025_йил_)_uz_—_filtr
2025-10-01;company:QUANTUM INSURANCE AJ;"""QUANTUM INSURANCE"" AJ (ранее ""INGO-UZBEKISTON"")";общее;region:NAVOIY;Навоийская область;1711.796;101.475;2534;5.928;675531;Страх_отчет(III_чорак_2025_йил_)_uz_—_filtr
2025-10-01;company:QUANTUM INSURANCE AJ;"""QUANTUM INSURANCE"" AJ (ранее ""INGO-UZBEKISTON"")";общее;region:QASHQADARYO;Кашкадарьинская область;2925.937;410.047;3953;14.014;740181;Страх_отчет(III_чорак_2025_йил_)_uz_—_filtr
2025-10-01;company:QUANTUM INSURANCE AJ;"""QUANTUM INSURANCE"" AJ (ранее ""INGO-UZBEKISTON"")";общее;region:QORAQALPOG'ISTON RESPUBLIKASI;Республика Каракалпакстан;358.934;57.979;479;16.153;749339;Страх_отчет(III_чорак_2025_йил_)_uz_—_filtr
2025-10-01;company:QUANTUM INSURANCE AJ;"""QUANTUM INSURANCE"" AJ (ранее ""INGO-UZBEKISTON"")";общее;region:SAMARQAND;Самаркандская область;1281.212;16.930;1272;1.321;1007242;Страх_отчет(III_чорак_2025_йил_)_uz_—_filtr
2025-10-01;company:QUANTUM INSURANCE AJ;"""QUANTUM INSURANCE"" AJ (ранее ""INGO-UZBEKISTON"")";общее;region:SIRDARYO;Сырдарьинская область;524.431;162.141;1471;30.917;356514;Страх_отчет(III_чорак_2025_йил_)_uz_—_filtr
2025-10-01;company:QUANTUM INSURANCE AJ;"""QUANTUM INSURANCE"" AJ (ранее ""INGO-UZBEKISTON"")";общее;region:SURXANDARYO;Сурхандарьинская область;5262.961;2012.490;13784;38.239;381817;Страх_отчет(III_чорак_2025_йил_)_uz_—_filtr
2025-10-01;company:QUANTUM INSURANCE AJ;"""QUANTUM INSURANCE"" AJ (ранее ""INGO-UZBEKISTON"")";общее;region:TOSHKENT;Ташкентская область;1459.687;253.688;2920;17.380;499893;Страх_отчет(III_чорак_2025_йил_)_uz_—_filtr
2025-10-01;company:QUANTUM INSURANCE AJ;"""QUANTUM INSURANCE"" AJ (ранее ""INGO-UZBEKISTON"")";общее;region:TOSHKENT SHAHRI;город Ташкент;67286.458;8575.613;34839;12.745;1931354;Страх_отчет(III_чорак_2025_йил_)_uz_—_filtr
2025-10-01;company:QUANTUM INSURANCE AJ;"""QUANTUM INSURANCE"" AJ (ранее ""INGO-UZBEKISTON"")";общее;region:XORAZM;Хорезмская область;608.078;362.186;3110;59.562;195524;Страх_отчет(III_чорак_2025_йил_)_uz_—_filtr
2025-10-01;company:QUANTUM INSURANCE AJ;"""QUANTUM INSURANCE"" AJ (ранее ""INGO-UZBEKISTON"")";общее;total;Все регионы;87946.709;13572.899;77465;15.433;1135309;Страх_отчет(III_чорак_2025_йил_)_uz_—_filtr
2025-10-01;company:SEMURG SUG'URTA AJ QK;"""SEMURG SUG‘URTA"" AJ QK";общее;region:ANDIJON;Андижанская область;1636.844;299.711;19262;18.310;84978;Страх_отчет(III_чорак_2025_йил_)_uz_—_filtr
2025-10-01;company:SEMURG SUG'URTA AJ QK;"""SEMURG SUG‘URTA"" AJ QK";общее;region:BUXORO;Бухарская область;2814.240;600.899;17792;21.352;158174;Страх_отчет(III_чорак_2025_йил_)_uz_—_filtr
2025-10-01;company:SEMURG SUG'URTA AJ QK;"""SEMURG SUG‘URTA"" AJ QK";общее;region:FARG'ONA;Ферганская область;1111.528;23.197;4535;2.087;245100;Страх_отчет(III_чорак_2025_йил_)_uz_—_filtr
2025-10-01;company:SEMURG SUG'URTA AJ QK;"""SEMURG SUG‘URTA"" AJ QK";общее;region:JIZZAX;Джизакская область;85.296;0.000;288;0.000;296167;Страх_отчет(III_чорак_2025_йил_)_uz_—_filtr
2025-10-01;company:SEMURG SUG'URTA AJ QK;"""SEMURG SUG‘URTA"" AJ QK";общее;region:NAMANGAN;Наманганская область;2428.646;24.914;16325;1.026;148769;Страх_отчет(III_чорак_2025_йил_)_uz_—_filtr
2025-10-01;company:SEMURG SUG'URTA AJ QK;"""SEMURG SUG‘URTA"" AJ QK";общее;region:NAVOIY;Навоийская область;4725.018;130.802;4880;2.768;968241;Страх_отчет(III_чорак_2025_йил_)_uz_—_filtr
2025-10-01;company:SEMURG SUG'URTA AJ QK;"""SEMURG SUG‘URTA"" AJ QK";общее;region:QASHQADARYO;Кашкадарьинская область;2525.798;210.754;35256;8.344;71642;Страх_отчет(III_чорак_2025_йил_)_uz_—_filtr
2025-10-01;company:SEMURG SUG'URTA AJ QK;"""SEMURG SUG‘URTA"" AJ QK";общее;region:QORAQALPOG'ISTON RESPUBLIKASI;Республика Каракалпакстан;249.373;126.976;2267;50.918;110001;Страх_отчет(III_чорак_2025_йил_)_uz_—_filtr
2025-10-01;company:SEMURG SUG'URTA AJ QK;"""SEMURG SUG‘URTA"" AJ QK";общее;region:SAMARQAND;Самаркандская область;956.003;41.938;4565;4.387;209420;Страх_отчет(III_чорак_2025_йил_)_uz_—_filtr
2025-10-01;company:SEMURG SUG'URTA AJ QK;"""SEMURG SUG‘URTA"" AJ QK";общее;region:SIRDARYO;Сырдарьинская область;0.944;0.000;398;0.000;2372;Страх_отчет(III_чорак_2025_йил_)_uz_—_filtr
2025-10-01;company:SEMURG SUG'URTA AJ QK;"""SEMURG SUG‘URTA"" AJ QK";общее;region:SURXANDARYO;Сурхандарьинская область;1856.162;480.166;24884;25.869;74593;Страх_отчет(III_чорак_2025_йил_)_uz_—_filtr
2025-10-01;company:SEMURG SUG'URTA AJ QK;"""SEMURG SUG‘URTA"" AJ QK";общее;region:TOSHKENT;Ташкентская область;2214.186;82.891;8953;3.744;247312;Страх_отчет(III_чорак_2025_йил_)_uz_—_filtr
2025-10-01;company:SEMURG SUG'URTA AJ QK;"""SEMURG SUG‘URTA"" AJ QK";общее;region:TOSHKENT SHAHRI;город Ташкент;43785.617;3301.379;12047;7.540;3634566;Страх_отчет(III_чорак_2025_йил_)_uz_—_filtr
2025-10-01;company:SEMURG SUG'URTA AJ QK;"""SEMURG SUG‘URTA"" AJ QK";общее;region:XORAZM;Хорезмская область;619.310;29.256;3143;4.724;197044;Страх_отчет(III_чорак_2025_йил_)_uz_—_filtr
2025-10-01;company:SEMURG SUG'URTA AJ QK;"""SEMURG SUG‘URTA"" AJ QK";общее;total;Все регионы;65008.965;5352.883;154595;8.234;420511;Страх_отчет(III_чорак_2025_йил_)_uz_—_filtr
2025-10-01;company:SQB INSURANCE SUG'URTA KOMPANIYASI AJ;"""SQB INSURANCE SUG‘URTA KOMPANIYASI"" AJ";общее;region:ANDIJON;Андижанская область;1888.408;1519.731;4635;80.477;407423;Страх_отчет(III_чорак_2025_йил_)_uz_—_filtr
2025-10-01;company:SQB INSURANCE SUG'URTA KOMPANIYASI AJ;"""SQB INSURANCE SUG‘URTA KOMPANIYASI"" AJ";общее;region:BUXORO;Бухарская область;1608.210;1482.828;4713;92.204;341229;Страх_отчет(III_чорак_2025_йил_)_uz_—_filtr
2025-10-01;company:SQB INSURANCE SUG'URTA KOMPANIYASI AJ;"""SQB INSURANCE SUG‘URTA KOMPANIYASI"" AJ";общее;region:FARG'ONA;Ферганская область;3406.923;3893.226;7952;114.274;428436;Страх_отчет(III_чорак_2025_йил_)_uz_—_filtr
2025-10-01;company:SQB INSURANCE SUG'URTA KOMPANIYASI AJ;"""SQB INSURANCE SUG‘URTA KOMPANIYASI"" AJ";общее;region:JIZZAX;Джизакская область;3162.440;1602.918;5023;50.686;629592;Страх_отчет(III_чорак_2025_йил_)_uz_—_filtr
2025-10-01;company:SQB INSURANCE SUG'URTA KOMPANIYASI AJ;"""SQB INSURANCE SUG‘URTA KOMPANIYASI"" AJ";общее;region:NAMANGAN;Наманганская область;1234.551;396.327;2739;32.103;450731;Страх_отчет(III_чорак_2025_йил_)_uz_—_filtr
2025-10-01;company:SQB INSURANCE SUG'URTA KOMPANIYASI AJ;"""SQB INSURANCE SUG‘URTA KOMPANIYASI"" AJ";общее;region:NAVOIY;Навоийская область;2893.480;507.220;7664;17.530;377542;Страх_отчет(III_чорак_2025_йил_)_uz_—_filtr
2025-10-01;company:SQB INSURANCE SUG'URTA KOMPANIYASI AJ;"""SQB INSURANCE SUG‘URTA KOMPANIYASI"" AJ";общее;region:QASHQADARYO;Кашкадарьинская область;2416.637;1088.718;7451;45.051;324337;Страх_отчет(III_чорак_2025_йил_)_uz_—_filtr
2025-10-01;company:SQB INSURANCE SUG'URTA KOMPANIYASI AJ;"""SQB INSURANCE SUG‘URTA KOMPANIYASI"" AJ";общее;region:QORAQALPOG'ISTON RESPUBLIKASI;Республика Каракалпакстан;3295.238;938.649;11053;28.485;298131;Страх_отчет(III_чорак_2025_йил_)_uz_—_filtr
2025-10-01;company:SQB INSURANCE SUG'URTA KOMPANIYASI AJ;"""SQB INSURANCE SUG‘URTA KOMPANIYASI"" AJ";общее;region:SAMARQAND;Самаркандская область;2731.320;1643.794;6628;60.183;412088;Страх_отчет(III_чорак_2025_йил_)_uz_—_filtr
2025-10-01;company:SQB INSURANCE SUG'URTA KOMPANIYASI AJ;"""SQB INSURANCE SUG‘URTA KOMPANIYASI"" AJ";общее;region:SIRDARYO;Сырдарьинская область;1277.057;1365.015;3806;106.888;335538;Страх_отчет(III_чорак_2025_йил_)_uz_—_filtr
2025-10-01;company:SQB INSURANCE SUG'URTA KOMPANIYASI AJ;"""SQB INSURANCE SUG‘URTA KOMPANIYASI"" AJ";общее;region:SURXANDARYO;Сурхандарьинская область;958.462;569.078;4877;59.374;196527;Страх_отчет(III_чорак_2025_йил_)_uz_—_filtr
2025-10-01;company:SQB INSURANCE SUG'URTA KOMPANIYASI AJ;"""SQB INSURANCE SUG‘URTA KOMPANIYASI"" AJ";общее;region:TOSHKENT;Ташкентская область;5284.702;5722.217;7710;108.279;685435;Страх_отчет(III_чорак_2025_йил_)_uz_—_filtr
2025-10-01;company:SQB INSURANCE SUG'URTA KOMPANIYASI AJ;"""SQB INSURANCE SUG‘URTA KOMPANIYASI"" AJ";общее;region:TOSHKENT SHAHRI;город Ташкент;114561.905;40044.774;182114;34.955;629067;Страх_отчет(III_чорак_2025_йил_)_uz_—_filtr
2025-10-01;company:SQB INSURANCE SUG'URTA KOMPANIYASI AJ;"""SQB INSURANCE SUG‘URTA KOMPANIYASI"" AJ";общее;region:XORAZM;Хорезмская область;3717.720;856.081;4520;23.027;822505;Страх_отчет(III_чорак_2025_йил_)_uz_—_filtr
2025-10-01;company:SQB INSURANCE SUG'URTA KOMPANIYASI AJ;"""SQB INSURANCE SUG‘URTA KOMPANIYASI"" AJ";общее;total;Все регионы;148437.052;61630.576;260885;41.520;568975;Страх_отчет(III_чорак_2025_йил_)_uz_—_filtr
2025-10-01;company:TBC SUG'URTA AJ;"""TBC SUG‘URTA"" AJ";жизнь;region:ANDIJON;Андижанская область;0.000;0.000;0;;;Страх_отчет(III_чорак_2025_йил_)_uz_—_filtr
2025-10-01;company:TBC SUG'URTA AJ;"""TBC SUG‘URTA"" AJ";жизнь;region:BUXORO;Бухарская область;0.000;0.000;0;;;Страх_отчет(III_чорак_2025_йил_)_uz_—_filtr
2025-10-01;company:TBC SUG'URTA AJ;"""TBC SUG‘URTA"" AJ";жизнь;region:FARG'ONA;Ферганская область;0.000;0.000;0;;;Страх_отчет(III_чорак_2025_йил_)_uz_—_filtr
2025-10-01;company:TBC SUG'URTA AJ;"""TBC SUG‘URTA"" AJ";жизнь;region:JIZZAX;Джизакская область;0.000;0.000;0;;;Страх_отчет(III_чорак_2025_йил_)_uz_—_filtr
2025-10-01;company:TBC SUG'URTA AJ;"""TBC SUG‘URTA"" AJ";жизнь;region:NAMANGAN;Наманганская область;0.000;0.000;0;;;Страх_отчет(III_чорак_2025_йил_)_uz_—_filtr
2025-10-01;company:TBC SUG'URTA AJ;"""TBC SUG‘URTA"" AJ";жизнь;region:NAVOIY;Навоийская область;0.000;0.000;0;;;Страх_отчет(III_чорак_2025_йил_)_uz_—_filtr
2025-10-01;company:TBC SUG'URTA AJ;"""TBC SUG‘URTA"" AJ";жизнь;region:QASHQADARYO;Кашкадарьинская область;0.000;0.000;0;;;Страх_отчет(III_чорак_2025_йил_)_uz_—_filtr
2025-10-01;company:TBC SUG'URTA AJ;"""TBC SUG‘URTA"" AJ";жизнь;region:QORAQALPOG'ISTON RESPUBLIKASI;Республика Каракалпакстан;0.000;0.000;0;;;Страх_отчет(III_чорак_2025_йил_)_uz_—_filtr
2025-10-01;company:TBC SUG'URTA AJ;"""TBC SUG‘URTA"" AJ";жизнь;region:SAMARQAND;Самаркандская область;0.000;0.000;0;;;Страх_отчет(III_чорак_2025_йил_)_uz_—_filtr
2025-10-01;company:TBC SUG'URTA AJ;"""TBC SUG‘URTA"" AJ";жизнь;region:SIRDARYO;Сырдарьинская область;0.000;0.000;0;;;Страх_отчет(III_чорак_2025_йил_)_uz_—_filtr
2025-10-01;company:TBC SUG'URTA AJ;"""TBC SUG‘URTA"" AJ";жизнь;region:SURXANDARYO;Сурхандарьинская область;0.000;0.000;0;;;Страх_отчет(III_чорак_2025_йил_)_uz_—_filtr
2025-10-01;company:TBC SUG'URTA AJ;"""TBC SUG‘URTA"" AJ";жизнь;region:TOSHKENT;Ташкентская область;0.000;0.000;0;;;Страх_отчет(III_чорак_2025_йил_)_uz_—_filtr
2025-10-01;company:TBC SUG'URTA AJ;"""TBC SUG‘URTA"" AJ";жизнь;region:TOSHKENT SHAHRI;город Ташкент;124401.347;58.832;139001;0.047;894967;Страх_отчет(III_чорак_2025_йил_)_uz_—_filtr
2025-10-01;company:TBC SUG'URTA AJ;"""TBC SUG‘URTA"" AJ";жизнь;region:XORAZM;Хорезмская область;0.000;0.000;0;;;Страх_отчет(III_чорак_2025_йил_)_uz_—_filtr
2025-10-01;company:TBC SUG'URTA AJ;"""TBC SUG‘URTA"" AJ";жизнь;total;Все регионы;124401.347;58.832;139001;0.047;894967;Страх_отчет(III_чорак_2025_йил_)_uz_—_filtr
2025-10-01;company:TEMIRYO'L SUG'URTA AJ;"""TEMIRYO‘L SUG‘URTA"" AJ";общее;region:ANDIJON;Андижанская область;1145.562;247.436;10652;21.600;107544;Страх_отчет(III_чорак_2025_йил_)_uz_—_filtr
2025-10-01;company:TEMIRYO'L SUG'URTA AJ;"""TEMIRYO‘L SUG‘URTA"" AJ";общее;region:BUXORO;Бухарская область;13691.041;245.340;521;1.792;26278389;Страх_отчет(III_чорак_2025_йил_)_uz_—_filtr
2025-10-01;company:TEMIRYO'L SUG'URTA AJ;"""TEMIRYO‘L SUG‘URTA"" AJ";общее;region:FARG'ONA;Ферганская область;1050.144;29.947;2970;2.852;353584;Страх_отчет(III_чорак_2025_йил_)_uz_—_filtr
2025-10-01;company:TEMIRYO'L SUG'URTA AJ;"""TEMIRYO‘L SUG‘URTA"" AJ";общее;region:JIZZAX;Джизакская область;2475.894;182.343;3637;7.365;680752;Страх_отчет(III_чорак_2025_йил_)_uz_—_filtr
2025-10-01;company:TEMIRYO'L SUG'URTA AJ;"""TEMIRYO‘L SUG‘URTA"" AJ";общее;region:NAMANGAN;Наманганская область;468.092;16.571;2017;3.540;232073;Страх_отчет(III_чорак_2025_йил_)_uz_—_filtr
2025-10-01;company:TEMIRYO'L SUG'URTA AJ;"""TEMIRYO‘L SUG‘URTA"" AJ";общее;region:NAVOIY;Навоийская область;2555.155;518.500;2796;20.292;913861;Страх_отчет(III_чорак_2025_йил_)_uz_—_filtr
2025-10-01;company:TEMIRYO'L SUG'URTA AJ;"""TEMIRYO‘L SUG‘URTA"" AJ";общее;region:QASHQADARYO;Кашкадарьинская область;1684.290;1954.275;2067;116.030;814848;Страх_отчет(III_чорак_2025_йил_)_uz_—_filtr
2025-10-01;company:TEMIRYO'L SUG'URTA AJ;"""TEMIRYO‘L SUG‘URTA"" AJ";общее;region:QORAQALPOG'ISTON RESPUBLIKASI;Республика Каракалпакстан;76.455;915.308;1268;1197.180;60296;Страх_отчет(III_чорак_2025_йил_)_uz_—_filtr
2025-10-01;company:TEMIRYO'L SUG'URTA AJ;"""TEMIRYO‘L SUG‘URTA"" AJ";общее;region:SAMARQAND;Самаркандская область;2969.859;797.043;6885;26.838;431352;Страх_отчет(III_чорак_2025_йил_)_uz_—_filtr
2025-10-01;company:TEMIRYO'L SUG'URTA AJ;"""TEMIRYO‘L SUG‘URTA"" AJ";общее;region:SIRDARYO;Сырдарьинская область;727.570;150.831;1359;20.731;535372;Страх_отчет(III_чорак_2025_йил_)_uz_—_filtr
2025-10-01;company:TEMIRYO'L SUG'URTA AJ;"""TEMIRYO‘L SUG‘URTA"" AJ";общее;region:SURXANDARYO;Сурхандарьинская область;3008.354;5672.706;4890;188.565;615205;Страх_отчет(III_чорак_2025_йил_)_uz_—_filtr
2025-10-01;company:TEMIRYO'L SUG'URTA AJ;"""TEMIRYO‘L SUG‘URTA"" AJ";общее;region:TOSHKENT;Ташкентская область;7606.523;2906.372;2237;38.209;3400323;Страх_отчет(III_чорак_2025_йил_)_uz_—_filtr
2025-10-01;company:TEMIRYO'L SUG'URTA AJ;"""TEMIRYO‘L SUG‘URTA"" AJ";общее;region:TOSHKENT SHAHRI;город Ташкент;176139.139;41136.207;16095;23.354;10943718;Страх_отчет(III_чорак_2025_йил_)_uz_—_filtr
2025-10-01;company:TEMIRYO'L SUG'URTA AJ;"""TEMIRYO‘L SUG‘URTA"" AJ";общее;region:XORAZM;Хорезмская область;2292.831;329.206;17845;14.358;128486;Страх_отчет(III_чорак_2025_йил_)_uz_—_filtr
2025-10-01;company:TEMIRYO'L SUG'URTA AJ;"""TEMIRYO‘L SUG‘URTA"" AJ";общее;total;Все регионы;215890.908;55102.086;75239;25.523;2869402;Страх_отчет(III_чорак_2025_йил_)_uz_—_filtr
2025-10-01;company:TRUST-INSURANCE AJ;"""TRUST-INSURANCE"" AJ";общее;region:ANDIJON;Андижанская область;2824.466;109.541;3537;3.878;798548;Страх_отчет(III_чорак_2025_йил_)_uz_—_filtr
2025-10-01;company:TRUST-INSURANCE AJ;"""TRUST-INSURANCE"" AJ";общее;region:BUXORO;Бухарская область;2672.929;213.234;2044;7.978;1307695;Страх_отчет(III_чорак_2025_йил_)_uz_—_filtr
2025-10-01;company:TRUST-INSURANCE AJ;"""TRUST-INSURANCE"" AJ";общее;region:FARG'ONA;Ферганская область;16178.088;121485.083;64917;750.924;249212;Страх_отчет(III_чорак_2025_йил_)_uz_—_filtr
2025-10-01;company:TRUST-INSURANCE AJ;"""TRUST-INSURANCE"" AJ";общее;region:JIZZAX;Джизакская область;1698.821;54.493;571;3.208;2975168;Страх_отчет(III_чорак_2025_йил_)_uz_—_filtr
2025-10-01;company:TRUST-INSURANCE AJ;"""TRUST-INSURANCE"" AJ";общее;region:NAMANGAN;Наманганская область;772.949;0.000;96;0.000;8051553;Страх_отчет(III_чорак_2025_йил_)_uz_—_filtr
2025-10-01;company:TRUST-INSURANCE AJ;"""TRUST-INSURANCE"" AJ";общее;region:NAVOIY;Навоийская область;1046.059;36.636;1399;3.502;747719;Страх_отчет(III_чорак_2025_йил_)_uz_—_filtr
2025-10-01;company:TRUST-INSURANCE AJ;"""TRUST-INSURANCE"" AJ";общее;region:QASHQADARYO;Кашкадарьинская область;3890.318;16.764;824;0.431;4721259;Страх_отчет(III_чорак_2025_йил_)_uz_—_filtr
2025-10-01;company:TRUST-INSURANCE AJ;"""TRUST-INSURANCE"" AJ";общее;region:QORAQALPOG'ISTON RESPUBLIKASI;Республика Каракалпакстан;654.419;40.034;1134;6.118;577089;Страх_отчет(III_чорак_2025_йил_)_uz_—_filtr
2025-10-01;company:TRUST-INSURANCE AJ;"""TRUST-INSURANCE"" AJ";общее;region:SAMARQAND;Самаркандская область;9501.618;389.555;11291;4.100;841521;Страх_отчет(III_чорак_2025_йил_)_uz_—_filtr
2025-10-01;company:TRUST-INSURANCE AJ;"""TRUST-INSURANCE"" AJ";общее;region:SIRDARYO;Сырдарьинская область;3417.432;18.663;706;0.546;4840555;Страх_отчет(III_чорак_2025_йил_)_uz_—_filtr
2025-10-01;company:TRUST-INSURANCE AJ;"""TRUST-INSURANCE"" AJ";общее;region:SURXANDARYO;Сурхандарьинская область;5051.042;156.259;2579;3.094;1958527;Страх_отчет(III_чорак_2025_йил_)_uz_—_filtr
2025-10-01;company:TRUST-INSURANCE AJ;"""TRUST-INSURANCE"" AJ";общее;region:TOSHKENT;Ташкентская область;1571.150;238.184;1789;15.160;878228;Страх_отчет(III_чорак_2025_йил_)_uz_—_filtr
2025-10-01;company:TRUST-INSURANCE AJ;"""TRUST-INSURANCE"" AJ";общее;region:TOSHKENT SHAHRI;город Ташкент;152524.110;13258.288;98542;8.693;1547808;Страх_отчет(III_чорак_2025_йил_)_uz_—_filtr
2025-10-01;company:TRUST-INSURANCE AJ;"""TRUST-INSURANCE"" AJ";общее;region:XORAZM;Хорезмская область;2826.364;273.218;3426;9.667;824975;Страх_отчет(III_чорак_2025_йил_)_uz_—_filtr
2025-10-01;company:TRUST-INSURANCE AJ;"""TRUST-INSURANCE"" AJ";общее;total;Все регионы;204629.763;136289.952;192855;66.603;1061055;Страх_отчет(III_чорак_2025_йил_)_uz_—_filtr
2025-10-01;company:XALQ SUG'URTA AJ;"""XALQ SUG‘URTA"" AJ";общее;region:ANDIJON;Андижанская область;1043.448;171.564;27561;16.442;37860;Страх_отчет(III_чорак_2025_йил_)_uz_—_filtr
2025-10-01;company:XALQ SUG'URTA AJ;"""XALQ SUG‘URTA"" AJ";общее;region:BUXORO;Бухарская область;371.446;480.042;25884;129.236;14350;Страх_отчет(III_чорак_2025_йил_)_uz_—_filtr
2025-10-01;company:XALQ SUG'URTA AJ;"""XALQ SUG‘URTA"" AJ";общее;region:FARG'ONA;Ферганская область;1258.001;342.949;29542;27.261;42583;Страх_отчет(III_чорак_2025_йил_)_uz_—_filtr
2025-10-01;company:XALQ SUG'URTA AJ;"""XALQ SUG‘URTA"" AJ";общее;region:JIZZAX;Джизакская область;1694.827;383.744;17672;22.642;95905;Страх_отчет(III_чорак_2025_йил_)_uz_—_filtr
2025-10-01;company:XALQ SUG'URTA AJ;"""XALQ SUG‘URTA"" AJ";общее;region:NAMANGAN;Наманганская область;554.008;317.507;16026;57.311;34569;Страх_отчет(III_чорак_2025_йил_)_uz_—_filtr
2025-10-01;company:XALQ SUG'URTA AJ;"""XALQ SUG‘URTA"" AJ";общее;region:NAVOIY;Навоийская область;239.902;441.270;13839;183.938;17335;Страх_отчет(III_чорак_2025_йил_)_uz_—_filtr
2025-10-01;company:XALQ SUG'URTA AJ;"""XALQ SUG‘URTA"" AJ";общее;region:QASHQADARYO;Кашкадарьинская область;824.835;401.873;23576;48.722;34986;Страх_отчет(III_чорак_2025_йил_)_uz_—_filtr
2025-10-01;company:XALQ SUG'URTA AJ;"""XALQ SUG‘URTA"" AJ";общее;region:QORAQALPOG'ISTON RESPUBLIKASI;Республика Каракалпакстан;333.602;668.089;26244;200.265;12712;Страх_отчет(III_чорак_2025_йил_)_uz_—_filtr
2025-10-01;company:XALQ SUG'URTA AJ;"""XALQ SUG‘URTA"" AJ";общее;region:SAMARQAND;Самаркандская область;2740.709;884.840;37253;32.285;73570;Страх_отчет(III_чорак_2025_йил_)_uz_—_filtr
2025-10-01;company:XALQ SUG'URTA AJ;"""XALQ SUG‘URTA"" AJ";общее;region:SIRDARYO;Сырдарьинская область;1247.455;581.147;22153;46.587;56311;Страх_отчет(III_чорак_2025_йил_)_uz_—_filtr
2025-10-01;company:XALQ SUG'URTA AJ;"""XALQ SUG‘URTA"" AJ";общее;region:SURXANDARYO;Сурхандарьинская область;493.265;1268.486;26527;257.161;18595;Страх_отчет(III_чорак_2025_йил_)_uz_—_filtr
2025-10-01;company:XALQ SUG'URTA AJ;"""XALQ SUG‘URTA"" AJ";общее;region:TOSHKENT;Ташкентская область;311.560;330.459;21480;106.066;14505;Страх_отчет(III_чорак_2025_йил_)_uz_—_filtr
2025-10-01;company:XALQ SUG'URTA AJ;"""XALQ SUG‘URTA"" AJ";общее;region:TOSHKENT SHAHRI;город Ташкент;28850.473;10836.242;449132;37.560;64236;Страх_отчет(III_чорак_2025_йил_)_uz_—_filtr
2025-10-01;company:XALQ SUG'URTA AJ;"""XALQ SUG‘URTA"" AJ";общее;region:XORAZM;Хорезмская область;851.344;601.008;23233;70.595;36644;Страх_отчет(III_чорак_2025_йил_)_uz_—_filtr
2025-10-01;company:XALQ SUG'URTA AJ;"""XALQ SUG‘URTA"" AJ";общее;total;Все регионы;40814.875;17709.220;760122;43.389;53695;Страх_отчет(III_чорак_2025_йил_)_uz_—_filtr
2025-10-01;total;Весь рынок;;region:ANDIJON;Андижанская область;146366.140;17532.200;550378;11.978;265937;Страх_отчет(III_чорак_2025_йил_)_uz_—_filtr
2025-10-01;total;Весь рынок;;region:BUXORO;Бухарская область;192390.450;18703.366;395683;9.722;486224;Страх_отчет(III_чорак_2025_йил_)_uz_—_filtr
2025-10-01;total;Весь рынок;;region:FARG'ONA;Ферганская область;209256.318;159616.727;862870;76.278;242512;Страх_отчет(III_чорак_2025_йил_)_uz_—_filtr
2025-10-01;total;Весь рынок;;region:JIZZAX;Джизакская область;103210.586;14495.691;617941;14.045;167023;Страх_отчет(III_чорак_2025_йил_)_uz_—_filtr
2025-10-01;total;Весь рынок;;region:NAMANGAN;Наманганская область;150098.971;29834.301;504527;19.876;297504;Страх_отчет(III_чорак_2025_йил_)_uz_—_filtr
2025-10-01;total;Весь рынок;;region:NAVOIY;Навоийская область;92800.740;23851.457;268652;25.702;345431;Страх_отчет(III_чорак_2025_йил_)_uz_—_filtr
2025-10-01;total;Весь рынок;;region:QASHQADARYO;Кашкадарьинская область;196269.753;31199.491;543102;15.896;361387;Страх_отчет(III_чорак_2025_йил_)_uz_—_filtr
2025-10-01;total;Весь рынок;;region:QORAQALPOG'ISTON RESPUBLIKASI;Республика Каракалпакстан;128266.380;68721.078;315606;53.577;406413;Страх_отчет(III_чорак_2025_йил_)_uz_—_filtr
2025-10-01;total;Весь рынок;;region:SAMARQAND;Самаркандская область;162015.746;29184.472;706043;18.013;229470;Страх_отчет(III_чорак_2025_йил_)_uz_—_filtr
2025-10-01;total;Весь рынок;;region:SIRDARYO;Сырдарьинская область;90385.623;41636.321;191213;46.065;472696;Страх_отчет(III_чорак_2025_йил_)_uz_—_filtr
2025-10-01;total;Весь рынок;;region:SURXANDARYO;Сурхандарьинская область;120811.344;50628.181;436233;41.907;276942;Страх_отчет(III_чорак_2025_йил_)_uz_—_filtr
2025-10-01;total;Весь рынок;;region:TOSHKENT;Ташкентская область;186932.400;49314.871;283669;26.381;658981;Страх_отчет(III_чорак_2025_йил_)_uz_—_filtr
2025-10-01;total;Весь рынок;;region:TOSHKENT SHAHRI;город Ташкент;7861236.623;1356420.129;5812648;17.255;1352436;Страх_отчет(III_чорак_2025_йил_)_uz_—_filtr
2025-10-01;total;Весь рынок;;region:XORAZM;Хорезмская область;153666.190;21185.695;426980;13.787;359891;Страх_отчет(III_чорак_2025_йил_)_uz_—_filtr
2025-10-01;total;Весь рынок;;total;Все регионы;9793707.264;1912323.979;11915548;19.526;821927;Страх_отчет(III_чорак_2025_йил_)_uz_—_filtr
2026-01-01;company:AGROS HAYOT AJ;"""AGROS HAYOT"" AJ";жизнь;region:ANDIJON;Андижанская область;85.869;138.890;245;161.746;350485;Страх_отчет(IV_чорак_2025_йил_)_uz_—_filtr
2026-01-01;company:AGROS HAYOT AJ;"""AGROS HAYOT"" AJ";жизнь;region:BUXORO;Бухарская область;2.380;86.900;277;3651.262;8592;Страх_отчет(IV_чорак_2025_йил_)_uz_—_filtr
2026-01-01;company:AGROS HAYOT AJ;"""AGROS HAYOT"" AJ";жизнь;region:FARG'ONA;Ферганская область;0.000;139.457;569;;0;Страх_отчет(IV_чорак_2025_йил_)_uz_—_filtr
2026-01-01;company:AGROS HAYOT AJ;"""AGROS HAYOT"" AJ";жизнь;region:JIZZAX;Джизакская область;0.000;27.564;148;;0;Страх_отчет(IV_чорак_2025_йил_)_uz_—_filtr
2026-01-01;company:AGROS HAYOT AJ;"""AGROS HAYOT"" AJ";жизнь;region:NAMANGAN;Наманганская область;3.402;31.935;544;938.686;6254;Страх_отчет(IV_чорак_2025_йил_)_uz_—_filtr
2026-01-01;company:AGROS HAYOT AJ;"""AGROS HAYOT"" AJ";жизнь;region:NAVOIY;Навоийская область;32.907;81.582;287;247.913;114660;Страх_отчет(IV_чорак_2025_йил_)_uz_—_filtr
2026-01-01;company:AGROS HAYOT AJ;"""AGROS HAYOT"" AJ";жизнь;region:QASHQADARYO;Кашкадарьинская область;19.865;60.037;113;302.221;175800;Страх_отчет(IV_чорак_2025_йил_)_uz_—_filtr
2026-01-01;company:AGROS HAYOT AJ;"""AGROS HAYOT"" AJ";жизнь;region:QORAQALPOG'ISTON RESPUBLIKASI;Республика Каракалпакстан;1904.254;169.108;238;8.881;8001069;Страх_отчет(IV_чорак_2025_йил_)_uz_—_filtr
2026-01-01;company:AGROS HAYOT AJ;"""AGROS HAYOT"" AJ";жизнь;region:SAMARQAND;Самаркандская область;7.422;45.658;387;615.206;19177;Страх_отчет(IV_чорак_2025_йил_)_uz_—_filtr
2026-01-01;company:AGROS HAYOT AJ;"""AGROS HAYOT"" AJ";жизнь;region:SIRDARYO;Сырдарьинская область;0.000;3.623;175;;0;Страх_отчет(IV_чорак_2025_йил_)_uz_—_filtr
2026-01-01;company:AGROS HAYOT AJ;"""AGROS HAYOT"" AJ";жизнь;region:SURXANDARYO;Сурхандарьинская область;263.389;50.202;246;19.060;1070686;Страх_отчет(IV_чорак_2025_йил_)_uz_—_filtr
2026-01-01;company:AGROS HAYOT AJ;"""AGROS HAYOT"" AJ";жизнь;region:TOSHKENT;Ташкентская область;65.798;426.393;965;648.030;68185;Страх_отчет(IV_чорак_2025_йил_)_uz_—_filtr
2026-01-01;company:AGROS HAYOT AJ;"""AGROS HAYOT"" AJ";жизнь;region:TOSHKENT SHAHRI;город Ташкент;2884.098;1253.938;3856;43.478;747951;Страх_отчет(IV_чорак_2025_йил_)_uz_—_filtr
2026-01-01;company:AGROS HAYOT AJ;"""AGROS HAYOT"" AJ";жизнь;region:XORAZM;Хорезмская область;0.000;51.447;205;;0;Страх_отчет(IV_чорак_2025_йил_)_uz_—_filtr
2026-01-01;company:AGROS HAYOT AJ;"""AGROS HAYOT"" AJ";жизнь;total;Все регионы;5269.385;2566.734;8255;48.710;638326;Страх_отчет(IV_чорак_2025_йил_)_uz_—_filtr
2026-01-01;company:ALFA INVEST SUG'URTA KOMPANIYASI AJ;"""ALFA INVEST SUG‘URTA KOMPANIYASI"" AJ";общее;region:ANDIJON;Андижанская область;7941.607;642.329;9873;8.088;804376;Страх_отчет(IV_чорак_2025_йил_)_uz_—_filtr
2026-01-01;company:ALFA INVEST SUG'URTA KOMPANIYASI AJ;"""ALFA INVEST SUG‘URTA KOMPANIYASI"" AJ";общее;region:BUXORO;Бухарская область;5876.120;1536.367;7916;26.146;742309;Страх_отчет(IV_чорак_2025_йил_)_uz_—_filtr
2026-01-01;company:ALFA INVEST SUG'URTA KOMPANIYASI AJ;"""ALFA INVEST SUG‘URTA KOMPANIYASI"" AJ";общее;region:FARG'ONA;Ферганская область;6131.908;1374.201;14046;22.411;436559;Страх_отчет(IV_чорак_2025_йил_)_uz_—_filtr
2026-01-01;company:ALFA INVEST SUG'URTA KOMPANIYASI AJ;"""ALFA INVEST SUG‘URTA KOMPANIYASI"" AJ";общее;region:JIZZAX;Джизакская область;3770.478;67.095;1292;1.779;2918327;Страх_отчет(IV_чорак_2025_йил_)_uz_—_filtr
2026-01-01;company:ALFA INVEST SUG'URTA KOMPANIYASI AJ;"""ALFA INVEST SUG‘URTA KOMPANIYASI"" AJ";общее;region:NAMANGAN;Наманганская область;4884.321;402.702;6323;8.245;772469;Страх_отчет(IV_чорак_2025_йил_)_uz_—_filtr
2026-01-01;company:ALFA INVEST SUG'URTA KOMPANIYASI AJ;"""ALFA INVEST SUG‘URTA KOMPANIYASI"" AJ";общее;region:NAVOIY;Навоийская область;11809.386;1237.385;14872;10.478;794068;Страх_отчет(IV_чорак_2025_йил_)_uz_—_filtr
2026-01-01;company:ALFA INVEST SUG'URTA KOMPANIYASI AJ;"""ALFA INVEST SUG‘URTA KOMPANIYASI"" AJ";общее;region:QASHQADARYO;Кашкадарьинская область;7665.178;1087.242;12150;14.184;630879;Страх_отчет(IV_чорак_2025_йил_)_uz_—_filtr
2026-01-01;company:ALFA INVEST SUG'URTA KOMPANIYASI AJ;"""ALFA INVEST SUG‘URTA KOMPANIYASI"" AJ";общее;region:QORAQALPOG'ISTON RESPUBLIKASI;Республика Каракалпакстан;1362.055;120.321;1219;8.834;1117354;Страх_отчет(IV_чорак_2025_йил_)_uz_—_filtr
2026-01-01;company:ALFA INVEST SUG'URTA KOMPANIYASI AJ;"""ALFA INVEST SUG‘URTA KOMPANIYASI"" AJ";общее;region:SAMARQAND;Самаркандская область;7016.672;502.738;4957;7.165;1415508;Страх_отчет(IV_чорак_2025_йил_)_uz_—_filtr
2026-01-01;company:ALFA INVEST SUG'URTA KOMPANIYASI AJ;"""ALFA INVEST SUG‘URTA KOMPANIYASI"" AJ";общее;region:SIRDARYO;Сырдарьинская область;271.207;0.000;135;0.000;2008941;Страх_отчет(IV_чорак_2025_йил_)_uz_—_filtr
2026-01-01;company:ALFA INVEST SUG'URTA KOMPANIYASI AJ;"""ALFA INVEST SUG‘URTA KOMPANIYASI"" AJ";общее;region:SURXANDARYO;Сурхандарьинская область;1735.676;53.802;1324;3.100;1310933;Страх_отчет(IV_чорак_2025_йил_)_uz_—_filtr
2026-01-01;company:ALFA INVEST SUG'URTA KOMPANIYASI AJ;"""ALFA INVEST SUG‘URTA KOMPANIYASI"" AJ";общее;region:TOSHKENT;Ташкентская область;2397.432;1025.052;3013;42.756;795696;Страх_отчет(IV_чорак_2025_йил_)_uz_—_filtr
2026-01-01;company:ALFA INVEST SUG'URTA KOMPANIYASI AJ;"""ALFA INVEST SUG‘URTA KOMPANIYASI"" AJ";общее;region:TOSHKENT SHAHRI;город Ташкент;410930.748;35502.011;265041;8.639;1550442;Страх_отчет(IV_чорак_2025_йил_)_uz_—_filtr
2026-01-01;company:ALFA INVEST SUG'URTA KOMPANIYASI AJ;"""ALFA INVEST SUG‘URTA KOMPANIYASI"" AJ";общее;region:XORAZM;Хорезмская область;5435.498;898.274;3622;16.526;1500690;Страх_отчет(IV_чорак_2025_йил_)_uz_—_filtr
2026-01-01;company:ALFA INVEST SUG'URTA KOMPANIYASI AJ;"""ALFA INVEST SUG‘URTA KOMPANIYASI"" AJ";общее;total;Все регионы;477228.287;44449.520;345783;9.314;1380138;Страх_отчет(IV_чорак_2025_йил_)_uz_—_filtr
2026-01-01;company:ALFA LIFE INSURANCE AJ;"""ALFA LIFE INSURANCE"" AJ";жизнь;region:ANDIJON;Андижанская область;0.000;12.947;1;;0;Страх_отчет(IV_чорак_2025_йил_)_uz_—_filtr
2026-01-01;company:ALFA LIFE INSURANCE AJ;"""ALFA LIFE INSURANCE"" AJ";жизнь;region:BUXORO;Бухарская область;0.000;104.606;6;;0;Страх_отчет(IV_чорак_2025_йил_)_uz_—_filtr
2026-01-01;company:ALFA LIFE INSURANCE AJ;"""ALFA LIFE INSURANCE"" AJ";жизнь;region:FARG'ONA;Ферганская область;1973.661;2520.082;360;127.686;5482393;Страх_отчет(IV_чорак_2025_йил_)_uz_—_filtr
2026-01-01;company:ALFA LIFE INSURANCE AJ;"""ALFA LIFE INSURANCE"" AJ";жизнь;region:JIZZAX;Джизакская область;5.000;43.312;0;866.250;;Страх_отчет(IV_чорак_2025_йил_)_uz_—_filtr
2026-01-01;company:ALFA LIFE INSURANCE AJ;"""ALFA LIFE INSURANCE"" AJ";жизнь;region:NAMANGAN;Наманганская область;2772.649;3130.026;397;112.889;6984004;Страх_отчет(IV_чорак_2025_йил_)_uz_—_filtr
2026-01-01;company:ALFA LIFE INSURANCE AJ;"""ALFA LIFE INSURANCE"" AJ";жизнь;region:NAVOIY;Навоийская область;26.980;238.427;8;883.717;3372500;Страх_отчет(IV_чорак_2025_йил_)_uz_—_filtr
2026-01-01;company:ALFA LIFE INSURANCE AJ;"""ALFA LIFE INSURANCE"" AJ";жизнь;region:QASHQADARYO;Кашкадарьинская область;0.000;33.465;2;;0;Страх_отчет(IV_чорак_2025_йил_)_uz_—_filtr
2026-01-01;company:ALFA LIFE INSURANCE AJ;"""ALFA LIFE INSURANCE"" AJ";жизнь;region:QORAQALPOG'ISTON RESPUBLIKASI;Республика Каракалпакстан;4.093;70.522;3;1723.177;1364191;Страх_отчет(IV_чорак_2025_йил_)_uz_—_filtr
2026-01-01;company:ALFA LIFE INSURANCE AJ;"""ALFA LIFE INSURANCE"" AJ";жизнь;region:SAMARQAND;Самаркандская область;85.030;104.450;16;122.839;5314371;Страх_отчет(IV_чорак_2025_йил_)_uz_—_filtr
2026-01-01;company:ALFA LIFE INSURANCE AJ;"""ALFA LIFE INSURANCE"" AJ";жизнь;region:SIRDARYO;Сырдарьинская область;0.000;0.000;0;;;Страх_отчет(IV_чорак_2025_йил_)_uz_—_filtr
2026-01-01;company:ALFA LIFE INSURANCE AJ;"""ALFA LIFE INSURANCE"" AJ";жизнь;region:SURXANDARYO;Сурхандарьинская область;0.000;34.854;3;;0;Страх_отчет(IV_чорак_2025_йил_)_uz_—_filtr
2026-01-01;company:ALFA LIFE INSURANCE AJ;"""ALFA LIFE INSURANCE"" AJ";жизнь;region:TOSHKENT;Ташкентская область;0.000;0.000;0;;;Страх_отчет(IV_чорак_2025_йил_)_uz_—_filtr
2026-01-01;company:ALFA LIFE INSURANCE AJ;"""ALFA LIFE INSURANCE"" AJ";жизнь;region:TOSHKENT SHAHRI;город Ташкент;36457.917;11806.001;9832;32.383;3708088;Страх_отчет(IV_чорак_2025_йил_)_uz_—_filtr
2026-01-01;company:ALFA LIFE INSURANCE AJ;"""ALFA LIFE INSURANCE"" AJ";жизнь;region:XORAZM;Хорезмская область;0.000;0.000;0;;;Страх_отчет(IV_чорак_2025_йил_)_uz_—_filtr
2026-01-01;company:ALFA LIFE INSURANCE AJ;"""ALFA LIFE INSURANCE"" AJ";жизнь;total;Все регионы;41325.331;18098.692;10628;43.796;3888345;Страх_отчет(IV_чорак_2025_йил_)_uz_—_filtr
2026-01-01;company:ALSKOM AJ;"""ALSKOM"" AJ";общее;region:ANDIJON;Андижанская область;1896.533;788.475;8412;41.575;225456;Страх_отчет(IV_чорак_2025_йил_)_uz_—_filtr
2026-01-01;company:ALSKOM AJ;"""ALSKOM"" AJ";общее;region:BUXORO;Бухарская область;8923.283;1211.689;10924;13.579;816851;Страх_отчет(IV_чорак_2025_йил_)_uz_—_filtr
2026-01-01;company:ALSKOM AJ;"""ALSKOM"" AJ";общее;region:FARG'ONA;Ферганская область;15632.790;1935.118;70581;12.379;221487;Страх_отчет(IV_чорак_2025_йил_)_uz_—_filtr
2026-01-01;company:ALSKOM AJ;"""ALSKOM"" AJ";общее;region:JIZZAX;Джизакская область;5715.241;2844.740;30953;49.775;184643;Страх_отчет(IV_чорак_2025_йил_)_uz_—_filtr
2026-01-01;company:ALSKOM AJ;"""ALSKOM"" AJ";общее;region:NAMANGAN;Наманганская область;3886.967;79.547;5810;2.047;669013;Страх_отчет(IV_чорак_2025_йил_)_uz_—_filtr
2026-01-01;company:ALSKOM AJ;"""ALSKOM"" AJ";общее;region:NAVOIY;Навоийская область;4359.561;1285.903;26898;29.496;162078;Страх_отчет(IV_чорак_2025_йил_)_uz_—_filtr
2026-01-01;company:ALSKOM AJ;"""ALSKOM"" AJ";общее;region:QASHQADARYO;Кашкадарьинская область;7295.317;10366.300;33760;142.095;216094;Страх_отчет(IV_чорак_2025_йил_)_uz_—_filtr
2026-01-01;company:ALSKOM AJ;"""ALSKOM"" AJ";общее;region:QORAQALPOG'ISTON RESPUBLIKASI;Республика Каракалпакстан;2256.166;910.800;16198;40.369;139287;Страх_отчет(IV_чорак_2025_йил_)_uz_—_filtr
2026-01-01;company:ALSKOM AJ;"""ALSKOM"" AJ";общее;region:SAMARQAND;Самаркандская область;3319.224;813.574;17251;24.511;192408;Страх_отчет(IV_чорак_2025_йил_)_uz_—_filtr
2026-01-01;company:ALSKOM AJ;"""ALSKOM"" AJ";общее;region:SIRDARYO;Сырдарьинская область;3292.736;3424.422;24381;103.999;135053;Страх_отчет(IV_чорак_2025_йил_)_uz_—_filtr
2026-01-01;company:ALSKOM AJ;"""ALSKOM"" AJ";общее;region:SURXANDARYO;Сурхандарьинская область;1682.017;686.397;11694;40.808;143836;Страх_отчет(IV_чорак_2025_йил_)_uz_—_filtr
2026-01-01;company:ALSKOM AJ;"""ALSKOM"" AJ";общее;region:TOSHKENT;Ташкентская область;8391.588;1194.063;20845;14.229;402571;Страх_отчет(IV_чорак_2025_йил_)_uz_—_filtr
2026-01-01;company:ALSKOM AJ;"""ALSKOM"" AJ";общее;region:TOSHKENT SHAHRI;город Ташкент;209371.136;72382.434;297534;34.571;703688;Страх_отчет(IV_чорак_2025_йил_)_uz_—_filtr
2026-01-01;company:ALSKOM AJ;"""ALSKOM"" AJ";общее;region:XORAZM;Хорезмская область;3038.059;756.025;13196;24.885;230226;Страх_отчет(IV_чорак_2025_йил_)_uz_—_filtr
2026-01-01;company:ALSKOM AJ;"""ALSKOM"" AJ";общее;total;Все регионы;279060.617;98679.487;588437;35.361;474240;Страх_отчет(IV_чорак_2025_йил_)_uz_—_filtr
2026-01-01;company:APEX INSURANCE AJ;"""APEX INSURANCE"" AJ";общее;region:ANDIJON;Андижанская область;56128.681;864.147;38919;1.540;1442192;Страх_отчет(IV_чорак_2025_йил_)_uz_—_filtr
2026-01-01;company:APEX INSURANCE AJ;"""APEX INSURANCE"" AJ";общее;region:BUXORO;Бухарская область;91750.998;3931.023;56860;4.284;1613630;Страх_отчет(IV_чорак_2025_йил_)_uz_—_filtr
2026-01-01;company:APEX INSURANCE AJ;"""APEX INSURANCE"" AJ";общее;region:FARG'ONA;Ферганская область;46244.947;4968.937;62870;10.745;735565;Страх_отчет(IV_чорак_2025_йил_)_uz_—_filtr
2026-01-01;company:APEX INSURANCE AJ;"""APEX INSURANCE"" AJ";общее;region:JIZZAX;Джизакская область;54778.169;2663.100;44477;4.862;1231607;Страх_отчет(IV_чорак_2025_йил_)_uz_—_filtr
2026-01-01;company:APEX INSURANCE AJ;"""APEX INSURANCE"" AJ";общее;region:NAMANGAN;Наманганская область;88203.049;1362.383;53076;1.545;1661825;Страх_отчет(IV_чорак_2025_йил_)_uz_—_filtr
2026-01-01;company:APEX INSURANCE AJ;"""APEX INSURANCE"" AJ";общее;region:NAVOIY;Навоийская область;33358.458;57697.236;33691;172.961;990130;Страх_отчет(IV_чорак_2025_йил_)_uz_—_filtr
2026-01-01;company:APEX INSURANCE AJ;"""APEX INSURANCE"" AJ";общее;region:QASHQADARYO;Кашкадарьинская область;124962.461;8629.557;179885;6.906;694680;Страх_отчет(IV_чорак_2025_йил_)_uz_—_filtr
2026-01-01;company:APEX INSURANCE AJ;"""APEX INSURANCE"" AJ";общее;region:QORAQALPOG'ISTON RESPUBLIKASI;Республика Каракалпакстан;57628.928;15578.649;130184;27.033;442673;Страх_отчет(IV_чорак_2025_йил_)_uz_—_filtr
2026-01-01;company:APEX INSURANCE AJ;"""APEX INSURANCE"" AJ";общее;region:SAMARQAND;Самаркандская область;62687.573;4812.747;143285;7.677;437503;Страх_отчет(IV_чорак_2025_йил_)_uz_—_filtr
2026-01-01;company:APEX INSURANCE AJ;"""APEX INSURANCE"" AJ";общее;region:SIRDARYO;Сырдарьинская область;17160.988;4516.529;48738;26.319;352107;Страх_отчет(IV_чорак_2025_йил_)_uz_—_filtr
2026-01-01;company:APEX INSURANCE AJ;"""APEX INSURANCE"" AJ";общее;region:SURXANDARYO;Сурхандарьинская область;58539.608;3640.913;72137;6.220;811506;Страх_отчет(IV_чорак_2025_йил_)_uz_—_filtr
2026-01-01;company:APEX INSURANCE AJ;"""APEX INSURANCE"" AJ";общее;region:TOSHKENT;Ташкентская область;34737.678;100.353;5034;0.289;6900611;Страх_отчет(IV_чорак_2025_йил_)_uz_—_filtr
2026-01-01;company:APEX INSURANCE AJ;"""APEX INSURANCE"" AJ";общее;region:TOSHKENT SHAHRI;город Ташкент;3337507.168;750373.564;582318;22.483;5731417;Страх_отчет(IV_чорак_2025_йил_)_uz_—_filtr
2026-01-01;company:APEX INSURANCE AJ;"""APEX INSURANCE"" AJ";общее;region:XORAZM;Хорезмская область;58511.242;9353.736;138813;15.986;421511;Страх_отчет(IV_чорак_2025_йил_)_uz_—_filtr
2026-01-01;company:APEX INSURANCE AJ;"""APEX INSURANCE"" AJ";общее;total;Все регионы;4122199.948;868492.873;1590287;21.069;2592111;Страх_отчет(IV_чорак_2025_йил_)_uz_—_filtr
2026-01-01;company:APEX LIFE INSURANCE AJ;"""APEX LIFE INSURANCE"" AJ";жизнь;region:ANDIJON;Андижанская область;802.942;331.728;283;41.314;2837250;Страх_отчет(IV_чорак_2025_йил_)_uz_—_filtr
2026-01-01;company:APEX LIFE INSURANCE AJ;"""APEX LIFE INSURANCE"" AJ";жизнь;region:BUXORO;Бухарская область;747.040;137.829;456;18.450;1638246;Страх_отчет(IV_чорак_2025_йил_)_uz_—_filtr
2026-01-01;company:APEX LIFE INSURANCE AJ;"""APEX LIFE INSURANCE"" AJ";жизнь;region:FARG'ONA;Ферганская область;3917.402;4218.364;559;107.683;7007874;Страх_отчет(IV_чорак_2025_йил_)_uz_—_filtr
2026-01-01;company:APEX LIFE INSURANCE AJ;"""APEX LIFE INSURANCE"" AJ";жизнь;region:JIZZAX;Джизакская область;1616.778;253.860;7;15.702;230968322;Страх_отчет(IV_чорак_2025_йил_)_uz_—_filtr
2026-01-01;company:APEX LIFE INSURANCE AJ;"""APEX LIFE INSURANCE"" AJ";жизнь;region:NAMANGAN;Наманганская область;9586.233;10038.001;1272;104.713;7536346;Страх_отчет(IV_чорак_2025_йил_)_uz_—_filtr
2026-01-01;company:APEX LIFE INSURANCE AJ;"""APEX LIFE INSURANCE"" AJ";жизнь;region:NAVOIY;Навоийская область;3037.889;1420.157;1015;46.748;2992995;Страх_отчет(IV_чорак_2025_йил_)_uz_—_filtr
2026-01-01;company:APEX LIFE INSURANCE AJ;"""APEX LIFE INSURANCE"" AJ";жизнь;region:QASHQADARYO;Кашкадарьинская область;740.715;938.084;20;126.646;37035736;Страх_отчет(IV_чорак_2025_йил_)_uz_—_filtr
2026-01-01;company:APEX LIFE INSURANCE AJ;"""APEX LIFE INSURANCE"" AJ";жизнь;region:QORAQALPOG'ISTON RESPUBLIKASI;Республика Каракалпакстан;837.465;290.984;266;34.746;3148365;Страх_отчет(IV_чорак_2025_йил_)_uz_—_filtr
2026-01-01;company:APEX LIFE INSURANCE AJ;"""APEX LIFE INSURANCE"" AJ";жизнь;region:SAMARQAND;Самаркандская область;1590.724;326.618;206;20.533;7721964;Страх_отчет(IV_чорак_2025_йил_)_uz_—_filtr
2026-01-01;company:APEX LIFE INSURANCE AJ;"""APEX LIFE INSURANCE"" AJ";жизнь;region:SIRDARYO;Сырдарьинская область;295.133;57.845;4;19.600;73783128;Страх_отчет(IV_чорак_2025_йил_)_uz_—_filtr
2026-01-01;company:APEX LIFE INSURANCE AJ;"""APEX LIFE INSURANCE"" AJ";жизнь;region:SURXANDARYO;Сурхандарьинская область;0.000;5.513;1;;0;Страх_отчет(IV_чорак_2025_йил_)_uz_—_filtr
2026-01-01;company:APEX LIFE INSURANCE AJ;"""APEX LIFE INSURANCE"" AJ";жизнь;region:TOSHKENT;Ташкентская область;16299.775;10800.691;184;66.263;88585735;Страх_отчет(IV_чорак_2025_йил_)_uz_—_filtr
2026-01-01;company:APEX LIFE INSURANCE AJ;"""APEX LIFE INSURANCE"" AJ";жизнь;region:TOSHKENT SHAHRI;город Ташкент;401665.524;74078.993;164359;18.443;2443830;Страх_отчет(IV_чорак_2025_йил_)_uz_—_filtr
2026-01-01;company:APEX LIFE INSURANCE AJ;"""APEX LIFE INSURANCE"" AJ";жизнь;region:XORAZM;Хорезмская область;2277.890;1875.195;3149;82.322;723369;Страх_отчет(IV_чорак_2025_йил_)_uz_—_filtr
2026-01-01;company:APEX LIFE INSURANCE AJ;"""APEX LIFE INSURANCE"" AJ";жизнь;total;Все регионы;443415.510;104773.862;171781;23.629;2581284;Страх_отчет(IV_чорак_2025_йил_)_uz_—_filtr
2026-01-01;company:ARIA SUG'URTA TASHKILOTI AJ;"""ARIA SUG‘URTA TASHKILOTI"" AJ";общее;region:ANDIJON;Андижанская область;0.000;0.000;0;;;Страх_отчет(IV_чорак_2025_йил_)_uz_—_filtr
2026-01-01;company:ARIA SUG'URTA TASHKILOTI AJ;"""ARIA SUG‘URTA TASHKILOTI"" AJ";общее;region:BUXORO;Бухарская область;0.000;0.000;0;;;Страх_отчет(IV_чорак_2025_йил_)_uz_—_filtr
2026-01-01;company:ARIA SUG'URTA TASHKILOTI AJ;"""ARIA SUG‘URTA TASHKILOTI"" AJ";общее;region:FARG'ONA;Ферганская область;0.000;0.000;0;;;Страх_отчет(IV_чорак_2025_йил_)_uz_—_filtr
2026-01-01;company:ARIA SUG'URTA TASHKILOTI AJ;"""ARIA SUG‘URTA TASHKILOTI"" AJ";общее;region:JIZZAX;Джизакская область;0.000;0.000;0;;;Страх_отчет(IV_чорак_2025_йил_)_uz_—_filtr
2026-01-01;company:ARIA SUG'URTA TASHKILOTI AJ;"""ARIA SUG‘URTA TASHKILOTI"" AJ";общее;region:NAMANGAN;Наманганская область;0.000;0.000;0;;;Страх_отчет(IV_чорак_2025_йил_)_uz_—_filtr
2026-01-01;company:ARIA SUG'URTA TASHKILOTI AJ;"""ARIA SUG‘URTA TASHKILOTI"" AJ";общее;region:NAVOIY;Навоийская область;0.000;0.000;0;;;Страх_отчет(IV_чорак_2025_йил_)_uz_—_filtr
2026-01-01;company:ARIA SUG'URTA TASHKILOTI AJ;"""ARIA SUG‘URTA TASHKILOTI"" AJ";общее;region:QASHQADARYO;Кашкадарьинская область;0.000;0.000;0;;;Страх_отчет(IV_чорак_2025_йил_)_uz_—_filtr
2026-01-01;company:ARIA SUG'URTA TASHKILOTI AJ;"""ARIA SUG‘URTA TASHKILOTI"" AJ";общее;region:QORAQALPOG'ISTON RESPUBLIKASI;Республика Каракалпакстан;0.000;0.000;0;;;Страх_отчет(IV_чорак_2025_йил_)_uz_—_filtr
2026-01-01;company:ARIA SUG'URTA TASHKILOTI AJ;"""ARIA SUG‘URTA TASHKILOTI"" AJ";общее;region:SAMARQAND;Самаркандская область;0.000;0.000;0;;;Страх_отчет(IV_чорак_2025_йил_)_uz_—_filtr
2026-01-01;company:ARIA SUG'URTA TASHKILOTI AJ;"""ARIA SUG‘URTA TASHKILOTI"" AJ";общее;region:SIRDARYO;Сырдарьинская область;0.000;0.000;0;;;Страх_отчет(IV_чорак_2025_йил_)_uz_—_filtr
2026-01-01;company:ARIA SUG'URTA TASHKILOTI AJ;"""ARIA SUG‘URTA TASHKILOTI"" AJ";общее;region:SURXANDARYO;Сурхандарьинская область;0.000;0.000;0;;;Страх_отчет(IV_чорак_2025_йил_)_uz_—_filtr
2026-01-01;company:ARIA SUG'URTA TASHKILOTI AJ;"""ARIA SUG‘URTA TASHKILOTI"" AJ";общее;region:TOSHKENT;Ташкентская область;0.000;0.000;0;;;Страх_отчет(IV_чорак_2025_йил_)_uz_—_filtr
2026-01-01;company:ARIA SUG'URTA TASHKILOTI AJ;"""ARIA SUG‘URTA TASHKILOTI"" AJ";общее;region:TOSHKENT SHAHRI;город Ташкент;56091.000;3796.863;12874;6.769;4356921;Страх_отчет(IV_чорак_2025_йил_)_uz_—_filtr
2026-01-01;company:ARIA SUG'URTA TASHKILOTI AJ;"""ARIA SUG‘URTA TASHKILOTI"" AJ";общее;region:XORAZM;Хорезмская область;0.000;0.000;0;;;Страх_отчет(IV_чорак_2025_йил_)_uz_—_filtr
2026-01-01;company:ARIA SUG'URTA TASHKILOTI AJ;"""ARIA SUG‘URTA TASHKILOTI"" AJ";общее;total;Все регионы;56091.000;3796.863;12874;6.769;4356921;Страх_отчет(IV_чорак_2025_йил_)_uz_—_filtr
2026-01-01;company:ASIA INSURANCE SUG'URTA KOMPANIYASI AJ;"""ASIA INSURANCE SUG‘URTA KOMPANIYASI"" AJ";общее;region:ANDIJON;Андижанская область;1681.591;161.545;14625;9.607;114981;Страх_отчет(IV_чорак_2025_йил_)_uz_—_filtr
2026-01-01;company:ASIA INSURANCE SUG'URTA KOMPANIYASI AJ;"""ASIA INSURANCE SUG‘URTA KOMPANIYASI"" AJ";общее;region:BUXORO;Бухарская область;3439.121;416.632;3821;12.114;900058;Страх_отчет(IV_чорак_2025_йил_)_uz_—_filtr
2026-01-01;company:ASIA INSURANCE SUG'URTA KOMPANIYASI AJ;"""ASIA INSURANCE SUG‘URTA KOMPANIYASI"" AJ";общее;region:FARG'ONA;Ферганская область;2357.257;105.942;3364;4.494;700730;Страх_отчет(IV_чорак_2025_йил_)_uz_—_filtr
2026-01-01;company:ASIA INSURANCE SUG'URTA KOMPANIYASI AJ;"""ASIA INSURANCE SUG‘URTA KOMPANIYASI"" AJ";общее;region:JIZZAX;Джизакская область;1150.094;26.783;2778;2.329;414001;Страх_отчет(IV_чорак_2025_йил_)_uz_—_filtr
2026-01-01;company:ASIA INSURANCE SUG'URTA KOMPANIYASI AJ;"""ASIA INSURANCE SUG‘URTA KOMPANIYASI"" AJ";общее;region:NAMANGAN;Наманганская область;5960.239;365.766;33343;6.137;178755;Страх_отчет(IV_чорак_2025_йил_)_uz_—_filtr
2026-01-01;company:ASIA INSURANCE SUG'URTA KOMPANIYASI AJ;"""ASIA INSURANCE SUG‘URTA KOMPANIYASI"" AJ";общее;region:NAVOIY;Навоийская область;446.271;136.790;3181;30.652;140293;Страх_отчет(IV_чорак_2025_йил_)_uz_—_filtr
2026-01-01;company:ASIA INSURANCE SUG'URTA KOMPANIYASI AJ;"""ASIA INSURANCE SUG‘URTA KOMPANIYASI"" AJ";общее;region:QASHQADARYO;Кашкадарьинская область;943.938;70.749;6650;7.495;141946;Страх_отчет(IV_чорак_2025_йил_)_uz_—_filtr
2026-01-01;company:ASIA INSURANCE SUG'URTA KOMPANIYASI AJ;"""ASIA INSURANCE SUG‘URTA KOMPANIYASI"" AJ";общее;region:QORAQALPOG'ISTON RESPUBLIKASI;Республика Каракалпакстан;440.609;87.075;2594;19.762;169857;Страх_отчет(IV_чорак_2025_йил_)_uz_—_filtr
2026-01-01;company:ASIA INSURANCE SUG'URTA KOMPANIYASI AJ;"""ASIA INSURANCE SUG‘URTA KOMPANIYASI"" AJ";общее;region:SAMARQAND;Самаркандская область;2563.427;482.272;31339;18.814;81797;Страх_отчет(IV_чорак_2025_йил_)_uz_—_filtr
2026-01-01;company:ASIA INSURANCE SUG'URTA KOMPANIYASI AJ;"""ASIA INSURANCE SUG‘URTA KOMPANIYASI"" AJ";общее;region:SIRDARYO;Сырдарьинская область;243.133;279.374;2139;114.906;113667;Страх_отчет(IV_чорак_2025_йил_)_uz_—_filtr
2026-01-01;company:ASIA INSURANCE SUG'URTA KOMPANIYASI AJ;"""ASIA INSURANCE SUG‘URTA KOMPANIYASI"" AJ";общее;region:SURXANDARYO;Сурхандарьинская область;4311.474;142.123;5334;3.296;808300;Страх_отчет(IV_чорак_2025_йил_)_uz_—_filtr
2026-01-01;company:ASIA INSURANCE SUG'URTA KOMPANIYASI AJ;"""ASIA INSURANCE SUG‘URTA KOMPANIYASI"" AJ";общее;region:TOSHKENT;Ташкентская область;3960.466;2058.347;60454;51.972;65512;Страх_отчет(IV_чорак_2025_йил_)_uz_—_filtr
2026-01-01;company:ASIA INSURANCE SUG'URTA KOMPANIYASI AJ;"""ASIA INSURANCE SUG‘URTA KOMPANIYASI"" AJ";общее;region:TOSHKENT SHAHRI;город Ташкент;188567.664;26356.424;41104;13.977;4587575;Страх_отчет(IV_чорак_2025_йил_)_uz_—_filtr
2026-01-01;company:ASIA INSURANCE SUG'URTA KOMPANIYASI AJ;"""ASIA INSURANCE SUG‘URTA KOMPANIYASI"" AJ";общее;region:XORAZM;Хорезмская область;158.584;14.000;1167;8.828;135891;Страх_отчет(IV_чорак_2025_йил_)_uz_—_filtr
2026-01-01;company:ASIA INSURANCE SUG'URTA KOMPANIYASI AJ;"""ASIA INSURANCE SUG‘URTA KOMPANIYASI"" AJ";общее;total;Все регионы;216223.867;30703.823;211893;14.200;1020439;Страх_отчет(IV_чорак_2025_йил_)_uz_—_filtr
2026-01-01;company:EUROASIA INSURANCE AJ QK;"""EUROASIA INSURANCE"" AJ QK";общее;region:ANDIJON;Андижанская область;0.000;13.209;0;;;Страх_отчет(IV_чорак_2025_йил_)_uz_—_filtr
2026-01-01;company:EUROASIA INSURANCE AJ QK;"""EUROASIA INSURANCE"" AJ QK";общее;region:BUXORO;Бухарская область;0.304;69.352;5;22813.092;60800;Страх_отчет(IV_чорак_2025_йил_)_uz_—_filtr
2026-01-01;company:EUROASIA INSURANCE AJ QK;"""EUROASIA INSURANCE"" AJ QK";общее;region:FARG'ONA;Ферганская область;0.000;10.950;0;;;Страх_отчет(IV_чорак_2025_йил_)_uz_—_filtr
2026-01-01;company:EUROASIA INSURANCE AJ QK;"""EUROASIA INSURANCE"" AJ QK";общее;region:JIZZAX;Джизакская область;0.000;159.011;0;;;Страх_отчет(IV_чорак_2025_йил_)_uz_—_filtr
2026-01-01;company:EUROASIA INSURANCE AJ QK;"""EUROASIA INSURANCE"" AJ QK";общее;region:NAMANGAN;Наманганская область;2.752;0.000;46;0.000;59826;Страх_отчет(IV_чорак_2025_йил_)_uz_—_filtr
2026-01-01;company:EUROASIA INSURANCE AJ QK;"""EUROASIA INSURANCE"" AJ QK";общее;region:NAVOIY;Навоийская область;0.000;49.550;0;;;Страх_отчет(IV_чорак_2025_йил_)_uz_—_filtr
2026-01-01;company:EUROASIA INSURANCE AJ QK;"""EUROASIA INSURANCE"" AJ QK";общее;region:QASHQADARYO;Кашкадарьинская область;0.087;36.650;4;42013.894;21808;Страх_отчет(IV_чорак_2025_йил_)_uz_—_filtr
2026-01-01;company:EUROASIA INSURANCE AJ QK;"""EUROASIA INSURANCE"" AJ QK";общее;region:QORAQALPOG'ISTON RESPUBLIKASI;Республика Каракалпакстан;0.000;68.399;0;;;Страх_отчет(IV_чорак_2025_йил_)_uz_—_filtr
2026-01-01;company:EUROASIA INSURANCE AJ QK;"""EUROASIA INSURANCE"" AJ QK";общее;region:SAMARQAND;Самаркандская область;0.000;276.097;0;;;Страх_отчет(IV_чорак_2025_йил_)_uz_—_filtr
2026-01-01;company:EUROASIA INSURANCE AJ QK;"""EUROASIA INSURANCE"" AJ QK";общее;region:SIRDARYO;Сырдарьинская область;0.000;63.578;0;;;Страх_отчет(IV_чорак_2025_йил_)_uz_—_filtr
2026-01-01;company:EUROASIA INSURANCE AJ QK;"""EUROASIA INSURANCE"" AJ QK";общее;region:SURXANDARYO;Сурхандарьинская область;0.000;0.000;0;;;Страх_отчет(IV_чорак_2025_йил_)_uz_—_filtr
2026-01-01;company:EUROASIA INSURANCE AJ QK;"""EUROASIA INSURANCE"" AJ QK";общее;region:TOSHKENT;Ташкентская область;0.000;2634.043;0;;;Страх_отчет(IV_чорак_2025_йил_)_uz_—_filtr
2026-01-01;company:EUROASIA INSURANCE AJ QK;"""EUROASIA INSURANCE"" AJ QK";общее;region:TOSHKENT SHAHRI;город Ташкент;276876.909;37774.837;56422;13.643;4907251;Страх_отчет(IV_чорак_2025_йил_)_uz_—_filtr
2026-01-01;company:EUROASIA INSURANCE AJ QK;"""EUROASIA INSURANCE"" AJ QK";общее;region:XORAZM;Хорезмская область;0.000;46.732;0;;;Страх_отчет(IV_чорак_2025_йил_)_uz_—_filtr
2026-01-01;company:EUROASIA INSURANCE AJ QK;"""EUROASIA INSURANCE"" AJ QK";общее;total;Все регионы;276880.053;41202.407;56477;14.881;4902528;Страх_отчет(IV_чорак_2025_йил_)_uz_—_filtr
2026-01-01;company:GLOBAL INSURANCE GROUP AJ;"""GLOBAL INSURANCE GROUP"" AJ";общее;region:ANDIJON;Андижанская область;0.000;8.975;0;;;Страх_отчет(IV_чорак_2025_йил_)_uz_—_filtr
2026-01-01;company:GLOBAL INSURANCE GROUP AJ;"""GLOBAL INSURANCE GROUP"" AJ";общее;region:BUXORO;Бухарская область;0.000;398.822;0;;;Страх_отчет(IV_чорак_2025_йил_)_uz_—_filtr
2026-01-01;company:GLOBAL INSURANCE GROUP AJ;"""GLOBAL INSURANCE GROUP"" AJ";общее;region:FARG'ONA;Ферганская область;0.000;26.253;0;;;Страх_отчет(IV_чорак_2025_йил_)_uz_—_filtr
2026-01-01;company:GLOBAL INSURANCE GROUP AJ;"""GLOBAL INSURANCE GROUP"" AJ";общее;region:JIZZAX;Джизакская область;0.000;54.933;0;;;Страх_отчет(IV_чорак_2025_йил_)_uz_—_filtr
2026-01-01;company:GLOBAL INSURANCE GROUP AJ;"""GLOBAL INSURANCE GROUP"" AJ";общее;region:NAMANGAN;Наманганская область;0.000;91.512;0;;;Страх_отчет(IV_чорак_2025_йил_)_uz_—_filtr
2026-01-01;company:GLOBAL INSURANCE GROUP AJ;"""GLOBAL INSURANCE GROUP"" AJ";общее;region:NAVOIY;Навоийская область;0.000;50.174;0;;;Страх_отчет(IV_чорак_2025_йил_)_uz_—_filtr
2026-01-01;company:GLOBAL INSURANCE GROUP AJ;"""GLOBAL INSURANCE GROUP"" AJ";общее;region:QASHQADARYO;Кашкадарьинская область;0.000;132.731;0;;;Страх_отчет(IV_чорак_2025_йил_)_uz_—_filtr
2026-01-01;company:GLOBAL INSURANCE GROUP AJ;"""GLOBAL INSURANCE GROUP"" AJ";общее;region:QORAQALPOG'ISTON RESPUBLIKASI;Республика Каракалпакстан;0.000;41.539;0;;;Страх_отчет(IV_чорак_2025_йил_)_uz_—_filtr
2026-01-01;company:GLOBAL INSURANCE GROUP AJ;"""GLOBAL INSURANCE GROUP"" AJ";общее;region:SAMARQAND;Самаркандская область;0.000;314.880;0;;;Страх_отчет(IV_чорак_2025_йил_)_uz_—_filtr
2026-01-01;company:GLOBAL INSURANCE GROUP AJ;"""GLOBAL INSURANCE GROUP"" AJ";общее;region:SIRDARYO;Сырдарьинская область;0.000;0.000;0;;;Страх_отчет(IV_чорак_2025_йил_)_uz_—_filtr
2026-01-01;company:GLOBAL INSURANCE GROUP AJ;"""GLOBAL INSURANCE GROUP"" AJ";общее;region:SURXANDARYO;Сурхандарьинская область;0.000;266.621;0;;;Страх_отчет(IV_чорак_2025_йил_)_uz_—_filtr
2026-01-01;company:GLOBAL INSURANCE GROUP AJ;"""GLOBAL INSURANCE GROUP"" AJ";общее;region:TOSHKENT;Ташкентская область;0.000;725.877;0;;;Страх_отчет(IV_чорак_2025_йил_)_uz_—_filtr
2026-01-01;company:GLOBAL INSURANCE GROUP AJ;"""GLOBAL INSURANCE GROUP"" AJ";общее;region:TOSHKENT SHAHRI;город Ташкент;48108.414;28118.718;35933;58.449;1338837;Страх_отчет(IV_чорак_2025_йил_)_uz_—_filtr
2026-01-01;company:GLOBAL INSURANCE GROUP AJ;"""GLOBAL INSURANCE GROUP"" AJ";общее;region:XORAZM;Хорезмская область;0.000;0.000;0;;;Страх_отчет(IV_чорак_2025_йил_)_uz_—_filtr
2026-01-01;company:GLOBAL INSURANCE GROUP AJ;"""GLOBAL INSURANCE GROUP"" AJ";общее;total;Все регионы;48108.414;30231.034;35933;62.839;1338837;Страх_отчет(IV_чорак_2025_йил_)_uz_—_filtr
2026-01-01;company:GROSS SUG'URTA KOMPANIYASI AJ;"""GROSS SUG‘URTA KOMPANIYASI"" AJ";общее;region:ANDIJON;Андижанская область;16864.846;3100.864;178121;18.387;94682;Страх_отчет(IV_чорак_2025_йил_)_uz_—_filtr
2026-01-01;company:GROSS SUG'URTA KOMPANIYASI AJ;"""GROSS SUG‘URTA KOMPANIYASI"" AJ";общее;region:BUXORO;Бухарская область;5743.615;857.536;9573;14.930;599981;Страх_отчет(IV_чорак_2025_йил_)_uz_—_filtr
2026-01-01;company:GROSS SUG'URTA KOMPANIYASI AJ;"""GROSS SUG‘URTA KOMPANIYASI"" AJ";общее;region:FARG'ONA;Ферганская область;19389.727;2620.730;206657;13.516;93826;Страх_отчет(IV_чорак_2025_йил_)_uz_—_filtr
2026-01-01;company:GROSS SUG'URTA KOMPANIYASI AJ;"""GROSS SUG‘URTA KOMPANIYASI"" AJ";общее;region:JIZZAX;Джизакская область;2815.831;789.686;17048;28.044;165171;Страх_отчет(IV_чорак_2025_йил_)_uz_—_filtr
2026-01-01;company:GROSS SUG'URTA KOMPANIYASI AJ;"""GROSS SUG‘URTA KOMPANIYASI"" AJ";общее;region:NAMANGAN;Наманганская область;3224.980;222.091;85728;6.887;37619;Страх_отчет(IV_чорак_2025_йил_)_uz_—_filtr
2026-01-01;company:GROSS SUG'URTA KOMPANIYASI AJ;"""GROSS SUG‘URTA KOMPANIYASI"" AJ";общее;region:NAVOIY;Навоийская область;7109.321;3455.467;42770;48.605;166222;Страх_отчет(IV_чорак_2025_йил_)_uz_—_filtr
2026-01-01;company:GROSS SUG'URTA KOMPANIYASI AJ;"""GROSS SUG‘URTA KOMPANIYASI"" AJ";общее;region:QASHQADARYO;Кашкадарьинская область;9598.856;1305.705;29624;13.603;324023;Страх_отчет(IV_чорак_2025_йил_)_uz_—_filtr
2026-01-01;company:GROSS SUG'URTA KOMPANIYASI AJ;"""GROSS SUG‘URTA KOMPANIYASI"" AJ";общее;region:QORAQALPOG'ISTON RESPUBLIKASI;Республика Каракалпакстан;1519.878;588.900;22558;38.747;67376;Страх_отчет(IV_чорак_2025_йил_)_uz_—_filtr
2026-01-01;company:GROSS SUG'URTA KOMPANIYASI AJ;"""GROSS SUG‘URTA KOMPANIYASI"" AJ";общее;region:SAMARQAND;Самаркандская область;19436.692;2312.624;110049;11.898;176619;Страх_отчет(IV_чорак_2025_йил_)_uz_—_filtr
2026-01-01;company:GROSS SUG'URTA KOMPANIYASI AJ;"""GROSS SUG‘URTA KOMPANIYASI"" AJ";общее;region:SIRDARYO;Сырдарьинская область;349.642;177.665;5201;50.813;67226;Страх_отчет(IV_чорак_2025_йил_)_uz_—_filtr
2026-01-01;company:GROSS SUG'URTA KOMPANIYASI AJ;"""GROSS SUG‘URTA KOMPANIYASI"" AJ";общее;region:SURXANDARYO;Сурхандарьинская область;5396.136;1554.176;62668;28.802;86107;Страх_отчет(IV_чорак_2025_йил_)_uz_—_filtr
2026-01-01;company:GROSS SUG'URTA KOMPANIYASI AJ;"""GROSS SUG‘URTA KOMPANIYASI"" AJ";общее;region:TOSHKENT;Ташкентская область;6031.587;1441.070;10198;23.892;591448;Страх_отчет(IV_чорак_2025_йил_)_uz_—_filtr
2026-01-01;company:GROSS SUG'URTA KOMPANIYASI AJ;"""GROSS SUG‘URTA KOMPANIYASI"" AJ";общее;region:TOSHKENT SHAHRI;город Ташкент;752935.478;198638.458;671110;26.382;1121926;Страх_отчет(IV_чорак_2025_йил_)_uz_—_filtr
2026-01-01;company:GROSS SUG'URTA KOMPANIYASI AJ;"""GROSS SUG‘URTA KOMPANIYASI"" AJ";общее;region:XORAZM;Хорезмская область;10717.317;2187.055;40348;20.407;265622;Страх_отчет(IV_чорак_2025_йил_)_uz_—_filtr
2026-01-01;company:GROSS SUG'URTA KOMPANIYASI AJ;"""GROSS SUG‘URTA KOMPANIYASI"" AJ";общее;total;Все регионы;861133.908;219252.027;1491653;25.461;577302;Страх_отчет(IV_чорак_2025_йил_)_uz_—_filtr
2026-01-01;company:HAMKOR SUG'URTA AJ;"""HAMKOR SUG’URTA"" AJ";общее;region:ANDIJON;Андижанская область;2938.840;340.502;5223;11.586;562673;Страх_отчет(IV_чорак_2025_йил_)_uz_—_filtr
2026-01-01;company:HAMKOR SUG'URTA AJ;"""HAMKOR SUG’URTA"" AJ";общее;region:BUXORO;Бухарская область;1749.143;49.578;2598;2.834;673265;Страх_отчет(IV_чорак_2025_йил_)_uz_—_filtr
2026-01-01;company:HAMKOR SUG'URTA AJ;"""HAMKOR SUG’URTA"" AJ";общее;region:FARG'ONA;Ферганская область;2921.731;69.920;7930;2.393;368440;Страх_отчет(IV_чорак_2025_йил_)_uz_—_filtr
2026-01-01;company:HAMKOR SUG'URTA AJ;"""HAMKOR SUG’URTA"" AJ";общее;region:JIZZAX;Джизакская область;584.478;98.501;1494;16.853;391217;Страх_отчет(IV_чорак_2025_йил_)_uz_—_filtr
2026-01-01;company:HAMKOR SUG'URTA AJ;"""HAMKOR SUG’URTA"" AJ";общее;region:NAMANGAN;Наманганская область;1330.348;9.169;4631;0.689;287270;Страх_отчет(IV_чорак_2025_йил_)_uz_—_filtr
2026-01-01;company:HAMKOR SUG'URTA AJ;"""HAMKOR SUG’URTA"" AJ";общее;region:NAVOIY;Навоийская область;900.043;100.023;2258;11.113;398602;Страх_отчет(IV_чорак_2025_йил_)_uz_—_filtr
2026-01-01;company:HAMKOR SUG'URTA AJ;"""HAMKOR SUG’URTA"" AJ";общее;region:QASHQADARYO;Кашкадарьинская область;1021.566;203.924;1824;19.962;560069;Страх_отчет(IV_чорак_2025_йил_)_uz_—_filtr
2026-01-01;company:HAMKOR SUG'URTA AJ;"""HAMKOR SUG’URTA"" AJ";общее;region:QORAQALPOG'ISTON RESPUBLIKASI;Республика Каракалпакстан;1104.367;42.907;3491;3.885;316347;Страх_отчет(IV_чорак_2025_йил_)_uz_—_filtr
2026-01-01;company:HAMKOR SUG'URTA AJ;"""HAMKOR SUG’URTA"" AJ";общее;region:SAMARQAND;Самаркандская область;2224.250;412.123;4977;18.529;446906;Страх_отчет(IV_чорак_2025_йил_)_uz_—_filtr
2026-01-01;company:HAMKOR SUG'URTA AJ;"""HAMKOR SUG’URTA"" AJ";общее;region:SIRDARYO;Сырдарьинская область;888.769;116.269;3698;13.082;240338;Страх_отчет(IV_чорак_2025_йил_)_uz_—_filtr
2026-01-01;company:HAMKOR SUG'URTA AJ;"""HAMKOR SUG’URTA"" AJ";общее;region:SURXANDARYO;Сурхандарьинская область;1403.095;124.052;3675;8.841;381795;Страх_отчет(IV_чорак_2025_йил_)_uz_—_filtr
2026-01-01;company:HAMKOR SUG'URTA AJ;"""HAMKOR SUG’URTA"" AJ";общее;region:TOSHKENT;Ташкентская область;2234.398;466.985;14748;20.900;151505;Страх_отчет(IV_чорак_2025_йил_)_uz_—_filtr
2026-01-01;company:HAMKOR SUG'URTA AJ;"""HAMKOR SUG’URTA"" AJ";общее;region:TOSHKENT SHAHRI;город Ташкент;4287.238;2231.123;25135;52.041;170568;Страх_отчет(IV_чорак_2025_йил_)_uz_—_filtr
2026-01-01;company:HAMKOR SUG'URTA AJ;"""HAMKOR SUG’URTA"" AJ";общее;region:XORAZM;Хорезмская область;2510.743;102.115;4188;4.067;599509;Страх_отчет(IV_чорак_2025_йил_)_uz_—_filtr
2026-01-01;company:HAMKOR SUG'URTA AJ;"""HAMKOR SUG’URTA"" AJ";общее;total;Все регионы;26099.010;4367.192;85870;16.733;303936;Страх_отчет(IV_чорак_2025_йил_)_uz_—_filtr
2026-01-01;company:IMKON SUG'URTA AJ;"""IMKON SUG’URTA"" AJ";общее;region:ANDIJON;Андижанская область;865.212;0.000;1865;0.000;463921;Страх_отчет(IV_чорак_2025_йил_)_uz_—_filtr
2026-01-01;company:IMKON SUG'URTA AJ;"""IMKON SUG’URTA"" AJ";общее;region:BUXORO;Бухарская область;807.755;26.825;892;3.321;905555;Страх_отчет(IV_чорак_2025_йил_)_uz_—_filtr
2026-01-01;company:IMKON SUG'URTA AJ;"""IMKON SUG’URTA"" AJ";общее;region:FARG'ONA;Ферганская область;1834.631;14.801;2602;0.807;705085;Страх_отчет(IV_чорак_2025_йил_)_uz_—_filtr
2026-01-01;company:IMKON SUG'URTA AJ;"""IMKON SUG’URTA"" AJ";общее;region:JIZZAX;Джизакская область;152.581;48.520;1290;31.800;118280;Страх_отчет(IV_чорак_2025_йил_)_uz_—_filtr
2026-01-01;company:IMKON SUG'URTA AJ;"""IMKON SUG’URTA"" AJ";общее;region:NAMANGAN;Наманганская область;709.335;0.000;454;0.000;1562411;Страх_отчет(IV_чорак_2025_йил_)_uz_—_filtr
2026-01-01;company:IMKON SUG'URTA AJ;"""IMKON SUG’URTA"" AJ";общее;region:NAVOIY;Навоийская область;1846.458;512.308;2671;27.745;691299;Страх_отчет(IV_чорак_2025_йил_)_uz_—_filtr
2026-01-01;company:IMKON SUG'URTA AJ;"""IMKON SUG’URTA"" AJ";общее;region:QASHQADARYO;Кашкадарьинская область;685.861;0.000;665;0.000;1031370;Страх_отчет(IV_чорак_2025_йил_)_uz_—_filtr
2026-01-01;company:IMKON SUG'URTA AJ;"""IMKON SUG’URTA"" AJ";общее;region:QORAQALPOG'ISTON RESPUBLIKASI;Республика Каракалпакстан;1370.702;261.588;2803;19.084;489012;Страх_отчет(IV_чорак_2025_йил_)_uz_—_filtr
2026-01-01;company:IMKON SUG'URTA AJ;"""IMKON SUG’URTA"" AJ";общее;region:SAMARQAND;Самаркандская область;4149.158;93.657;6796;2.257;610529;Страх_отчет(IV_чорак_2025_йил_)_uz_—_filtr
2026-01-01;company:IMKON SUG'URTA AJ;"""IMKON SUG’URTA"" AJ";общее;region:SIRDARYO;Сырдарьинская область;338.017;23.749;812;7.026;416276;Страх_отчет(IV_чорак_2025_йил_)_uz_—_filtr
2026-01-01;company:IMKON SUG'URTA AJ;"""IMKON SUG’URTA"" AJ";общее;region:SURXANDARYO;Сурхандарьинская область;1576.705;161.257;3361;10.227;469118;Страх_отчет(IV_чорак_2025_йил_)_uz_—_filtr
2026-01-01;company:IMKON SUG'URTA AJ;"""IMKON SUG’URTA"" AJ";общее;region:TOSHKENT;Ташкентская область;5680.529;222.453;4472;3.916;1270243;Страх_отчет(IV_чорак_2025_йил_)_uz_—_filtr
2026-01-01;company:IMKON SUG'URTA AJ;"""IMKON SUG’URTA"" AJ";общее;region:TOSHKENT SHAHRI;город Ташкент;49610.154;18182.030;352693;36.650;140661;Страх_отчет(IV_чорак_2025_йил_)_uz_—_filtr
2026-01-01;company:IMKON SUG'URTA AJ;"""IMKON SUG’URTA"" AJ";общее;region:XORAZM;Хорезмская область;1128.687;80.860;1171;7.164;963866;Страх_отчет(IV_чорак_2025_йил_)_uz_—_filtr
2026-01-01;company:IMKON SUG'URTA AJ;"""IMKON SUG’URTA"" AJ";общее;total;Все регионы;70755.785;19628.048;382547;27.741;184960;Страх_отчет(IV_чорак_2025_йил_)_uz_—_filtr
2026-01-01;company:IMPEX-INSURANCE AJ;"""IMPEX-INSURANCE"" AJ";общее;region:ANDIJON;Андижанская область;6138.354;305.127;3587;4.971;1711278;Страх_отчет(IV_чорак_2025_йил_)_uz_—_filtr
2026-01-01;company:IMPEX-INSURANCE AJ;"""IMPEX-INSURANCE"" AJ";общее;region:BUXORO;Бухарская область;3900.289;186.323;5331;4.777;731624;Страх_отчет(IV_чорак_2025_йил_)_uz_—_filtr
2026-01-01;company:IMPEX-INSURANCE AJ;"""IMPEX-INSURANCE"" AJ";общее;region:FARG'ONA;Ферганская область;9031.624;158.514;24106;1.755;374663;Страх_отчет(IV_чорак_2025_йил_)_uz_—_filtr
2026-01-01;company:IMPEX-INSURANCE AJ;"""IMPEX-INSURANCE"" AJ";общее;region:JIZZAX;Джизакская область;2211.513;1565.479;1429;70.788;1547595;Страх_отчет(IV_чорак_2025_йил_)_uz_—_filtr
2026-01-01;company:IMPEX-INSURANCE AJ;"""IMPEX-INSURANCE"" AJ";общее;region:NAMANGAN;Наманганская область;0.000;111.231;54;;0;Страх_отчет(IV_чорак_2025_йил_)_uz_—_filtr
2026-01-01;company:IMPEX-INSURANCE AJ;"""IMPEX-INSURANCE"" AJ";общее;region:NAVOIY;Навоийская область;3595.013;169.851;1653;4.725;2174841;Страх_отчет(IV_чорак_2025_йил_)_uz_—_filtr
2026-01-01;company:IMPEX-INSURANCE AJ;"""IMPEX-INSURANCE"" AJ";общее;region:QASHQADARYO;Кашкадарьинская область;2942.900;862.647;1639;29.313;1795546;Страх_отчет(IV_чорак_2025_йил_)_uz_—_filtr
2026-01-01;company:IMPEX-INSURANCE AJ;"""IMPEX-INSURANCE"" AJ";общее;region:QORAQALPOG'ISTON RESPUBLIKASI;Республика Каракалпакстан;2705.261;184.829;2785;6.832;971368;Страх_отчет(IV_чорак_2025_йил_)_uz_—_filtr
2026-01-01;company:IMPEX-INSURANCE AJ;"""IMPEX-INSURANCE"" AJ";общее;region:SAMARQAND;Самаркандская область;4271.471;186.443;3474;4.365;1229554;Страх_отчет(IV_чорак_2025_йил_)_uz_—_filtr
2026-01-01;company:IMPEX-INSURANCE AJ;"""IMPEX-INSURANCE"" AJ";общее;region:SIRDARYO;Сырдарьинская область;1694.504;228.301;1376;13.473;1231471;Страх_отчет(IV_чорак_2025_йил_)_uz_—_filtr
2026-01-01;company:IMPEX-INSURANCE AJ;"""IMPEX-INSURANCE"" AJ";общее;region:SURXANDARYO;Сурхандарьинская область;5150.915;231.447;10479;4.493;491546;Страх_отчет(IV_чорак_2025_йил_)_uz_—_filtr
2026-01-01;company:IMPEX-INSURANCE AJ;"""IMPEX-INSURANCE"" AJ";общее;region:TOSHKENT;Ташкентская область;3441.116;226.827;2792;6.592;1232491;Страх_отчет(IV_чорак_2025_йил_)_uz_—_filtr
2026-01-01;company:IMPEX-INSURANCE AJ;"""IMPEX-INSURANCE"" AJ";общее;region:TOSHKENT SHAHRI;город Ташкент;268832.877;60810.795;52234;22.620;5146703;Страх_отчет(IV_чорак_2025_йил_)_uz_—_filtr
2026-01-01;company:IMPEX-INSURANCE AJ;"""IMPEX-INSURANCE"" AJ";общее;region:XORAZM;Хорезмская область;4312.983;1556.057;5762;36.078;748522;Страх_отчет(IV_чорак_2025_йил_)_uz_—_filtr
2026-01-01;company:IMPEX-INSURANCE AJ;"""IMPEX-INSURANCE"" AJ";общее;total;Все регионы;318228.820;66783.869;116701;20.986;2726873;Страх_отчет(IV_чорак_2025_йил_)_uz_—_filtr
2026-01-01;company:INFINITY INSURANCE AJ;"""INFINITY INSURANCE"" AJ";общее;region:ANDIJON;Андижанская область;2129.102;67.736;1728;3.181;1232119;Страх_отчет(IV_чорак_2025_йил_)_uz_—_filtr
2026-01-01;company:INFINITY INSURANCE AJ;"""INFINITY INSURANCE"" AJ";общее;region:BUXORO;Бухарская область;1512.103;188.097;1103;12.439;1370900;Страх_отчет(IV_чорак_2025_йил_)_uz_—_filtr
2026-01-01;company:INFINITY INSURANCE AJ;"""INFINITY INSURANCE"" AJ";общее;region:FARG'ONA;Ферганская область;3869.358;147.537;2403;3.813;1610220;Страх_отчет(IV_чорак_2025_йил_)_uz_—_filtr
2026-01-01;company:INFINITY INSURANCE AJ;"""INFINITY INSURANCE"" AJ";общее;region:JIZZAX;Джизакская область;917.423;329.373;2402;35.902;381941;Страх_отчет(IV_чорак_2025_йил_)_uz_—_filtr
2026-01-01;company:INFINITY INSURANCE AJ;"""INFINITY INSURANCE"" AJ";общее;region:NAMANGAN;Наманганская область;432.475;393.170;3063;90.911;141193;Страх_отчет(IV_чорак_2025_йил_)_uz_—_filtr
2026-01-01;company:INFINITY INSURANCE AJ;"""INFINITY INSURANCE"" AJ";общее;region:NAVOIY;Навоийская область;999.958;579.046;2153;57.907;464449;Страх_отчет(IV_чорак_2025_йил_)_uz_—_filtr
2026-01-01;company:INFINITY INSURANCE AJ;"""INFINITY INSURANCE"" AJ";общее;region:QASHQADARYO;Кашкадарьинская область;4866.742;882.179;4191;18.127;1161237;Страх_отчет(IV_чорак_2025_йил_)_uz_—_filtr
2026-01-01;company:INFINITY INSURANCE AJ;"""INFINITY INSURANCE"" AJ";общее;region:QORAQALPOG'ISTON RESPUBLIKASI;Республика Каракалпакстан;1633.368;452.855;3466;27.725;471254;Страх_отчет(IV_чорак_2025_йил_)_uz_—_filtr
2026-01-01;company:INFINITY INSURANCE AJ;"""INFINITY INSURANCE"" AJ";общее;region:SAMARQAND;Самаркандская область;3886.841;99.756;3282;2.566;1184290;Страх_отчет(IV_чорак_2025_йил_)_uz_—_filtr
2026-01-01;company:INFINITY INSURANCE AJ;"""INFINITY INSURANCE"" AJ";общее;region:SIRDARYO;Сырдарьинская область;57.908;16.753;733;28.930;79001;Страх_отчет(IV_чорак_2025_йил_)_uz_—_filtr
2026-01-01;company:INFINITY INSURANCE AJ;"""INFINITY INSURANCE"" AJ";общее;region:SURXANDARYO;Сурхандарьинская область;1986.594;202.912;2508;10.214;792103;Страх_отчет(IV_чорак_2025_йил_)_uz_—_filtr
2026-01-01;company:INFINITY INSURANCE AJ;"""INFINITY INSURANCE"" AJ";общее;region:TOSHKENT;Ташкентская область;9203.015;749.676;3108;8.146;2961073;Страх_отчет(IV_чорак_2025_йил_)_uz_—_filtr
2026-01-01;company:INFINITY INSURANCE AJ;"""INFINITY INSURANCE"" AJ";общее;region:TOSHKENT SHAHRI;город Ташкент;46078.721;9990.341;70716;21.681;651602;Страх_отчет(IV_чорак_2025_йил_)_uz_—_filtr
2026-01-01;company:INFINITY INSURANCE AJ;"""INFINITY INSURANCE"" AJ";общее;region:XORAZM;Хорезмская область;1610.815;5.755;1487;0.357;1083265;Страх_отчет(IV_чорак_2025_йил_)_uz_—_filtr
2026-01-01;company:INFINITY INSURANCE AJ;"""INFINITY INSURANCE"" AJ";общее;total;Все регионы;79184.422;14105.185;102343;17.813;773716;Страх_отчет(IV_чорак_2025_йил_)_uz_—_filtr
2026-01-01;company:INSON AJ;"""INSON"" AJ";общее;region:ANDIJON;Андижанская область;3429.840;858.120;5671;25.019;604803;Страх_отчет(IV_чорак_2025_йил_)_uz_—_filtr
2026-01-01;company:INSON AJ;"""INSON"" AJ";общее;region:BUXORO;Бухарская область;5899.705;843.628;5494;14.299;1073845;Страх_отчет(IV_чорак_2025_йил_)_uz_—_filtr
2026-01-01;company:INSON AJ;"""INSON"" AJ";общее;region:FARG'ONA;Ферганская область;4594.148;1158.422;3725;25.215;1233328;Страх_отчет(IV_чорак_2025_йил_)_uz_—_filtr
2026-01-01;company:INSON AJ;"""INSON"" AJ";общее;region:JIZZAX;Джизакская область;0.364;0.000;104;0.000;3503;Страх_отчет(IV_чорак_2025_йил_)_uz_—_filtr
2026-01-01;company:INSON AJ;"""INSON"" AJ";общее;region:NAMANGAN;Наманганская область;1991.818;116.038;1424;5.826;1398749;Страх_отчет(IV_чорак_2025_йил_)_uz_—_filtr
2026-01-01;company:INSON AJ;"""INSON"" AJ";общее;region:NAVOIY;Навоийская область;22.184;33.669;147;151.771;150910;Страх_отчет(IV_чорак_2025_йил_)_uz_—_filtr
2026-01-01;company:INSON AJ;"""INSON"" AJ";общее;region:QASHQADARYO;Кашкадарьинская область;8679.777;1294.831;11057;14.918;785003;Страх_отчет(IV_чорак_2025_йил_)_uz_—_filtr
2026-01-01;company:INSON AJ;"""INSON"" AJ";общее;region:QORAQALPOG'ISTON RESPUBLIKASI;Республика Каракалпакстан;267.285;149.247;2927;55.838;91317;Страх_отчет(IV_чорак_2025_йил_)_uz_—_filtr
2026-01-01;company:INSON AJ;"""INSON"" AJ";общее;region:SAMARQAND;Самаркандская область;9452.944;1630.145;7392;17.245;1278807;Страх_отчет(IV_чорак_2025_йил_)_uz_—_filtr
2026-01-01;company:INSON AJ;"""INSON"" AJ";общее;region:SIRDARYO;Сырдарьинская область;6.943;65.818;151;947.926;45983;Страх_отчет(IV_чорак_2025_йил_)_uz_—_filtr
2026-01-01;company:INSON AJ;"""INSON"" AJ";общее;region:SURXANDARYO;Сурхандарьинская область;2936.253;764.811;15331;26.047;191524;Страх_отчет(IV_чорак_2025_йил_)_uz_—_filtr
2026-01-01;company:INSON AJ;"""INSON"" AJ";общее;region:TOSHKENT;Ташкентская область;163.902;127.153;123;77.578;1332535;Страх_отчет(IV_чорак_2025_йил_)_uz_—_filtr
2026-01-01;company:INSON AJ;"""INSON"" AJ";общее;region:TOSHKENT SHAHRI;город Ташкент;160164.136;36764.123;245474;22.954;652469;Страх_отчет(IV_чорак_2025_йил_)_uz_—_filtr
2026-01-01;company:INSON AJ;"""INSON"" AJ";общее;region:XORAZM;Хорезмская область;3337.888;275.849;1912;8.264;1745757;Страх_отчет(IV_чорак_2025_йил_)_uz_—_filtr
2026-01-01;company:INSON AJ;"""INSON"" AJ";общее;total;Все регионы;200947.188;44081.853;300932;21.937;667749;Страх_отчет(IV_чорак_2025_йил_)_uz_—_filtr
2026-01-01;company:ISHONCH SUG'URTA KOMPANIYASI AJ;"""ISHONCH SUG‘URTA KOMPANIYASI"" AJ";общее;region:ANDIJON;Андижанская область;430.222;0.000;1351;0.000;318447;Страх_отчет(IV_чорак_2025_йил_)_uz_—_filtr
2026-01-01;company:ISHONCH SUG'URTA KOMPANIYASI AJ;"""ISHONCH SUG‘URTA KOMPANIYASI"" AJ";общее;region:BUXORO;Бухарская область;1848.438;468.489;2053;25.345;900359;Страх_отчет(IV_чорак_2025_йил_)_uz_—_filtr
2026-01-01;company:ISHONCH SUG'URTA KOMPANIYASI AJ;"""ISHONCH SUG‘URTA KOMPANIYASI"" AJ";общее;region:FARG'ONA;Ферганская область;2069.839;358.307;5145;17.311;402301;Страх_отчет(IV_чорак_2025_йил_)_uz_—_filtr
2026-01-01;company:ISHONCH SUG'URTA KOMPANIYASI AJ;"""ISHONCH SUG‘URTA KOMPANIYASI"" AJ";общее;region:JIZZAX;Джизакская область;2193.432;251.346;1618;11.459;1355644;Страх_отчет(IV_чорак_2025_йил_)_uz_—_filtr
2026-01-01;company:ISHONCH SUG'URTA KOMPANIYASI AJ;"""ISHONCH SUG‘URTA KOMPANIYASI"" AJ";общее;region:NAMANGAN;Наманганская область;1097.184;24.460;1440;2.229;761933;Страх_отчет(IV_чорак_2025_йил_)_uz_—_filtr
2026-01-01;company:ISHONCH SUG'URTA KOMPANIYASI AJ;"""ISHONCH SUG‘URTA KOMPANIYASI"" AJ";общее;region:NAVOIY;Навоийская область;1377.432;57.533;1378;4.177;999588;Страх_отчет(IV_чорак_2025_йил_)_uz_—_filtr
2026-01-01;company:ISHONCH SUG'URTA KOMPANIYASI AJ;"""ISHONCH SUG‘URTA KOMPANIYASI"" AJ";общее;region:QASHQADARYO;Кашкадарьинская область;1369.702;909.905;3371;66.431;406319;Страх_отчет(IV_чорак_2025_йил_)_uz_—_filtr
2026-01-01;company:ISHONCH SUG'URTA KOMPANIYASI AJ;"""ISHONCH SUG‘URTA KOMPANIYASI"" AJ";общее;region:QORAQALPOG'ISTON RESPUBLIKASI;Республика Каракалпакстан;1956.774;310.335;2411;15.859;811603;Страх_отчет(IV_чорак_2025_йил_)_uz_—_filtr
2026-01-01;company:ISHONCH SUG'URTA KOMPANIYASI AJ;"""ISHONCH SUG‘URTA KOMPANIYASI"" AJ";общее;region:SAMARQAND;Самаркандская область;1784.615;503.358;949;28.205;1880521;Страх_отчет(IV_чорак_2025_йил_)_uz_—_filtr
2026-01-01;company:ISHONCH SUG'URTA KOMPANIYASI AJ;"""ISHONCH SUG‘URTA KOMPANIYASI"" AJ";общее;region:SIRDARYO;Сырдарьинская область;476.182;105.221;649;22.097;733716;Страх_отчет(IV_чорак_2025_йил_)_uz_—_filtr
2026-01-01;company:ISHONCH SUG'URTA KOMPANIYASI AJ;"""ISHONCH SUG‘URTA KOMPANIYASI"" AJ";общее;region:SURXANDARYO;Сурхандарьинская область;1333.378;989.718;2821;74.226;472662;Страх_отчет(IV_чорак_2025_йил_)_uz_—_filtr
2026-01-01;company:ISHONCH SUG'URTA KOMPANIYASI AJ;"""ISHONCH SUG‘URTA KOMPANIYASI"" AJ";общее;region:TOSHKENT;Ташкентская область;9445.536;1504.284;2654;15.926;3558981;Страх_отчет(IV_чорак_2025_йил_)_uz_—_filtr
2026-01-01;company:ISHONCH SUG'URTA KOMPANIYASI AJ;"""ISHONCH SUG‘URTA KOMPANIYASI"" AJ";общее;region:TOSHKENT SHAHRI;город Ташкент;55168.728;12459.550;57374;22.584;961563;Страх_отчет(IV_чорак_2025_йил_)_uz_—_filtr
2026-01-01;company:ISHONCH SUG'URTA KOMPANIYASI AJ;"""ISHONCH SUG‘URTA KOMPANIYASI"" AJ";общее;region:XORAZM;Хорезмская область;1268.709;33.452;1656;2.637;766129;Страх_отчет(IV_чорак_2025_йил_)_uz_—_filtr
2026-01-01;company:ISHONCH SUG'URTA KOMPANIYASI AJ;"""ISHONCH SUG‘URTA KOMPANIYASI"" AJ";общее;total;Все регионы;81820.170;17975.960;84870;21.970;964065;Страх_отчет(IV_чорак_2025_йил_)_uz_—_filtr
2026-01-01;company:KAFIL SUG'URTA AJ;"""KAFIL SUG’URTA"" AJ";общее;region:ANDIJON;Андижанская область;9432.193;268.875;4942;2.851;1908578;Страх_отчет(IV_чорак_2025_йил_)_uz_—_filtr
2026-01-01;company:KAFIL SUG'URTA AJ;"""KAFIL SUG’URTA"" AJ";общее;region:BUXORO;Бухарская область;16291.083;495.292;9528;3.040;1709811;Страх_отчет(IV_чорак_2025_йил_)_uz_—_filtr
2026-01-01;company:KAFIL SUG'URTA AJ;"""KAFIL SUG’URTA"" AJ";общее;region:FARG'ONA;Ферганская область;20003.854;273.335;5431;1.366;3683273;Страх_отчет(IV_чорак_2025_йил_)_uz_—_filtr
2026-01-01;company:KAFIL SUG'URTA AJ;"""KAFIL SUG’URTA"" AJ";общее;region:JIZZAX;Джизакская область;7797.749;523.835;2425;6.718;3215566;Страх_отчет(IV_чорак_2025_йил_)_uz_—_filtr
2026-01-01;company:KAFIL SUG'URTA AJ;"""KAFIL SUG’URTA"" AJ";общее;region:NAMANGAN;Наманганская область;4336.480;475.148;1957;10.957;2215881;Страх_отчет(IV_чорак_2025_йил_)_uz_—_filtr
2026-01-01;company:KAFIL SUG'URTA AJ;"""KAFIL SUG’URTA"" AJ";общее;region:NAVOIY;Навоийская область;7161.354;9856.843;3424;137.639;2091517;Страх_отчет(IV_чорак_2025_йил_)_uz_—_filtr
2026-01-01;company:KAFIL SUG'URTA AJ;"""KAFIL SUG’URTA"" AJ";общее;region:QASHQADARYO;Кашкадарьинская область;13088.154;406.760;4453;3.108;2939177;Страх_отчет(IV_чорак_2025_йил_)_uz_—_filtr
2026-01-01;company:KAFIL SUG'URTA AJ;"""KAFIL SUG’URTA"" AJ";общее;region:QORAQALPOG'ISTON RESPUBLIKASI;Республика Каракалпакстан;3179.427;672.443;2063;21.150;1541167;Страх_отчет(IV_чорак_2025_йил_)_uz_—_filtr
2026-01-01;company:KAFIL SUG'URTA AJ;"""KAFIL SUG’URTA"" AJ";общее;region:SAMARQAND;Самаркандская область;2272.268;151.475;2257;6.666;1006765;Страх_отчет(IV_чорак_2025_йил_)_uz_—_filtr
2026-01-01;company:KAFIL SUG'URTA AJ;"""KAFIL SUG’URTA"" AJ";общее;region:SIRDARYO;Сырдарьинская область;3645.689;1061.836;1640;29.126;2222981;Страх_отчет(IV_чорак_2025_йил_)_uz_—_filtr
2026-01-01;company:KAFIL SUG'URTA AJ;"""KAFIL SUG’URTA"" AJ";общее;region:SURXANDARYO;Сурхандарьинская область;3520.155;502.032;1924;14.262;1829602;Страх_отчет(IV_чорак_2025_йил_)_uz_—_filtr
2026-01-01;company:KAFIL SUG'URTA AJ;"""KAFIL SUG’URTA"" AJ";общее;region:TOSHKENT;Ташкентская область;39416.719;2808.541;9480;7.125;4157882;Страх_отчет(IV_чорак_2025_йил_)_uz_—_filtr
2026-01-01;company:KAFIL SUG'URTA AJ;"""KAFIL SUG’URTA"" AJ";общее;region:TOSHKENT SHAHRI;город Ташкент;181581.674;53616.711;512001;29.528;354651;Страх_отчет(IV_чорак_2025_йил_)_uz_—_filtr
2026-01-01;company:KAFIL SUG'URTA AJ;"""KAFIL SUG’URTA"" AJ";общее;region:XORAZM;Хорезмская область;10577.810;1081.380;10126;10.223;1044619;Страх_отчет(IV_чорак_2025_йил_)_uz_—_filtr
2026-01-01;company:KAFIL SUG'URTA AJ;"""KAFIL SUG’URTA"" AJ";общее;total;Все регионы;322304.607;72194.506;571651;22.399;563814;Страх_отчет(IV_чорак_2025_йил_)_uz_—_filtr
2026-01-01;company:KAFOLAT HAYOT INSURANCE AJ;"""KAFOLAT HAYOT INSURANCE"" AJ";жизнь;region:ANDIJON;Андижанская область;69.252;104.292;33;150.598;2098545;Страх_отчет(IV_чорак_2025_йил_)_uz_—_filtr
2026-01-01;company:KAFOLAT HAYOT INSURANCE AJ;"""KAFOLAT HAYOT INSURANCE"" AJ";жизнь;region:BUXORO;Бухарская область;20.043;177.000;11;883.103;1822091;Страх_отчет(IV_чорак_2025_йил_)_uz_—_filtr
2026-01-01;company:KAFOLAT HAYOT INSURANCE AJ;"""KAFOLAT HAYOT INSURANCE"" AJ";жизнь;region:FARG'ONA;Ферганская область;151.225;175.726;19;116.201;7959232;Страх_отчет(IV_чорак_2025_йил_)_uz_—_filtr
2026-01-01;company:KAFOLAT HAYOT INSURANCE AJ;"""KAFOLAT HAYOT INSURANCE"" AJ";жизнь;region:JIZZAX;Джизакская область;0.000;18.905;5;;0;Страх_отчет(IV_чорак_2025_йил_)_uz_—_filtr
2026-01-01;company:KAFOLAT HAYOT INSURANCE AJ;"""KAFOLAT HAYOT INSURANCE"" AJ";жизнь;region:NAMANGAN;Наманганская область;0.000;62.364;4;;0;Страх_отчет(IV_чорак_2025_йил_)_uz_—_filtr
2026-01-01;company:KAFOLAT HAYOT INSURANCE AJ;"""KAFOLAT HAYOT INSURANCE"" AJ";жизнь;region:NAVOIY;Навоийская область;0.000;95.351;9;;0;Страх_отчет(IV_чорак_2025_йил_)_uz_—_filtr
2026-01-01;company:KAFOLAT HAYOT INSURANCE AJ;"""KAFOLAT HAYOT INSURANCE"" AJ";жизнь;region:QASHQADARYO;Кашкадарьинская область;0.000;19.640;3;;0;Страх_отчет(IV_чорак_2025_йил_)_uz_—_filtr
2026-01-01;company:KAFOLAT HAYOT INSURANCE AJ;"""KAFOLAT HAYOT INSURANCE"" AJ";жизнь;region:QORAQALPOG'ISTON RESPUBLIKASI;Республика Каракалпакстан;0.000;7.368;3;;0;Страх_отчет(IV_чорак_2025_йил_)_uz_—_filtr
2026-01-01;company:KAFOLAT HAYOT INSURANCE AJ;"""KAFOLAT HAYOT INSURANCE"" AJ";жизнь;region:SAMARQAND;Самаркандская область;0.000;12.647;1;;0;Страх_отчет(IV_чорак_2025_йил_)_uz_—_filtr
2026-01-01;company:KAFOLAT HAYOT INSURANCE AJ;"""KAFOLAT HAYOT INSURANCE"" AJ";жизнь;region:SIRDARYO;Сырдарьинская область;0.000;38.369;3;;0;Страх_отчет(IV_чорак_2025_йил_)_uz_—_filtr
2026-01-01;company:KAFOLAT HAYOT INSURANCE AJ;"""KAFOLAT HAYOT INSURANCE"" AJ";жизнь;region:SURXANDARYO;Сурхандарьинская область;0.000;21.880;4;;0;Страх_отчет(IV_чорак_2025_йил_)_uz_—_filtr
2026-01-01;company:KAFOLAT HAYOT INSURANCE AJ;"""KAFOLAT HAYOT INSURANCE"" AJ";жизнь;region:TOSHKENT;Ташкентская область;1920.784;290.508;33;15.124;58205566;Страх_отчет(IV_чорак_2025_йил_)_uz_—_filtr
2026-01-01;company:KAFOLAT HAYOT INSURANCE AJ;"""KAFOLAT HAYOT INSURANCE"" AJ";жизнь;region:TOSHKENT SHAHRI;город Ташкент;14879.901;3687.453;593;24.781;25092582;Страх_отчет(IV_чорак_2025_йил_)_uz_—_filtr
2026-01-01;company:KAFOLAT HAYOT INSURANCE AJ;"""KAFOLAT HAYOT INSURANCE"" AJ";жизнь;region:XORAZM;Хорезмская область;0.000;0.000;0;;;Страх_отчет(IV_чорак_2025_йил_)_uz_—_filtr
2026-01-01;company:KAFOLAT HAYOT INSURANCE AJ;"""KAFOLAT HAYOT INSURANCE"" AJ";жизнь;total;Все регионы;17041.205;4711.502;721;27.648;23635514;Страх_отчет(IV_чорак_2025_йил_)_uz_—_filtr
2026-01-01;company:KAFOLAT SUG'URTA KOMPANIYASI AJ;"""KAFOLAT SUG‘URTA KOMPANIYASI"" AJ";общее;region:ANDIJON;Андижанская область;17236.026;1065.728;43112;6.183;399796;Страх_отчет(IV_чорак_2025_йил_)_uz_—_filtr
2026-01-01;company:KAFOLAT SUG'URTA KOMPANIYASI AJ;"""KAFOLAT SUG‘URTA KOMPANIYASI"" AJ";общее;region:BUXORO;Бухарская область;8352.212;2359.661;50738;28.252;164615;Страх_отчет(IV_чорак_2025_йил_)_uz_—_filtr
2026-01-01;company:KAFOLAT SUG'URTA KOMPANIYASI AJ;"""KAFOLAT SUG‘URTA KOMPANIYASI"" AJ";общее;region:FARG'ONA;Ферганская область;10519.412;1428.530;72401;13.580;145294;Страх_отчет(IV_чорак_2025_йил_)_uz_—_filtr
2026-01-01;company:KAFOLAT SUG'URTA KOMPANIYASI AJ;"""KAFOLAT SUG‘URTA KOMPANIYASI"" AJ";общее;region:JIZZAX;Джизакская область;4987.905;833.410;31267;16.709;159526;Страх_отчет(IV_чорак_2025_йил_)_uz_—_filtr
2026-01-01;company:KAFOLAT SUG'URTA KOMPANIYASI AJ;"""KAFOLAT SUG‘URTA KOMPANIYASI"" AJ";общее;region:NAMANGAN;Наманганская область;8291.986;945.005;105032;11.397;78947;Страх_отчет(IV_чорак_2025_йил_)_uz_—_filtr
2026-01-01;company:KAFOLAT SUG'URTA KOMPANIYASI AJ;"""KAFOLAT SUG‘URTA KOMPANIYASI"" AJ";общее;region:NAVOIY;Навоийская область;4511.715;375.775;22952;8.329;196572;Страх_отчет(IV_чорак_2025_йил_)_uz_—_filtr
2026-01-01;company:KAFOLAT SUG'URTA KOMPANIYASI AJ;"""KAFOLAT SUG‘URTA KOMPANIYASI"" AJ";общее;region:QASHQADARYO;Кашкадарьинская область;5257.212;616.865;37403;11.734;140556;Страх_отчет(IV_чорак_2025_йил_)_uz_—_filtr
2026-01-01;company:KAFOLAT SUG'URTA KOMPANIYASI AJ;"""KAFOLAT SUG‘URTA KOMPANIYASI"" AJ";общее;region:QORAQALPOG'ISTON RESPUBLIKASI;Республика Каракалпакстан;2742.774;343.070;8937;12.508;306901;Страх_отчет(IV_чорак_2025_йил_)_uz_—_filtr
2026-01-01;company:KAFOLAT SUG'URTA KOMPANIYASI AJ;"""KAFOLAT SUG‘URTA KOMPANIYASI"" AJ";общее;region:SAMARQAND;Самаркандская область;7805.239;1488.384;49674;19.069;157129;Страх_отчет(IV_чорак_2025_йил_)_uz_—_filtr
2026-01-01;company:KAFOLAT SUG'URTA KOMPANIYASI AJ;"""KAFOLAT SUG‘URTA KOMPANIYASI"" AJ";общее;region:SIRDARYO;Сырдарьинская область;2528.331;654.665;23975;25.893;105457;Страх_отчет(IV_чорак_2025_йил_)_uz_—_filtr
2026-01-01;company:KAFOLAT SUG'URTA KOMPANIYASI AJ;"""KAFOLAT SUG‘URTA KOMPANIYASI"" AJ";общее;region:SURXANDARYO;Сурхандарьинская область;5479.113;386.282;41226;7.050;132904;Страх_отчет(IV_чорак_2025_йил_)_uz_—_filtr
2026-01-01;company:KAFOLAT SUG'URTA KOMPANIYASI AJ;"""KAFOLAT SUG‘URTA KOMPANIYASI"" AJ";общее;region:TOSHKENT;Ташкентская область;13089.544;2540.149;14285;19.406;916314;Страх_отчет(IV_чорак_2025_йил_)_uz_—_filtr
2026-01-01;company:KAFOLAT SUG'URTA KOMPANIYASI AJ;"""KAFOLAT SUG‘URTA KOMPANIYASI"" AJ";общее;region:TOSHKENT SHAHRI;город Ташкент;472118.855;181310.212;125320;38.404;3767307;Страх_отчет(IV_чорак_2025_йил_)_uz_—_filtr
2026-01-01;company:KAFOLAT SUG'URTA KOMPANIYASI AJ;"""KAFOLAT SUG‘URTA KOMPANIYASI"" AJ";общее;region:XORAZM;Хорезмская область;7684.267;380.503;30760;4.952;249814;Страх_отчет(IV_чорак_2025_йил_)_uz_—_filtr
2026-01-01;company:KAFOLAT SUG'URTA KOMPANIYASI AJ;"""KAFOLAT SUG‘URTA KOMPANIYASI"" AJ";общее;total;Все регионы;570604.590;194728.239;657082;34.127;868392;Страх_отчет(IV_чорак_2025_йил_)_uz_—_filtr
2026-01-01;company:KAPITAL SUG'URTA AJ;"""KAPITAL SUG‘URTA"" AJ";общее;region:ANDIJON;Андижанская область;401.977;2922.502;5763;727.031;69751;Страх_отчет(IV_чорак_2025_йил_)_uz_—_filtr
2026-01-01;company:KAPITAL SUG'URTA AJ;"""KAPITAL SUG‘URTA"" AJ";общее;region:BUXORO;Бухарская область;3413.368;937.924;9914;27.478;344298;Страх_отчет(IV_чорак_2025_йил_)_uz_—_filtr
2026-01-01;company:KAPITAL SUG'URTA AJ;"""KAPITAL SUG‘URTA"" AJ";общее;region:FARG'ONA;Ферганская область;16214.367;651.564;17892;4.018;906236;Страх_отчет(IV_чорак_2025_йил_)_uz_—_filtr
2026-01-01;company:KAPITAL SUG'URTA AJ;"""KAPITAL SUG‘URTA"" AJ";общее;region:JIZZAX;Джизакская область;101.799;510.021;2707;501.009;37606;Страх_отчет(IV_чорак_2025_йил_)_uz_—_filtr
2026-01-01;company:KAPITAL SUG'URTA AJ;"""KAPITAL SUG‘URTA"" AJ";общее;region:NAMANGAN;Наманганская область;2404.458;174.210;8788;7.245;273607;Страх_отчет(IV_чорак_2025_йил_)_uz_—_filtr
2026-01-01;company:KAPITAL SUG'URTA AJ;"""KAPITAL SUG‘URTA"" AJ";общее;region:NAVOIY;Навоийская область;1221.362;314.321;4205;25.735;290455;Страх_отчет(IV_чорак_2025_йил_)_uz_—_filtr
2026-01-01;company:KAPITAL SUG'URTA AJ;"""KAPITAL SUG‘URTA"" AJ";общее;region:QASHQADARYO;Кашкадарьинская область;567.648;39.466;2493;6.953;227697;Страх_отчет(IV_чорак_2025_йил_)_uz_—_filtr
2026-01-01;company:KAPITAL SUG'URTA AJ;"""KAPITAL SUG‘URTA"" AJ";общее;region:QORAQALPOG'ISTON RESPUBLIKASI;Республика Каракалпакстан;227.851;496.217;8396;217.782;27138;Страх_отчет(IV_чорак_2025_йил_)_uz_—_filtr
2026-01-01;company:KAPITAL SUG'URTA AJ;"""KAPITAL SUG‘URTA"" AJ";общее;region:SAMARQAND;Самаркандская область;6884.819;413.514;10475;6.006;657262;Страх_отчет(IV_чорак_2025_йил_)_uz_—_filtr
2026-01-01;company:KAPITAL SUG'URTA AJ;"""KAPITAL SUG‘URTA"" AJ";общее;region:SIRDARYO;Сырдарьинская область;2690.237;251.525;31675;9.350;84933;Страх_отчет(IV_чорак_2025_йил_)_uz_—_filtr
2026-01-01;company:KAPITAL SUG'URTA AJ;"""KAPITAL SUG‘URTA"" AJ";общее;region:SURXANDARYO;Сурхандарьинская область;681.072;328.683;6367;48.260;106969;Страх_отчет(IV_чорак_2025_йил_)_uz_—_filtr
2026-01-01;company:KAPITAL SUG'URTA AJ;"""KAPITAL SUG‘URTA"" AJ";общее;region:TOSHKENT;Ташкентская область;9129.081;4058.846;12913;44.461;706968;Страх_отчет(IV_чорак_2025_йил_)_uz_—_filtr
2026-01-01;company:KAPITAL SUG'URTA AJ;"""KAPITAL SUG‘URTA"" AJ";общее;region:TOSHKENT SHAHRI;город Ташкент;621507.775;197626.737;810616;31.798;766710;Страх_отчет(IV_чорак_2025_йил_)_uz_—_filtr
2026-01-01;company:KAPITAL SUG'URTA AJ;"""KAPITAL SUG‘URTA"" AJ";общее;region:XORAZM;Хорезмская область;2773.768;1542.054;6554;55.594;423218;Страх_отчет(IV_чорак_2025_йил_)_uz_—_filtr
2026-01-01;company:KAPITAL SUG'URTA AJ;"""KAPITAL SUG‘URTA"" AJ";общее;total;Все регионы;668219.582;210267.583;938758;31.467;711812;Страх_отчет(IV_чорак_2025_йил_)_uz_—_filtr
2026-01-01;company:MOSAIC INSURANCE GROUP AJ QK;"""MOSAIC INSURANCE GROUP"" AJ QK (ранее ""MOSAIC INSURANCE COMPANY"")";общее;region:ANDIJON;Андижанская область;0.000;0.000;0;;;Страх_отчет(IV_чорак_2025_йил_)_uz_—_filtr
2026-01-01;company:MOSAIC INSURANCE GROUP AJ QK;"""MOSAIC INSURANCE GROUP"" AJ QK (ранее ""MOSAIC INSURANCE COMPANY"")";общее;region:BUXORO;Бухарская область;0.000;0.000;0;;;Страх_отчет(IV_чорак_2025_йил_)_uz_—_filtr
2026-01-01;company:MOSAIC INSURANCE GROUP AJ QK;"""MOSAIC INSURANCE GROUP"" AJ QK (ранее ""MOSAIC INSURANCE COMPANY"")";общее;region:FARG'ONA;Ферганская область;0.000;0.000;0;;;Страх_отчет(IV_чорак_2025_йил_)_uz_—_filtr
2026-01-01;company:MOSAIC INSURANCE GROUP AJ QK;"""MOSAIC INSURANCE GROUP"" AJ QK (ранее ""MOSAIC INSURANCE COMPANY"")";общее;region:JIZZAX;Джизакская область;0.000;0.000;0;;;Страх_отчет(IV_чорак_2025_йил_)_uz_—_filtr
2026-01-01;company:MOSAIC INSURANCE GROUP AJ QK;"""MOSAIC INSURANCE GROUP"" AJ QK (ранее ""MOSAIC INSURANCE COMPANY"")";общее;region:NAMANGAN;Наманганская область;0.000;0.000;0;;;Страх_отчет(IV_чорак_2025_йил_)_uz_—_filtr
2026-01-01;company:MOSAIC INSURANCE GROUP AJ QK;"""MOSAIC INSURANCE GROUP"" AJ QK (ранее ""MOSAIC INSURANCE COMPANY"")";общее;region:NAVOIY;Навоийская область;0.000;0.000;0;;;Страх_отчет(IV_чорак_2025_йил_)_uz_—_filtr
2026-01-01;company:MOSAIC INSURANCE GROUP AJ QK;"""MOSAIC INSURANCE GROUP"" AJ QK (ранее ""MOSAIC INSURANCE COMPANY"")";общее;region:QASHQADARYO;Кашкадарьинская область;0.000;0.000;0;;;Страх_отчет(IV_чорак_2025_йил_)_uz_—_filtr
2026-01-01;company:MOSAIC INSURANCE GROUP AJ QK;"""MOSAIC INSURANCE GROUP"" AJ QK (ранее ""MOSAIC INSURANCE COMPANY"")";общее;region:QORAQALPOG'ISTON RESPUBLIKASI;Республика Каракалпакстан;0.000;0.000;0;;;Страх_отчет(IV_чорак_2025_йил_)_uz_—_filtr
2026-01-01;company:MOSAIC INSURANCE GROUP AJ QK;"""MOSAIC INSURANCE GROUP"" AJ QK (ранее ""MOSAIC INSURANCE COMPANY"")";общее;region:SAMARQAND;Самаркандская область;0.000;0.000;0;;;Страх_отчет(IV_чорак_2025_йил_)_uz_—_filtr
2026-01-01;company:MOSAIC INSURANCE GROUP AJ QK;"""MOSAIC INSURANCE GROUP"" AJ QK (ранее ""MOSAIC INSURANCE COMPANY"")";общее;region:SIRDARYO;Сырдарьинская область;0.000;0.000;0;;;Страх_отчет(IV_чорак_2025_йил_)_uz_—_filtr
2026-01-01;company:MOSAIC INSURANCE GROUP AJ QK;"""MOSAIC INSURANCE GROUP"" AJ QK (ранее ""MOSAIC INSURANCE COMPANY"")";общее;region:SURXANDARYO;Сурхандарьинская область;0.000;0.000;0;;;Страх_отчет(IV_чорак_2025_йил_)_uz_—_filtr
2026-01-01;company:MOSAIC INSURANCE GROUP AJ QK;"""MOSAIC INSURANCE GROUP"" AJ QK (ранее ""MOSAIC INSURANCE COMPANY"")";общее;region:TOSHKENT;Ташкентская область;0.000;0.000;0;;;Страх_отчет(IV_чорак_2025_йил_)_uz_—_filtr
2026-01-01;company:MOSAIC INSURANCE GROUP AJ QK;"""MOSAIC INSURANCE GROUP"" AJ QK (ранее ""MOSAIC INSURANCE COMPANY"")";общее;region:TOSHKENT SHAHRI;город Ташкент;134856.260;12848.999;1762;9.528;76535903;Страх_отчет(IV_чорак_2025_йил_)_uz_—_filtr
2026-01-01;company:MOSAIC INSURANCE GROUP AJ QK;"""MOSAIC INSURANCE GROUP"" AJ QK (ранее ""MOSAIC INSURANCE COMPANY"")";общее;region:XORAZM;Хорезмская область;0.000;0.000;0;;;Страх_отчет(IV_чорак_2025_йил_)_uz_—_filtr
2026-01-01;company:MOSAIC INSURANCE GROUP AJ QK;"""MOSAIC INSURANCE GROUP"" AJ QK (ранее ""MOSAIC INSURANCE COMPANY"")";общее;total;Все регионы;134856.260;12848.999;1762;9.528;76535903;Страх_отчет(IV_чорак_2025_йил_)_uz_—_filtr
2026-01-01;company:MY-INSURANCE AJ;"""MY-INSURANCE"" AJ";общее;region:ANDIJON;Андижанская область;8392.957;1606.848;36873;19.145;227618;Страх_отчет(IV_чорак_2025_йил_)_uz_—_filtr
2026-01-01;company:MY-INSURANCE AJ;"""MY-INSURANCE"" AJ";общее;region:BUXORO;Бухарская область;5132.152;35.753;4247;0.697;1208418;Страх_отчет(IV_чорак_2025_йил_)_uz_—_filtr
2026-01-01;company:MY-INSURANCE AJ;"""MY-INSURANCE"" AJ";общее;region:FARG'ONA;Ферганская область;103008.988;13816.433;98928;13.413;1041252;Страх_отчет(IV_чорак_2025_йил_)_uz_—_filtr
2026-01-01;company:MY-INSURANCE AJ;"""MY-INSURANCE"" AJ";общее;region:JIZZAX;Джизакская область;6670.304;3674.836;279923;55.092;23829;Страх_отчет(IV_чорак_2025_йил_)_uz_—_filtr
2026-01-01;company:MY-INSURANCE AJ;"""MY-INSURANCE"" AJ";общее;region:NAMANGAN;Наманганская область;11087.989;15330.163;32667;138.259;339425;Страх_отчет(IV_чорак_2025_йил_)_uz_—_filtr
2026-01-01;company:MY-INSURANCE AJ;"""MY-INSURANCE"" AJ";общее;region:NAVOIY;Навоийская область;8977.786;715.356;9289;7.968;966496;Страх_отчет(IV_чорак_2025_йил_)_uz_—_filtr
2026-01-01;company:MY-INSURANCE AJ;"""MY-INSURANCE"" AJ";общее;region:QASHQADARYO;Кашкадарьинская область;22739.780;1479.114;10482;6.505;2169412;Страх_отчет(IV_чорак_2025_йил_)_uz_—_filtr
2026-01-01;company:MY-INSURANCE AJ;"""MY-INSURANCE"" AJ";общее;region:QORAQALPOG'ISTON RESPUBLIKASI;Республика Каракалпакстан;47503.021;43012.572;13516;90.547;3514577;Страх_отчет(IV_чорак_2025_йил_)_uz_—_filtr
2026-01-01;company:MY-INSURANCE AJ;"""MY-INSURANCE"" AJ";общее;region:SAMARQAND;Самаркандская область;23017.533;10163.932;21198;44.157;1085835;Страх_отчет(IV_чорак_2025_йил_)_uz_—_filtr
2026-01-01;company:MY-INSURANCE AJ;"""MY-INSURANCE"" AJ";общее;region:SIRDARYO;Сырдарьинская область;84381.348;29039.330;11007;34.414;7666153;Страх_отчет(IV_чорак_2025_йил_)_uz_—_filtr
2026-01-01;company:MY-INSURANCE AJ;"""MY-INSURANCE"" AJ";общее;region:SURXANDARYO;Сурхандарьинская область;7372.098;30951.770;10601;419.850;695415;Страх_отчет(IV_чорак_2025_йил_)_uz_—_filtr
2026-01-01;company:MY-INSURANCE AJ;"""MY-INSURANCE"" AJ";общее;region:TOSHKENT;Ташкентская область;7212.954;4414.570;28394;61.203;254031;Страх_отчет(IV_чорак_2025_йил_)_uz_—_filtr
2026-01-01;company:MY-INSURANCE AJ;"""MY-INSURANCE"" AJ";общее;region:TOSHKENT SHAHRI;город Ташкент;436115.159;90276.847;990031;20.700;440507;Страх_отчет(IV_чорак_2025_йил_)_uz_—_filtr
2026-01-01;company:MY-INSURANCE AJ;"""MY-INSURANCE"" AJ";общее;region:XORAZM;Хорезмская область;45180.397;805.667;7507;1.783;6018436;Страх_отчет(IV_чорак_2025_йил_)_uz_—_filtr
2026-01-01;company:MY-INSURANCE AJ;"""MY-INSURANCE"" AJ";общее;total;Все регионы;816792.465;245323.192;1554663;30.035;525382;Страх_отчет(IV_чорак_2025_йил_)_uz_—_filtr
2026-01-01;company:NEO INSURANCE CORP AJ;"""NEO INSURANCE CORP"" AJ";общее;region:ANDIJON;Андижанская область;16818.382;512.035;55488;3.044;303099;Страх_отчет(IV_чорак_2025_йил_)_uz_—_filtr
2026-01-01;company:NEO INSURANCE CORP AJ;"""NEO INSURANCE CORP"" AJ";общее;region:BUXORO;Бухарская область;3782.136;490.798;14962;12.977;252783;Страх_отчет(IV_чорак_2025_йил_)_uz_—_filtr
2026-01-01;company:NEO INSURANCE CORP AJ;"""NEO INSURANCE CORP"" AJ";общее;region:FARG'ONA;Ферганская область;1153.414;353.912;4465;30.684;258323;Страх_отчет(IV_чорак_2025_йил_)_uz_—_filtr
2026-01-01;company:NEO INSURANCE CORP AJ;"""NEO INSURANCE CORP"" AJ";общее;region:JIZZAX;Джизакская область;2206.971;479.605;3184;21.731;693144;Страх_отчет(IV_чорак_2025_йил_)_uz_—_filtr
2026-01-01;company:NEO INSURANCE CORP AJ;"""NEO INSURANCE CORP"" AJ";общее;region:NAMANGAN;Наманганская область;4111.691;266.091;35796;6.472;114865;Страх_отчет(IV_чорак_2025_йил_)_uz_—_filtr
2026-01-01;company:NEO INSURANCE CORP AJ;"""NEO INSURANCE CORP"" AJ";общее;region:NAVOIY;Навоийская область;847.572;157.953;788;18.636;1075599;Страх_отчет(IV_чорак_2025_йил_)_uz_—_filtr
2026-01-01;company:NEO INSURANCE CORP AJ;"""NEO INSURANCE CORP"" AJ";общее;region:QASHQADARYO;Кашкадарьинская область;4186.379;614.151;34217;14.670;122348;Страх_отчет(IV_чорак_2025_йил_)_uz_—_filtr
2026-01-01;company:NEO INSURANCE CORP AJ;"""NEO INSURANCE CORP"" AJ";общее;region:QORAQALPOG'ISTON RESPUBLIKASI;Республика Каракалпакстан;67.580;839.436;1742;1242.133;38795;Страх_отчет(IV_чорак_2025_йил_)_uz_—_filtr
2026-01-01;company:NEO INSURANCE CORP AJ;"""NEO INSURANCE CORP"" AJ";общее;region:SAMARQAND;Самаркандская область;8285.522;1859.186;69315;22.439;119534;Страх_отчет(IV_чорак_2025_йил_)_uz_—_filtr
2026-01-01;company:NEO INSURANCE CORP AJ;"""NEO INSURANCE CORP"" AJ";общее;region:SIRDARYO;Сырдарьинская область;1769.602;104.048;4437;5.880;398829;Страх_отчет(IV_чорак_2025_йил_)_uz_—_filtr
2026-01-01;company:NEO INSURANCE CORP AJ;"""NEO INSURANCE CORP"" AJ";общее;region:SURXANDARYO;Сурхандарьинская область;3975.205;635.370;21914;15.983;181400;Страх_отчет(IV_чорак_2025_йил_)_uz_—_filtr
2026-01-01;company:NEO INSURANCE CORP AJ;"""NEO INSURANCE CORP"" AJ";общее;region:TOSHKENT;Ташкентская область;3941.185;439.989;18169;11.164;216918;Страх_отчет(IV_чорак_2025_йил_)_uz_—_filtr
2026-01-01;company:NEO INSURANCE CORP AJ;"""NEO INSURANCE CORP"" AJ";общее;region:TOSHKENT SHAHRI;город Ташкент;81909.227;27330.687;141669;33.367;578173;Страх_отчет(IV_чорак_2025_йил_)_uz_—_filtr
2026-01-01;company:NEO INSURANCE CORP AJ;"""NEO INSURANCE CORP"" AJ";общее;region:XORAZM;Хорезмская область;2578.993;761.596;20595;29.531;125224;Страх_отчет(IV_чорак_2025_йил_)_uz_—_filtr
2026-01-01;company:NEO INSURANCE CORP AJ;"""NEO INSURANCE CORP"" AJ";общее;total;Все регионы;135633.859;34844.859;426741;25.690;317836;Страх_отчет(IV_чорак_2025_йил_)_uz_—_filtr
2026-01-01;company:O'ZAGROSUG'URTA AJ;"""O‘ZAGROSUG‘URTA"" AJ";общее;region:ANDIJON;Андижанская область;10893.330;1230.534;24368;11.296;447034;Страх_отчет(IV_чорак_2025_йил_)_uz_—_filtr
2026-01-01;company:O'ZAGROSUG'URTA AJ;"""O‘ZAGROSUG‘URTA"" AJ";общее;region:BUXORO;Бухарская область;11470.531;1083.842;17565;9.449;653033;Страх_отчет(IV_чорак_2025_йил_)_uz_—_filtr
2026-01-01;company:O'ZAGROSUG'URTA AJ;"""O‘ZAGROSUG‘URTA"" AJ";общее;region:FARG'ONA;Ферганская область;11472.293;999.639;49602;8.714;231287;Страх_отчет(IV_чорак_2025_йил_)_uz_—_filtr
2026-01-01;company:O'ZAGROSUG'URTA AJ;"""O‘ZAGROSUG‘URTA"" AJ";общее;region:JIZZAX;Джизакская область;7833.046;525.814;9586;6.713;817134;Страх_отчет(IV_чорак_2025_йил_)_uz_—_filtr
2026-01-01;company:O'ZAGROSUG'URTA AJ;"""O‘ZAGROSUG‘URTA"" AJ";общее;region:NAMANGAN;Наманганская область;8636.002;501.843;34743;5.811;248568;Страх_отчет(IV_чорак_2025_йил_)_uz_—_filtr
2026-01-01;company:O'ZAGROSUG'URTA AJ;"""O‘ZAGROSUG‘URTA"" AJ";общее;region:NAVOIY;Навоийская область;5233.383;559.689;11037;10.695;474167;Страх_отчет(IV_чорак_2025_йил_)_uz_—_filtr
2026-01-01;company:O'ZAGROSUG'URTA AJ;"""O‘ZAGROSUG‘URTA"" AJ";общее;region:QASHQADARYO;Кашкадарьинская область;11249.201;812.154;30261;7.220;371739;Страх_отчет(IV_чорак_2025_йил_)_uz_—_filtr
2026-01-01;company:O'ZAGROSUG'URTA AJ;"""O‘ZAGROSUG‘URTA"" AJ";общее;region:QORAQALPOG'ISTON RESPUBLIKASI;Республика Каракалпакстан;9224.296;3232.144;22281;35.039;413998;Страх_отчет(IV_чорак_2025_йил_)_uz_—_filtr
2026-01-01;company:O'ZAGROSUG'URTA AJ;"""O‘ZAGROSUG‘URTA"" AJ";общее;region:SAMARQAND;Самаркандская область;6295.049;499.819;32591;7.940;193153;Страх_отчет(IV_чорак_2025_йил_)_uz_—_filtr
2026-01-01;company:O'ZAGROSUG'URTA AJ;"""O‘ZAGROSUG‘URTA"" AJ";общее;region:SIRDARYO;Сырдарьинская область;3548.645;228.504;3278;6.439;1082564;Страх_отчет(IV_чорак_2025_йил_)_uz_—_filtr
2026-01-01;company:O'ZAGROSUG'URTA AJ;"""O‘ZAGROSUG‘URTA"" AJ";общее;region:SURXANDARYO;Сурхандарьинская область;9894.475;933.377;20528;9.433;481999;Страх_отчет(IV_чорак_2025_йил_)_uz_—_filtr
2026-01-01;company:O'ZAGROSUG'URTA AJ;"""O‘ZAGROSUG‘URTA"" AJ";общее;region:TOSHKENT;Ташкентская область;10322.324;5040.174;19093;48.828;540634;Страх_отчет(IV_чорак_2025_йил_)_uz_—_filtr
2026-01-01;company:O'ZAGROSUG'URTA AJ;"""O‘ZAGROSUG‘URTA"" AJ";общее;region:TOSHKENT SHAHRI;город Ташкент;327899.877;17835.467;22014;5.439;14895061;Страх_отчет(IV_чорак_2025_йил_)_uz_—_filtr
2026-01-01;company:O'ZAGROSUG'URTA AJ;"""O‘ZAGROSUG‘URTA"" AJ";общее;region:XORAZM;Хорезмская область;10660.070;572.472;21384;5.370;498507;Страх_отчет(IV_чорак_2025_йил_)_uz_—_filtr
2026-01-01;company:O'ZAGROSUG'URTA AJ;"""O‘ZAGROSUG‘URTA"" AJ";общее;total;Все регионы;444632.523;34055.473;318331;7.659;1396762;Страх_отчет(IV_чорак_2025_йил_)_uz_—_filtr
2026-01-01;company:O'ZBEKINVEST EISK AJ;"""O‘ZBEKINVEST"" EISK AJ";общее;region:ANDIJON;Андижанская область;17510.548;2955.684;117328;16.879;149244;Страх_отчет(IV_чорак_2025_йил_)_uz_—_filtr
2026-01-01;company:O'ZBEKINVEST EISK AJ;"""O‘ZBEKINVEST"" EISK AJ";общее;region:BUXORO;Бухарская область;41889.445;6054.539;152023;14.454;275547;Страх_отчет(IV_чорак_2025_йил_)_uz_—_filtr
2026-01-01;company:O'ZBEKINVEST EISK AJ;"""O‘ZBEKINVEST"" EISK AJ";общее;region:FARG'ONA;Ферганская область;15507.361;2393.210;156050;15.433;99374;Страх_отчет(IV_чорак_2025_йил_)_uz_—_filtr
2026-01-01;company:O'ZBEKINVEST EISK AJ;"""O‘ZBEKINVEST"" EISK AJ";общее;region:JIZZAX;Джизакская область;8070.750;2031.855;37975;25.176;212528;Страх_отчет(IV_чорак_2025_йил_)_uz_—_filtr
2026-01-01;company:O'ZBEKINVEST EISK AJ;"""O‘ZBEKINVEST"" EISK AJ";общее;region:NAMANGAN;Наманганская область;11839.424;1612.196;94331;13.617;125509;Страх_отчет(IV_чорак_2025_йил_)_uz_—_filtr
2026-01-01;company:O'ZBEKINVEST EISK AJ;"""O‘ZBEKINVEST"" EISK AJ";общее;region:NAVOIY;Навоийская область;8357.355;1518.746;70562;18.173;118440;Страх_отчет(IV_чорак_2025_йил_)_uz_—_filtr
2026-01-01;company:O'ZBEKINVEST EISK AJ;"""O‘ZBEKINVEST"" EISK AJ";общее;region:QASHQADARYO;Кашкадарьинская область;9504.058;3397.818;73701;35.751;128954;Страх_отчет(IV_чорак_2025_йил_)_uz_—_filtr
2026-01-01;company:O'ZBEKINVEST EISK AJ;"""O‘ZBEKINVEST"" EISK AJ";общее;region:QORAQALPOG'ISTON RESPUBLIKASI;Республика Каракалпакстан;7285.435;3311.312;33173;45.451;219619;Страх_отчет(IV_чорак_2025_йил_)_uz_—_filtr
2026-01-01;company:O'ZBEKINVEST EISK AJ;"""O‘ZBEKINVEST"" EISK AJ";общее;region:SAMARQAND;Самаркандская область;21115.678;2785.969;177347;13.194;119064;Страх_отчет(IV_чорак_2025_йил_)_uz_—_filtr
2026-01-01;company:O'ZBEKINVEST EISK AJ;"""O‘ZBEKINVEST"" EISK AJ";общее;region:SIRDARYO;Сырдарьинская область;7351.451;2993.899;17989;40.725;408664;Страх_отчет(IV_чорак_2025_йил_)_uz_—_filtr
2026-01-01;company:O'ZBEKINVEST EISK AJ;"""O‘ZBEKINVEST"" EISK AJ";общее;region:SURXANDARYO;Сурхандарьинская область;12309.705;1868.933;87773;15.183;140245;Страх_отчет(IV_чорак_2025_йил_)_uz_—_filtr
2026-01-01;company:O'ZBEKINVEST EISK AJ;"""O‘ZBEKINVEST"" EISK AJ";общее;region:TOSHKENT;Ташкентская область;31561.972;6160.591;26064;19.519;1210941;Страх_отчет(IV_чорак_2025_йил_)_uz_—_filtr
2026-01-01;company:O'ZBEKINVEST EISK AJ;"""O‘ZBEKINVEST"" EISK AJ";общее;region:TOSHKENT SHAHRI;город Ташкент;1409155.557;91800.737;147591;6.515;9547707;Страх_отчет(IV_чорак_2025_йил_)_uz_—_filtr
2026-01-01;company:O'ZBEKINVEST EISK AJ;"""O‘ZBEKINVEST"" EISK AJ";общее;region:XORAZM;Хорезмская область;12608.689;2713.728;89950;21.523;140174;Страх_отчет(IV_чорак_2025_йил_)_uz_—_filtr
2026-01-01;company:O'ZBEKINVEST EISK AJ;"""O‘ZBEKINVEST"" EISK AJ";общее;total;Все регионы;1614067.428;131599.218;1281857;8.153;1259163;Страх_отчет(IV_чорак_2025_йил_)_uz_—_filtr
2026-01-01;company:O'ZBEKINVEST HAYOT SUG'URTA KOMPANIYASI AJ;"""O’ZBEKINVEST HAYOT SUG‘URTA KOMPANIYASI"" AJ";жизнь;region:ANDIJON;Андижанская область;0.000;76.211;22;;0;Страх_отчет(IV_чорак_2025_йил_)_uz_—_filtr
2026-01-01;company:O'ZBEKINVEST HAYOT SUG'URTA KOMPANIYASI AJ;"""O’ZBEKINVEST HAYOT SUG‘URTA KOMPANIYASI"" AJ";жизнь;region:BUXORO;Бухарская область;0.220;51.075;27;23215.918;8148;Страх_отчет(IV_чорак_2025_йил_)_uz_—_filtr
2026-01-01;company:O'ZBEKINVEST HAYOT SUG'URTA KOMPANIYASI AJ;"""O’ZBEKINVEST HAYOT SUG‘URTA KOMPANIYASI"" AJ";жизнь;region:FARG'ONA;Ферганская область;990.924;1503.589;196;151.736;5055736;Страх_отчет(IV_чорак_2025_йил_)_uz_—_filtr
2026-01-01;company:O'ZBEKINVEST HAYOT SUG'URTA KOMPANIYASI AJ;"""O’ZBEKINVEST HAYOT SUG‘URTA KOMPANIYASI"" AJ";жизнь;region:JIZZAX;Джизакская область;27.703;118.610;107;428.144;258910;Страх_отчет(IV_чорак_2025_йил_)_uz_—_filtr
2026-01-01;company:O'ZBEKINVEST HAYOT SUG'URTA KOMPANIYASI AJ;"""O’ZBEKINVEST HAYOT SUG‘URTA KOMPANIYASI"" AJ";жизнь;region:NAMANGAN;Наманганская область;45.909;68.535;50;149.284;918182;Страх_отчет(IV_чорак_2025_йил_)_uz_—_filtr
2026-01-01;company:O'ZBEKINVEST HAYOT SUG'URTA KOMPANIYASI AJ;"""O’ZBEKINVEST HAYOT SUG‘URTA KOMPANIYASI"" AJ";жизнь;region:NAVOIY;Навоийская область;55.500;67.301;18;121.263;3083333;Страх_отчет(IV_чорак_2025_йил_)_uz_—_filtr
2026-01-01;company:O'ZBEKINVEST HAYOT SUG'URTA KOMPANIYASI AJ;"""O’ZBEKINVEST HAYOT SUG‘URTA KOMPANIYASI"" AJ";жизнь;region:QASHQADARYO;Кашкадарьинская область;0.000;159.087;34;;0;Страх_отчет(IV_чорак_2025_йил_)_uz_—_filtr
2026-01-01;company:O'ZBEKINVEST HAYOT SUG'URTA KOMPANIYASI AJ;"""O’ZBEKINVEST HAYOT SUG‘URTA KOMPANIYASI"" AJ";жизнь;region:QORAQALPOG'ISTON RESPUBLIKASI;Республика Каракалпакстан;2.000;56.394;31;2819.717;64516;Страх_отчет(IV_чорак_2025_йил_)_uz_—_filtr
2026-01-01;company:O'ZBEKINVEST HAYOT SUG'URTA KOMPANIYASI AJ;"""O’ZBEKINVEST HAYOT SUG‘URTA KOMPANIYASI"" AJ";жизнь;region:SAMARQAND;Самаркандская область;21.470;26.406;19;122.989;1130011;Страх_отчет(IV_чорак_2025_йил_)_uz_—_filtr
2026-01-01;company:O'ZBEKINVEST HAYOT SUG'URTA KOMPANIYASI AJ;"""O’ZBEKINVEST HAYOT SUG‘URTA KOMPANIYASI"" AJ";жизнь;region:SIRDARYO;Сырдарьинская область;0.000;52.415;16;;0;Страх_отчет(IV_чорак_2025_йил_)_uz_—_filtr
2026-01-01;company:O'ZBEKINVEST HAYOT SUG'URTA KOMPANIYASI AJ;"""O’ZBEKINVEST HAYOT SUG‘URTA KOMPANIYASI"" AJ";жизнь;region:SURXANDARYO;Сурхандарьинская область;76.453;233.188;16;305.008;4778312;Страх_отчет(IV_чорак_2025_йил_)_uz_—_filtr
2026-01-01;company:O'ZBEKINVEST HAYOT SUG'URTA KOMPANIYASI AJ;"""O’ZBEKINVEST HAYOT SUG‘URTA KOMPANIYASI"" AJ";жизнь;region:TOSHKENT;Ташкентская область;0.000;351.448;64;;0;Страх_отчет(IV_чорак_2025_йил_)_uz_—_filtr
2026-01-01;company:O'ZBEKINVEST HAYOT SUG'URTA KOMPANIYASI AJ;"""O’ZBEKINVEST HAYOT SUG‘URTA KOMPANIYASI"" AJ";жизнь;region:TOSHKENT SHAHRI;город Ташкент;7078.189;7337.896;202;103.669;35040542;Страх_отчет(IV_чорак_2025_йил_)_uz_—_filtr
2026-01-01;company:O'ZBEKINVEST HAYOT SUG'URTA KOMPANIYASI AJ;"""O’ZBEKINVEST HAYOT SUG‘URTA KOMPANIYASI"" AJ";жизнь;region:XORAZM;Хорезмская область;0.000;34.994;14;;0;Страх_отчет(IV_чорак_2025_йил_)_uz_—_filtr
2026-01-01;company:O'ZBEKINVEST HAYOT SUG'URTA KOMPANIYASI AJ;"""O’ZBEKINVEST HAYOT SUG‘URTA KOMPANIYASI"" AJ";жизнь;total;Все регионы;8298.369;10137.148;816;122.158;10169570;Страх_отчет(IV_чорак_2025_йил_)_uz_—_filtr
2026-01-01;company:O'ZBEKISTON QAYTA SUG'URTA KOMPANIYASI MQST AJ;"""O‘ZBEKISTON QAYTA SUG‘URTA KOMPANIYASI"" MQST AJ";общее;region:ANDIJON;Андижанская область;0.000;0.000;0;;;Страх_отчет(IV_чорак_2025_йил_)_uz_—_filtr
2026-01-01;company:O'ZBEKISTON QAYTA SUG'URTA KOMPANIYASI MQST AJ;"""O‘ZBEKISTON QAYTA SUG‘URTA KOMPANIYASI"" MQST AJ";общее;region:BUXORO;Бухарская область;0.000;0.000;0;;;Страх_отчет(IV_чорак_2025_йил_)_uz_—_filtr
2026-01-01;company:O'ZBEKISTON QAYTA SUG'URTA KOMPANIYASI MQST AJ;"""O‘ZBEKISTON QAYTA SUG‘URTA KOMPANIYASI"" MQST AJ";общее;region:FARG'ONA;Ферганская область;0.000;0.000;0;;;Страх_отчет(IV_чорак_2025_йил_)_uz_—_filtr
2026-01-01;company:O'ZBEKISTON QAYTA SUG'URTA KOMPANIYASI MQST AJ;"""O‘ZBEKISTON QAYTA SUG‘URTA KOMPANIYASI"" MQST AJ";общее;region:JIZZAX;Джизакская область;0.000;0.000;0;;;Страх_отчет(IV_чорак_2025_йил_)_uz_—_filtr
2026-01-01;company:O'ZBEKISTON QAYTA SUG'URTA KOMPANIYASI MQST AJ;"""O‘ZBEKISTON QAYTA SUG‘URTA KOMPANIYASI"" MQST AJ";общее;region:NAMANGAN;Наманганская область;0.000;0.000;0;;;Страх_отчет(IV_чорак_2025_йил_)_uz_—_filtr
2026-01-01;company:O'ZBEKISTON QAYTA SUG'URTA KOMPANIYASI MQST AJ;"""O‘ZBEKISTON QAYTA SUG‘URTA KOMPANIYASI"" MQST AJ";общее;region:NAVOIY;Навоийская область;0.000;0.000;0;;;Страх_отчет(IV_чорак_2025_йил_)_uz_—_filtr
2026-01-01;company:O'ZBEKISTON QAYTA SUG'URTA KOMPANIYASI MQST AJ;"""O‘ZBEKISTON QAYTA SUG‘URTA KOMPANIYASI"" MQST AJ";общее;region:QASHQADARYO;Кашкадарьинская область;0.000;0.000;0;;;Страх_отчет(IV_чорак_2025_йил_)_uz_—_filtr
2026-01-01;company:O'ZBEKISTON QAYTA SUG'URTA KOMPANIYASI MQST AJ;"""O‘ZBEKISTON QAYTA SUG‘URTA KOMPANIYASI"" MQST AJ";общее;region:QORAQALPOG'ISTON RESPUBLIKASI;Республика Каракалпакстан;0.000;0.000;0;;;Страх_отчет(IV_чорак_2025_йил_)_uz_—_filtr
2026-01-01;company:O'ZBEKISTON QAYTA SUG'URTA KOMPANIYASI MQST AJ;"""O‘ZBEKISTON QAYTA SUG‘URTA KOMPANIYASI"" MQST AJ";общее;region:SAMARQAND;Самаркандская область;0.000;0.000;0;;;Страх_отчет(IV_чорак_2025_йил_)_uz_—_filtr
2026-01-01;company:O'ZBEKISTON QAYTA SUG'URTA KOMPANIYASI MQST AJ;"""O‘ZBEKISTON QAYTA SUG‘URTA KOMPANIYASI"" MQST AJ";общее;region:SIRDARYO;Сырдарьинская область;0.000;0.000;0;;;Страх_отчет(IV_чорак_2025_йил_)_uz_—_filtr
2026-01-01;company:O'ZBEKISTON QAYTA SUG'URTA KOMPANIYASI MQST AJ;"""O‘ZBEKISTON QAYTA SUG‘URTA KOMPANIYASI"" MQST AJ";общее;region:SURXANDARYO;Сурхандарьинская область;0.000;0.000;0;;;Страх_отчет(IV_чорак_2025_йил_)_uz_—_filtr
2026-01-01;company:O'ZBEKISTON QAYTA SUG'URTA KOMPANIYASI MQST AJ;"""O‘ZBEKISTON QAYTA SUG‘URTA KOMPANIYASI"" MQST AJ";общее;region:TOSHKENT;Ташкентская область;0.000;0.000;0;;;Страх_отчет(IV_чорак_2025_йил_)_uz_—_filtr
2026-01-01;company:O'ZBEKISTON QAYTA SUG'URTA KOMPANIYASI MQST AJ;"""O‘ZBEKISTON QAYTA SUG‘URTA KOMPANIYASI"" MQST AJ";общее;region:TOSHKENT SHAHRI;город Ташкент;507.579;0.000;11;0.000;46143565;Страх_отчет(IV_чорак_2025_йил_)_uz_—_filtr
2026-01-01;company:O'ZBEKISTON QAYTA SUG'URTA KOMPANIYASI MQST AJ;"""O‘ZBEKISTON QAYTA SUG‘URTA KOMPANIYASI"" MQST AJ";общее;region:XORAZM;Хорезмская область;0.000;0.000;0;;;Страх_отчет(IV_чорак_2025_йил_)_uz_—_filtr
2026-01-01;company:O'ZBEKISTON QAYTA SUG'URTA KOMPANIYASI MQST AJ;"""O‘ZBEKISTON QAYTA SUG‘URTA KOMPANIYASI"" MQST AJ";общее;total;Все регионы;507.579;0.000;11;0.000;46143565;Страх_отчет(IV_чорак_2025_йил_)_uz_—_filtr
2026-01-01;company:PRESTIGE INSURANCE AJ;"""PRESTIGE INSURANCE"" AJ";жизнь;region:ANDIJON;Андижанская область;0.000;0.000;0;;;Страх_отчет(IV_чорак_2025_йил_)_uz_—_filtr
2026-01-01;company:PRESTIGE INSURANCE AJ;"""PRESTIGE INSURANCE"" AJ";жизнь;region:BUXORO;Бухарская область;0.000;0.000;0;;;Страх_отчет(IV_чорак_2025_йил_)_uz_—_filtr
2026-01-01;company:PRESTIGE INSURANCE AJ;"""PRESTIGE INSURANCE"" AJ";жизнь;region:FARG'ONA;Ферганская область;0.000;0.000;0;;;Страх_отчет(IV_чорак_2025_йил_)_uz_—_filtr
2026-01-01;company:PRESTIGE INSURANCE AJ;"""PRESTIGE INSURANCE"" AJ";жизнь;region:JIZZAX;Джизакская область;0.000;0.000;0;;;Страх_отчет(IV_чорак_2025_йил_)_uz_—_filtr
2026-01-01;company:PRESTIGE INSURANCE AJ;"""PRESTIGE INSURANCE"" AJ";жизнь;region:NAMANGAN;Наманганская область;0.000;0.000;0;;;Страх_отчет(IV_чорак_2025_йил_)_uz_—_filtr
2026-01-01;company:PRESTIGE INSURANCE AJ;"""PRESTIGE INSURANCE"" AJ";жизнь;region:NAVOIY;Навоийская область;0.000;0.000;0;;;Страх_отчет(IV_чорак_2025_йил_)_uz_—_filtr
2026-01-01;company:PRESTIGE INSURANCE AJ;"""PRESTIGE INSURANCE"" AJ";жизнь;region:QASHQADARYO;Кашкадарьинская область;0.000;0.000;0;;;Страх_отчет(IV_чорак_2025_йил_)_uz_—_filtr
2026-01-01;company:PRESTIGE INSURANCE AJ;"""PRESTIGE INSURANCE"" AJ";жизнь;region:QORAQALPOG'ISTON RESPUBLIKASI;Республика Каракалпакстан;0.000;0.000;0;;;Страх_отчет(IV_чорак_2025_йил_)_uz_—_filtr
2026-01-01;company:PRESTIGE INSURANCE AJ;"""PRESTIGE INSURANCE"" AJ";жизнь;region:SAMARQAND;Самаркандская область;0.000;0.000;0;;;Страх_отчет(IV_чорак_2025_йил_)_uz_—_filtr
2026-01-01;company:PRESTIGE INSURANCE AJ;"""PRESTIGE INSURANCE"" AJ";жизнь;region:SIRDARYO;Сырдарьинская область;0.000;0.000;0;;;Страх_отчет(IV_чорак_2025_йил_)_uz_—_filtr
2026-01-01;company:PRESTIGE INSURANCE AJ;"""PRESTIGE INSURANCE"" AJ";жизнь;region:SURXANDARYO;Сурхандарьинская область;0.000;0.000;0;;;Страх_отчет(IV_чорак_2025_йил_)_uz_—_filtr
2026-01-01;company:PRESTIGE INSURANCE AJ;"""PRESTIGE INSURANCE"" AJ";жизнь;region:TOSHKENT;Ташкентская область;0.000;0.000;0;;;Страх_отчет(IV_чорак_2025_йил_)_uz_—_filtr
2026-01-01;company:PRESTIGE INSURANCE AJ;"""PRESTIGE INSURANCE"" AJ";жизнь;region:TOSHKENT SHAHRI;город Ташкент;0.000;0.000;0;;;Страх_отчет(IV_чорак_2025_йил_)_uz_—_filtr
2026-01-01;company:PRESTIGE INSURANCE AJ;"""PRESTIGE INSURANCE"" AJ";жизнь;region:XORAZM;Хорезмская область;0.000;0.000;0;;;Страх_отчет(IV_чорак_2025_йил_)_uz_—_filtr
2026-01-01;company:PRESTIGE INSURANCE AJ;"""PRESTIGE INSURANCE"" AJ";жизнь;total;Все регионы;0.000;0.000;0;;;Страх_отчет(IV_чорак_2025_йил_)_uz_—_filtr
2026-01-01;company:QUANTUM INSURANCE AJ;"""QUANTUM INSURANCE"" AJ (ранее ""INGO-UZBEKISTON"")";общее;region:ANDIJON;Андижанская область;1242.092;611.079;2829;49.198;439057;Страх_отчет(IV_чорак_2025_йил_)_uz_—_filtr
2026-01-01;company:QUANTUM INSURANCE AJ;"""QUANTUM INSURANCE"" AJ (ранее ""INGO-UZBEKISTON"")";общее;region:BUXORO;Бухарская область;3203.292;174.302;1521;5.441;2106043;Страх_отчет(IV_чорак_2025_йил_)_uz_—_filtr
2026-01-01;company:QUANTUM INSURANCE AJ;"""QUANTUM INSURANCE"" AJ (ранее ""INGO-UZBEKISTON"")";общее;region:FARG'ONA;Ферганская область;371.828;221.130;663;59.471;560826;Страх_отчет(IV_чорак_2025_йил_)_uz_—_filtr
2026-01-01;company:QUANTUM INSURANCE AJ;"""QUANTUM INSURANCE"" AJ (ранее ""INGO-UZBEKISTON"")";общее;region:JIZZAX;Джизакская область;2532.232;1024.234;5025;40.448;503927;Страх_отчет(IV_чорак_2025_йил_)_uz_—_filtr
2026-01-01;company:QUANTUM INSURANCE AJ;"""QUANTUM INSURANCE"" AJ (ранее ""INGO-UZBEKISTON"")";общее;region:NAMANGAN;Наманганская область;5275.335;186.181;5280;3.529;999116;Страх_отчет(IV_чорак_2025_йил_)_uz_—_filtr
2026-01-01;company:QUANTUM INSURANCE AJ;"""QUANTUM INSURANCE"" AJ (ранее ""INGO-UZBEKISTON"")";общее;region:NAVOIY;Навоийская область;2916.987;417.648;3041;14.318;959220;Страх_отчет(IV_чорак_2025_йил_)_uz_—_filtr
2026-01-01;company:QUANTUM INSURANCE AJ;"""QUANTUM INSURANCE"" AJ (ранее ""INGO-UZBEKISTON"")";общее;region:QASHQADARYO;Кашкадарьинская область;5063.418;759.989;5390;15.009;939410;Страх_отчет(IV_чорак_2025_йил_)_uz_—_filtr
2026-01-01;company:QUANTUM INSURANCE AJ;"""QUANTUM INSURANCE"" AJ (ранее ""INGO-UZBEKISTON"")";общее;region:QORAQALPOG'ISTON RESPUBLIKASI;Республика Каракалпакстан;553.593;68.029;555;12.289;997465;Страх_отчет(IV_чорак_2025_йил_)_uz_—_filtr
2026-01-01;company:QUANTUM INSURANCE AJ;"""QUANTUM INSURANCE"" AJ (ранее ""INGO-UZBEKISTON"")";общее;region:SAMARQAND;Самаркандская область;2795.333;103.003;1768;3.685;1581071;Страх_отчет(IV_чорак_2025_йил_)_uz_—_filtr
2026-01-01;company:QUANTUM INSURANCE AJ;"""QUANTUM INSURANCE"" AJ (ранее ""INGO-UZBEKISTON"")";общее;region:SIRDARYO;Сырдарьинская область;1103.542;200.755;1701;18.192;648761;Страх_отчет(IV_чорак_2025_йил_)_uz_—_filtr
2026-01-01;company:QUANTUM INSURANCE AJ;"""QUANTUM INSURANCE"" AJ (ранее ""INGO-UZBEKISTON"")";общее;region:SURXANDARYO;Сурхандарьинская область;6642.754;2577.188;2092;38.797;3175313;Страх_отчет(IV_чорак_2025_йил_)_uz_—_filtr
2026-01-01;company:QUANTUM INSURANCE AJ;"""QUANTUM INSURANCE"" AJ (ранее ""INGO-UZBEKISTON"")";общее;region:TOSHKENT;Ташкентская область;1794.851;780.512;2806;43.486;639648;Страх_отчет(IV_чорак_2025_йил_)_uz_—_filtr
2026-01-01;company:QUANTUM INSURANCE AJ;"""QUANTUM INSURANCE"" AJ (ранее ""INGO-UZBEKISTON"")";общее;region:TOSHKENT SHAHRI;город Ташкент;94443.648;15704.889;37408;16.629;2524691;Страх_отчет(IV_чорак_2025_йил_)_uz_—_filtr
2026-01-01;company:QUANTUM INSURANCE AJ;"""QUANTUM INSURANCE"" AJ (ранее ""INGO-UZBEKISTON"")";общее;region:XORAZM;Хорезмская область;1029.813;425.759;3216;41.343;320215;Страх_отчет(IV_чорак_2025_йил_)_uz_—_filtr
2026-01-01;company:QUANTUM INSURANCE AJ;"""QUANTUM INSURANCE"" AJ (ранее ""INGO-UZBEKISTON"")";общее;total;Все регионы;128968.717;23254.697;73295;18.031;1759584;Страх_отчет(IV_чорак_2025_йил_)_uz_—_filtr
2026-01-01;company:SEMURG SUG'URTA AJ QK;"""SEMURG SUG‘URTA"" AJ QK";общее;region:ANDIJON;Андижанская область;2016.193;365.212;15799;18.114;127615;Страх_отчет(IV_чорак_2025_йил_)_uz_—_filtr
2026-01-01;company:SEMURG SUG'URTA AJ QK;"""SEMURG SUG‘URTA"" AJ QK";общее;region:BUXORO;Бухарская область;3493.928;724.605;14332;20.739;243785;Страх_отчет(IV_чорак_2025_йил_)_uz_—_filtr
2026-01-01;company:SEMURG SUG'URTA AJ QK;"""SEMURG SUG‘URTA"" AJ QK";общее;region:FARG'ONA;Ферганская область;1495.290;23.196;3761;1.551;397578;Страх_отчет(IV_чорак_2025_йил_)_uz_—_filtr
2026-01-01;company:SEMURG SUG'URTA AJ QK;"""SEMURG SUG‘URTA"" AJ QK";общее;region:JIZZAX;Джизакская область;98.301;10.745;232;10.931;423710;Страх_отчет(IV_чорак_2025_йил_)_uz_—_filtr
2026-01-01;company:SEMURG SUG'URTA AJ QK;"""SEMURG SUG‘URTA"" AJ QK";общее;region:NAMANGAN;Наманганская область;2849.562;38.754;14061;1.360;202657;Страх_отчет(IV_чорак_2025_йил_)_uz_—_filtr
2026-01-01;company:SEMURG SUG'URTA AJ QK;"""SEMURG SUG‘URTA"" AJ QK";общее;region:NAVOIY;Навоийская область;5113.289;469.088;4323;9.174;1182810;Страх_отчет(IV_чорак_2025_йил_)_uz_—_filtr
2026-01-01;company:SEMURG SUG'URTA AJ QK;"""SEMURG SUG‘URTA"" AJ QK";общее;region:QASHQADARYO;Кашкадарьинская область;2592.295;344.485;28177;13.289;92000;Страх_отчет(IV_чорак_2025_йил_)_uz_—_filtr
2026-01-01;company:SEMURG SUG'URTA AJ QK;"""SEMURG SUG‘URTA"" AJ QK";общее;region:QORAQALPOG'ISTON RESPUBLIKASI;Республика Каракалпакстан;319.787;135.576;2487;42.396;128583;Страх_отчет(IV_чорак_2025_йил_)_uz_—_filtr
2026-01-01;company:SEMURG SUG'URTA AJ QK;"""SEMURG SUG‘URTA"" AJ QK";общее;region:SAMARQAND;Самаркандская область;1365.969;85.544;3897;6.263;350518;Страх_отчет(IV_чорак_2025_йил_)_uz_—_filtr
2026-01-01;company:SEMURG SUG'URTA AJ QK;"""SEMURG SUG‘URTA"" AJ QK";общее;region:SIRDARYO;Сырдарьинская область;0.040;0.000;287;0.000;139;Страх_отчет(IV_чорак_2025_йил_)_uz_—_filtr
2026-01-01;company:SEMURG SUG'URTA AJ QK;"""SEMURG SUG‘URTA"" AJ QK";общее;region:SURXANDARYO;Сурхандарьинская область;1821.220;624.733;19163;34.303;95038;Страх_отчет(IV_чорак_2025_йил_)_uz_—_filtr
2026-01-01;company:SEMURG SUG'URTA AJ QK;"""SEMURG SUG‘URTA"" AJ QK";общее;region:TOSHKENT;Ташкентская область;2510.191;96.981;7235;3.863;346951;Страх_отчет(IV_чорак_2025_йил_)_uz_—_filtr
2026-01-01;company:SEMURG SUG'URTA AJ QK;"""SEMURG SUG‘URTA"" AJ QK";общее;region:TOSHKENT SHAHRI;город Ташкент;57041.137;11249.525;11816;19.722;4827449;Страх_отчет(IV_чорак_2025_йил_)_uz_—_filtr
2026-01-01;company:SEMURG SUG'URTA AJ QK;"""SEMURG SUG‘URTA"" AJ QK";общее;region:XORAZM;Хорезмская область;1365.961;50.754;3487;3.716;391730;Страх_отчет(IV_чорак_2025_йил_)_uz_—_filtr
2026-01-01;company:SEMURG SUG'URTA AJ QK;"""SEMURG SUG‘URTA"" AJ QK";общее;total;Все регионы;82083.163;14219.198;129057;17.323;636023;Страх_отчет(IV_чорак_2025_йил_)_uz_—_filtr
2026-01-01;company:SQB INSURANCE SUG'URTA KOMPANIYASI AJ;"""SQB INSURANCE SUG‘URTA KOMPANIYASI"" AJ";общее;region:ANDIJON;Андижанская область;3361.665;2029.022;6063;60.358;554456;Страх_отчет(IV_чорак_2025_йил_)_uz_—_filtr
2026-01-01;company:SQB INSURANCE SUG'URTA KOMPANIYASI AJ;"""SQB INSURANCE SUG‘URTA KOMPANIYASI"" AJ";общее;region:BUXORO;Бухарская область;2508.505;1755.217;5789;69.971;433323;Страх_отчет(IV_чорак_2025_йил_)_uz_—_filtr
2026-01-01;company:SQB INSURANCE SUG'URTA KOMPANIYASI AJ;"""SQB INSURANCE SUG‘URTA KOMPANIYASI"" AJ";общее;region:FARG'ONA;Ферганская область;5056.480;5697.179;9360;112.671;540222;Страх_отчет(IV_чорак_2025_йил_)_uz_—_filtr
2026-01-01;company:SQB INSURANCE SUG'URTA KOMPANIYASI AJ;"""SQB INSURANCE SUG‘URTA KOMPANIYASI"" AJ";общее;region:JIZZAX;Джизакская область;3748.175;2058.402;5054;54.917;741626;Страх_отчет(IV_чорак_2025_йил_)_uz_—_filtr
2026-01-01;company:SQB INSURANCE SUG'URTA KOMPANIYASI AJ;"""SQB INSURANCE SUG‘URTA KOMPANIYASI"" AJ";общее;region:NAMANGAN;Наманганская область;2035.581;592.966;3725;29.130;546465;Страх_отчет(IV_чорак_2025_йил_)_uz_—_filtr
2026-01-01;company:SQB INSURANCE SUG'URTA KOMPANIYASI AJ;"""SQB INSURANCE SUG‘URTA KOMPANIYASI"" AJ";общее;region:NAVOIY;Навоийская область;4621.405;862.006;8933;18.652;517341;Страх_отчет(IV_чорак_2025_йил_)_uz_—_filtr
2026-01-01;company:SQB INSURANCE SUG'URTA KOMPANIYASI AJ;"""SQB INSURANCE SUG‘URTA KOMPANIYASI"" AJ";общее;region:QASHQADARYO;Кашкадарьинская область;3727.847;1572.111;8613;42.172;432816;Страх_отчет(IV_чорак_2025_йил_)_uz_—_filtr
2026-01-01;company:SQB INSURANCE SUG'URTA KOMPANIYASI AJ;"""SQB INSURANCE SUG‘URTA KOMPANIYASI"" AJ";общее;region:QORAQALPOG'ISTON RESPUBLIKASI;Республика Каракалпакстан;4587.607;1450.146;12100;31.610;379141;Страх_отчет(IV_чорак_2025_йил_)_uz_—_filtr
2026-01-01;company:SQB INSURANCE SUG'URTA KOMPANIYASI AJ;"""SQB INSURANCE SUG‘URTA KOMPANIYASI"" AJ";общее;region:SAMARQAND;Самаркандская область;4904.787;2060.240;8193;42.005;598656;Страх_отчет(IV_чорак_2025_йил_)_uz_—_filtr
2026-01-01;company:SQB INSURANCE SUG'URTA KOMPANIYASI AJ;"""SQB INSURANCE SUG‘URTA KOMPANIYASI"" AJ";общее;region:SIRDARYO;Сырдарьинская область;1506.909;2400.808;3848;159.320;391608;Страх_отчет(IV_чорак_2025_йил_)_uz_—_filtr
2026-01-01;company:SQB INSURANCE SUG'URTA KOMPANIYASI AJ;"""SQB INSURANCE SUG‘URTA KOMPANIYASI"" AJ";общее;region:SURXANDARYO;Сурхандарьинская область;1170.506;928.960;4889;79.364;239416;Страх_отчет(IV_чорак_2025_йил_)_uz_—_filtr
2026-01-01;company:SQB INSURANCE SUG'URTA KOMPANIYASI AJ;"""SQB INSURANCE SUG‘URTA KOMPANIYASI"" AJ";общее;region:TOSHKENT;Ташкентская область;7959.799;8384.815;8038;105.340;990271;Страх_отчет(IV_чорак_2025_йил_)_uz_—_filtr
2026-01-01;company:SQB INSURANCE SUG'URTA KOMPANIYASI AJ;"""SQB INSURANCE SUG‘URTA KOMPANIYASI"" AJ";общее;region:TOSHKENT SHAHRI;город Ташкент;201843.883;60449.521;218773;29.949;922618;Страх_отчет(IV_чорак_2025_йил_)_uz_—_filtr
2026-01-01;company:SQB INSURANCE SUG'URTA KOMPANIYASI AJ;"""SQB INSURANCE SUG‘URTA KOMPANIYASI"" AJ";общее;region:XORAZM;Хорезмская область;5315.663;1137.672;5083;21.402;1045773;Страх_отчет(IV_чорак_2025_йил_)_uz_—_filtr
2026-01-01;company:SQB INSURANCE SUG'URTA KOMPANIYASI AJ;"""SQB INSURANCE SUG‘URTA KOMPANIYASI"" AJ";общее;total;Все регионы;252348.812;91379.064;308461;36.211;818090;Страх_отчет(IV_чорак_2025_йил_)_uz_—_filtr
2026-01-01;company:TBC SUG'URTA AJ;"""TBC SUG‘URTA"" AJ";жизнь;region:ANDIJON;Андижанская область;0.000;0.000;0;;;Страх_отчет(IV_чорак_2025_йил_)_uz_—_filtr
2026-01-01;company:TBC SUG'URTA AJ;"""TBC SUG‘URTA"" AJ";жизнь;region:BUXORO;Бухарская область;0.000;0.000;0;;;Страх_отчет(IV_чорак_2025_йил_)_uz_—_filtr
2026-01-01;company:TBC SUG'URTA AJ;"""TBC SUG‘URTA"" AJ";жизнь;region:FARG'ONA;Ферганская область;0.000;0.000;0;;;Страх_отчет(IV_чорак_2025_йил_)_uz_—_filtr
2026-01-01;company:TBC SUG'URTA AJ;"""TBC SUG‘URTA"" AJ";жизнь;region:JIZZAX;Джизакская область;0.000;0.000;0;;;Страх_отчет(IV_чорак_2025_йил_)_uz_—_filtr
2026-01-01;company:TBC SUG'URTA AJ;"""TBC SUG‘URTA"" AJ";жизнь;region:NAMANGAN;Наманганская область;0.000;0.000;0;;;Страх_отчет(IV_чорак_2025_йил_)_uz_—_filtr
2026-01-01;company:TBC SUG'URTA AJ;"""TBC SUG‘URTA"" AJ";жизнь;region:NAVOIY;Навоийская область;0.000;0.000;0;;;Страх_отчет(IV_чорак_2025_йил_)_uz_—_filtr
2026-01-01;company:TBC SUG'URTA AJ;"""TBC SUG‘URTA"" AJ";жизнь;region:QASHQADARYO;Кашкадарьинская область;0.000;0.000;0;;;Страх_отчет(IV_чорак_2025_йил_)_uz_—_filtr
2026-01-01;company:TBC SUG'URTA AJ;"""TBC SUG‘URTA"" AJ";жизнь;region:QORAQALPOG'ISTON RESPUBLIKASI;Республика Каракалпакстан;0.000;0.000;0;;;Страх_отчет(IV_чорак_2025_йил_)_uz_—_filtr
2026-01-01;company:TBC SUG'URTA AJ;"""TBC SUG‘URTA"" AJ";жизнь;region:SAMARQAND;Самаркандская область;0.000;0.000;0;;;Страх_отчет(IV_чорак_2025_йил_)_uz_—_filtr
2026-01-01;company:TBC SUG'URTA AJ;"""TBC SUG‘URTA"" AJ";жизнь;region:SIRDARYO;Сырдарьинская область;0.000;0.000;0;;;Страх_отчет(IV_чорак_2025_йил_)_uz_—_filtr
2026-01-01;company:TBC SUG'URTA AJ;"""TBC SUG‘URTA"" AJ";жизнь;region:SURXANDARYO;Сурхандарьинская область;0.000;0.000;0;;;Страх_отчет(IV_чорак_2025_йил_)_uz_—_filtr
2026-01-01;company:TBC SUG'URTA AJ;"""TBC SUG‘URTA"" AJ";жизнь;region:TOSHKENT;Ташкентская область;0.000;0.000;0;;;Страх_отчет(IV_чорак_2025_йил_)_uz_—_filtr
2026-01-01;company:TBC SUG'URTA AJ;"""TBC SUG‘URTA"" AJ";жизнь;region:TOSHKENT SHAHRI;город Ташкент;71129.800;174.781;157496;0.246;451629;Страх_отчет(IV_чорак_2025_йил_)_uz_—_filtr
2026-01-01;company:TBC SUG'URTA AJ;"""TBC SUG‘URTA"" AJ";жизнь;region:XORAZM;Хорезмская область;0.000;0.000;0;;;Страх_отчет(IV_чорак_2025_йил_)_uz_—_filtr
2026-01-01;company:TBC SUG'URTA AJ;"""TBC SUG‘URTA"" AJ";жизнь;total;Все регионы;71129.800;174.781;157496;0.246;451629;Страх_отчет(IV_чорак_2025_йил_)_uz_—_filtr
2026-01-01;company:TEMIRYO'L SUG'URTA AJ;"""TEMIRYO‘L SUG‘URTA"" AJ";общее;region:ANDIJON;Андижанская область;1813.185;284.915;12992;15.714;139562;Страх_отчет(IV_чорак_2025_йил_)_uz_—_filtr
2026-01-01;company:TEMIRYO'L SUG'URTA AJ;"""TEMIRYO‘L SUG‘URTA"" AJ";общее;region:BUXORO;Бухарская область;22164.798;295.520;517;1.333;42871950;Страх_отчет(IV_чорак_2025_йил_)_uz_—_filtr
2026-01-01;company:TEMIRYO'L SUG'URTA AJ;"""TEMIRYO‘L SUG‘URTA"" AJ";общее;region:FARG'ONA;Ферганская область;2887.082;880.992;3249;30.515;888606;Страх_отчет(IV_чорак_2025_йил_)_uz_—_filtr
2026-01-01;company:TEMIRYO'L SUG'URTA AJ;"""TEMIRYO‘L SUG‘URTA"" AJ";общее;region:JIZZAX;Джизакская область;3410.125;875.965;4098;25.687;832144;Страх_отчет(IV_чорак_2025_йил_)_uz_—_filtr
2026-01-01;company:TEMIRYO'L SUG'URTA AJ;"""TEMIRYO‘L SUG‘URTA"" AJ";общее;region:NAMANGAN;Наманганская область;699.181;16.571;2748;2.370;254433;Страх_отчет(IV_чорак_2025_йил_)_uz_—_filtr
2026-01-01;company:TEMIRYO'L SUG'URTA AJ;"""TEMIRYO‘L SUG‘URTA"" AJ";общее;region:NAVOIY;Навоийская область;4079.138;585.162;3253;14.345;1253962;Страх_отчет(IV_чорак_2025_йил_)_uz_—_filtr
2026-01-01;company:TEMIRYO'L SUG'URTA AJ;"""TEMIRYO‘L SUG‘URTA"" AJ";общее;region:QASHQADARYO;Кашкадарьинская область;3045.805;2063.918;2646;67.763;1151098;Страх_отчет(IV_чорак_2025_йил_)_uz_—_filtr
2026-01-01;company:TEMIRYO'L SUG'URTA AJ;"""TEMIRYO‘L SUG‘URTA"" AJ";общее;region:QORAQALPOG'ISTON RESPUBLIKASI;Республика Каракалпакстан;1508.052;949.815;1978;62.983;762413;Страх_отчет(IV_чорак_2025_йил_)_uz_—_filtr
2026-01-01;company:TEMIRYO'L SUG'URTA AJ;"""TEMIRYO‘L SUG‘URTA"" AJ";общее;region:SAMARQAND;Самаркандская область;4537.475;886.861;7725;19.545;587375;Страх_отчет(IV_чорак_2025_йил_)_uz_—_filtr
2026-01-01;company:TEMIRYO'L SUG'URTA AJ;"""TEMIRYO‘L SUG‘URTA"" AJ";общее;region:SIRDARYO;Сырдарьинская область;1037.173;159.861;1735;15.413;597794;Страх_отчет(IV_чорак_2025_йил_)_uz_—_filtr
2026-01-01;company:TEMIRYO'L SUG'URTA AJ;"""TEMIRYO‘L SUG‘URTA"" AJ";общее;region:SURXANDARYO;Сурхандарьинская область;5072.933;5886.135;5551;116.030;913877;Страх_отчет(IV_чорак_2025_йил_)_uz_—_filtr
2026-01-01;company:TEMIRYO'L SUG'URTA AJ;"""TEMIRYO‘L SUG‘URTA"" AJ";общее;region:TOSHKENT;Ташкентская область;9879.937;3122.226;2482;31.602;3980635;Страх_отчет(IV_чорак_2025_йил_)_uz_—_filtr
2026-01-01;company:TEMIRYO'L SUG'URTA AJ;"""TEMIRYO‘L SUG‘URTA"" AJ";общее;region:TOSHKENT SHAHRI;город Ташкент;202870.720;47766.622;25015;23.545;8109963;Страх_отчет(IV_чорак_2025_йил_)_uz_—_filtr
2026-01-01;company:TEMIRYO'L SUG'URTA AJ;"""TEMIRYO‘L SUG‘URTA"" AJ";общее;region:XORAZM;Хорезмская область;3003.873;627.070;23465;20.875;128015;Страх_отчет(IV_чорак_2025_йил_)_uz_—_filtr
2026-01-01;company:TEMIRYO'L SUG'URTA AJ;"""TEMIRYO‘L SUG‘URTA"" AJ";общее;total;Все регионы;266009.477;64401.633;97454;24.210;2729590;Страх_отчет(IV_чорак_2025_йил_)_uz_—_filtr
2026-01-01;company:TRUST-INSURANCE AJ;"""TRUST-INSURANCE"" AJ";общее;region:ANDIJON;Андижанская область;4339.086;109.541;4421;2.525;981472;Страх_отчет(IV_чорак_2025_йил_)_uz_—_filtr
2026-01-01;company:TRUST-INSURANCE AJ;"""TRUST-INSURANCE"" AJ";общее;region:BUXORO;Бухарская область;3757.859;220.277;2068;5.862;1817146;Страх_отчет(IV_чорак_2025_йил_)_uz_—_filtr
2026-01-01;company:TRUST-INSURANCE AJ;"""TRUST-INSURANCE"" AJ";общее;region:FARG'ONA;Ферганская область;18903.354;153237.967;65397;810.639;289055;Страх_отчет(IV_чорак_2025_йил_)_uz_—_filtr
2026-01-01;company:TRUST-INSURANCE AJ;"""TRUST-INSURANCE"" AJ";общее;region:JIZZAX;Джизакская область;1805.724;64.718;574;3.584;3145860;Страх_отчет(IV_чорак_2025_йил_)_uz_—_filtr
2026-01-01;company:TRUST-INSURANCE AJ;"""TRUST-INSURANCE"" AJ";общее;region:NAMANGAN;Наманганская область;861.856;0.000;89;0.000;9683774;Страх_отчет(IV_чорак_2025_йил_)_uz_—_filtr
2026-01-01;company:TRUST-INSURANCE AJ;"""TRUST-INSURANCE"" AJ";общее;region:NAVOIY;Навоийская область;1348.037;36.636;1443;2.718;934190;Страх_отчет(IV_чорак_2025_йил_)_uz_—_filtr
2026-01-01;company:TRUST-INSURANCE AJ;"""TRUST-INSURANCE"" AJ";общее;region:QASHQADARYO;Кашкадарьинская область;5595.645;16.764;1142;0.300;4899864;Страх_отчет(IV_чорак_2025_йил_)_uz_—_filtr
2026-01-01;company:TRUST-INSURANCE AJ;"""TRUST-INSURANCE"" AJ";общее;region:QORAQALPOG'ISTON RESPUBLIKASI;Республика Каракалпакстан;2198.708;42.382;1222;1.928;1799270;Страх_отчет(IV_чорак_2025_йил_)_uz_—_filtr
2026-01-01;company:TRUST-INSURANCE AJ;"""TRUST-INSURANCE"" AJ";общее;region:SAMARQAND;Самаркандская область;13813.764;515.148;13010;3.729;1061780;Страх_отчет(IV_чорак_2025_йил_)_uz_—_filtr
2026-01-01;company:TRUST-INSURANCE AJ;"""TRUST-INSURANCE"" AJ";общее;region:SIRDARYO;Сырдарьинская область;3725.344;27.127;688;0.728;5414744;Страх_отчет(IV_чорак_2025_йил_)_uz_—_filtr
2026-01-01;company:TRUST-INSURANCE AJ;"""TRUST-INSURANCE"" AJ";общее;region:SURXANDARYO;Сурхандарьинская область;7535.725;165.318;2905;2.194;2594053;Страх_отчет(IV_чорак_2025_йил_)_uz_—_filtr
2026-01-01;company:TRUST-INSURANCE AJ;"""TRUST-INSURANCE"" AJ";общее;region:TOSHKENT;Ташкентская область;2075.203;307.357;1820;14.811;1140221;Страх_отчет(IV_чорак_2025_йил_)_uz_—_filtr
2026-01-01;company:TRUST-INSURANCE AJ;"""TRUST-INSURANCE"" AJ";общее;region:TOSHKENT SHAHRI;город Ташкент;200793.147;24568.801;108896;12.236;1843898;Страх_отчет(IV_чорак_2025_йил_)_uz_—_filtr
2026-01-01;company:TRUST-INSURANCE AJ;"""TRUST-INSURANCE"" AJ";общее;region:XORAZM;Хорезмская область;4462.889;772.129;3560;17.301;1253620;Страх_отчет(IV_чорак_2025_йил_)_uz_—_filtr
2026-01-01;company:TRUST-INSURANCE AJ;"""TRUST-INSURANCE"" AJ";общее;total;Все регионы;271216.339;180084.166;207235;66.399;1308738;Страх_отчет(IV_чорак_2025_йил_)_uz_—_filtr
2026-01-01;company:XALQ SUG'URTA AJ;"""XALQ SUG‘URTA"" AJ";общее;region:ANDIJON;Андижанская область;1433.317;214.109;21946;14.938;65311;Страх_отчет(IV_чорак_2025_йил_)_uz_—_filtr
2026-01-01;company:XALQ SUG'URTA AJ;"""XALQ SUG‘URTA"" AJ";общее;region:BUXORO;Бухарская область;451.761;542.867;24556;120.167;18397;Страх_отчет(IV_чорак_2025_йил_)_uz_—_filtr
2026-01-01;company:XALQ SUG'URTA AJ;"""XALQ SUG‘URTA"" AJ";общее;region:FARG'ONA;Ферганская область;1902.993;487.622;27586;25.624;68984;Страх_отчет(IV_чорак_2025_йил_)_uz_—_filtr
2026-01-01;company:XALQ SUG'URTA AJ;"""XALQ SUG‘URTA"" AJ";общее;region:JIZZAX;Джизакская область;2217.001;2683.297;15929;121.033;139180;Страх_отчет(IV_чорак_2025_йил_)_uz_—_filtr
2026-01-01;company:XALQ SUG'URTA AJ;"""XALQ SUG‘URTA"" AJ";общее;region:NAMANGAN;Наманганская область;921.468;475.598;14936;51.613;61694;Страх_отчет(IV_чорак_2025_йил_)_uz_—_filtr
2026-01-01;company:XALQ SUG'URTA AJ;"""XALQ SUG‘URTA"" AJ";общее;region:NAVOIY;Навоийская область;265.783;473.570;12915;178.180;20579;Страх_отчет(IV_чорак_2025_йил_)_uz_—_filtr
2026-01-01;company:XALQ SUG'URTA AJ;"""XALQ SUG‘URTA"" AJ";общее;region:QASHQADARYO;Кашкадарьинская область;1192.786;739.808;20365;62.024;58570;Страх_отчет(IV_чорак_2025_йил_)_uz_—_filtr
2026-01-01;company:XALQ SUG'URTA AJ;"""XALQ SUG‘URTA"" AJ";общее;region:QORAQALPOG'ISTON RESPUBLIKASI;Республика Каракалпакстан;382.890;777.885;20677;203.162;18518;Страх_отчет(IV_чорак_2025_йил_)_uz_—_filtr
2026-01-01;company:XALQ SUG'URTA AJ;"""XALQ SUG‘URTA"" AJ";общее;region:SAMARQAND;Самаркандская область;3965.205;957.429;34317;24.146;115546;Страх_отчет(IV_чорак_2025_йил_)_uz_—_filtr
2026-01-01;company:XALQ SUG'URTA AJ;"""XALQ SUG‘URTA"" AJ";общее;region:SIRDARYO;Сырдарьинская область;1903.018;761.560;17045;40.019;111647;Страх_отчет(IV_чорак_2025_йил_)_uz_—_filtr
2026-01-01;company:XALQ SUG'URTA AJ;"""XALQ SUG‘URTA"" AJ";общее;region:SURXANDARYO;Сурхандарьинская область;699.885;1318.739;23832;188.422;29367;Страх_отчет(IV_чорак_2025_йил_)_uz_—_filtr
2026-01-01;company:XALQ SUG'URTA AJ;"""XALQ SUG‘URTA"" AJ";общее;region:TOSHKENT;Ташкентская область;736.284;393.368;18928;53.426;38899;Страх_отчет(IV_чорак_2025_йил_)_uz_—_filtr
2026-01-01;company:XALQ SUG'URTA AJ;"""XALQ SUG‘URTA"" AJ";общее;region:TOSHKENT SHAHRI;город Ташкент;37537.063;21515.781;459858;57.319;81628;Страх_отчет(IV_чорак_2025_йил_)_uz_—_filtr
2026-01-01;company:XALQ SUG'URTA AJ;"""XALQ SUG‘URTA"" AJ";общее;region:XORAZM;Хорезмская область;1194.612;778.919;21930;65.203;54474;Страх_отчет(IV_чорак_2025_йил_)_uz_—_filtr
2026-01-01;company:XALQ SUG'URTA AJ;"""XALQ SUG‘URTA"" AJ";общее;total;Все регионы;54804.064;32120.553;734820;58.610;74582;Страх_отчет(IV_чорак_2025_йил_)_uz_—_filtr
2026-01-01;total;Весь рынок;;region:ANDIJON;Андижанская область;196293.841;21991.177;621883;11.203;315644;Страх_отчет(IV_чорак_2025_йил_)_uz_—_filtr
2026-01-01;total;Весь рынок;;region:BUXORO;Бухарская область;258131.626;25912.366;415107;10.038;621844;Страх_отчет(IV_чорак_2025_йил_)_uz_—_filtr
2026-01-01;total;Весь рынок;;region:FARG'ONA;Ферганская область;329607.889;201971.561;919917;61.276;358302;Страх_отчет(IV_чорак_2025_йил_)_uz_—_filtr
2026-01-01;total;Весь рынок;;region:JIZZAX;Джизакская область;127419.168;24657.557;503131;19.352;253252;Страх_отчет(IV_чорак_2025_йил_)_uz_—_filtr
2026-01-01;total;Весь рынок;;region:NAMANGAN;Наманганская область;187482.674;37123.655;551812;19.801;339758;Страх_отчет(IV_чорак_2025_йил_)_uz_—_filtr
2026-01-01;total;Весь рынок;;region:NAVOIY;Навоийская область;123632.527;83610.545;289174;67.628;427537;Страх_отчет(IV_чорак_2025_йил_)_uz_—_filtr
2026-01-01;total;Весь рынок;;region:QASHQADARYO;Кашкадарьинская область;258603.192;39856.139;544335;15.412;475081;Страх_отчет(IV_чорак_2025_йил_)_uz_—_filtr
2026-01-01;total;Весь рынок;;region:QORAQALPOG'ISTON RESPUBLIKASI;Республика Каракалпакстан;154774.226;74722.847;320304;48.279;483210;Страх_отчет(IV_чорак_2025_йил_)_uz_—_filtr
2026-01-01;total;Весь рынок;;region:SAMARQAND;Самаркандская область;229556.153;34926.696;766147;15.215;299624;Страх_отчет(IV_чорак_2025_йил_)_uz_—_filtr
2026-01-01;total;Весь рынок;;region:SIRDARYO;Сырдарьинская область;140266.488;47053.847;207516;33.546;675931;Страх_отчет(IV_чорак_2025_йил_)_uz_—_filtr
2026-01-01;total;Весь рынок;;region:SURXANDARYO;Сурхандарьинская область;152566.540;56271.387;440367;36.883;346453;Страх_отчет(IV_чорак_2025_йил_)_uz_—_filtr
2026-01-01;total;Весь рынок;;region:TOSHKENT;Ташкентская область;243603.649;62893.342;298394;25.818;816383;Страх_отчет(IV_чорак_2025_йил_)_uz_—_filtr
2026-01-01;total;Весь рынок;;region:TOSHKENT SHAHRI;город Ташкент;10858807.364;2245621.871;6715070;20.680;1617080;Страх_отчет(IV_чорак_2025_йил_)_uz_—_filtr
2026-01-01;total;Весь рынок;;region:XORAZM;Хорезмская область;202745.219;28921.247;464307;14.265;436662;Страх_отчет(IV_чорак_2025_йил_)_uz_—_filtr
2026-01-01;total;Весь рынок;;total;Все регионы;13463490.555;2985534.238;13057475;22.175;1031094;Страх_отчет(IV_чорак_2025_йил_)_uz_—_filtr
2026-07-01;company:AGROS HAYOT AJ;"""AGROS HAYOT"" AJ";жизнь;region:ANDIJON;Андижанская область;0.000;56.391;246;;0;Страх_отчет(II_чорак_2026_йил_)_uz
2026-07-01;company:AGROS HAYOT AJ;"""AGROS HAYOT"" AJ";жизнь;region:BUXORO;Бухарская область;14.050;39.578;300;281.687;46834;Страх_отчет(II_чорак_2026_йил_)_uz
2026-07-01;company:AGROS HAYOT AJ;"""AGROS HAYOT"" AJ";жизнь;region:FARG'ONA;Ферганская область;0.000;52.710;571;;0;Страх_отчет(II_чорак_2026_йил_)_uz
2026-07-01;company:AGROS HAYOT AJ;"""AGROS HAYOT"" AJ";жизнь;region:JIZZAX;Джизакская область;15.364;21.864;152;142.303;101080;Страх_отчет(II_чорак_2026_йил_)_uz
2026-07-01;company:AGROS HAYOT AJ;"""AGROS HAYOT"" AJ";жизнь;region:NAMANGAN;Наманганская область;59.937;15.263;2051;25.465;29224;Страх_отчет(II_чорак_2026_йил_)_uz
2026-07-01;company:AGROS HAYOT AJ;"""AGROS HAYOT"" AJ";жизнь;region:NAVOIY;Навоийская область;0.000;38.574;289;;0;Страх_отчет(II_чорак_2026_йил_)_uz
2026-07-01;company:AGROS HAYOT AJ;"""AGROS HAYOT"" AJ";жизнь;region:QASHQADARYO;Кашкадарьинская область;0.000;21.039;117;;0;Страх_отчет(II_чорак_2026_йил_)_uz
2026-07-01;company:AGROS HAYOT AJ;"""AGROS HAYOT"" AJ";жизнь;region:QORAQALPOG'ISTON RESPUBLIKASI;Республика Каракалпакстан;22.948;112.818;253;491.635;90702;Страх_отчет(II_чорак_2026_йил_)_uz
2026-07-01;company:AGROS HAYOT AJ;"""AGROS HAYOT"" AJ";жизнь;region:SAMARQAND;Самаркандская область;52.505;28.728;389;54.715;134973;Страх_отчет(II_чорак_2026_йил_)_uz
2026-07-01;company:AGROS HAYOT AJ;"""AGROS HAYOT"" AJ";жизнь;region:SIRDARYO;Сырдарьинская область;0.000;1.811;175;;0;Страх_отчет(II_чорак_2026_йил_)_uz
2026-07-01;company:AGROS HAYOT AJ;"""AGROS HAYOT"" AJ";жизнь;region:SURXANDARYO;Сурхандарьинская область;4.316;18.545;156;429.630;27669;Страх_отчет(II_чорак_2026_йил_)_uz
2026-07-01;company:AGROS HAYOT AJ;"""AGROS HAYOT"" AJ";жизнь;region:TOSHKENT;Ташкентская область;141.483;232.469;977;164.309;144813;Страх_отчет(II_чорак_2026_йил_)_uz
2026-07-01;company:AGROS HAYOT AJ;"""AGROS HAYOT"" AJ";жизнь;region:TOSHKENT SHAHRI;город Ташкент;658.775;846.392;3973;128.480;165813;Страх_отчет(II_чорак_2026_йил_)_uz
2026-07-01;company:AGROS HAYOT AJ;"""AGROS HAYOT"" AJ";жизнь;region:XORAZM;Хорезмская область;0.000;23.032;208;;0;Страх_отчет(II_чорак_2026_йил_)_uz
2026-07-01;company:AGROS HAYOT AJ;"""AGROS HAYOT"" AJ";жизнь;total;Все регионы;969.378;1509.214;9857;155.689;98344;Страх_отчет(II_чорак_2026_йил_)_uz
2026-07-01;company:ALFA INVEST SUG'URTA KOMPANIYASI AJ;"""ALFA INVEST SUG‘URTA KOMPANIYASI"" AJ";общее;region:ANDIJON;Андижанская область;4823.908;404.204;10702;8.379;450748;Страх_отчет(II_чорак_2026_йил_)_uz
2026-07-01;company:ALFA INVEST SUG'URTA KOMPANIYASI AJ;"""ALFA INVEST SUG‘URTA KOMPANIYASI"" AJ";общее;region:BUXORO;Бухарская область;3898.274;420.418;8595;10.785;453551;Страх_отчет(II_чорак_2026_йил_)_uz
2026-07-01;company:ALFA INVEST SUG'URTA KOMPANIYASI AJ;"""ALFA INVEST SUG‘URTA KOMPANIYASI"" AJ";общее;region:FARG'ONA;Ферганская область;7194.169;321.854;13630;4.474;527819;Страх_отчет(II_чорак_2026_йил_)_uz
2026-07-01;company:ALFA INVEST SUG'URTA KOMPANIYASI AJ;"""ALFA INVEST SUG‘URTA KOMPANIYASI"" AJ";общее;region:JIZZAX;Джизакская область;1786.153;204.441;1670;11.446;1069553;Страх_отчет(II_чорак_2026_йил_)_uz
2026-07-01;company:ALFA INVEST SUG'URTA KOMPANIYASI AJ;"""ALFA INVEST SUG‘URTA KOMPANIYASI"" AJ";общее;region:NAMANGAN;Наманганская область;1760.419;313.730;6079;17.821;289590;Страх_отчет(II_чорак_2026_йил_)_uz
2026-07-01;company:ALFA INVEST SUG'URTA KOMPANIYASI AJ;"""ALFA INVEST SUG‘URTA KOMPANIYASI"" AJ";общее;region:NAVOIY;Навоийская область;5239.677;747.902;15714;14.274;333440;Страх_отчет(II_чорак_2026_йил_)_uz
2026-07-01;company:ALFA INVEST SUG'URTA KOMPANIYASI AJ;"""ALFA INVEST SUG‘URTA KOMPANIYASI"" AJ";общее;region:QASHQADARYO;Кашкадарьинская область;5116.678;3022.172;12350;59.065;414306;Страх_отчет(II_чорак_2026_йил_)_uz
2026-07-01;company:ALFA INVEST SUG'URTA KOMPANIYASI AJ;"""ALFA INVEST SUG‘URTA KOMPANIYASI"" AJ";общее;region:QORAQALPOG'ISTON RESPUBLIKASI;Республика Каракалпакстан;1840.325;108.628;2482;5.903;741469;Страх_отчет(II_чорак_2026_йил_)_uz
2026-07-01;company:ALFA INVEST SUG'URTA KOMPANIYASI AJ;"""ALFA INVEST SUG‘URTA KOMPANIYASI"" AJ";общее;region:SAMARQAND;Самаркандская область;5509.988;352.155;5579;6.391;987630;Страх_отчет(II_чорак_2026_йил_)_uz
2026-07-01;company:ALFA INVEST SUG'URTA KOMPANIYASI AJ;"""ALFA INVEST SUG‘URTA KOMPANIYASI"" AJ";общее;region:SIRDARYO;Сырдарьинская область;833.348;0.740;463;0.089;1799888;Страх_отчет(II_чорак_2026_йил_)_uz
2026-07-01;company:ALFA INVEST SUG'URTA KOMPANIYASI AJ;"""ALFA INVEST SUG‘URTA KOMPANIYASI"" AJ";общее;region:SURXANDARYO;Сурхандарьинская область;1582.868;1.583;1624;0.100;974672;Страх_отчет(II_чорак_2026_йил_)_uz
2026-07-01;company:ALFA INVEST SUG'URTA KOMPANIYASI AJ;"""ALFA INVEST SUG‘URTA KOMPANIYASI"" AJ";общее;region:TOSHKENT;Ташкентская область;1216.589;412.534;2718;33.909;447605;Страх_отчет(II_чорак_2026_йил_)_uz
2026-07-01;company:ALFA INVEST SUG'URTA KOMPANIYASI AJ;"""ALFA INVEST SUG‘URTA KOMPANIYASI"" AJ";общее;region:TOSHKENT SHAHRI;город Ташкент;214887.240;26503.724;305278;12.334;703907;Страх_отчет(II_чорак_2026_йил_)_uz
2026-07-01;company:ALFA INVEST SUG'URTA KOMPANIYASI AJ;"""ALFA INVEST SUG‘URTA KOMPANIYASI"" AJ";общее;region:XORAZM;Хорезмская область;4172.078;554.901;4243;13.300;983285;Страх_отчет(II_чорак_2026_йил_)_uz
2026-07-01;company:ALFA INVEST SUG'URTA KOMPANIYASI AJ;"""ALFA INVEST SUG‘URTA KOMPANIYASI"" AJ";общее;total;Все регионы;259861.715;33368.985;391127;12.841;664392;Страх_отчет(II_чорак_2026_йил_)_uz
2026-07-01;company:ALFA LIFE INSURANCE AJ;"""ALFA LIFE INSURANCE"" AJ";жизнь;region:ANDIJON;Андижанская область;0.000;3.802;1;;0;Страх_отчет(II_чорак_2026_йил_)_uz
2026-07-01;company:ALFA LIFE INSURANCE AJ;"""ALFA LIFE INSURANCE"" AJ";жизнь;region:BUXORO;Бухарская область;0.000;39.824;4;;0;Страх_отчет(II_чорак_2026_йил_)_uz
2026-07-01;company:ALFA LIFE INSURANCE AJ;"""ALFA LIFE INSURANCE"" AJ";жизнь;region:FARG'ONA;Ферганская область;975.979;1073.589;305;110.001;3199933;Страх_отчет(II_чорак_2026_йил_)_uz
2026-07-01;company:ALFA LIFE INSURANCE AJ;"""ALFA LIFE INSURANCE"" AJ";жизнь;region:JIZZAX;Джизакская область;0.000;0.000;0;;;Страх_отчет(II_чорак_2026_йил_)_uz
2026-07-01;company:ALFA LIFE INSURANCE AJ;"""ALFA LIFE INSURANCE"" AJ";жизнь;region:NAMANGAN;Наманганская область;1325.773;1607.677;367;121.263;3612462;Страх_отчет(II_чорак_2026_йил_)_uz
2026-07-01;company:ALFA LIFE INSURANCE AJ;"""ALFA LIFE INSURANCE"" AJ";жизнь;region:NAVOIY;Навоийская область;0.000;23.130;8;;0;Страх_отчет(II_чорак_2026_йил_)_uz
2026-07-01;company:ALFA LIFE INSURANCE AJ;"""ALFA LIFE INSURANCE"" AJ";жизнь;region:QASHQADARYO;Кашкадарьинская область;0.000;14.658;2;;0;Страх_отчет(II_чорак_2026_йил_)_uz
2026-07-01;company:ALFA LIFE INSURANCE AJ;"""ALFA LIFE INSURANCE"" AJ";жизнь;region:QORAQALPOG'ISTON RESPUBLIKASI;Республика Каракалпакстан;42.500;10.063;4;23.678;10625000;Страх_отчет(II_чорак_2026_йил_)_uz
2026-07-01;company:ALFA LIFE INSURANCE AJ;"""ALFA LIFE INSURANCE"" AJ";жизнь;region:SAMARQAND;Самаркандская область;139.895;12.011;21;8.586;6661667;Страх_отчет(II_чорак_2026_йил_)_uz
2026-07-01;company:ALFA LIFE INSURANCE AJ;"""ALFA LIFE INSURANCE"" AJ";жизнь;region:SIRDARYO;Сырдарьинская область;0.000;0.000;0;;;Страх_отчет(II_чорак_2026_йил_)_uz
2026-07-01;company:ALFA LIFE INSURANCE AJ;"""ALFA LIFE INSURANCE"" AJ";жизнь;region:SURXANDARYO;Сурхандарьинская область;0.000;17.431;3;;0;Страх_отчет(II_чорак_2026_йил_)_uz
2026-07-01;company:ALFA LIFE INSURANCE AJ;"""ALFA LIFE INSURANCE"" AJ";жизнь;region:TOSHKENT;Ташкентская область;0.000;0.000;0;;;Страх_отчет(II_чорак_2026_йил_)_uz
2026-07-01;company:ALFA LIFE INSURANCE AJ;"""ALFA LIFE INSURANCE"" AJ";жизнь;region:TOSHKENT SHAHRI;город Ташкент;23706.270;6875.379;17013;29.002;1393421;Страх_отчет(II_чорак_2026_йил_)_uz
2026-07-01;company:ALFA LIFE INSURANCE AJ;"""ALFA LIFE INSURANCE"" AJ";жизнь;region:XORAZM;Хорезмская область;0.000;0.000;0;;;Страх_отчет(II_чорак_2026_йил_)_uz
2026-07-01;company:ALFA LIFE INSURANCE AJ;"""ALFA LIFE INSURANCE"" AJ";жизнь;total;Все регионы;26190.418;9677.565;17728;36.951;1477348;Страх_отчет(II_чорак_2026_йил_)_uz
2026-07-01;company:ALSKOM AJ;"""ALSKOM"" AJ";общее;region:ANDIJON;Андижанская область;1002.953;153.044;5478;15.259;183087;Страх_отчет(II_чорак_2026_йил_)_uz
2026-07-01;company:ALSKOM AJ;"""ALSKOM"" AJ";общее;region:BUXORO;Бухарская область;3674.674;313.828;9416;8.540;390258;Страх_отчет(II_чорак_2026_йил_)_uz
2026-07-01;company:ALSKOM AJ;"""ALSKOM"" AJ";общее;region:FARG'ONA;Ферганская область;9869.812;1938.553;58693;19.641;168160;Страх_отчет(II_чорак_2026_йил_)_uz
2026-07-01;company:ALSKOM AJ;"""ALSKOM"" AJ";общее;region:JIZZAX;Джизакская область;468.242;2773.959;9073;592.420;51608;Страх_отчет(II_чорак_2026_йил_)_uz
2026-07-01;company:ALSKOM AJ;"""ALSKOM"" AJ";общее;region:NAMANGAN;Наманганская область;3219.172;14.950;3171;0.464;1015192;Страх_отчет(II_чорак_2026_йил_)_uz
2026-07-01;company:ALSKOM AJ;"""ALSKOM"" AJ";общее;region:NAVOIY;Навоийская область;1656.211;1205.408;12017;72.781;137822;Страх_отчет(II_чорак_2026_йил_)_uz
2026-07-01;company:ALSKOM AJ;"""ALSKOM"" AJ";общее;region:QASHQADARYO;Кашкадарьинская область;2616.305;2737.754;17063;104.642;153332;Страх_отчет(II_чорак_2026_йил_)_uz
2026-07-01;company:ALSKOM AJ;"""ALSKOM"" AJ";общее;region:QORAQALPOG'ISTON RESPUBLIKASI;Республика Каракалпакстан;1718.565;426.258;12822;24.803;134032;Страх_отчет(II_чорак_2026_йил_)_uz
2026-07-01;company:ALSKOM AJ;"""ALSKOM"" AJ";общее;region:SAMARQAND;Самаркандская область;2306.987;316.507;13754;13.719;167732;Страх_отчет(II_чорак_2026_йил_)_uz
2026-07-01;company:ALSKOM AJ;"""ALSKOM"" AJ";общее;region:SIRDARYO;Сырдарьинская область;868.458;719.399;10806;82.836;80368;Страх_отчет(II_чорак_2026_йил_)_uz
2026-07-01;company:ALSKOM AJ;"""ALSKOM"" AJ";общее;region:SURXANDARYO;Сурхандарьинская область;2348.113;108.504;13725;4.621;171083;Страх_отчет(II_чорак_2026_йил_)_uz
2026-07-01;company:ALSKOM AJ;"""ALSKOM"" AJ";общее;region:TOSHKENT;Ташкентская область;4083.661;896.833;18735;21.961;217970;Страх_отчет(II_чорак_2026_йил_)_uz
2026-07-01;company:ALSKOM AJ;"""ALSKOM"" AJ";общее;region:TOSHKENT SHAHRI;город Ташкент;95580.321;33458.748;182826;35.006;522794;Страх_отчет(II_чорак_2026_йил_)_uz
2026-07-01;company:ALSKOM AJ;"""ALSKOM"" AJ";общее;region:XORAZM;Хорезмская область;1982.545;136.910;9490;6.906;208909;Страх_отчет(II_чорак_2026_йил_)_uz
2026-07-01;company:ALSKOM AJ;"""ALSKOM"" AJ";общее;total;Все регионы;131396.018;45200.654;377069;34.400;348467;Страх_отчет(II_чорак_2026_йил_)_uz
2026-07-01;company:APEX INSURANCE AJ;"""APEX INSURANCE"" AJ";общее;region:ANDIJON;Андижанская область;34194.296;504.341;48531;1.475;704587;Страх_отчет(II_чорак_2026_йил_)_uz
2026-07-01;company:APEX INSURANCE AJ;"""APEX INSURANCE"" AJ";общее;region:BUXORO;Бухарская область;37929.285;2866.074;58022;7.556;653705;Страх_отчет(II_чорак_2026_йил_)_uz
2026-07-01;company:APEX INSURANCE AJ;"""APEX INSURANCE"" AJ";общее;region:FARG'ONA;Ферганская область;30772.642;1709.052;88149;5.554;349098;Страх_отчет(II_чорак_2026_йил_)_uz
2026-07-01;company:APEX INSURANCE AJ;"""APEX INSURANCE"" AJ";общее;region:JIZZAX;Джизакская область;27851.472;1443.959;42191;5.184;660128;Страх_отчет(II_чорак_2026_йил_)_uz
2026-07-01;company:APEX INSURANCE AJ;"""APEX INSURANCE"" AJ";общее;region:NAMANGAN;Наманганская область;32938.324;850.966;53941;2.584;610636;Страх_отчет(II_чорак_2026_йил_)_uz
2026-07-01;company:APEX INSURANCE AJ;"""APEX INSURANCE"" AJ";общее;region:NAVOIY;Навоийская область;16468.573;1104.177;35112;6.705;469030;Страх_отчет(II_чорак_2026_йил_)_uz
2026-07-01;company:APEX INSURANCE AJ;"""APEX INSURANCE"" AJ";общее;region:QASHQADARYO;Кашкадарьинская область;72134.562;3065.217;189615;4.249;380426;Страх_отчет(II_чорак_2026_йил_)_uz
2026-07-01;company:APEX INSURANCE AJ;"""APEX INSURANCE"" AJ";общее;region:QORAQALPOG'ISTON RESPUBLIKASI;Республика Каракалпакстан;12421.242;6785.778;113782;54.630;109167;Страх_отчет(II_чорак_2026_йил_)_uz
2026-07-01;company:APEX INSURANCE AJ;"""APEX INSURANCE"" AJ";общее;region:SAMARQAND;Самаркандская область;47641.719;2110.852;151695;4.431;314063;Страх_отчет(II_чорак_2026_йил_)_uz
2026-07-01;company:APEX INSURANCE AJ;"""APEX INSURANCE"" AJ";общее;region:SIRDARYO;Сырдарьинская область;10113.243;1714.586;44749;16.954;225999;Страх_отчет(II_чорак_2026_йил_)_uz
2026-07-01;company:APEX INSURANCE AJ;"""APEX INSURANCE"" AJ";общее;region:SURXANDARYO;Сурхандарьинская область;36535.236;1715.698;75278;4.696;485337;Страх_отчет(II_чорак_2026_йил_)_uz
2026-07-01;company:APEX INSURANCE AJ;"""APEX INSURANCE"" AJ";общее;region:TOSHKENT;Ташкентская область;13440.205;53.221;6690;0.396;2008999;Страх_отчет(II_чорак_2026_йил_)_uz
2026-07-01;company:APEX INSURANCE AJ;"""APEX INSURANCE"" AJ";общее;region:TOSHKENT SHAHRI;город Ташкент;1674907.824;898822.742;602845;53.664;2778339;Страх_отчет(II_чорак_2026_йил_)_uz
2026-07-01;company:APEX INSURANCE AJ;"""APEX INSURANCE"" AJ";общее;region:XORAZM;Хорезмская область;24910.535;4203.366;140440;16.874;177375;Страх_отчет(II_чорак_2026_йил_)_uz
2026-07-01;company:APEX INSURANCE AJ;"""APEX INSURANCE"" AJ";общее;total;Все регионы;2072259.157;926950.028;1651040;44.731;1255124;Страх_отчет(II_чорак_2026_йил_)_uz
2026-07-01;company:APEX LIFE INSURANCE AJ;"""APEX LIFE INSURANCE"" AJ";жизнь;region:ANDIJON;Андижанская область;930.045;173.917;24;18.700;38751879;Страх_отчет(II_чорак_2026_йил_)_uz
2026-07-01;company:APEX LIFE INSURANCE AJ;"""APEX LIFE INSURANCE"" AJ";жизнь;region:BUXORO;Бухарская область;364.452;114.594;348;31.443;1047276;Страх_отчет(II_чорак_2026_йил_)_uz
2026-07-01;company:APEX LIFE INSURANCE AJ;"""APEX LIFE INSURANCE"" AJ";жизнь;region:FARG'ONA;Ферганская область;1779.568;1577.128;656;88.624;2712755;Страх_отчет(II_чорак_2026_йил_)_uz
2026-07-01;company:APEX LIFE INSURANCE AJ;"""APEX LIFE INSURANCE"" AJ";жизнь;region:JIZZAX;Джизакская область;22.393;127.743;8;570.459;2799137;Страх_отчет(II_чорак_2026_йил_)_uz
2026-07-01;company:APEX LIFE INSURANCE AJ;"""APEX LIFE INSURANCE"" AJ";жизнь;region:NAMANGAN;Наманганская область;7385.809;4719.696;1708;63.902;4324244;Страх_отчет(II_чорак_2026_йил_)_uz
2026-07-01;company:APEX LIFE INSURANCE AJ;"""APEX LIFE INSURANCE"" AJ";жизнь;region:NAVOIY;Навоийская область;956.115;1989.564;139;208.088;6878527;Страх_отчет(II_чорак_2026_йил_)_uz
2026-07-01;company:APEX LIFE INSURANCE AJ;"""APEX LIFE INSURANCE"" AJ";жизнь;region:QASHQADARYO;Кашкадарьинская область;474.711;393.576;12;82.909;39559217;Страх_отчет(II_чорак_2026_йил_)_uz
2026-07-01;company:APEX LIFE INSURANCE AJ;"""APEX LIFE INSURANCE"" AJ";жизнь;region:QORAQALPOG'ISTON RESPUBLIKASI;Республика Каракалпакстан;80.181;160.105;151;199.678;531003;Страх_отчет(II_чорак_2026_йил_)_uz
2026-07-01;company:APEX LIFE INSURANCE AJ;"""APEX LIFE INSURANCE"" AJ";жизнь;region:SAMARQAND;Самаркандская область;150.416;341.461;156;227.012;964204;Страх_отчет(II_чорак_2026_йил_)_uz
2026-07-01;company:APEX LIFE INSURANCE AJ;"""APEX LIFE INSURANCE"" AJ";жизнь;region:SIRDARYO;Сырдарьинская область;0.000;31.350;3;;0;Страх_отчет(II_чорак_2026_йил_)_uz
2026-07-01;company:APEX LIFE INSURANCE AJ;"""APEX LIFE INSURANCE"" AJ";жизнь;region:SURXANDARYO;Сурхандарьинская область;0.000;0.682;0;;;Страх_отчет(II_чорак_2026_йил_)_uz
2026-07-01;company:APEX LIFE INSURANCE AJ;"""APEX LIFE INSURANCE"" AJ";жизнь;region:TOSHKENT;Ташкентская область;10212.342;8549.000;122;83.712;83707719;Страх_отчет(II_чорак_2026_йил_)_uz
2026-07-01;company:APEX LIFE INSURANCE AJ;"""APEX LIFE INSURANCE"" AJ";жизнь;region:TOSHKENT SHAHRI;город Ташкент;384464.183;57488.052;112022;14.953;3432042;Страх_отчет(II_чорак_2026_йил_)_uz
2026-07-01;company:APEX LIFE INSURANCE AJ;"""APEX LIFE INSURANCE"" AJ";жизнь;region:XORAZM;Хорезмская область;1004.661;385.526;515;38.374;1950799;Страх_отчет(II_чорак_2026_йил_)_uz
2026-07-01;company:APEX LIFE INSURANCE AJ;"""APEX LIFE INSURANCE"" AJ";жизнь;total;Все регионы;407824.876;76052.395;115864;18.648;3519858;Страх_отчет(II_чорак_2026_йил_)_uz
2026-07-01;company:ARIA SUG'URTA TASHKILOTI AJ;"""ARIA SUG‘URTA TASHKILOTI"" AJ";общее;region:ANDIJON;Андижанская область;0.000;0.000;0;;;Страх_отчет(II_чорак_2026_йил_)_uz
2026-07-01;company:ARIA SUG'URTA TASHKILOTI AJ;"""ARIA SUG‘URTA TASHKILOTI"" AJ";общее;region:BUXORO;Бухарская область;0.000;0.000;0;;;Страх_отчет(II_чорак_2026_йил_)_uz
2026-07-01;company:ARIA SUG'URTA TASHKILOTI AJ;"""ARIA SUG‘URTA TASHKILOTI"" AJ";общее;region:FARG'ONA;Ферганская область;0.000;0.000;0;;;Страх_отчет(II_чорак_2026_йил_)_uz
2026-07-01;company:ARIA SUG'URTA TASHKILOTI AJ;"""ARIA SUG‘URTA TASHKILOTI"" AJ";общее;region:JIZZAX;Джизакская область;0.000;0.000;0;;;Страх_отчет(II_чорак_2026_йил_)_uz
2026-07-01;company:ARIA SUG'URTA TASHKILOTI AJ;"""ARIA SUG‘URTA TASHKILOTI"" AJ";общее;region:NAMANGAN;Наманганская область;0.000;0.000;0;;;Страх_отчет(II_чорак_2026_йил_)_uz
2026-07-01;company:ARIA SUG'URTA TASHKILOTI AJ;"""ARIA SUG‘URTA TASHKILOTI"" AJ";общее;region:NAVOIY;Навоийская область;0.000;0.000;0;;;Страх_отчет(II_чорак_2026_йил_)_uz
2026-07-01;company:ARIA SUG'URTA TASHKILOTI AJ;"""ARIA SUG‘URTA TASHKILOTI"" AJ";общее;region:QASHQADARYO;Кашкадарьинская область;0.000;0.000;0;;;Страх_отчет(II_чорак_2026_йил_)_uz
2026-07-01;company:ARIA SUG'URTA TASHKILOTI AJ;"""ARIA SUG‘URTA TASHKILOTI"" AJ";общее;region:QORAQALPOG'ISTON RESPUBLIKASI;Республика Каракалпакстан;0.000;0.000;0;;;Страх_отчет(II_чорак_2026_йил_)_uz
2026-07-01;company:ARIA SUG'URTA TASHKILOTI AJ;"""ARIA SUG‘URTA TASHKILOTI"" AJ";общее;region:SAMARQAND;Самаркандская область;0.000;0.000;0;;;Страх_отчет(II_чорак_2026_йил_)_uz
2026-07-01;company:ARIA SUG'URTA TASHKILOTI AJ;"""ARIA SUG‘URTA TASHKILOTI"" AJ";общее;region:SIRDARYO;Сырдарьинская область;0.000;0.000;0;;;Страх_отчет(II_чорак_2026_йил_)_uz
2026-07-01;company:ARIA SUG'URTA TASHKILOTI AJ;"""ARIA SUG‘URTA TASHKILOTI"" AJ";общее;region:SURXANDARYO;Сурхандарьинская область;0.000;0.000;0;;;Страх_отчет(II_чорак_2026_йил_)_uz
2026-07-01;company:ARIA SUG'URTA TASHKILOTI AJ;"""ARIA SUG‘URTA TASHKILOTI"" AJ";общее;region:TOSHKENT;Ташкентская область;0.000;0.000;0;;;Страх_отчет(II_чорак_2026_йил_)_uz
2026-07-01;company:ARIA SUG'URTA TASHKILOTI AJ;"""ARIA SUG‘URTA TASHKILOTI"" AJ";общее;region:TOSHKENT SHAHRI;город Ташкент;35637.418;2397.806;17987;6.728;1981287;Страх_отчет(II_чорак_2026_йил_)_uz
2026-07-01;company:ARIA SUG'URTA TASHKILOTI AJ;"""ARIA SUG‘URTA TASHKILOTI"" AJ";общее;region:XORAZM;Хорезмская область;0.000;0.000;0;;;Страх_отчет(II_чорак_2026_йил_)_uz
2026-07-01;company:ARIA SUG'URTA TASHKILOTI AJ;"""ARIA SUG‘URTA TASHKILOTI"" AJ";общее;total;Все регионы;35637.418;2397.806;17987;6.728;1981287;Страх_отчет(II_чорак_2026_йил_)_uz
2026-07-01;company:ASIA INSURANCE SUG'URTA KOMPANIYASI AJ;"""ASIA INSURANCE SUG‘URTA KOMPANIYASI"" AJ";общее;region:ANDIJON;Андижанская область;1078.981;426.348;12847;39.514;83987;Страх_отчет(II_чорак_2026_йил_)_uz
2026-07-01;company:ASIA INSURANCE SUG'URTA KOMPANIYASI AJ;"""ASIA INSURANCE SUG‘URTA KOMPANIYASI"" AJ";общее;region:BUXORO;Бухарская область;1756.912;147.579;5926;8.400;296475;Страх_отчет(II_чорак_2026_йил_)_uz
2026-07-01;company:ASIA INSURANCE SUG'URTA KOMPANIYASI AJ;"""ASIA INSURANCE SUG‘URTA KOMPANIYASI"" AJ";общее;region:FARG'ONA;Ферганская область;955.516;88.067;3610;9.217;264686;Страх_отчет(II_чорак_2026_йил_)_uz
2026-07-01;company:ASIA INSURANCE SUG'URTA KOMPANIYASI AJ;"""ASIA INSURANCE SUG‘URTA KOMPANIYASI"" AJ";общее;region:JIZZAX;Джизакская область;154.243;156.438;1788;101.423;86266;Страх_отчет(II_чорак_2026_йил_)_uz
2026-07-01;company:ASIA INSURANCE SUG'URTA KOMPANIYASI AJ;"""ASIA INSURANCE SUG‘URTA KOMPANIYASI"" AJ";общее;region:NAMANGAN;Наманганская область;2440.828;407.959;26530;16.714;92003;Страх_отчет(II_чорак_2026_йил_)_uz
2026-07-01;company:ASIA INSURANCE SUG'URTA KOMPANIYASI AJ;"""ASIA INSURANCE SUG‘URTA KOMPANIYASI"" AJ";общее;region:NAVOIY;Навоийская область;336.830;47.088;3260;13.980;103322;Страх_отчет(II_чорак_2026_йил_)_uz
2026-07-01;company:ASIA INSURANCE SUG'URTA KOMPANIYASI AJ;"""ASIA INSURANCE SUG‘URTA KOMPANIYASI"" AJ";общее;region:QASHQADARYO;Кашкадарьинская область;847.519;138.930;7075;16.393;119791;Страх_отчет(II_чорак_2026_йил_)_uz
2026-07-01;company:ASIA INSURANCE SUG'URTA KOMPANIYASI AJ;"""ASIA INSURANCE SUG‘URTA KOMPANIYASI"" AJ";общее;region:QORAQALPOG'ISTON RESPUBLIKASI;Республика Каракалпакстан;134.225;14.000;1883;10.430;71283;Страх_отчет(II_чорак_2026_йил_)_uz
2026-07-01;company:ASIA INSURANCE SUG'URTA KOMPANIYASI AJ;"""ASIA INSURANCE SUG‘URTA KOMPANIYASI"" AJ";общее;region:SAMARQAND;Самаркандская область;1625.094;312.144;22643;19.208;71770;Страх_отчет(II_чорак_2026_йил_)_uz
2026-07-01;company:ASIA INSURANCE SUG'URTA KOMPANIYASI AJ;"""ASIA INSURANCE SUG‘URTA KOMPANIYASI"" AJ";общее;region:SIRDARYO;Сырдарьинская область;267.724;149.262;2128;55.752;125810;Страх_отчет(II_чорак_2026_йил_)_uz
2026-07-01;company:ASIA INSURANCE SUG'URTA KOMPANIYASI AJ;"""ASIA INSURANCE SUG‘URTA KOMPANIYASI"" AJ";общее;region:SURXANDARYO;Сурхандарьинская область;1653.909;221.635;9060;13.401;182551;Страх_отчет(II_чорак_2026_йил_)_uz
2026-07-01;company:ASIA INSURANCE SUG'URTA KOMPANIYASI AJ;"""ASIA INSURANCE SUG‘URTA KOMPANIYASI"" AJ";общее;region:TOSHKENT;Ташкентская область;2299.473;2340.756;39755;101.795;57841;Страх_отчет(II_чорак_2026_йил_)_uz
2026-07-01;company:ASIA INSURANCE SUG'URTA KOMPANIYASI AJ;"""ASIA INSURANCE SUG‘URTA KOMPANIYASI"" AJ";общее;region:TOSHKENT SHAHRI;город Ташкент;177826.579;12086.125;50440;6.797;3525507;Страх_отчет(II_чорак_2026_йил_)_uz
2026-07-01;company:ASIA INSURANCE SUG'URTA KOMPANIYASI AJ;"""ASIA INSURANCE SUG‘URTA KOMPANIYASI"" AJ";общее;region:XORAZM;Хорезмская область;670.186;21.846;3102;3.260;216050;Страх_отчет(II_чорак_2026_йил_)_uz
2026-07-01;company:ASIA INSURANCE SUG'URTA KOMPANIYASI AJ;"""ASIA INSURANCE SUG‘URTA KOMPANIYASI"" AJ";общее;total;Все регионы;192048.018;16558.176;190047;8.622;1010529;Страх_отчет(II_чорак_2026_йил_)_uz
2026-07-01;company:EUROASIA INSURANCE AJ QK;"""EUROASIA INSURANCE"" AJ QK";общее;region:ANDIJON;Андижанская область;0.000;0.000;0;;;Страх_отчет(II_чорак_2026_йил_)_uz
2026-07-01;company:EUROASIA INSURANCE AJ QK;"""EUROASIA INSURANCE"" AJ QK";общее;region:BUXORO;Бухарская область;0.000;0.000;0;;;Страх_отчет(II_чорак_2026_йил_)_uz
2026-07-01;company:EUROASIA INSURANCE AJ QK;"""EUROASIA INSURANCE"" AJ QK";общее;region:FARG'ONA;Ферганская область;0.000;0.000;0;;;Страх_отчет(II_чорак_2026_йил_)_uz
2026-07-01;company:EUROASIA INSURANCE AJ QK;"""EUROASIA INSURANCE"" AJ QK";общее;region:JIZZAX;Джизакская область;0.000;0.000;0;;;Страх_отчет(II_чорак_2026_йил_)_uz
2026-07-01;company:EUROASIA INSURANCE AJ QK;"""EUROASIA INSURANCE"" AJ QK";общее;region:NAMANGAN;Наманганская область;0.000;0.000;0;;;Страх_отчет(II_чорак_2026_йил_)_uz
2026-07-01;company:EUROASIA INSURANCE AJ QK;"""EUROASIA INSURANCE"" AJ QK";общее;region:NAVOIY;Навоийская область;0.000;0.000;0;;;Страх_отчет(II_чорак_2026_йил_)_uz
2026-07-01;company:EUROASIA INSURANCE AJ QK;"""EUROASIA INSURANCE"" AJ QK";общее;region:QASHQADARYO;Кашкадарьинская область;0.000;0.000;0;;;Страх_отчет(II_чорак_2026_йил_)_uz
2026-07-01;company:EUROASIA INSURANCE AJ QK;"""EUROASIA INSURANCE"" AJ QK";общее;region:QORAQALPOG'ISTON RESPUBLIKASI;Республика Каракалпакстан;0.000;0.000;0;;;Страх_отчет(II_чорак_2026_йил_)_uz
2026-07-01;company:EUROASIA INSURANCE AJ QK;"""EUROASIA INSURANCE"" AJ QK";общее;region:SAMARQAND;Самаркандская область;0.000;0.000;0;;;Страх_отчет(II_чорак_2026_йил_)_uz
2026-07-01;company:EUROASIA INSURANCE AJ QK;"""EUROASIA INSURANCE"" AJ QK";общее;region:SIRDARYO;Сырдарьинская область;0.000;0.000;0;;;Страх_отчет(II_чорак_2026_йил_)_uz
2026-07-01;company:EUROASIA INSURANCE AJ QK;"""EUROASIA INSURANCE"" AJ QK";общее;region:SURXANDARYO;Сурхандарьинская область;0.000;0.000;0;;;Страх_отчет(II_чорак_2026_йил_)_uz
2026-07-01;company:EUROASIA INSURANCE AJ QK;"""EUROASIA INSURANCE"" AJ QK";общее;region:TOSHKENT;Ташкентская область;0.000;0.000;0;;;Страх_отчет(II_чорак_2026_йил_)_uz
2026-07-01;company:EUROASIA INSURANCE AJ QK;"""EUROASIA INSURANCE"" AJ QK";общее;region:TOSHKENT SHAHRI;город Ташкент;229561.792;5228.259;29701;2.277;7729093;Страх_отчет(II_чорак_2026_йил_)_uz
2026-07-01;company:EUROASIA INSURANCE AJ QK;"""EUROASIA INSURANCE"" AJ QK";общее;region:XORAZM;Хорезмская область;0.000;0.000;0;;;Страх_отчет(II_чорак_2026_йил_)_uz
2026-07-01;company:EUROASIA INSURANCE AJ QK;"""EUROASIA INSURANCE"" AJ QK";общее;total;Все регионы;229561.792;5228.259;29701;2.277;7729093;Страх_отчет(II_чорак_2026_йил_)_uz
2026-07-01;company:GROSS SUG'URTA KOMPANIYASI AJ;"""GROSS SUG‘URTA KOMPANIYASI"" AJ";общее;region:ANDIJON;Андижанская область;12491.416;1796.058;134667;14.378;92758;Страх_отчет(II_чорак_2026_йил_)_uz
2026-07-01;company:GROSS SUG'URTA KOMPANIYASI AJ;"""GROSS SUG‘URTA KOMPANIYASI"" AJ";общее;region:BUXORO;Бухарская область;1480.480;113.728;8480;7.682;174585;Страх_отчет(II_чорак_2026_йил_)_uz
2026-07-01;company:GROSS SUG'URTA KOMPANIYASI AJ;"""GROSS SUG‘URTA KOMPANIYASI"" AJ";общее;region:FARG'ONA;Ферганская область;10974.921;1631.611;143796;14.867;76323;Страх_отчет(II_чорак_2026_йил_)_uz
2026-07-01;company:GROSS SUG'URTA KOMPANIYASI AJ;"""GROSS SUG‘URTA KOMPANIYASI"" AJ";общее;region:JIZZAX;Джизакская область;2961.109;321.687;25980;10.864;113976;Страх_отчет(II_чорак_2026_йил_)_uz
2026-07-01;company:GROSS SUG'URTA KOMPANIYASI AJ;"""GROSS SUG‘URTA KOMPANIYASI"" AJ";общее;region:NAMANGAN;Наманганская область;5497.510;321.345;66311;5.845;82905;Страх_отчет(II_чорак_2026_йил_)_uz
2026-07-01;company:GROSS SUG'URTA KOMPANIYASI AJ;"""GROSS SUG‘URTA KOMPANIYASI"" AJ";общее;region:NAVOIY;Навоийская область;5058.554;851.944;41161;16.842;122897;Страх_отчет(II_чорак_2026_йил_)_uz
2026-07-01;company:GROSS SUG'URTA KOMPANIYASI AJ;"""GROSS SUG‘URTA KOMPANIYASI"" AJ";общее;region:QASHQADARYO;Кашкадарьинская область;4434.669;227.806;25603;5.137;173209;Страх_отчет(II_чорак_2026_йил_)_uz
2026-07-01;company:GROSS SUG'URTA KOMPANIYASI AJ;"""GROSS SUG‘URTA KOMPANIYASI"" AJ";общее;region:QORAQALPOG'ISTON RESPUBLIKASI;Республика Каракалпакстан;2367.809;331.541;22610;14.002;104724;Страх_отчет(II_чорак_2026_йил_)_uz
2026-07-01;company:GROSS SUG'URTA KOMPANIYASI AJ;"""GROSS SUG‘URTA KOMPANIYASI"" AJ";общее;region:SAMARQAND;Самаркандская область;12618.297;1809.518;82286;14.340;153347;Страх_отчет(II_чорак_2026_йил_)_uz
2026-07-01;company:GROSS SUG'URTA KOMPANIYASI AJ;"""GROSS SUG‘URTA KOMPANIYASI"" AJ";общее;region:SIRDARYO;Сырдарьинская область;1333.336;168.211;7563;12.616;176297;Страх_отчет(II_чорак_2026_йил_)_uz
2026-07-01;company:GROSS SUG'URTA KOMPANIYASI AJ;"""GROSS SUG‘URTA KOMPANIYASI"" AJ";общее;region:SURXANDARYO;Сурхандарьинская область;3879.947;730.003;42097;18.815;92167;Страх_отчет(II_чорак_2026_йил_)_uz
2026-07-01;company:GROSS SUG'URTA KOMPANIYASI AJ;"""GROSS SUG‘URTA KOMPANIYASI"" AJ";общее;region:TOSHKENT;Ташкентская область;2183.946;534.368;10189;24.468;214344;Страх_отчет(II_чорак_2026_йил_)_uz
2026-07-01;company:GROSS SUG'URTA KOMPANIYASI AJ;"""GROSS SUG‘URTA KOMPANIYASI"" AJ";общее;region:TOSHKENT SHAHRI;город Ташкент;381836.059;194206.052;689957;50.861;553420;Страх_отчет(II_чорак_2026_йил_)_uz
2026-07-01;company:GROSS SUG'URTA KOMPANIYASI AJ;"""GROSS SUG‘URTA KOMPANIYASI"" AJ";общее;region:XORAZM;Хорезмская область;6003.108;824.710;29845;13.738;201143;Страх_отчет(II_чорак_2026_йил_)_uz
2026-07-01;company:GROSS SUG'URTA KOMPANIYASI AJ;"""GROSS SUG‘URTA KOMPANIYASI"" AJ";общее;total;Все регионы;453121.161;203868.583;1330545;44.992;340553;Страх_отчет(II_чорак_2026_йил_)_uz
2026-07-01;company:HAMKOR SUG'URTA AJ;"""HAMKOR SUG’URTA"" AJ";общее;region:ANDIJON;Андижанская область;2235.581;154.320;8114;6.903;275521;Страх_отчет(II_чорак_2026_йил_)_uz
2026-07-01;company:HAMKOR SUG'URTA AJ;"""HAMKOR SUG’URTA"" AJ";общее;region:BUXORO;Бухарская область;1292.585;83.120;2869;6.431;450535;Страх_отчет(II_чорак_2026_йил_)_uz
2026-07-01;company:HAMKOR SUG'URTA AJ;"""HAMKOR SUG’URTA"" AJ";общее;region:FARG'ONA;Ферганская область;1784.402;284.124;6170;15.923;289206;Страх_отчет(II_чорак_2026_йил_)_uz
2026-07-01;company:HAMKOR SUG'URTA AJ;"""HAMKOR SUG’URTA"" AJ";общее;region:JIZZAX;Джизакская область;418.946;0.000;1376;0.000;304466;Страх_отчет(II_чорак_2026_йил_)_uz
2026-07-01;company:HAMKOR SUG'URTA AJ;"""HAMKOR SUG’URTA"" AJ";общее;region:NAMANGAN;Наманганская область;1016.081;60.000;3255;5.905;312160;Страх_отчет(II_чорак_2026_йил_)_uz
2026-07-01;company:HAMKOR SUG'URTA AJ;"""HAMKOR SUG’URTA"" AJ";общее;region:NAVOIY;Навоийская область;592.522;0.000;2205;0.000;268717;Страх_отчет(II_чорак_2026_йил_)_uz
2026-07-01;company:HAMKOR SUG'URTA AJ;"""HAMKOR SUG’URTA"" AJ";общее;region:QASHQADARYO;Кашкадарьинская область;867.675;37.055;2135;4.271;406405;Страх_отчет(II_чорак_2026_йил_)_uz
2026-07-01;company:HAMKOR SUG'URTA AJ;"""HAMKOR SUG’URTA"" AJ";общее;region:QORAQALPOG'ISTON RESPUBLIKASI;Республика Каракалпакстан;563.178;70.269;2629;12.477;214218;Страх_отчет(II_чорак_2026_йил_)_uz
2026-07-01;company:HAMKOR SUG'URTA AJ;"""HAMKOR SUG’URTA"" AJ";общее;region:SAMARQAND;Самаркандская область;1178.711;67.544;4198;5.730;280779;Страх_отчет(II_чорак_2026_йил_)_uz
2026-07-01;company:HAMKOR SUG'URTA AJ;"""HAMKOR SUG’URTA"" AJ";общее;region:SIRDARYO;Сырдарьинская область;566.005;107.108;2477;18.924;228504;Страх_отчет(II_чорак_2026_йил_)_uz
2026-07-01;company:HAMKOR SUG'URTA AJ;"""HAMKOR SUG’URTA"" AJ";общее;region:SURXANDARYO;Сурхандарьинская область;1307.312;45.953;3074;3.515;425280;Страх_отчет(II_чорак_2026_йил_)_uz
2026-07-01;company:HAMKOR SUG'URTA AJ;"""HAMKOR SUG’URTA"" AJ";общее;region:TOSHKENT;Ташкентская область;1007.452;401.106;9733;39.814;103509;Страх_отчет(II_чорак_2026_йил_)_uz
2026-07-01;company:HAMKOR SUG'URTA AJ;"""HAMKOR SUG’URTA"" AJ";общее;region:TOSHKENT SHAHRI;город Ташкент;2870.003;906.648;9946;31.590;288559;Страх_отчет(II_чорак_2026_йил_)_uz
2026-07-01;company:HAMKOR SUG'URTA AJ;"""HAMKOR SUG’URTA"" AJ";общее;region:XORAZM;Хорезмская область;1286.443;59.899;4160;4.656;309241;Страх_отчет(II_чорак_2026_йил_)_uz
2026-07-01;company:HAMKOR SUG'URTA AJ;"""HAMKOR SUG’URTA"" AJ";общее;total;Все регионы;16986.896;2277.146;62341;13.405;272484;Страх_отчет(II_чорак_2026_йил_)_uz
2026-07-01;company:IMKON SUG'URTA AJ;"""IMKON SUG’URTA"" AJ";общее;region:ANDIJON;Андижанская область;512.353;2.940;2129;0.574;240654;Страх_отчет(II_чорак_2026_йил_)_uz
2026-07-01;company:IMKON SUG'URTA AJ;"""IMKON SUG’URTA"" AJ";общее;region:BUXORO;Бухарская область;1385.596;0.000;1220;0.000;1135735;Страх_отчет(II_чорак_2026_йил_)_uz
2026-07-01;company:IMKON SUG'URTA AJ;"""IMKON SUG’URTA"" AJ";общее;region:FARG'ONA;Ферганская область;1231.245;0.000;2967;0.000;414980;Страх_отчет(II_чорак_2026_йил_)_uz
2026-07-01;company:IMKON SUG'URTA AJ;"""IMKON SUG’URTA"" AJ";общее;region:JIZZAX;Джизакская область;282.702;26.884;1315;9.509;214982;Страх_отчет(II_чорак_2026_йил_)_uz
2026-07-01;company:IMKON SUG'URTA AJ;"""IMKON SUG’URTA"" AJ";общее;region:NAMANGAN;Наманганская область;1763.133;0.000;1186;0.000;1486621;Страх_отчет(II_чорак_2026_йил_)_uz
2026-07-01;company:IMKON SUG'URTA AJ;"""IMKON SUG’URTA"" AJ";общее;region:NAVOIY;Навоийская область;1320.393;66.501;3170;5.036;416528;Страх_отчет(II_чорак_2026_йил_)_uz
2026-07-01;company:IMKON SUG'URTA AJ;"""IMKON SUG’URTA"" AJ";общее;region:QASHQADARYO;Кашкадарьинская область;727.393;8.607;778;1.183;934953;Страх_отчет(II_чорак_2026_йил_)_uz
2026-07-01;company:IMKON SUG'URTA AJ;"""IMKON SUG’URTA"" AJ";общее;region:QORAQALPOG'ISTON RESPUBLIKASI;Республика Каракалпакстан;604.217;21.788;2710;3.606;222958;Страх_отчет(II_чорак_2026_йил_)_uz
2026-07-01;company:IMKON SUG'URTA AJ;"""IMKON SUG’URTA"" AJ";общее;region:SAMARQAND;Самаркандская область;2596.855;146.823;7098;5.654;365857;Страх_отчет(II_чорак_2026_йил_)_uz
2026-07-01;company:IMKON SUG'URTA AJ;"""IMKON SUG’URTA"" AJ";общее;region:SIRDARYO;Сырдарьинская область;674.467;0.000;1102;0.000;612039;Страх_отчет(II_чорак_2026_йил_)_uz
2026-07-01;company:IMKON SUG'URTA AJ;"""IMKON SUG’URTA"" AJ";общее;region:SURXANDARYO;Сурхандарьинская область;855.237;39.998;2778;4.677;307861;Страх_отчет(II_чорак_2026_йил_)_uz
2026-07-01;company:IMKON SUG'URTA AJ;"""IMKON SUG’URTA"" AJ";общее;region:TOSHKENT;Ташкентская область;6055.587;1471.553;5472;24.301;1106650;Страх_отчет(II_чорак_2026_йил_)_uz
2026-07-01;company:IMKON SUG'URTA AJ;"""IMKON SUG’URTA"" AJ";общее;region:TOSHKENT SHAHRI;город Ташкент;36872.696;5839.475;340975;15.837;108139;Страх_отчет(II_чорак_2026_йил_)_uz
2026-07-01;company:IMKON SUG'URTA AJ;"""IMKON SUG’URTA"" AJ";общее;region:XORAZM;Хорезмская область;812.214;10.707;1278;1.318;635535;Страх_отчет(II_чорак_2026_йил_)_uz
2026-07-01;company:IMKON SUG'URTA AJ;"""IMKON SUG’URTA"" AJ";общее;total;Все регионы;55694.085;7635.276;374178;13.709;148844;Страх_отчет(II_чорак_2026_йил_)_uz
2026-07-01;company:IMPEX-INSURANCE AJ;"""IMPEX-INSURANCE"" AJ";общее;region:ANDIJON;Андижанская область;4596.655;26.632;3995;0.579;1150602;Страх_отчет(II_чорак_2026_йил_)_uz
2026-07-01;company:IMPEX-INSURANCE AJ;"""IMPEX-INSURANCE"" AJ";общее;region:BUXORO;Бухарская область;2043.640;340.763;5665;16.674;360749;Страх_отчет(II_чорак_2026_йил_)_uz
2026-07-01;company:IMPEX-INSURANCE AJ;"""IMPEX-INSURANCE"" AJ";общее;region:FARG'ONA;Ферганская область;1250.248;32.543;13171;2.603;94924;Страх_отчет(II_чорак_2026_йил_)_uz
2026-07-01;company:IMPEX-INSURANCE AJ;"""IMPEX-INSURANCE"" AJ";общее;region:JIZZAX;Джизакская область;1333.886;1938.563;1550;145.332;860572;Страх_отчет(II_чорак_2026_йил_)_uz
2026-07-01;company:IMPEX-INSURANCE AJ;"""IMPEX-INSURANCE"" AJ";общее;region:NAMANGAN;Наманганская область;908.318;214.503;325;23.615;2794826;Страх_отчет(II_чорак_2026_йил_)_uz
2026-07-01;company:IMPEX-INSURANCE AJ;"""IMPEX-INSURANCE"" AJ";общее;region:NAVOIY;Навоийская область;257.731;690.224;1501;267.808;171706;Страх_отчет(II_чорак_2026_йил_)_uz
2026-07-01;company:IMPEX-INSURANCE AJ;"""IMPEX-INSURANCE"" AJ";общее;region:QASHQADARYO;Кашкадарьинская область;1545.323;1017.686;1642;65.856;941122;Страх_отчет(II_чорак_2026_йил_)_uz
2026-07-01;company:IMPEX-INSURANCE AJ;"""IMPEX-INSURANCE"" AJ";общее;region:QORAQALPOG'ISTON RESPUBLIKASI;Республика Каракалпакстан;211.398;616.355;2779;291.561;76070;Страх_отчет(II_чорак_2026_йил_)_uz
2026-07-01;company:IMPEX-INSURANCE AJ;"""IMPEX-INSURANCE"" AJ";общее;region:SAMARQAND;Самаркандская область;3450.900;0.000;3822;0.000;902904;Страх_отчет(II_чорак_2026_йил_)_uz
2026-07-01;company:IMPEX-INSURANCE AJ;"""IMPEX-INSURANCE"" AJ";общее;region:SIRDARYO;Сырдарьинская область;468.983;41.854;1385;8.924;338616;Страх_отчет(II_чорак_2026_йил_)_uz
2026-07-01;company:IMPEX-INSURANCE AJ;"""IMPEX-INSURANCE"" AJ";общее;region:SURXANDARYO;Сурхандарьинская область;2879.085;33.798;5491;1.174;524328;Страх_отчет(II_чорак_2026_йил_)_uz
2026-07-01;company:IMPEX-INSURANCE AJ;"""IMPEX-INSURANCE"" AJ";общее;region:TOSHKENT;Ташкентская область;2317.154;333.665;2754;14.400;841378;Страх_отчет(II_чорак_2026_йил_)_uz
2026-07-01;company:IMPEX-INSURANCE AJ;"""IMPEX-INSURANCE"" AJ";общее;region:TOSHKENT SHAHRI;город Ташкент;107894.445;39768.844;55260;36.859;1952487;Страх_отчет(II_чорак_2026_йил_)_uz
2026-07-01;company:IMPEX-INSURANCE AJ;"""IMPEX-INSURANCE"" AJ";общее;region:XORAZM;Хорезмская область;4150.898;2649.973;7712;63.841;538239;Страх_отчет(II_чорак_2026_йил_)_uz
2026-07-01;company:IMPEX-INSURANCE AJ;"""IMPEX-INSURANCE"" AJ";общее;total;Все регионы;133308.664;47705.403;107052;35.786;1245270;Страх_отчет(II_чорак_2026_йил_)_uz
2026-07-01;company:INFINITY INSURANCE AJ;"""INFINITY INSURANCE"" AJ";общее;region:ANDIJON;Андижанская область;1793.164;117.752;2699;6.567;664381;Страх_отчет(II_чорак_2026_йил_)_uz
2026-07-01;company:INFINITY INSURANCE AJ;"""INFINITY INSURANCE"" AJ";общее;region:BUXORO;Бухарская область;2038.813;836.562;1232;41.032;1654881;Страх_отчет(II_чорак_2026_йил_)_uz
2026-07-01;company:INFINITY INSURANCE AJ;"""INFINITY INSURANCE"" AJ";общее;region:FARG'ONA;Ферганская область;3577.924;177.988;2767;4.975;1293070;Страх_отчет(II_чорак_2026_йил_)_uz
2026-07-01;company:INFINITY INSURANCE AJ;"""INFINITY INSURANCE"" AJ";общее;region:JIZZAX;Джизакская область;141.629;290.058;2255;204.801;62807;Страх_отчет(II_чорак_2026_йил_)_uz
2026-07-01;company:INFINITY INSURANCE AJ;"""INFINITY INSURANCE"" AJ";общее;region:NAMANGAN;Наманганская область;1300.603;86.379;5262;6.641;247169;Страх_отчет(II_чорак_2026_йил_)_uz
2026-07-01;company:INFINITY INSURANCE AJ;"""INFINITY INSURANCE"" AJ";общее;region:NAVOIY;Навоийская область;274.395;80.116;2061;29.197;133137;Страх_отчет(II_чорак_2026_йил_)_uz
2026-07-01;company:INFINITY INSURANCE AJ;"""INFINITY INSURANCE"" AJ";общее;region:QASHQADARYO;Кашкадарьинская область;3140.307;170.381;4901;5.426;640748;Страх_отчет(II_чорак_2026_йил_)_uz
2026-07-01;company:INFINITY INSURANCE AJ;"""INFINITY INSURANCE"" AJ";общее;region:QORAQALPOG'ISTON RESPUBLIKASI;Республика Каракалпакстан;1241.080;690.491;3224;55.636;384950;Страх_отчет(II_чорак_2026_йил_)_uz
2026-07-01;company:INFINITY INSURANCE AJ;"""INFINITY INSURANCE"" AJ";общее;region:SAMARQAND;Самаркандская область;3893.002;89.232;4258;2.292;914279;Страх_отчет(II_чорак_2026_йил_)_uz
2026-07-01;company:INFINITY INSURANCE AJ;"""INFINITY INSURANCE"" AJ";общее;region:SIRDARYO;Сырдарьинская область;59.031;0.000;798;0.000;73974;Страх_отчет(II_чорак_2026_йил_)_uz
2026-07-01;company:INFINITY INSURANCE AJ;"""INFINITY INSURANCE"" AJ";общее;region:SURXANDARYO;Сурхандарьинская область;2315.527;12.064;2646;0.521;875105;Страх_отчет(II_чорак_2026_йил_)_uz
2026-07-01;company:INFINITY INSURANCE AJ;"""INFINITY INSURANCE"" AJ";общее;region:TOSHKENT;Ташкентская область;5180.368;254.333;8805;4.910;588344;Страх_отчет(II_чорак_2026_йил_)_uz
2026-07-01;company:INFINITY INSURANCE AJ;"""INFINITY INSURANCE"" AJ";общее;region:TOSHKENT SHAHRI;город Ташкент;43153.013;6281.792;130826;14.557;329850;Страх_отчет(II_чорак_2026_йил_)_uz
2026-07-01;company:INFINITY INSURANCE AJ;"""INFINITY INSURANCE"" AJ";общее;region:XORAZM;Хорезмская область;1743.235;8.049;1685;0.462;1034561;Страх_отчет(II_чорак_2026_йил_)_uz
2026-07-01;company:INFINITY INSURANCE AJ;"""INFINITY INSURANCE"" AJ";общее;total;Все регионы;69852.092;9095.196;173419;13.021;402794;Страх_отчет(II_чорак_2026_йил_)_uz
2026-07-01;company:INSON AJ;"""INSON"" AJ";общее;region:ANDIJON;Андижанская область;843.040;396.216;4547;46.998;185406;Страх_отчет(II_чорак_2026_йил_)_uz
2026-07-01;company:INSON AJ;"""INSON"" AJ";общее;region:BUXORO;Бухарская область;2783.391;1269.383;4904;45.606;567576;Страх_отчет(II_чорак_2026_йил_)_uz
2026-07-01;company:INSON AJ;"""INSON"" AJ";общее;region:FARG'ONA;Ферганская область;2800.821;424.331;3830;15.150;731285;Страх_отчет(II_чорак_2026_йил_)_uz
2026-07-01;company:INSON AJ;"""INSON"" AJ";общее;region:JIZZAX;Джизакская область;0.000;0.000;58;;0;Страх_отчет(II_чорак_2026_йил_)_uz
2026-07-01;company:INSON AJ;"""INSON"" AJ";общее;region:NAMANGAN;Наманганская область;744.316;77.285;1407;10.383;529009;Страх_отчет(II_чорак_2026_йил_)_uz
2026-07-01;company:INSON AJ;"""INSON"" AJ";общее;region:NAVOIY;Навоийская область;0.000;0.000;88;;0;Страх_отчет(II_чорак_2026_йил_)_uz
2026-07-01;company:INSON AJ;"""INSON"" AJ";общее;region:QASHQADARYO;Кашкадарьинская область;4474.246;697.182;9452;15.582;473365;Страх_отчет(II_чорак_2026_йил_)_uz
2026-07-01;company:INSON AJ;"""INSON"" AJ";общее;region:QORAQALPOG'ISTON RESPUBLIKASI;Республика Каракалпакстан;134.394;24.623;2392;18.322;56185;Страх_отчет(II_чорак_2026_йил_)_uz
2026-07-01;company:INSON AJ;"""INSON"" AJ";общее;region:SAMARQAND;Самаркандская область;4840.059;532.117;6622;10.994;730906;Страх_отчет(II_чорак_2026_йил_)_uz
2026-07-01;company:INSON AJ;"""INSON"" AJ";общее;region:SIRDARYO;Сырдарьинская область;0.000;0.000;5;;0;Страх_отчет(II_чорак_2026_йил_)_uz
2026-07-01;company:INSON AJ;"""INSON"" AJ";общее;region:SURXANDARYO;Сурхандарьинская область;725.216;549.015;11664;75.704;62176;Страх_отчет(II_чорак_2026_йил_)_uz
2026-07-01;company:INSON AJ;"""INSON"" AJ";общее;region:TOSHKENT;Ташкентская область;18.856;6.502;78;34.483;241744;Страх_отчет(II_чорак_2026_йил_)_uz
2026-07-01;company:INSON AJ;"""INSON"" AJ";общее;region:TOSHKENT SHAHRI;город Ташкент;81081.131;23946.508;403911;29.534;200740;Страх_отчет(II_чорак_2026_йил_)_uz
2026-07-01;company:INSON AJ;"""INSON"" AJ";общее;region:XORAZM;Хорезмская область;1600.752;605.348;2083;37.816;768484;Страх_отчет(II_чорак_2026_йил_)_uz
2026-07-01;company:INSON AJ;"""INSON"" AJ";общее;total;Все регионы;100046.222;28528.510;451041;28.515;221812;Страх_отчет(II_чорак_2026_йил_)_uz
2026-07-01;company:ISHONCH SUG'URTA KOMPANIYASI AJ;"""ISHONCH SUG‘URTA KOMPANIYASI"" AJ";общее;region:ANDIJON;Андижанская область;121.213;202.707;1321;167.232;91759;Страх_отчет(II_чорак_2026_йил_)_uz
2026-07-01;company:ISHONCH SUG'URTA KOMPANIYASI AJ;"""ISHONCH SUG‘URTA KOMPANIYASI"" AJ";общее;region:BUXORO;Бухарская область;437.176;2106.312;1973;481.799;221579;Страх_отчет(II_чорак_2026_йил_)_uz
2026-07-01;company:ISHONCH SUG'URTA KOMPANIYASI AJ;"""ISHONCH SUG‘URTA KOMPANIYASI"" AJ";общее;region:FARG'ONA;Ферганская область;624.975;637.160;5172;101.950;120838;Страх_отчет(II_чорак_2026_йил_)_uz
2026-07-01;company:ISHONCH SUG'URTA KOMPANIYASI AJ;"""ISHONCH SUG‘URTA KOMPANIYASI"" AJ";общее;region:JIZZAX;Джизакская область;1064.471;0.000;1591;0.000;669058;Страх_отчет(II_чорак_2026_йил_)_uz
2026-07-01;company:ISHONCH SUG'URTA KOMPANIYASI AJ;"""ISHONCH SUG‘URTA KOMPANIYASI"" AJ";общее;region:NAMANGAN;Наманганская область;401.036;0.000;1424;0.000;281626;Страх_отчет(II_чорак_2026_йил_)_uz
2026-07-01;company:ISHONCH SUG'URTA KOMPANIYASI AJ;"""ISHONCH SUG‘URTA KOMPANIYASI"" AJ";общее;region:NAVOIY;Навоийская область;565.363;865.349;1357;153.061;416627;Страх_отчет(II_чорак_2026_йил_)_uz
2026-07-01;company:ISHONCH SUG'URTA KOMPANIYASI AJ;"""ISHONCH SUG‘URTA KOMPANIYASI"" AJ";общее;region:QASHQADARYO;Кашкадарьинская область;872.572;35.355;2130;4.052;409658;Страх_отчет(II_чорак_2026_йил_)_uz
2026-07-01;company:ISHONCH SUG'URTA KOMPANIYASI AJ;"""ISHONCH SUG‘URTA KOMPANIYASI"" AJ";общее;region:QORAQALPOG'ISTON RESPUBLIKASI;Республика Каракалпакстан;1440.559;16.926;2720;1.175;529617;Страх_отчет(II_чорак_2026_йил_)_uz
2026-07-01;company:ISHONCH SUG'URTA KOMPANIYASI AJ;"""ISHONCH SUG‘URTA KOMPANIYASI"" AJ";общее;region:SAMARQAND;Самаркандская область;865.878;160.000;675;18.478;1282783;Страх_отчет(II_чорак_2026_йил_)_uz
2026-07-01;company:ISHONCH SUG'URTA KOMPANIYASI AJ;"""ISHONCH SUG‘URTA KOMPANIYASI"" AJ";общее;region:SIRDARYO;Сырдарьинская область;56.190;90.824;585;161.638;96051;Страх_отчет(II_чорак_2026_йил_)_uz
2026-07-01;company:ISHONCH SUG'URTA KOMPANIYASI AJ;"""ISHONCH SUG‘URTA KOMPANIYASI"" AJ";общее;region:SURXANDARYO;Сурхандарьинская область;11.269;959.263;2761;8512.632;4081;Страх_отчет(II_чорак_2026_йил_)_uz
2026-07-01;company:ISHONCH SUG'URTA KOMPANIYASI AJ;"""ISHONCH SUG‘URTA KOMPANIYASI"" AJ";общее;region:TOSHKENT;Ташкентская область;4903.265;2149.725;3027;43.843;1619843;Страх_отчет(II_чорак_2026_йил_)_uz
2026-07-01;company:ISHONCH SUG'URTA KOMPANIYASI AJ;"""ISHONCH SUG‘URTA KOMPANIYASI"" AJ";общее;region:TOSHKENT SHAHRI;город Ташкент;28591.426;4401.863;62266;15.396;459182;Страх_отчет(II_чорак_2026_йил_)_uz
2026-07-01;company:ISHONCH SUG'URTA KOMPANIYASI AJ;"""ISHONCH SUG‘URTA KOMPANIYASI"" AJ";общее;region:XORAZM;Хорезмская область;302.141;232.606;1535;76.986;196834;Страх_отчет(II_чорак_2026_йил_)_uz
2026-07-01;company:ISHONCH SUG'URTA KOMPANIYASI AJ;"""ISHONCH SUG‘URTA KOMPANIYASI"" AJ";общее;total;Все регионы;40257.533;11858.090;88537;29.456;454697;Страх_отчет(II_чорак_2026_йил_)_uz
2026-07-01;company:KAFIL SUG'URTA AJ;"""KAFIL SUG’URTA"" AJ";общее;region:ANDIJON;Андижанская область;2848.805;448.319;5570;15.737;511455;Страх_отчет(II_чорак_2026_йил_)_uz
2026-07-01;company:KAFIL SUG'URTA AJ;"""KAFIL SUG’URTA"" AJ";общее;region:BUXORO;Бухарская область;10275.423;2229.574;11861;21.698;866320;Страх_отчет(II_чорак_2026_йил_)_uz
2026-07-01;company:KAFIL SUG'URTA AJ;"""KAFIL SUG’URTA"" AJ";общее;region:FARG'ONA;Ферганская область;2034.277;2259.860;5750;111.089;353787;Страх_отчет(II_чорак_2026_йил_)_uz
2026-07-01;company:KAFIL SUG'URTA AJ;"""KAFIL SUG’URTA"" AJ";общее;region:JIZZAX;Джизакская область;3426.800;709.709;3614;20.711;948201;Страх_отчет(II_чорак_2026_йил_)_uz
2026-07-01;company:KAFIL SUG'URTA AJ;"""KAFIL SUG’URTA"" AJ";общее;region:NAMANGAN;Наманганская область;2589.563;158.145;2362;6.107;1096343;Страх_отчет(II_чорак_2026_йил_)_uz
2026-07-01;company:KAFIL SUG'URTA AJ;"""KAFIL SUG’URTA"" AJ";общее;region:NAVOIY;Навоийская область;4653.296;122.334;4516;2.629;1030402;Страх_отчет(II_чорак_2026_йил_)_uz
2026-07-01;company:KAFIL SUG'URTA AJ;"""KAFIL SUG’URTA"" AJ";общее;region:QASHQADARYO;Кашкадарьинская область;17951.331;55.092;5941;0.307;3021601;Страх_отчет(II_чорак_2026_йил_)_uz
2026-07-01;company:KAFIL SUG'URTA AJ;"""KAFIL SUG’URTA"" AJ";общее;region:QORAQALPOG'ISTON RESPUBLIKASI;Республика Каракалпакстан;1968.698;273.394;2771;13.887;710465;Страх_отчет(II_чорак_2026_йил_)_uz
2026-07-01;company:KAFIL SUG'URTA AJ;"""KAFIL SUG’URTA"" AJ";общее;region:SAMARQAND;Самаркандская область;2234.211;600.798;2385;26.891;936776;Страх_отчет(II_чорак_2026_йил_)_uz
2026-07-01;company:KAFIL SUG'URTA AJ;"""KAFIL SUG’URTA"" AJ";общее;region:SIRDARYO;Сырдарьинская область;3214.848;0.000;2170;0.000;1481497;Страх_отчет(II_чорак_2026_йил_)_uz
2026-07-01;company:KAFIL SUG'URTA AJ;"""KAFIL SUG’URTA"" AJ";общее;region:SURXANDARYO;Сурхандарьинская область;2924.187;1875.540;2666;64.139;1096844;Страх_отчет(II_чорак_2026_йил_)_uz
2026-07-01;company:KAFIL SUG'URTA AJ;"""KAFIL SUG’URTA"" AJ";общее;region:TOSHKENT;Ташкентская область;22625.456;5701.375;10677;25.199;2119084;Страх_отчет(II_чорак_2026_йил_)_uz
2026-07-01;company:KAFIL SUG'URTA AJ;"""KAFIL SUG’URTA"" AJ";общее;region:TOSHKENT SHAHRI;город Ташкент;109493.400;20248.407;561157;18.493;195121;Страх_отчет(II_чорак_2026_йил_)_uz
2026-07-01;company:KAFIL SUG'URTA AJ;"""KAFIL SUG’URTA"" AJ";общее;region:XORAZM;Хорезмская область;6565.195;225.087;9561;3.428;686664;Страх_отчет(II_чорак_2026_йил_)_uz
2026-07-01;company:KAFIL SUG'URTA AJ;"""KAFIL SUG’URTA"" AJ";общее;total;Все регионы;192805.489;34907.633;631001;18.105;305555;Страх_отчет(II_чорак_2026_йил_)_uz
2026-07-01;company:KAFOLAT HAYOT INSURANCE AJ;"""KAFOLAT HAYOT INSURANCE"" AJ";жизнь;region:ANDIJON;Андижанская область;0.000;52.146;11;;0;Страх_отчет(II_чорак_2026_йил_)_uz
2026-07-01;company:KAFOLAT HAYOT INSURANCE AJ;"""KAFOLAT HAYOT INSURANCE"" AJ";жизнь;region:BUXORO;Бухарская область;0.000;87.958;7;;0;Страх_отчет(II_чорак_2026_йил_)_uz
2026-07-01;company:KAFOLAT HAYOT INSURANCE AJ;"""KAFOLAT HAYOT INSURANCE"" AJ";жизнь;region:FARG'ONA;Ферганская область;0.000;76.905;9;;0;Страх_отчет(II_чорак_2026_йил_)_uz
2026-07-01;company:KAFOLAT HAYOT INSURANCE AJ;"""KAFOLAT HAYOT INSURANCE"" AJ";жизнь;region:JIZZAX;Джизакская область;0.000;9.453;2;;0;Страх_отчет(II_чорак_2026_йил_)_uz
2026-07-01;company:KAFOLAT HAYOT INSURANCE AJ;"""KAFOLAT HAYOT INSURANCE"" AJ";жизнь;region:NAMANGAN;Наманганская область;0.000;31.182;4;;0;Страх_отчет(II_чорак_2026_йил_)_uz
2026-07-01;company:KAFOLAT HAYOT INSURANCE AJ;"""KAFOLAT HAYOT INSURANCE"" AJ";жизнь;region:NAVOIY;Навоийская область;0.000;47.675;5;;0;Страх_отчет(II_чорак_2026_йил_)_uz
2026-07-01;company:KAFOLAT HAYOT INSURANCE AJ;"""KAFOLAT HAYOT INSURANCE"" AJ";жизнь;region:QASHQADARYO;Кашкадарьинская область;0.000;8.105;2;;0;Страх_отчет(II_чорак_2026_йил_)_uz
2026-07-01;company:KAFOLAT HAYOT INSURANCE AJ;"""KAFOLAT HAYOT INSURANCE"" AJ";жизнь;region:QORAQALPOG'ISTON RESPUBLIKASI;Республика Каракалпакстан;0.000;3.684;1;;0;Страх_отчет(II_чорак_2026_йил_)_uz
2026-07-01;company:KAFOLAT HAYOT INSURANCE AJ;"""KAFOLAT HAYOT INSURANCE"" AJ";жизнь;region:SAMARQAND;Самаркандская область;0.000;6.323;1;;0;Страх_отчет(II_чорак_2026_йил_)_uz
2026-07-01;company:KAFOLAT HAYOT INSURANCE AJ;"""KAFOLAT HAYOT INSURANCE"" AJ";жизнь;region:SIRDARYO;Сырдарьинская область;0.000;19.185;2;;0;Страх_отчет(II_чорак_2026_йил_)_uz
2026-07-01;company:KAFOLAT HAYOT INSURANCE AJ;"""KAFOLAT HAYOT INSURANCE"" AJ";жизнь;region:SURXANDARYO;Сурхандарьинская область;0.000;10.940;4;;0;Страх_отчет(II_чорак_2026_йил_)_uz
2026-07-01;company:KAFOLAT HAYOT INSURANCE AJ;"""KAFOLAT HAYOT INSURANCE"" AJ";жизнь;region:TOSHKENT;Ташкентская область;0.000;123.480;15;;0;Страх_отчет(II_чорак_2026_йил_)_uz
2026-07-01;company:KAFOLAT HAYOT INSURANCE AJ;"""KAFOLAT HAYOT INSURANCE"" AJ";жизнь;region:TOSHKENT SHAHRI;город Ташкент;7318.896;2358.818;331;32.229;22111467;Страх_отчет(II_чорак_2026_йил_)_uz
2026-07-01;company:KAFOLAT HAYOT INSURANCE AJ;"""KAFOLAT HAYOT INSURANCE"" AJ";жизнь;region:XORAZM;Хорезмская область;0.000;0.000;0;;;Страх_отчет(II_чорак_2026_йил_)_uz
2026-07-01;company:KAFOLAT HAYOT INSURANCE AJ;"""KAFOLAT HAYOT INSURANCE"" AJ";жизнь;total;Все регионы;7318.896;2835.853;394;38.747;18575877;Страх_отчет(II_чорак_2026_йил_)_uz
2026-07-01;company:KAFOLAT SUG'URTA KOMPANIYASI AJ;"""KAFOLAT SUG‘URTA KOMPANIYASI"" AJ";общее;region:ANDIJON;Андижанская область;13477.786;1243.857;42272;9.229;318835;Страх_отчет(II_чорак_2026_йил_)_uz
2026-07-01;company:KAFOLAT SUG'URTA KOMPANIYASI AJ;"""KAFOLAT SUG‘URTA KOMPANIYASI"" AJ";общее;region:BUXORO;Бухарская область;8834.243;932.173;56355;10.552;156761;Страх_отчет(II_чорак_2026_йил_)_uz
2026-07-01;company:KAFOLAT SUG'URTA KOMPANIYASI AJ;"""KAFOLAT SUG‘URTA KOMPANIYASI"" AJ";общее;region:FARG'ONA;Ферганская область;37104.603;1024.238;79344;2.760;467642;Страх_отчет(II_чорак_2026_йил_)_uz
2026-07-01;company:KAFOLAT SUG'URTA KOMPANIYASI AJ;"""KAFOLAT SUG‘URTA KOMPANIYASI"" AJ";общее;region:JIZZAX;Джизакская область;8123.708;847.714;36258;10.435;224053;Страх_отчет(II_чорак_2026_йил_)_uz
2026-07-01;company:KAFOLAT SUG'URTA KOMPANIYASI AJ;"""KAFOLAT SUG‘URTA KOMPANIYASI"" AJ";общее;region:NAMANGAN;Наманганская область;9047.585;798.393;97734;8.824;92574;Страх_отчет(II_чорак_2026_йил_)_uz
2026-07-01;company:KAFOLAT SUG'URTA KOMPANIYASI AJ;"""KAFOLAT SUG‘URTA KOMPANIYASI"" AJ";общее;region:NAVOIY;Навоийская область;4414.826;1082.970;26295;24.530;167896;Страх_отчет(II_чорак_2026_йил_)_uz
2026-07-01;company:KAFOLAT SUG'URTA KOMPANIYASI AJ;"""KAFOLAT SUG‘URTA KOMPANIYASI"" AJ";общее;region:QASHQADARYO;Кашкадарьинская область;5311.912;437.604;38342;8.238;138540;Страх_отчет(II_чорак_2026_йил_)_uz
2026-07-01;company:KAFOLAT SUG'URTA KOMPANIYASI AJ;"""KAFOLAT SUG‘URTA KOMPANIYASI"" AJ";общее;region:QORAQALPOG'ISTON RESPUBLIKASI;Республика Каракалпакстан;8409.018;245.038;11239;2.914;748200;Страх_отчет(II_чорак_2026_йил_)_uz
2026-07-01;company:KAFOLAT SUG'URTA KOMPANIYASI AJ;"""KAFOLAT SUG‘URTA KOMPANIYASI"" AJ";общее;region:SAMARQAND;Самаркандская область;10307.545;391.235;57518;3.796;179206;Страх_отчет(II_чорак_2026_йил_)_uz
2026-07-01;company:KAFOLAT SUG'URTA KOMPANIYASI AJ;"""KAFOLAT SUG‘URTA KOMPANIYASI"" AJ";общее;region:SIRDARYO;Сырдарьинская область;19411.232;608.963;28330;3.137;685183;Страх_отчет(II_чорак_2026_йил_)_uz
2026-07-01;company:KAFOLAT SUG'URTA KOMPANIYASI AJ;"""KAFOLAT SUG‘URTA KOMPANIYASI"" AJ";общее;region:SURXANDARYO;Сурхандарьинская область;7298.312;535.274;48143;7.334;151597;Страх_отчет(II_чорак_2026_йил_)_uz
2026-07-01;company:KAFOLAT SUG'URTA KOMPANIYASI AJ;"""KAFOLAT SUG‘URTA KOMPANIYASI"" AJ";общее;region:TOSHKENT;Ташкентская область;13625.822;2042.588;15668;14.991;869659;Страх_отчет(II_чорак_2026_йил_)_uz
2026-07-01;company:KAFOLAT SUG'URTA KOMPANIYASI AJ;"""KAFOLAT SUG‘URTA KOMPANIYASI"" AJ";общее;region:TOSHKENT SHAHRI;город Ташкент;671793.627;145123.424;234448;21.602;2865427;Страх_отчет(II_чорак_2026_йил_)_uz
2026-07-01;company:KAFOLAT SUG'URTA KOMPANIYASI AJ;"""KAFOLAT SUG‘URTA KOMPANIYASI"" AJ";общее;region:XORAZM;Хорезмская область;11843.309;438.163;30099;3.700;393478;Страх_отчет(II_чорак_2026_йил_)_uz
2026-07-01;company:KAFOLAT SUG'URTA KOMPANIYASI AJ;"""KAFOLAT SUG‘URTA KOMPANIYASI"" AJ";общее;total;Все регионы;829003.527;155751.634;802045;18.788;1033612;Страх_отчет(II_чорак_2026_йил_)_uz
2026-07-01;company:KAPITAL SUG'URTA AJ;"""KAPITAL SUG‘URTA"" AJ";общее;region:ANDIJON;Андижанская область;143.655;972.271;92;676.811;1561464;Страх_отчет(II_чорак_2026_йил_)_uz
2026-07-01;company:KAPITAL SUG'URTA AJ;"""KAPITAL SUG‘URTA"" AJ";общее;region:BUXORO;Бухарская область;2638.778;427.031;2416;16.183;1092209;Страх_отчет(II_чорак_2026_йил_)_uz
2026-07-01;company:KAPITAL SUG'URTA AJ;"""KAPITAL SUG‘URTA"" AJ";общее;region:FARG'ONA;Ферганская область;5077.078;198.986;4511;3.919;1125488;Страх_отчет(II_чорак_2026_йил_)_uz
2026-07-01;company:KAPITAL SUG'URTA AJ;"""KAPITAL SUG‘URTA"" AJ";общее;region:JIZZAX;Джизакская область;358.579;417.543;15;116.444;23905247;Страх_отчет(II_чорак_2026_йил_)_uz
2026-07-01;company:KAPITAL SUG'URTA AJ;"""KAPITAL SUG‘URTA"" AJ";общее;region:NAMANGAN;Наманганская область;1038.987;31.340;1512;3.016;687161;Страх_отчет(II_чорак_2026_йил_)_uz
2026-07-01;company:KAPITAL SUG'URTA AJ;"""KAPITAL SUG‘URTA"" AJ";общее;region:NAVOIY;Навоийская область;414.937;101.335;315;24.422;1317259;Страх_отчет(II_чорак_2026_йил_)_uz
2026-07-01;company:KAPITAL SUG'URTA AJ;"""KAPITAL SUG‘URTA"" AJ";общее;region:QASHQADARYO;Кашкадарьинская область;167.220;28.037;338;16.766;494735;Страх_отчет(II_чорак_2026_йил_)_uz
2026-07-01;company:KAPITAL SUG'URTA AJ;"""KAPITAL SUG‘URTA"" AJ";общее;region:QORAQALPOG'ISTON RESPUBLIKASI;Республика Каракалпакстан;269.865;112.337;1701;41.627;158651;Страх_отчет(II_чорак_2026_йил_)_uz
2026-07-01;company:KAPITAL SUG'URTA AJ;"""KAPITAL SUG‘URTA"" AJ";общее;region:SAMARQAND;Самаркандская область;5827.398;120.050;2229;2.060;2614355;Страх_отчет(II_чорак_2026_йил_)_uz
2026-07-01;company:KAPITAL SUG'URTA AJ;"""KAPITAL SUG‘URTA"" AJ";общее;region:SIRDARYO;Сырдарьинская область;1869.801;83.533;9985;4.467;187261;Страх_отчет(II_чорак_2026_йил_)_uz
2026-07-01;company:KAPITAL SUG'URTA AJ;"""KAPITAL SUG‘URTA"" AJ";общее;region:SURXANDARYO;Сурхандарьинская область;461.580;97.721;527;21.171;875863;Страх_отчет(II_чорак_2026_йил_)_uz
2026-07-01;company:KAPITAL SUG'URTA AJ;"""KAPITAL SUG‘URTA"" AJ";общее;region:TOSHKENT;Ташкентская область;8067.275;378.973;1146;4.698;7039507;Страх_отчет(II_чорак_2026_йил_)_uz
2026-07-01;company:KAPITAL SUG'URTA AJ;"""KAPITAL SUG‘URTA"" AJ";общее;region:TOSHKENT SHAHRI;город Ташкент;461748.424;37236.102;734901;8.064;628314;Страх_отчет(II_чорак_2026_йил_)_uz
2026-07-01;company:KAPITAL SUG'URTA AJ;"""KAPITAL SUG‘URTA"" AJ";общее;region:XORAZM;Хорезмская область;1103.042;1544.675;2349;140.038;469579;Страх_отчет(II_чорак_2026_йил_)_uz
2026-07-01;company:KAPITAL SUG'URTA AJ;"""KAPITAL SUG‘URTA"" AJ";общее;total;Все регионы;489186.619;41749.934;762037;8.535;641946;Страх_отчет(II_чорак_2026_йил_)_uz
2026-07-01;company:MOSAIC INSURANCE GROUP AJ QK;"""MOSAIC INSURANCE GROUP"" AJ QK (ранее ""MOSAIC INSURANCE COMPANY"")";общее;region:ANDIJON;Андижанская область;0.000;0.000;0;;;Страх_отчет(II_чорак_2026_йил_)_uz
2026-07-01;company:MOSAIC INSURANCE GROUP AJ QK;"""MOSAIC INSURANCE GROUP"" AJ QK (ранее ""MOSAIC INSURANCE COMPANY"")";общее;region:BUXORO;Бухарская область;0.000;0.000;0;;;Страх_отчет(II_чорак_2026_йил_)_uz
2026-07-01;company:MOSAIC INSURANCE GROUP AJ QK;"""MOSAIC INSURANCE GROUP"" AJ QK (ранее ""MOSAIC INSURANCE COMPANY"")";общее;region:FARG'ONA;Ферганская область;0.000;0.000;0;;;Страх_отчет(II_чорак_2026_йил_)_uz
2026-07-01;company:MOSAIC INSURANCE GROUP AJ QK;"""MOSAIC INSURANCE GROUP"" AJ QK (ранее ""MOSAIC INSURANCE COMPANY"")";общее;region:JIZZAX;Джизакская область;0.000;0.000;0;;;Страх_отчет(II_чорак_2026_йил_)_uz
2026-07-01;company:MOSAIC INSURANCE GROUP AJ QK;"""MOSAIC INSURANCE GROUP"" AJ QK (ранее ""MOSAIC INSURANCE COMPANY"")";общее;region:NAMANGAN;Наманганская область;0.000;0.000;0;;;Страх_отчет(II_чорак_2026_йил_)_uz
2026-07-01;company:MOSAIC INSURANCE GROUP AJ QK;"""MOSAIC INSURANCE GROUP"" AJ QK (ранее ""MOSAIC INSURANCE COMPANY"")";общее;region:NAVOIY;Навоийская область;0.000;0.000;0;;;Страх_отчет(II_чорак_2026_йил_)_uz
2026-07-01;company:MOSAIC INSURANCE GROUP AJ QK;"""MOSAIC INSURANCE GROUP"" AJ QK (ранее ""MOSAIC INSURANCE COMPANY"")";общее;region:QASHQADARYO;Кашкадарьинская область;0.000;0.000;0;;;Страх_отчет(II_чорак_2026_йил_)_uz
2026-07-01;company:MOSAIC INSURANCE GROUP AJ QK;"""MOSAIC INSURANCE GROUP"" AJ QK (ранее ""MOSAIC INSURANCE COMPANY"")";общее;region:QORAQALPOG'ISTON RESPUBLIKASI;Республика Каракалпакстан;0.000;0.000;0;;;Страх_отчет(II_чорак_2026_йил_)_uz
2026-07-01;company:MOSAIC INSURANCE GROUP AJ QK;"""MOSAIC INSURANCE GROUP"" AJ QK (ранее ""MOSAIC INSURANCE COMPANY"")";общее;region:SAMARQAND;Самаркандская область;0.000;0.000;0;;;Страх_отчет(II_чорак_2026_йил_)_uz
2026-07-01;company:MOSAIC INSURANCE GROUP AJ QK;"""MOSAIC INSURANCE GROUP"" AJ QK (ранее ""MOSAIC INSURANCE COMPANY"")";общее;region:SIRDARYO;Сырдарьинская область;0.000;0.000;0;;;Страх_отчет(II_чорак_2026_йил_)_uz
2026-07-01;company:MOSAIC INSURANCE GROUP AJ QK;"""MOSAIC INSURANCE GROUP"" AJ QK (ранее ""MOSAIC INSURANCE COMPANY"")";общее;region:SURXANDARYO;Сурхандарьинская область;0.000;0.000;0;;;Страх_отчет(II_чорак_2026_йил_)_uz
2026-07-01;company:MOSAIC INSURANCE GROUP AJ QK;"""MOSAIC INSURANCE GROUP"" AJ QK (ранее ""MOSAIC INSURANCE COMPANY"")";общее;region:TOSHKENT;Ташкентская область;0.000;0.000;0;;;Страх_отчет(II_чорак_2026_йил_)_uz
2026-07-01;company:MOSAIC INSURANCE GROUP AJ QK;"""MOSAIC INSURANCE GROUP"" AJ QK (ранее ""MOSAIC INSURANCE COMPANY"")";общее;region:TOSHKENT SHAHRI;город Ташкент;90012.573;9351.217;1338;10.389;67273971;Страх_отчет(II_чорак_2026_йил_)_uz
2026-07-01;company:MOSAIC INSURANCE GROUP AJ QK;"""MOSAIC INSURANCE GROUP"" AJ QK (ранее ""MOSAIC INSURANCE COMPANY"")";общее;region:XORAZM;Хорезмская область;0.000;0.000;0;;;Страх_отчет(II_чорак_2026_йил_)_uz
2026-07-01;company:MOSAIC INSURANCE GROUP AJ QK;"""MOSAIC INSURANCE GROUP"" AJ QK (ранее ""MOSAIC INSURANCE COMPANY"")";общее;total;Все регионы;90012.573;9351.217;1338;10.389;67273971;Страх_отчет(II_чорак_2026_йил_)_uz
2026-07-01;company:MY-INSURANCE AJ;"""MY-INSURANCE"" AJ";общее;region:ANDIJON;Андижанская область;2978.264;8057.507;40057;270.544;74351;Страх_отчет(II_чорак_2026_йил_)_uz
2026-07-01;company:MY-INSURANCE AJ;"""MY-INSURANCE"" AJ";общее;region:BUXORO;Бухарская область;818.561;21.282;4504;2.600;181741;Страх_отчет(II_чорак_2026_йил_)_uz
2026-07-01;company:MY-INSURANCE AJ;"""MY-INSURANCE"" AJ";общее;region:FARG'ONA;Ферганская область;14865.996;2880.636;93755;19.377;158562;Страх_отчет(II_чорак_2026_йил_)_uz
2026-07-01;company:MY-INSURANCE AJ;"""MY-INSURANCE"" AJ";общее;region:JIZZAX;Джизакская область;1752.976;1139.937;89812;65.029;19518;Страх_отчет(II_чорак_2026_йил_)_uz
2026-07-01;company:MY-INSURANCE AJ;"""MY-INSURANCE"" AJ";общее;region:NAMANGAN;Наманганская область;5886.089;830.019;33837;14.101;173954;Страх_отчет(II_чорак_2026_йил_)_uz
2026-07-01;company:MY-INSURANCE AJ;"""MY-INSURANCE"" AJ";общее;region:NAVOIY;Навоийская область;1221.466;1163.503;8659;95.255;141063;Страх_отчет(II_чорак_2026_йил_)_uz
2026-07-01;company:MY-INSURANCE AJ;"""MY-INSURANCE"" AJ";общее;region:QASHQADARYO;Кашкадарьинская область;2080.884;394.924;11443;18.979;181848;Страх_отчет(II_чорак_2026_йил_)_uz
2026-07-01;company:MY-INSURANCE AJ;"""MY-INSURANCE"" AJ";общее;region:QORAQALPOG'ISTON RESPUBLIKASI;Республика Каракалпакстан;23618.509;314.000;10345;1.329;2283084;Страх_отчет(II_чорак_2026_йил_)_uz
2026-07-01;company:MY-INSURANCE AJ;"""MY-INSURANCE"" AJ";общее;region:SAMARQAND;Самаркандская область;2506.018;1925.918;16377;76.852;153021;Страх_отчет(II_чорак_2026_йил_)_uz
2026-07-01;company:MY-INSURANCE AJ;"""MY-INSURANCE"" AJ";общее;region:SIRDARYO;Сырдарьинская область;10153.059;1908.531;11035;18.798;920078;Страх_отчет(II_чорак_2026_йил_)_uz
2026-07-01;company:MY-INSURANCE AJ;"""MY-INSURANCE"" AJ";общее;region:SURXANDARYO;Сурхандарьинская область;2477.078;641.544;11437;25.899;216585;Страх_отчет(II_чорак_2026_йил_)_uz
2026-07-01;company:MY-INSURANCE AJ;"""MY-INSURANCE"" AJ";общее;region:TOSHKENT;Ташкентская область;1688.194;257.044;13315;15.226;126789;Страх_отчет(II_чорак_2026_йил_)_uz
2026-07-01;company:MY-INSURANCE AJ;"""MY-INSURANCE"" AJ";общее;region:TOSHKENT SHAHRI;город Ташкент;413019.912;70219.189;1178885;17.001;350348;Страх_отчет(II_чорак_2026_йил_)_uz
2026-07-01;company:MY-INSURANCE AJ;"""MY-INSURANCE"" AJ";общее;region:XORAZM;Хорезмская область;2794.555;143.538;5984;5.136;467004;Страх_отчет(II_чорак_2026_йил_)_uz
2026-07-01;company:MY-INSURANCE AJ;"""MY-INSURANCE"" AJ";общее;total;Все регионы;485861.560;89897.574;1529445;18.503;317672;Страх_отчет(II_чорак_2026_йил_)_uz
2026-07-01;company:NEO INSURANCE CORP AJ;"""NEO INSURANCE CORP"" AJ";общее;region:ANDIJON;Андижанская область;13339.963;704.977;54398;5.285;245229;Страх_отчет(II_чорак_2026_йил_)_uz
2026-07-01;company:NEO INSURANCE CORP AJ;"""NEO INSURANCE CORP"" AJ";общее;region:BUXORO;Бухарская область;1964.935;449.531;14458;22.878;135906;Страх_отчет(II_чорак_2026_йил_)_uz
2026-07-01;company:NEO INSURANCE CORP AJ;"""NEO INSURANCE CORP"" AJ";общее;region:FARG'ONA;Ферганская область;2315.804;46.305;7401;2.000;312904;Страх_отчет(II_чорак_2026_йил_)_uz
2026-07-01;company:NEO INSURANCE CORP AJ;"""NEO INSURANCE CORP"" AJ";общее;region:JIZZAX;Джизакская область;982.169;47.728;2354;4.859;417234;Страх_отчет(II_чорак_2026_йил_)_uz
2026-07-01;company:NEO INSURANCE CORP AJ;"""NEO INSURANCE CORP"" AJ";общее;region:NAMANGAN;Наманганская область;3677.145;114.100;35007;3.103;105040;Страх_отчет(II_чорак_2026_йил_)_uz
2026-07-01;company:NEO INSURANCE CORP AJ;"""NEO INSURANCE CORP"" AJ";общее;region:NAVOIY;Навоийская область;1356.776;40.000;2138;2.948;634600;Страх_отчет(II_чорак_2026_йил_)_uz
2026-07-01;company:NEO INSURANCE CORP AJ;"""NEO INSURANCE CORP"" AJ";общее;region:QASHQADARYO;Кашкадарьинская область;1640.448;234.104;22287;14.271;73606;Страх_отчет(II_чорак_2026_йил_)_uz
2026-07-01;company:NEO INSURANCE CORP AJ;"""NEO INSURANCE CORP"" AJ";общее;region:QORAQALPOG'ISTON RESPUBLIKASI;Республика Каракалпакстан;108.733;69.991;165;64.370;658985;Страх_отчет(II_чорак_2026_йил_)_uz
2026-07-01;company:NEO INSURANCE CORP AJ;"""NEO INSURANCE CORP"" AJ";общее;region:SAMARQAND;Самаркандская область;7064.542;721.257;62463;10.210;113100;Страх_отчет(II_чорак_2026_йил_)_uz
2026-07-01;company:NEO INSURANCE CORP AJ;"""NEO INSURANCE CORP"" AJ";общее;region:SIRDARYO;Сырдарьинская область;548.814;41.066;4144;7.483;132436;Страх_отчет(II_чорак_2026_йил_)_uz
2026-07-01;company:NEO INSURANCE CORP AJ;"""NEO INSURANCE CORP"" AJ";общее;region:SURXANDARYO;Сурхандарьинская область;2806.072;133.478;11048;4.757;253989;Страх_отчет(II_чорак_2026_йил_)_uz
2026-07-01;company:NEO INSURANCE CORP AJ;"""NEO INSURANCE CORP"" AJ";общее;region:TOSHKENT;Ташкентская область;1355.042;928.294;18687;68.507;72513;Страх_отчет(II_чорак_2026_йил_)_uz
2026-07-01;company:NEO INSURANCE CORP AJ;"""NEO INSURANCE CORP"" AJ";общее;region:TOSHKENT SHAHRI;город Ташкент;59565.812;16272.757;163210;27.319;364964;Страх_отчет(II_чорак_2026_йил_)_uz
2026-07-01;company:NEO INSURANCE CORP AJ;"""NEO INSURANCE CORP"" AJ";общее;region:XORAZM;Хорезмская область;3251.562;449.630;20222;13.828;160793;Страх_отчет(II_чорак_2026_йил_)_uz
2026-07-01;company:NEO INSURANCE CORP AJ;"""NEO INSURANCE CORP"" AJ";общее;total;Все регионы;99977.816;20253.219;417982;20.258;239192;Страх_отчет(II_чорак_2026_йил_)_uz
2026-07-01;company:O'ZAGROSUG'URTA AJ;"""O‘ZAGROSUG‘URTA"" AJ";общее;region:ANDIJON;Андижанская область;2742.355;706.688;24364;25.769;112558;Страх_отчет(II_чорак_2026_йил_)_uz
2026-07-01;company:O'ZAGROSUG'URTA AJ;"""O‘ZAGROSUG‘URTA"" AJ";общее;region:BUXORO;Бухарская область;5303.684;226.604;23088;4.273;229716;Страх_отчет(II_чорак_2026_йил_)_uz
2026-07-01;company:O'ZAGROSUG'URTA AJ;"""O‘ZAGROSUG‘URTA"" AJ";общее;region:FARG'ONA;Ферганская область;6443.650;208.675;38895;3.238;165668;Страх_отчет(II_чорак_2026_йил_)_uz
2026-07-01;company:O'ZAGROSUG'URTA AJ;"""O‘ZAGROSUG‘URTA"" AJ";общее;region:JIZZAX;Джизакская область;1083.008;114.048;9237;10.531;117247;Страх_отчет(II_чорак_2026_йил_)_uz
2026-07-01;company:O'ZAGROSUG'URTA AJ;"""O‘ZAGROSUG‘URTA"" AJ";общее;region:NAMANGAN;Наманганская область;2446.753;249.512;27937;10.198;87581;Страх_отчет(II_чорак_2026_йил_)_uz
2026-07-01;company:O'ZAGROSUG'URTA AJ;"""O‘ZAGROSUG‘URTA"" AJ";общее;region:NAVOIY;Навоийская область;2405.372;76.263;12507;3.171;192322;Страх_отчет(II_чорак_2026_йил_)_uz
2026-07-01;company:O'ZAGROSUG'URTA AJ;"""O‘ZAGROSUG‘URTA"" AJ";общее;region:QASHQADARYO;Кашкадарьинская область;4625.566;148.960;26318;3.220;175757;Страх_отчет(II_чорак_2026_йил_)_uz
2026-07-01;company:O'ZAGROSUG'URTA AJ;"""O‘ZAGROSUG‘URTA"" AJ";общее;region:QORAQALPOG'ISTON RESPUBLIKASI;Республика Каракалпакстан;3818.772;954.880;20354;25.005;187618;Страх_отчет(II_чорак_2026_йил_)_uz
2026-07-01;company:O'ZAGROSUG'URTA AJ;"""O‘ZAGROSUG‘URTA"" AJ";общее;region:SAMARQAND;Самаркандская область;3977.273;376.590;28559;9.469;139265;Страх_отчет(II_чорак_2026_йил_)_uz
2026-07-01;company:O'ZAGROSUG'URTA AJ;"""O‘ZAGROSUG‘URTA"" AJ";общее;region:SIRDARYO;Сырдарьинская область;2805.801;92.678;3190;3.303;879561;Страх_отчет(II_чорак_2026_йил_)_uz
2026-07-01;company:O'ZAGROSUG'URTA AJ;"""O‘ZAGROSUG‘URTA"" AJ";общее;region:SURXANDARYO;Сурхандарьинская область;1579.959;98.717;18365;6.248;86031;Страх_отчет(II_чорак_2026_йил_)_uz
2026-07-01;company:O'ZAGROSUG'URTA AJ;"""O‘ZAGROSUG‘URTA"" AJ";общее;region:TOSHKENT;Ташкентская область;16297.535;2116.110;70650;12.984;230680;Страх_отчет(II_чорак_2026_йил_)_uz
2026-07-01;company:O'ZAGROSUG'URTA AJ;"""O‘ZAGROSUG‘URTA"" AJ";общее;region:TOSHKENT SHAHRI;город Ташкент;37402.627;30641.959;55203;81.925;677547;Страх_отчет(II_чорак_2026_йил_)_uz
2026-07-01;company:O'ZAGROSUG'URTA AJ;"""O‘ZAGROSUG‘URTA"" AJ";общее;region:XORAZM;Хорезмская область;3654.771;619.366;24171;16.947;151205;Страх_отчет(II_чорак_2026_йил_)_uz
2026-07-01;company:O'ZAGROSUG'URTA AJ;"""O‘ZAGROSUG‘URTA"" AJ";общее;total;Все регионы;94587.126;36631.050;382838;38.727;247068;Страх_отчет(II_чорак_2026_йил_)_uz
2026-07-01;company:O'ZBEKINVEST EISK AJ;"""O‘ZBEKINVEST"" EISK AJ";общее;region:ANDIJON;Андижанская область;13711.808;1743.946;103472;12.719;132517;Страх_отчет(II_чорак_2026_йил_)_uz
2026-07-01;company:O'ZBEKINVEST EISK AJ;"""O‘ZBEKINVEST"" EISK AJ";общее;region:BUXORO;Бухарская область;19599.597;2782.456;149238;14.196;131331;Страх_отчет(II_чорак_2026_йил_)_uz
2026-07-01;company:O'ZBEKINVEST EISK AJ;"""O‘ZBEKINVEST"" EISK AJ";общее;region:FARG'ONA;Ферганская область;17623.982;11081.281;154483;62.876;114084;Страх_отчет(II_чорак_2026_йил_)_uz
2026-07-01;company:O'ZBEKINVEST EISK AJ;"""O‘ZBEKINVEST"" EISK AJ";общее;region:JIZZAX;Джизакская область;7564.579;628.259;37527;8.305;201577;Страх_отчет(II_чорак_2026_йил_)_uz
2026-07-01;company:O'ZBEKINVEST EISK AJ;"""O‘ZBEKINVEST"" EISK AJ";общее;region:NAMANGAN;Наманганская область;12653.211;556.813;90648;4.401;139586;Страх_отчет(II_чорак_2026_йил_)_uz
2026-07-01;company:O'ZBEKINVEST EISK AJ;"""O‘ZBEKINVEST"" EISK AJ";общее;region:NAVOIY;Навоийская область;7898.225;798.911;66996;10.115;117891;Страх_отчет(II_чорак_2026_йил_)_uz
2026-07-01;company:O'ZBEKINVEST EISK AJ;"""O‘ZBEKINVEST"" EISK AJ";общее;region:QASHQADARYO;Кашкадарьинская область;10974.790;755.555;78966;6.884;138981;Страх_отчет(II_чорак_2026_йил_)_uz
2026-07-01;company:O'ZBEKINVEST EISK AJ;"""O‘ZBEKINVEST"" EISK AJ";общее;region:QORAQALPOG'ISTON RESPUBLIKASI;Республика Каракалпакстан;5954.860;1433.375;35321;24.071;168593;Страх_отчет(II_чорак_2026_йил_)_uz
2026-07-01;company:O'ZBEKINVEST EISK AJ;"""O‘ZBEKINVEST"" EISK AJ";общее;region:SAMARQAND;Самаркандская область;23132.997;1899.461;181030;8.211;127785;Страх_отчет(II_чорак_2026_йил_)_uz
2026-07-01;company:O'ZBEKINVEST EISK AJ;"""O‘ZBEKINVEST"" EISK AJ";общее;region:SIRDARYO;Сырдарьинская область;5556.561;1080.969;22329;19.454;248850;Страх_отчет(II_чорак_2026_йил_)_uz
2026-07-01;company:O'ZBEKINVEST EISK AJ;"""O‘ZBEKINVEST"" EISK AJ";общее;region:SURXANDARYO;Сурхандарьинская область;11523.016;1046.260;88878;9.080;129650;Страх_отчет(II_чорак_2026_йил_)_uz
2026-07-01;company:O'ZBEKINVEST EISK AJ;"""O‘ZBEKINVEST"" EISK AJ";общее;region:TOSHKENT;Ташкентская область;27115.217;3799.048;71568;14.011;378873;Страх_отчет(II_чорак_2026_йил_)_uz
2026-07-01;company:O'ZBEKINVEST EISK AJ;"""O‘ZBEKINVEST"" EISK AJ";общее;region:TOSHKENT SHAHRI;город Ташкент;756014.820;254577.891;160575;33.674;4708173;Страх_отчет(II_чорак_2026_йил_)_uz
2026-07-01;company:O'ZBEKINVEST EISK AJ;"""O‘ZBEKINVEST"" EISK AJ";общее;region:XORAZM;Хорезмская область;15299.026;1403.617;81797;9.175;187037;Страх_отчет(II_чорак_2026_йил_)_uz
2026-07-01;company:O'ZBEKINVEST EISK AJ;"""O‘ZBEKINVEST"" EISK AJ";общее;total;Все регионы;934622.688;283587.842;1322828;30.342;706534;Страх_отчет(II_чорак_2026_йил_)_uz
2026-07-01;company:O'ZBEKINVEST HAYOT SUG'URTA KOMPANIYASI AJ;"""O’ZBEKINVEST HAYOT SUG‘URTA KOMPANIYASI"" AJ";жизнь;region:ANDIJON;Андижанская область;0.000;36.297;22;;0;Страх_отчет(II_чорак_2026_йил_)_uz
2026-07-01;company:O'ZBEKINVEST HAYOT SUG'URTA KOMPANIYASI AJ;"""O’ZBEKINVEST HAYOT SUG‘URTA KOMPANIYASI"" AJ";жизнь;region:BUXORO;Бухарская область;0.000;22.404;26;;0;Страх_отчет(II_чорак_2026_йил_)_uz
2026-07-01;company:O'ZBEKINVEST HAYOT SUG'URTA KOMPANIYASI AJ;"""O’ZBEKINVEST HAYOT SUG‘URTA KOMPANIYASI"" AJ";жизнь;region:FARG'ONA;Ферганская область;569.290;436.301;210;76.639;2710904;Страх_отчет(II_чорак_2026_йил_)_uz
2026-07-01;company:O'ZBEKINVEST HAYOT SUG'URTA KOMPANIYASI AJ;"""O’ZBEKINVEST HAYOT SUG‘URTA KOMPANIYASI"" AJ";жизнь;region:JIZZAX;Джизакская область;22.748;45.527;76;200.135;299316;Страх_отчет(II_чорак_2026_йил_)_uz
2026-07-01;company:O'ZBEKINVEST HAYOT SUG'URTA KOMPANIYASI AJ;"""O’ZBEKINVEST HAYOT SUG‘URTA KOMPANIYASI"" AJ";жизнь;region:NAMANGAN;Наманганская область;0.000;12.491;48;;0;Страх_отчет(II_чорак_2026_йил_)_uz
2026-07-01;company:O'ZBEKINVEST HAYOT SUG'URTA KOMPANIYASI AJ;"""O’ZBEKINVEST HAYOT SUG‘URTA KOMPANIYASI"" AJ";жизнь;region:NAVOIY;Навоийская область;17.400;59.078;17;339.527;1023529;Страх_отчет(II_чорак_2026_йил_)_uz
2026-07-01;company:O'ZBEKINVEST HAYOT SUG'URTA KOMPANIYASI AJ;"""O’ZBEKINVEST HAYOT SUG‘URTA KOMPANIYASI"" AJ";жизнь;region:QASHQADARYO;Кашкадарьинская область;0.000;65.997;34;;0;Страх_отчет(II_чорак_2026_йил_)_uz
2026-07-01;company:O'ZBEKINVEST HAYOT SUG'URTA KOMPANIYASI AJ;"""O’ZBEKINVEST HAYOT SUG‘URTA KOMPANIYASI"" AJ";жизнь;region:QORAQALPOG'ISTON RESPUBLIKASI;Республика Каракалпакстан;0.000;15.795;31;;0;Страх_отчет(II_чорак_2026_йил_)_uz
2026-07-01;company:O'ZBEKINVEST HAYOT SUG'URTA KOMPANIYASI AJ;"""O’ZBEKINVEST HAYOT SUG‘URTA KOMPANIYASI"" AJ";жизнь;region:SAMARQAND;Самаркандская область;10.215;12.346;19;120.870;537611;Страх_отчет(II_чорак_2026_йил_)_uz
2026-07-01;company:O'ZBEKINVEST HAYOT SUG'URTA KOMPANIYASI AJ;"""O’ZBEKINVEST HAYOT SUG‘URTA KOMPANIYASI"" AJ";жизнь;region:SIRDARYO;Сырдарьинская область;0.000;23.228;16;;0;Страх_отчет(II_чорак_2026_йил_)_uz
2026-07-01;company:O'ZBEKINVEST HAYOT SUG'URTA KOMPANIYASI AJ;"""O’ZBEKINVEST HAYOT SUG‘URTA KOMPANIYASI"" AJ";жизнь;region:SURXANDARYO;Сурхандарьинская область;15.088;89.328;15;592.049;1005860;Страх_отчет(II_чорак_2026_йил_)_uz
2026-07-01;company:O'ZBEKINVEST HAYOT SUG'URTA KOMPANIYASI AJ;"""O’ZBEKINVEST HAYOT SUG‘URTA KOMPANIYASI"" AJ";жизнь;region:TOSHKENT;Ташкентская область;0.000;142.117;59;;0;Страх_отчет(II_чорак_2026_йил_)_uz
2026-07-01;company:O'ZBEKINVEST HAYOT SUG'URTA KOMPANIYASI AJ;"""O’ZBEKINVEST HAYOT SUG‘URTA KOMPANIYASI"" AJ";жизнь;region:TOSHKENT SHAHRI;город Ташкент;4663.654;4846.826;200;103.928;23318270;Страх_отчет(II_чорак_2026_йил_)_uz
2026-07-01;company:O'ZBEKINVEST HAYOT SUG'URTA KOMPANIYASI AJ;"""O’ZBEKINVEST HAYOT SUG‘URTA KOMPANIYASI"" AJ";жизнь;region:XORAZM;Хорезмская область;0.000;16.959;14;;0;Страх_отчет(II_чорак_2026_йил_)_uz
2026-07-01;company:O'ZBEKINVEST HAYOT SUG'URTA KOMPANIYASI AJ;"""O’ZBEKINVEST HAYOT SUG‘URTA KOMPANIYASI"" AJ";жизнь;total;Все регионы;5298.394;5824.693;787;109.933;6732394;Страх_отчет(II_чорак_2026_йил_)_uz
2026-07-01;company:O'ZBEKISTON QAYTA SUG'URTA KOMPANIYASI MQST AJ;"""O‘ZBEKISTON QAYTA SUG‘URTA KOMPANIYASI"" MQST AJ";общее;region:ANDIJON;Андижанская область;0.000;0.000;0;;;Страх_отчет(II_чорак_2026_йил_)_uz
2026-07-01;company:O'ZBEKISTON QAYTA SUG'URTA KOMPANIYASI MQST AJ;"""O‘ZBEKISTON QAYTA SUG‘URTA KOMPANIYASI"" MQST AJ";общее;region:BUXORO;Бухарская область;0.000;0.000;0;;;Страх_отчет(II_чорак_2026_йил_)_uz
2026-07-01;company:O'ZBEKISTON QAYTA SUG'URTA KOMPANIYASI MQST AJ;"""O‘ZBEKISTON QAYTA SUG‘URTA KOMPANIYASI"" MQST AJ";общее;region:FARG'ONA;Ферганская область;0.000;0.000;0;;;Страх_отчет(II_чорак_2026_йил_)_uz
2026-07-01;company:O'ZBEKISTON QAYTA SUG'URTA KOMPANIYASI MQST AJ;"""O‘ZBEKISTON QAYTA SUG‘URTA KOMPANIYASI"" MQST AJ";общее;region:JIZZAX;Джизакская область;0.000;0.000;0;;;Страх_отчет(II_чорак_2026_йил_)_uz
2026-07-01;company:O'ZBEKISTON QAYTA SUG'URTA KOMPANIYASI MQST AJ;"""O‘ZBEKISTON QAYTA SUG‘URTA KOMPANIYASI"" MQST AJ";общее;region:NAMANGAN;Наманганская область;0.000;0.000;0;;;Страх_отчет(II_чорак_2026_йил_)_uz
2026-07-01;company:O'ZBEKISTON QAYTA SUG'URTA KOMPANIYASI MQST AJ;"""O‘ZBEKISTON QAYTA SUG‘URTA KOMPANIYASI"" MQST AJ";общее;region:NAVOIY;Навоийская область;0.000;0.000;0;;;Страх_отчет(II_чорак_2026_йил_)_uz
2026-07-01;company:O'ZBEKISTON QAYTA SUG'URTA KOMPANIYASI MQST AJ;"""O‘ZBEKISTON QAYTA SUG‘URTA KOMPANIYASI"" MQST AJ";общее;region:QASHQADARYO;Кашкадарьинская область;0.000;0.000;0;;;Страх_отчет(II_чорак_2026_йил_)_uz
2026-07-01;company:O'ZBEKISTON QAYTA SUG'URTA KOMPANIYASI MQST AJ;"""O‘ZBEKISTON QAYTA SUG‘URTA KOMPANIYASI"" MQST AJ";общее;region:QORAQALPOG'ISTON RESPUBLIKASI;Республика Каракалпакстан;0.000;0.000;0;;;Страх_отчет(II_чорак_2026_йил_)_uz
2026-07-01;company:O'ZBEKISTON QAYTA SUG'URTA KOMPANIYASI MQST AJ;"""O‘ZBEKISTON QAYTA SUG‘URTA KOMPANIYASI"" MQST AJ";общее;region:SAMARQAND;Самаркандская область;0.000;0.000;0;;;Страх_отчет(II_чорак_2026_йил_)_uz
2026-07-01;company:O'ZBEKISTON QAYTA SUG'URTA KOMPANIYASI MQST AJ;"""O‘ZBEKISTON QAYTA SUG‘URTA KOMPANIYASI"" MQST AJ";общее;region:SIRDARYO;Сырдарьинская область;0.000;0.000;0;;;Страх_отчет(II_чорак_2026_йил_)_uz
2026-07-01;company:O'ZBEKISTON QAYTA SUG'URTA KOMPANIYASI MQST AJ;"""O‘ZBEKISTON QAYTA SUG‘URTA KOMPANIYASI"" MQST AJ";общее;region:SURXANDARYO;Сурхандарьинская область;0.000;0.000;0;;;Страх_отчет(II_чорак_2026_йил_)_uz
2026-07-01;company:O'ZBEKISTON QAYTA SUG'URTA KOMPANIYASI MQST AJ;"""O‘ZBEKISTON QAYTA SUG‘URTA KOMPANIYASI"" MQST AJ";общее;region:TOSHKENT;Ташкентская область;0.000;0.000;0;;;Страх_отчет(II_чорак_2026_йил_)_uz
2026-07-01;company:O'ZBEKISTON QAYTA SUG'URTA KOMPANIYASI MQST AJ;"""O‘ZBEKISTON QAYTA SUG‘URTA KOMPANIYASI"" MQST AJ";общее;region:TOSHKENT SHAHRI;город Ташкент;9880.803;0.000;55;0.000;179650958;Страх_отчет(II_чорак_2026_йил_)_uz
2026-07-01;company:O'ZBEKISTON QAYTA SUG'URTA KOMPANIYASI MQST AJ;"""O‘ZBEKISTON QAYTA SUG‘URTA KOMPANIYASI"" MQST AJ";общее;region:XORAZM;Хорезмская область;0.000;0.000;0;;;Страх_отчет(II_чорак_2026_йил_)_uz
2026-07-01;company:O'ZBEKISTON QAYTA SUG'URTA KOMPANIYASI MQST AJ;"""O‘ZBEKISTON QAYTA SUG‘URTA KOMPANIYASI"" MQST AJ";общее;total;Все регионы;9880.803;0.000;55;0.000;179650958;Страх_отчет(II_чорак_2026_йил_)_uz
2026-07-01;company:PRESTIGE INSURANCE AJ;"""PRESTIGE INSURANCE"" AJ";жизнь;region:ANDIJON;Андижанская область;0.000;0.000;0;;;Страх_отчет(II_чорак_2026_йил_)_uz
2026-07-01;company:PRESTIGE INSURANCE AJ;"""PRESTIGE INSURANCE"" AJ";жизнь;region:BUXORO;Бухарская область;0.000;0.000;0;;;Страх_отчет(II_чорак_2026_йил_)_uz
2026-07-01;company:PRESTIGE INSURANCE AJ;"""PRESTIGE INSURANCE"" AJ";жизнь;region:FARG'ONA;Ферганская область;0.000;0.000;0;;;Страх_отчет(II_чорак_2026_йил_)_uz
2026-07-01;company:PRESTIGE INSURANCE AJ;"""PRESTIGE INSURANCE"" AJ";жизнь;region:JIZZAX;Джизакская область;0.000;0.000;0;;;Страх_отчет(II_чорак_2026_йил_)_uz
2026-07-01;company:PRESTIGE INSURANCE AJ;"""PRESTIGE INSURANCE"" AJ";жизнь;region:NAMANGAN;Наманганская область;0.000;0.000;0;;;Страх_отчет(II_чорак_2026_йил_)_uz
2026-07-01;company:PRESTIGE INSURANCE AJ;"""PRESTIGE INSURANCE"" AJ";жизнь;region:NAVOIY;Навоийская область;0.000;0.000;0;;;Страх_отчет(II_чорак_2026_йил_)_uz
2026-07-01;company:PRESTIGE INSURANCE AJ;"""PRESTIGE INSURANCE"" AJ";жизнь;region:QASHQADARYO;Кашкадарьинская область;0.000;0.000;0;;;Страх_отчет(II_чорак_2026_йил_)_uz
2026-07-01;company:PRESTIGE INSURANCE AJ;"""PRESTIGE INSURANCE"" AJ";жизнь;region:QORAQALPOG'ISTON RESPUBLIKASI;Республика Каракалпакстан;0.000;0.000;0;;;Страх_отчет(II_чорак_2026_йил_)_uz
2026-07-01;company:PRESTIGE INSURANCE AJ;"""PRESTIGE INSURANCE"" AJ";жизнь;region:SAMARQAND;Самаркандская область;0.000;0.000;0;;;Страх_отчет(II_чорак_2026_йил_)_uz
2026-07-01;company:PRESTIGE INSURANCE AJ;"""PRESTIGE INSURANCE"" AJ";жизнь;region:SIRDARYO;Сырдарьинская область;0.000;0.000;0;;;Страх_отчет(II_чорак_2026_йил_)_uz
2026-07-01;company:PRESTIGE INSURANCE AJ;"""PRESTIGE INSURANCE"" AJ";жизнь;region:SURXANDARYO;Сурхандарьинская область;0.000;0.000;0;;;Страх_отчет(II_чорак_2026_йил_)_uz
2026-07-01;company:PRESTIGE INSURANCE AJ;"""PRESTIGE INSURANCE"" AJ";жизнь;region:TOSHKENT;Ташкентская область;0.000;0.000;0;;;Страх_отчет(II_чорак_2026_йил_)_uz
2026-07-01;company:PRESTIGE INSURANCE AJ;"""PRESTIGE INSURANCE"" AJ";жизнь;region:TOSHKENT SHAHRI;город Ташкент;43720.666;0.000;7070;0.000;6183970;Страх_отчет(II_чорак_2026_йил_)_uz
2026-07-01;company:PRESTIGE INSURANCE AJ;"""PRESTIGE INSURANCE"" AJ";жизнь;region:XORAZM;Хорезмская область;0.000;0.000;0;;;Страх_отчет(II_чорак_2026_йил_)_uz
2026-07-01;company:PRESTIGE INSURANCE AJ;"""PRESTIGE INSURANCE"" AJ";жизнь;total;Все регионы;43720.666;0.000;7070;0.000;6183970;Страх_отчет(II_чорак_2026_йил_)_uz
2026-07-01;company:QUANTUM INSURANCE AJ;"""QUANTUM INSURANCE"" AJ (ранее ""INGO-UZBEKISTON"")";общее;region:ANDIJON;Андижанская область;115.515;23.967;2457;20.748;47014;Страх_отчет(II_чорак_2026_йил_)_uz
2026-07-01;company:QUANTUM INSURANCE AJ;"""QUANTUM INSURANCE"" AJ (ранее ""INGO-UZBEKISTON"")";общее;region:BUXORO;Бухарская область;1188.426;111.550;1805;9.386;658408;Страх_отчет(II_чорак_2026_йил_)_uz
2026-07-01;company:QUANTUM INSURANCE AJ;"""QUANTUM INSURANCE"" AJ (ранее ""INGO-UZBEKISTON"")";общее;region:FARG'ONA;Ферганская область;164.015;20.435;659;12.459;248885;Страх_отчет(II_чорак_2026_йил_)_uz
2026-07-01;company:QUANTUM INSURANCE AJ;"""QUANTUM INSURANCE"" AJ (ранее ""INGO-UZBEKISTON"")";общее;region:JIZZAX;Джизакская область;1104.621;460.865;5953;41.722;185557;Страх_отчет(II_чорак_2026_йил_)_uz
2026-07-01;company:QUANTUM INSURANCE AJ;"""QUANTUM INSURANCE"" AJ (ранее ""INGO-UZBEKISTON"")";общее;region:NAMANGAN;Наманганская область;1647.213;337.301;6032;20.477;273079;Страх_отчет(II_чорак_2026_йил_)_uz
2026-07-01;company:QUANTUM INSURANCE AJ;"""QUANTUM INSURANCE"" AJ (ранее ""INGO-UZBEKISTON"")";общее;region:NAVOIY;Навоийская область;1274.672;188.689;3492;14.803;365026;Страх_отчет(II_чорак_2026_йил_)_uz
2026-07-01;company:QUANTUM INSURANCE AJ;"""QUANTUM INSURANCE"" AJ (ранее ""INGO-UZBEKISTON"")";общее;region:QASHQADARYO;Кашкадарьинская область;1688.263;534.679;7375;31.670;228917;Страх_отчет(II_чорак_2026_йил_)_uz
2026-07-01;company:QUANTUM INSURANCE AJ;"""QUANTUM INSURANCE"" AJ (ранее ""INGO-UZBEKISTON"")";общее;region:QORAQALPOG'ISTON RESPUBLIKASI;Республика Каракалпакстан;185.597;20.501;615;11.046;301784;Страх_отчет(II_чорак_2026_йил_)_uz
2026-07-01;company:QUANTUM INSURANCE AJ;"""QUANTUM INSURANCE"" AJ (ранее ""INGO-UZBEKISTON"")";общее;region:SAMARQAND;Самаркандская область;1363.517;178.493;2122;13.091;642562;Страх_отчет(II_чорак_2026_йил_)_uz
2026-07-01;company:QUANTUM INSURANCE AJ;"""QUANTUM INSURANCE"" AJ (ранее ""INGO-UZBEKISTON"")";общее;region:SIRDARYO;Сырдарьинская область;556.802;286.784;1963;51.505;283649;Страх_отчет(II_чорак_2026_йил_)_uz
2026-07-01;company:QUANTUM INSURANCE AJ;"""QUANTUM INSURANCE"" AJ (ранее ""INGO-UZBEKISTON"")";общее;region:SURXANDARYO;Сурхандарьинская область;2173.241;661.269;5243;30.428;414503;Страх_отчет(II_чорак_2026_йил_)_uz
2026-07-01;company:QUANTUM INSURANCE AJ;"""QUANTUM INSURANCE"" AJ (ранее ""INGO-UZBEKISTON"")";общее;region:TOSHKENT;Ташкентская область;-325.611;217.116;2004;-66.679;-162481;Страх_отчет(II_чорак_2026_йил_)_uz
2026-07-01;company:QUANTUM INSURANCE AJ;"""QUANTUM INSURANCE"" AJ (ранее ""INGO-UZBEKISTON"")";общее;region:TOSHKENT SHAHRI;город Ташкент;52413.114;13179.537;55357;25.145;946820;Страх_отчет(II_чорак_2026_йил_)_uz
2026-07-01;company:QUANTUM INSURANCE AJ;"""QUANTUM INSURANCE"" AJ (ранее ""INGO-UZBEKISTON"")";общее;region:XORAZM;Хорезмская область;744.764;453.424;3235;60.882;230221;Страх_отчет(II_чорак_2026_йил_)_uz
2026-07-01;company:QUANTUM INSURANCE AJ;"""QUANTUM INSURANCE"" AJ (ранее ""INGO-UZBEKISTON"")";общее;total;Все регионы;64294.148;16674.609;98312;25.935;653981;Страх_отчет(II_чорак_2026_йил_)_uz
2026-07-01;company:SEMURG SUG'URTA AJ QK;"""SEMURG SUG‘URTA"" AJ QK";общее;region:ANDIJON;Андижанская область;348.768;239.473;6595;68.663;52884;Страх_отчет(II_чорак_2026_йил_)_uz
2026-07-01;company:SEMURG SUG'URTA AJ QK;"""SEMURG SUG‘URTA"" AJ QK";общее;region:BUXORO;Бухарская область;239.051;42.322;5814;17.704;41116;Страх_отчет(II_чорак_2026_йил_)_uz
2026-07-01;company:SEMURG SUG'URTA AJ QK;"""SEMURG SUG‘URTA"" AJ QK";общее;region:FARG'ONA;Ферганская область;278.663;7.538;2265;2.705;123030;Страх_отчет(II_чорак_2026_йил_)_uz
2026-07-01;company:SEMURG SUG'URTA AJ QK;"""SEMURG SUG‘URTA"" AJ QK";общее;region:JIZZAX;Джизакская область;0.000;0.000;177;;0;Страх_отчет(II_чорак_2026_йил_)_uz
2026-07-01;company:SEMURG SUG'URTA AJ QK;"""SEMURG SUG‘URTA"" AJ QK";общее;region:NAMANGAN;Наманганская область;166.261;54.338;6672;32.683;24919;Страх_отчет(II_чорак_2026_йил_)_uz
2026-07-01;company:SEMURG SUG'URTA AJ QK;"""SEMURG SUG‘URTA"" AJ QK";общее;region:NAVOIY;Навоийская область;11.970;675.929;2714;5646.826;4410;Страх_отчет(II_чорак_2026_йил_)_uz
2026-07-01;company:SEMURG SUG'URTA AJ QK;"""SEMURG SUG‘URTA"" AJ QK";общее;region:QASHQADARYO;Кашкадарьинская область;36.988;130.286;11036;352.238;3352;Страх_отчет(II_чорак_2026_йил_)_uz
2026-07-01;company:SEMURG SUG'URTA AJ QK;"""SEMURG SUG‘URTA"" AJ QK";общее;region:QORAQALPOG'ISTON RESPUBLIKASI;Республика Каракалпакстан;1.820;96.359;1639;5294.438;1110;Страх_отчет(II_чорак_2026_йил_)_uz
2026-07-01;company:SEMURG SUG'URTA AJ QK;"""SEMURG SUG‘URTA"" AJ QK";общее;region:SAMARQAND;Самаркандская область;20.225;28.409;2295;140.466;8813;Страх_отчет(II_чорак_2026_йил_)_uz
2026-07-01;company:SEMURG SUG'URTA AJ QK;"""SEMURG SUG‘URTA"" AJ QK";общее;region:SIRDARYO;Сырдарьинская область;0.000;0.000;251;;0;Страх_отчет(II_чорак_2026_йил_)_uz
2026-07-01;company:SEMURG SUG'URTA AJ QK;"""SEMURG SUG‘URTA"" AJ QK";общее;region:SURXANDARYO;Сурхандарьинская область;9.232;185.667;7498;2011.044;1231;Страх_отчет(II_чорак_2026_йил_)_uz
2026-07-01;company:SEMURG SUG'URTA AJ QK;"""SEMURG SUG‘URTA"" AJ QK";общее;region:TOSHKENT;Ташкентская область;1086.407;25.939;3257;2.388;333560;Страх_отчет(II_чорак_2026_йил_)_uz
2026-07-01;company:SEMURG SUG'URTA AJ QK;"""SEMURG SUG‘URTA"" AJ QK";общее;region:TOSHKENT SHAHRI;город Ташкент;5558.656;1543.297;9515;27.764;584199;Страх_отчет(II_чорак_2026_йил_)_uz
2026-07-01;company:SEMURG SUG'URTA AJ QK;"""SEMURG SUG‘URTA"" AJ QK";общее;region:XORAZM;Хорезмская область;0.000;35.596;2199;;0;Страх_отчет(II_чорак_2026_йил_)_uz
2026-07-01;company:SEMURG SUG'URTA AJ QK;"""SEMURG SUG‘URTA"" AJ QK";общее;total;Все регионы;7758.040;3065.154;61927;39.509;125277;Страх_отчет(II_чорак_2026_йил_)_uz
2026-07-01;company:SQB INSURANCE SUG'URTA KOMPANIYASI AJ;"""SQB INSURANCE SUG‘URTA KOMPANIYASI"" AJ";общее;region:ANDIJON;Андижанская область;1755.410;684.062;6914;38.969;253892;Страх_отчет(II_чорак_2026_йил_)_uz
2026-07-01;company:SQB INSURANCE SUG'URTA KOMPANIYASI AJ;"""SQB INSURANCE SUG‘URTA KOMPANIYASI"" AJ";общее;region:BUXORO;Бухарская область;1079.135;641.280;6041;59.425;178635;Страх_отчет(II_чорак_2026_йил_)_uz
2026-07-01;company:SQB INSURANCE SUG'URTA KOMPANIYASI AJ;"""SQB INSURANCE SUG‘URTA KOMPANIYASI"" AJ";общее;region:FARG'ONA;Ферганская область;2616.985;1078.677;10383;41.218;252045;Страх_отчет(II_чорак_2026_йил_)_uz
2026-07-01;company:SQB INSURANCE SUG'URTA KOMPANIYASI AJ;"""SQB INSURANCE SUG‘URTA KOMPANIYASI"" AJ";общее;region:JIZZAX;Джизакская область;1835.944;1235.151;5239;67.276;350438;Страх_отчет(II_чорак_2026_йил_)_uz
2026-07-01;company:SQB INSURANCE SUG'URTA KOMPANIYASI AJ;"""SQB INSURANCE SUG‘URTA KOMPANIYASI"" AJ";общее;region:NAMANGAN;Наманганская область;1334.148;225.037;4693;16.867;284285;Страх_отчет(II_чорак_2026_йил_)_uz
2026-07-01;company:SQB INSURANCE SUG'URTA KOMPANIYASI AJ;"""SQB INSURANCE SUG‘URTA KOMPANIYASI"" AJ";общее;region:NAVOIY;Навоийская область;3272.400;321.698;11225;9.831;291528;Страх_отчет(II_чорак_2026_йил_)_uz
2026-07-01;company:SQB INSURANCE SUG'URTA KOMPANIYASI AJ;"""SQB INSURANCE SUG‘URTA KOMPANIYASI"" AJ";общее;region:QASHQADARYO;Кашкадарьинская область;1392.796;874.903;8656;62.816;160905;Страх_отчет(II_чорак_2026_йил_)_uz
2026-07-01;company:SQB INSURANCE SUG'URTA KOMPANIYASI AJ;"""SQB INSURANCE SUG‘URTA KOMPANIYASI"" AJ";общее;region:QORAQALPOG'ISTON RESPUBLIKASI;Республика Каракалпакстан;3544.602;2105.857;13569;59.410;261228;Страх_отчет(II_чорак_2026_йил_)_uz
2026-07-01;company:SQB INSURANCE SUG'URTA KOMPANIYASI AJ;"""SQB INSURANCE SUG‘URTA KOMPANIYASI"" AJ";общее;region:SAMARQAND;Самаркандская область;2194.660;964.295;9463;43.938;231920;Страх_отчет(II_чорак_2026_йил_)_uz
2026-07-01;company:SQB INSURANCE SUG'URTA KOMPANIYASI AJ;"""SQB INSURANCE SUG‘URTA KOMPANIYASI"" AJ";общее;region:SIRDARYO;Сырдарьинская область;529.907;1529.476;3672;288.631;144310;Страх_отчет(II_чорак_2026_йил_)_uz
2026-07-01;company:SQB INSURANCE SUG'URTA KOMPANIYASI AJ;"""SQB INSURANCE SUG‘URTA KOMPANIYASI"" AJ";общее;region:SURXANDARYO;Сурхандарьинская область;676.767;378.147;4506;55.875;150192;Страх_отчет(II_чорак_2026_йил_)_uz
2026-07-01;company:SQB INSURANCE SUG'URTA KOMPANIYASI AJ;"""SQB INSURANCE SUG‘URTA KOMPANIYASI"" AJ";общее;region:TOSHKENT;Ташкентская область;11038.885;3783.243;9414;34.272;1172603;Страх_отчет(II_чорак_2026_йил_)_uz
2026-07-01;company:SQB INSURANCE SUG'URTA KOMPANIYASI AJ;"""SQB INSURANCE SUG‘URTA KOMPANIYASI"" AJ";общее;region:TOSHKENT SHAHRI;город Ташкент;90557.161;35263.182;261269;38.940;346605;Страх_отчет(II_чорак_2026_йил_)_uz
2026-07-01;company:SQB INSURANCE SUG'URTA KOMPANIYASI AJ;"""SQB INSURANCE SUG‘URTA KOMPANIYASI"" AJ";общее;region:XORAZM;Хорезмская область;5447.925;359.401;6108;6.597;891933;Страх_отчет(II_чорак_2026_йил_)_uz
2026-07-01;company:SQB INSURANCE SUG'URTA KOMPANIYASI AJ;"""SQB INSURANCE SUG‘URTA KOMPANIYASI"" AJ";общее;total;Все регионы;127276.726;49444.410;361152;38.848;352419;Страх_отчет(II_чорак_2026_йил_)_uz
2026-07-01;company:TBC SUG'URTA AJ;"""TBC SUG‘URTA"" AJ";жизнь;region:ANDIJON;Андижанская область;0.000;0.000;0;;;Страх_отчет(II_чорак_2026_йил_)_uz
2026-07-01;company:TBC SUG'URTA AJ;"""TBC SUG‘URTA"" AJ";жизнь;region:BUXORO;Бухарская область;0.000;0.000;0;;;Страх_отчет(II_чорак_2026_йил_)_uz
2026-07-01;company:TBC SUG'URTA AJ;"""TBC SUG‘URTA"" AJ";жизнь;region:FARG'ONA;Ферганская область;0.000;0.000;0;;;Страх_отчет(II_чорак_2026_йил_)_uz
2026-07-01;company:TBC SUG'URTA AJ;"""TBC SUG‘URTA"" AJ";жизнь;region:JIZZAX;Джизакская область;0.000;0.000;0;;;Страх_отчет(II_чорак_2026_йил_)_uz
2026-07-01;company:TBC SUG'URTA AJ;"""TBC SUG‘URTA"" AJ";жизнь;region:NAMANGAN;Наманганская область;0.000;0.000;0;;;Страх_отчет(II_чорак_2026_йил_)_uz
2026-07-01;company:TBC SUG'URTA AJ;"""TBC SUG‘URTA"" AJ";жизнь;region:NAVOIY;Навоийская область;0.000;0.000;0;;;Страх_отчет(II_чорак_2026_йил_)_uz
2026-07-01;company:TBC SUG'URTA AJ;"""TBC SUG‘URTA"" AJ";жизнь;region:QASHQADARYO;Кашкадарьинская область;0.000;0.000;0;;;Страх_отчет(II_чорак_2026_йил_)_uz
2026-07-01;company:TBC SUG'URTA AJ;"""TBC SUG‘URTA"" AJ";жизнь;region:QORAQALPOG'ISTON RESPUBLIKASI;Республика Каракалпакстан;0.000;0.000;0;;;Страх_отчет(II_чорак_2026_йил_)_uz
2026-07-01;company:TBC SUG'URTA AJ;"""TBC SUG‘URTA"" AJ";жизнь;region:SAMARQAND;Самаркандская область;0.000;0.000;0;;;Страх_отчет(II_чорак_2026_йил_)_uz
2026-07-01;company:TBC SUG'URTA AJ;"""TBC SUG‘URTA"" AJ";жизнь;region:SIRDARYO;Сырдарьинская область;0.000;0.000;0;;;Страх_отчет(II_чорак_2026_йил_)_uz
2026-07-01;company:TBC SUG'URTA AJ;"""TBC SUG‘URTA"" AJ";жизнь;region:SURXANDARYO;Сурхандарьинская область;0.000;0.000;0;;;Страх_отчет(II_чорак_2026_йил_)_uz
2026-07-01;company:TBC SUG'URTA AJ;"""TBC SUG‘URTA"" AJ";жизнь;region:TOSHKENT;Ташкентская область;0.000;0.000;0;;;Страх_отчет(II_чорак_2026_йил_)_uz
2026-07-01;company:TBC SUG'URTA AJ;"""TBC SUG‘URTA"" AJ";жизнь;region:TOSHKENT SHAHRI;город Ташкент;33453.467;661.255;204011;1.977;163979;Страх_отчет(II_чорак_2026_йил_)_uz
2026-07-01;company:TBC SUG'URTA AJ;"""TBC SUG‘URTA"" AJ";жизнь;region:XORAZM;Хорезмская область;0.000;0.000;0;;;Страх_отчет(II_чорак_2026_йил_)_uz
2026-07-01;company:TBC SUG'URTA AJ;"""TBC SUG‘URTA"" AJ";жизнь;total;Все регионы;33453.467;661.255;204011;1.977;163979;Страх_отчет(II_чорак_2026_йил_)_uz
2026-07-01;company:TEMIRYO'L SUG'URTA AJ;"""TEMIRYO‘L SUG‘URTA"" AJ";общее;region:ANDIJON;Андижанская область;1083.647;146.855;6134;13.552;176662;Страх_отчет(II_чорак_2026_йил_)_uz
2026-07-01;company:TEMIRYO'L SUG'URTA AJ;"""TEMIRYO‘L SUG‘URTA"" AJ";общее;region:BUXORO;Бухарская область;18769.537;69.906;480;0.372;39103202;Страх_отчет(II_чорак_2026_йил_)_uz
2026-07-01;company:TEMIRYO'L SUG'URTA AJ;"""TEMIRYO‘L SUG‘URTA"" AJ";общее;region:FARG'ONA;Ферганская область;1240.781;422.256;2545;34.032;487537;Страх_отчет(II_чорак_2026_йил_)_uz
2026-07-01;company:TEMIRYO'L SUG'URTA AJ;"""TEMIRYO‘L SUG‘URTA"" AJ";общее;region:JIZZAX;Джизакская область;1301.154;649.316;2402;49.903;541696;Страх_отчет(II_чорак_2026_йил_)_uz
2026-07-01;company:TEMIRYO'L SUG'URTA AJ;"""TEMIRYO‘L SUG‘URTA"" AJ";общее;region:NAMANGAN;Наманганская область;295.446;52.062;1725;17.622;171273;Страх_отчет(II_чорак_2026_йил_)_uz
2026-07-01;company:TEMIRYO'L SUG'URTA AJ;"""TEMIRYO‘L SUG‘URTA"" AJ";общее;region:NAVOIY;Навоийская область;1847.343;1592.296;2578;86.194;716580;Страх_отчет(II_чорак_2026_йил_)_uz
2026-07-01;company:TEMIRYO'L SUG'URTA AJ;"""TEMIRYO‘L SUG‘URTA"" AJ";общее;region:QASHQADARYO;Кашкадарьинская область;825.640;297.904;1241;36.082;665302;Страх_отчет(II_чорак_2026_йил_)_uz
2026-07-01;company:TEMIRYO'L SUG'URTA AJ;"""TEMIRYO‘L SUG‘URTA"" AJ";общее;region:QORAQALPOG'ISTON RESPUBLIKASI;Республика Каракалпакстан;150.946;198.463;1189;131.479;126952;Страх_отчет(II_чорак_2026_йил_)_uz
2026-07-01;company:TEMIRYO'L SUG'URTA AJ;"""TEMIRYO‘L SUG‘URTA"" AJ";общее;region:SAMARQAND;Самаркандская область;1483.662;1652.170;4567;111.358;324866;Страх_отчет(II_чорак_2026_йил_)_uz
2026-07-01;company:TEMIRYO'L SUG'URTA AJ;"""TEMIRYO‘L SUG‘URTA"" AJ";общее;region:SIRDARYO;Сырдарьинская область;354.637;209.137;827;58.972;428824;Страх_отчет(II_чорак_2026_йил_)_uz
2026-07-01;company:TEMIRYO'L SUG'URTA AJ;"""TEMIRYO‘L SUG‘URTA"" AJ";общее;region:SURXANDARYO;Сурхандарьинская область;701.567;102.844;4062;14.659;172715;Страх_отчет(II_чорак_2026_йил_)_uz
2026-07-01;company:TEMIRYO'L SUG'URTA AJ;"""TEMIRYO‘L SUG‘URTA"" AJ";общее;region:TOSHKENT;Ташкентская область;5947.022;173.523;1352;2.918;4398685;Страх_отчет(II_чорак_2026_йил_)_uz
2026-07-01;company:TEMIRYO'L SUG'URTA AJ;"""TEMIRYO‘L SUG‘URTA"" AJ";общее;region:TOSHKENT SHAHRI;город Ташкент;57512.059;8646.089;16657;15.034;3452726;Страх_отчет(II_чорак_2026_йил_)_uz
2026-07-01;company:TEMIRYO'L SUG'URTA AJ;"""TEMIRYO‘L SUG‘URTA"" AJ";общее;region:XORAZM;Хорезмская область;1615.690;554.249;7643;34.304;211395;Страх_отчет(II_чорак_2026_йил_)_uz
2026-07-01;company:TEMIRYO'L SUG'URTA AJ;"""TEMIRYO‘L SUG‘URTA"" AJ";общее;total;Все регионы;93129.131;14767.070;53402;15.857;1743926;Страх_отчет(II_чорак_2026_йил_)_uz
2026-07-01;company:TRUST-INSURANCE AJ;"""TRUST-INSURANCE"" AJ";общее;region:ANDIJON;Андижанская область;1238.326;8.524;5015;0.688;246924;Страх_отчет(II_чорак_2026_йил_)_uz
2026-07-01;company:TRUST-INSURANCE AJ;"""TRUST-INSURANCE"" AJ";общее;region:BUXORO;Бухарская область;710.012;217.381;2078;30.617;341680;Страх_отчет(II_чорак_2026_йил_)_uz
2026-07-01;company:TRUST-INSURANCE AJ;"""TRUST-INSURANCE"" AJ";общее;region:FARG'ONA;Ферганская область;6565.529;33920.985;90249;516.653;72749;Страх_отчет(II_чорак_2026_йил_)_uz
2026-07-01;company:TRUST-INSURANCE AJ;"""TRUST-INSURANCE"" AJ";общее;region:JIZZAX;Джизакская область;87.901;108.027;569;122.896;154484;Страх_отчет(II_чорак_2026_йил_)_uz
2026-07-01;company:TRUST-INSURANCE AJ;"""TRUST-INSURANCE"" AJ";общее;region:NAMANGAN;Наманганская область;220.744;0.000;115;0.000;1919513;Страх_отчет(II_чорак_2026_йил_)_uz
2026-07-01;company:TRUST-INSURANCE AJ;"""TRUST-INSURANCE"" AJ";общее;region:NAVOIY;Навоийская область;368.094;0.000;1625;0.000;226519;Страх_отчет(II_чорак_2026_йил_)_uz
2026-07-01;company:TRUST-INSURANCE AJ;"""TRUST-INSURANCE"" AJ";общее;region:QASHQADARYO;Кашкадарьинская область;1766.005;712.576;1451;40.350;1217095;Страх_отчет(II_чорак_2026_йил_)_uz
2026-07-01;company:TRUST-INSURANCE AJ;"""TRUST-INSURANCE"" AJ";общее;region:QORAQALPOG'ISTON RESPUBLIKASI;Республика Каракалпакстан;7.670;110.896;1224;1445.844;6266;Страх_отчет(II_чорак_2026_йил_)_uz
2026-07-01;company:TRUST-INSURANCE AJ;"""TRUST-INSURANCE"" AJ";общее;region:SAMARQAND;Самаркандская область;4605.684;140.329;14681;3.047;313717;Страх_отчет(II_чорак_2026_йил_)_uz
2026-07-01;company:TRUST-INSURANCE AJ;"""TRUST-INSURANCE"" AJ";общее;region:SIRDARYO;Сырдарьинская область;366.345;0.000;672;0.000;545156;Страх_отчет(II_чорак_2026_йил_)_uz
2026-07-01;company:TRUST-INSURANCE AJ;"""TRUST-INSURANCE"" AJ";общее;region:SURXANDARYO;Сурхандарьинская область;1190.978;152.917;2988;12.840;398587;Страх_отчет(II_чорак_2026_йил_)_uz
2026-07-01;company:TRUST-INSURANCE AJ;"""TRUST-INSURANCE"" AJ";общее;region:TOSHKENT;Ташкентская область;802.653;35.117;2044;4.375;392688;Страх_отчет(II_чорак_2026_йил_)_uz
2026-07-01;company:TRUST-INSURANCE AJ;"""TRUST-INSURANCE"" AJ";общее;region:TOSHKENT SHAHRI;город Ташкент;139592.968;13925.743;122060;9.976;1143642;Страх_отчет(II_чорак_2026_йил_)_uz
2026-07-01;company:TRUST-INSURANCE AJ;"""TRUST-INSURANCE"" AJ";общее;region:XORAZM;Хорезмская область;553.407;42.993;3567;7.769;155146;Страх_отчет(II_чорак_2026_йил_)_uz
2026-07-01;company:TRUST-INSURANCE AJ;"""TRUST-INSURANCE"" AJ";общее;total;Все регионы;158076.317;49375.487;248338;31.235;636537;Страх_отчет(II_чорак_2026_йил_)_uz
2026-07-01;company:XALQ SUG'URTA AJ;"""XALQ SUG‘URTA"" AJ";общее;region:ANDIJON;Андижанская область;1077.458;59.865;22185;5.556;48567;Страх_отчет(II_чорак_2026_йил_)_uz
2026-07-01;company:XALQ SUG'URTA AJ;"""XALQ SUG‘URTA"" AJ";общее;region:BUXORO;Бухарская область;812.019;289.725;23672;35.680;34303;Страх_отчет(II_чорак_2026_йил_)_uz
2026-07-01;company:XALQ SUG'URTA AJ;"""XALQ SUG‘URTA"" AJ";общее;region:FARG'ONA;Ферганская область;1348.771;281.155;25891;20.845;52094;Страх_отчет(II_чорак_2026_йил_)_uz
2026-07-01;company:XALQ SUG'URTA AJ;"""XALQ SUG‘URTA"" AJ";общее;region:JIZZAX;Джизакская область;1286.639;403.536;17198;31.364;74813;Страх_отчет(II_чорак_2026_йил_)_uz
2026-07-01;company:XALQ SUG'URTA AJ;"""XALQ SUG‘URTA"" AJ";общее;region:NAMANGAN;Наманганская область;686.375;318.218;16265;46.362;42199;Страх_отчет(II_чорак_2026_йил_)_uz
2026-07-01;company:XALQ SUG'URTA AJ;"""XALQ SUG‘URTA"" AJ";общее;region:NAVOIY;Навоийская область;337.670;284.081;13384;84.130;25229;Страх_отчет(II_чорак_2026_йил_)_uz
2026-07-01;company:XALQ SUG'URTA AJ;"""XALQ SUG‘URTA"" AJ";общее;region:QASHQADARYO;Кашкадарьинская область;1342.463;456.250;22176;33.986;60537;Страх_отчет(II_чорак_2026_йил_)_uz
2026-07-01;company:XALQ SUG'URTA AJ;"""XALQ SUG‘URTA"" AJ";общее;region:QORAQALPOG'ISTON RESPUBLIKASI;Республика Каракалпакстан;559.772;278.341;18698;49.724;29938;Страх_отчет(II_чорак_2026_йил_)_uz
2026-07-01;company:XALQ SUG'URTA AJ;"""XALQ SUG‘URTA"" AJ";общее;region:SAMARQAND;Самаркандская область;2966.726;758.996;33863;25.584;87610;Страх_отчет(II_чорак_2026_йил_)_uz
2026-07-01;company:XALQ SUG'URTA AJ;"""XALQ SUG‘URTA"" AJ";общее;region:SIRDARYO;Сырдарьинская область;1277.292;455.161;14523;35.635;87950;Страх_отчет(II_чорак_2026_йил_)_uz
2026-07-01;company:XALQ SUG'URTA AJ;"""XALQ SUG‘URTA"" AJ";общее;region:SURXANDARYO;Сурхандарьинская область;799.912;399.743;23442;49.973;34123;Страх_отчет(II_чорак_2026_йил_)_uz
2026-07-01;company:XALQ SUG'URTA AJ;"""XALQ SUG‘URTA"" AJ";общее;region:TOSHKENT;Ташкентская область;1064.106;163.049;11834;15.323;89919;Страх_отчет(II_чорак_2026_йил_)_uz
2026-07-01;company:XALQ SUG'URTA AJ;"""XALQ SUG‘URTA"" AJ";общее;region:TOSHKENT SHAHRI;город Ташкент;13773.447;5931.123;420726;43.062;32737;Страх_отчет(II_чорак_2026_йил_)_uz
2026-07-01;company:XALQ SUG'URTA AJ;"""XALQ SUG‘URTA"" AJ";общее;region:XORAZM;Хорезмская область;1105.890;194.459;19242;17.584;57473;Страх_отчет(II_чорак_2026_йил_)_uz
2026-07-01;company:XALQ SUG'URTA AJ;"""XALQ SUG‘URTA"" AJ";общее;total;Все регионы;28438.538;10273.703;683099;36.126;41632;Страх_отчет(II_чорак_2026_йил_)_uz
2026-07-01;total;Весь рынок;;region:ANDIJON;Андижанская область;119485.365;19547.428;554859;16.360;215344;Страх_отчет(II_чорак_2026_йил_)_uz
2026-07-01;total;Весь рынок;;region:BUXORO;Бухарская область;131332.729;17242.940;410797;13.129;319702;Страх_отчет(II_чорак_2026_йил_)_uz
2026-07-01;total;Весь рынок;;region:FARG'ONA;Ферганская область;172041.644;63892.943;859837;37.138;200086;Страх_отчет(II_чорак_2026_йил_)_uz
2026-07-01;total;Весь рынок;;region:JIZZAX;Джизакская область;65431.436;14122.409;299440;21.584;218513;Страх_отчет(II_чорак_2026_йил_)_uz
2026-07-01;total;Весь рынок;;region:NAMANGAN;Наманганская область;102450.779;12458.707;497608;12.161;205887;Страх_отчет(II_чорак_2026_йил_)_uz
2026-07-01;total;Весь рынок;;region:NAVOIY;Навоийская область;62220.810;14264.739;274548;22.926;226630;Страх_отчет(II_чорак_2026_йил_)_uz
2026-07-01;total;Весь рынок;;region:QASHQADARYO;Кашкадарьинская область;147056.265;16722.394;508481;11.371;289207;Страх_отчет(II_чорак_2026_йил_)_uz
2026-07-01;total;Весь рынок;;region:QORAQALPOG'ISTON RESPUBLIKASI;Республика Каракалпакстан;71421.484;15622.555;289303;21.874;246874;Страх_отчет(II_чорак_2026_йил_)_uz
2026-07-01;total;Весь рынок;;region:SAMARQAND;Самаркандская область;154564.978;16055.763;720768;10.388;214445;Страх_отчет(II_чорак_2026_йил_)_uz
2026-07-01;total;Весь рынок;;region:SIRDARYO;Сырдарьинская область;61885.883;9363.855;175348;15.131;352932;Страх_отчет(II_чорак_2026_йил_)_uz
2026-07-01;total;Весь рынок;;region:SURXANDARYO;Сурхандарьинская область;88735.024;10863.559;399179;12.243;222294;Страх_отчет(II_чорак_2026_йил_)_uz
2026-07-01;total;Весь рынок;;region:TOSHKENT;Ташкентская область;163448.382;37523.076;340745;22.957;479679;Страх_отчет(II_чорак_2026_йил_)_uz
2026-07-01;total;Весь рынок;;region:TOSHKENT SHAHRI;город Ташкент;6577025.259;1989085.229;7202194;30.243;913197;Страх_отчет(II_чорак_2026_йил_)_uz
2026-07-01;total;Весь рынок;;region:XORAZM;Хорезмская область;102617.931;16198.028;422487;15.785;242890;Страх_отчет(II_чорак_2026_йил_)_uz
2026-07-01;total;Весь рынок;;total;Все регионы;8019717.968;2252963.623;12955594;28.093;619016;Страх_отчет(II_чорак_2026_йил_)_uz
