report_period;indicator_code;indicator_name;section;company;company_raw;is_life;value_prev;share_prev;rank_prev;value_cur;share_cur;rank_cur;change_pct;change_pp;growth_impact_pp;unit;page;source_file
2026-Q2;total_assets;Совокупные активы;суммарные;ВСЕГО;ВСЕГО;0;12847076,1;;;16983880,3;;;32,2;;;млн сум;9;Рэнкинг страховых компаний — II квартал 2026 (snsratings.uz).txt
2026-Q2;total_assets;Совокупные активы;суммарные;APEX INSURANCE AJ;APEX INSURANCE;0;3198120,6;24,89;1;4239888,0;24,96;1;32,57;0,07;8,11;млн сум;9;Рэнкинг страховых компаний — II квартал 2026 (snsratings.uz).txt
2026-Q2;total_assets;Совокупные активы;суммарные;O'ZBEKINVEST EISK AJ;O`ZBEKINVEST;0;2364510,8;18,41;2;2688216,1;15,83;2;13,69;-2,58;2,52;млн сум;9;Рэнкинг страховых компаний — II квартал 2026 (snsratings.uz).txt
2026-Q2;total_assets;Совокупные активы;суммарные;EUROASIA INSURANCE AJ QK;EUROASIA INSURANCE;0;333672,1;2,6;10;769656,6;4,53;3;130,66;1,93;3,39;млн сум;9;Рэнкинг страховых компаний — II квартал 2026 (snsratings.uz).txt
2026-Q2;total_assets;Совокупные активы;суммарные;KAFOLAT SUG'URTA KOMPANIYASI AJ;KAFOLAT SUG`URTA KOMPANIYASI;0;689350,4;5,37;3;757594,8;4,46;4;9,9;-0,91;0,53;млн сум;9;Рэнкинг страховых компаний — II квартал 2026 (snsratings.uz).txt
2026-Q2;total_assets;Совокупные активы;суммарные;MY-INSURANCE AJ;MY-INSURANCE;0;522448,6;4,07;4;756819,4;4,46;5;44,86;0,39;1,82;млн сум;9;Рэнкинг страховых компаний — II квартал 2026 (snsratings.uz).txt
2026-Q2;total_assets;Совокупные активы;суммарные;APEX LIFE INSURANCE AJ;APEX LIFE INSURANCE;1;237649,2;1,85;15;624373,7;3,68;6;162,73;1,83;3,01;млн сум;9;Рэнкинг страховых компаний — II квартал 2026 (snsratings.uz).txt
2026-Q2;total_assets;Совокупные активы;суммарные;GROSS SUG'URTA KOMPANIYASI AJ;GROSS SUG`URTA KOMPANIYASI;0;502911,3;3,91;6;621268,7;3,66;7;23,53;-0,25;0,92;млн сум;9;Рэнкинг страховых компаний — II квартал 2026 (snsratings.uz).txt
2026-Q2;total_assets;Совокупные активы;суммарные;ALFA INVEST SUG'URTA KOMPANIYASI AJ;ALFA INVEST SUG`URTA KOMPANIYASI;0;520977,9;4,06;5;512778,6;3,02;8;-1,57;-1,04;-0,06;млн сум;9;Рэнкинг страховых компаний — II квартал 2026 (snsratings.uz).txt
2026-Q2;total_assets;Совокупные активы;суммарные;KAPITAL SUG'URTA AJ;KAPITAL SUG`URTA;0;371692,6;2,89;8;451851,5;2,66;9;21,57;-0,23;0,62;млн сум;9;Рэнкинг страховых компаний — II квартал 2026 (snsratings.uz).txt
2026-Q2;total_assets;Совокупные активы;суммарные;SQB INSURANCE SUG'URTA KOMPANIYASI AJ;SQB INSURANCE SUG`URTA KOMPANIYASI;0;351363,8;2,73;9;431395,1;2,54;10;22,78;-0,19;0,62;млн сум;9;Рэнкинг страховых компаний — II квартал 2026 (snsratings.uz).txt
2026-Q2;total_assets;Совокупные активы;суммарные;ASIA INSURANCE SUG'URTA KOMPANIYASI AJ;ASIA INSURANCE SUG`URTA KOMPANIYASI;0;149231,8;1,16;21;402184,8;2,37;11;169,5;1,21;1,97;млн сум;9;Рэнкинг страховых компаний — II квартал 2026 (snsratings.uz).txt
2026-Q2;total_assets;Совокупные активы;суммарные;MOSAIC INSURANCE GROUP AJ QK;MOSAIC INSURANCE GROUP;0;277841,3;2,16;11;364958,4;2,15;12;31,35;-0,01;0,68;млн сум;9;Рэнкинг страховых компаний — II квартал 2026 (snsratings.uz).txt
2026-Q2;total_assets;Совокупные активы;суммарные;TEMIRYO'L SUG'URTA AJ;TEMIRYO`L SUG`URTA;0;257287,4;2,0;13;336219,2;1,98;13;30,68;-0,02;0,61;млн сум;9;Рэнкинг страховых компаний — II квартал 2026 (snsratings.uz).txt
2026-Q2;total_assets;Совокупные активы;суммарные;O'ZAGROSUG'URTA AJ;O`ZAGROSUG`URTA;0;407594,8;3,17;7;332548,2;1,96;14;-18,41;-1,21;-0,58;млн сум;9;Рэнкинг страховых компаний — II квартал 2026 (snsratings.uz).txt
2026-Q2;total_assets;Совокупные активы;суммарные;IMKON SUG'URTA AJ;IMKON-SUG`URTA;0;231126,6;1,8;16;282891,2;1,67;15;22,4;-0,13;0,4;млн сум;9;Рэнкинг страховых компаний — II квартал 2026 (snsratings.uz).txt
2026-Q2;total_assets;Совокупные активы;суммарные;TRUST-INSURANCE AJ;TRUST-INSURANCE;0;142321,8;1,11;24;282305,2;1,66;16;98,36;0,55;1,09;млн сум;9;Рэнкинг страховых компаний — II квартал 2026 (snsratings.uz).txt
2026-Q2;total_assets;Совокупные активы;суммарные;XALQ SUG'URTA AJ;XALQ SUG`URTA;0;261682,5;2,04;12;278539,4;1,64;17;6,44;-0,4;0,13;млн сум;9;Рэнкинг страховых компаний — II квартал 2026 (snsratings.uz).txt
2026-Q2;total_assets;Совокупные активы;суммарные;INSON AJ;INSON;0;207277,6;1,61;18;272856,7;1,61;18;31,64;0,0;0,51;млн сум;9;Рэнкинг страховых компаний — II квартал 2026 (snsratings.uz).txt
2026-Q2;total_assets;Совокупные активы;суммарные;ALSKOM AJ;ALSKOM SUG`URTA KOMPANIYASI;0;251308,8;1,96;14;271433,5;1,6;19;8,01;-0,36;0,16;млн сум;9;Рэнкинг страховых компаний — II квартал 2026 (snsratings.uz).txt
2026-Q2;total_assets;Совокупные активы;суммарные;KAFIL SUG'URTA AJ;KAFIL-SUG`URTA;0;218006,3;1,7;17;270036,3;1,59;20;23,87;-0,11;0,4;млн сум;9;Рэнкинг страховых компаний — II квартал 2026 (snsratings.uz).txt
2026-Q2;total_assets;Совокупные активы;суммарные;IMPEX-INSURANCE AJ;IMPEX-INSURANCE;0;144453,3;1,12;23;251744,7;1,48;21;74,27;0,36;0,84;млн сум;9;Рэнкинг страховых компаний — II квартал 2026 (snsratings.uz).txt
2026-Q2;total_assets;Совокупные активы;суммарные;INFINITY INSURANCE AJ;INFINITY INSURANCE;0;157158,6;1,22;20;211696,8;1,25;22;34,7;0,03;0,42;млн сум;9;Рэнкинг страховых компаний — II квартал 2026 (snsratings.uz).txt
2026-Q2;total_assets;Совокупные активы;суммарные;NEO INSURANCE CORP AJ;NEO INSURANCE CORP;0;98252,9;0,76;26;202164,5;1,19;23;105,76;0,43;0,81;млн сум;9;Рэнкинг страховых компаний — II квартал 2026 (snsratings.uz).txt
2026-Q2;total_assets;Совокупные активы;суммарные;QUANTUM INSURANCE AJ;QUANTUM INSURANCE;0;166406,0;1,3;19;188488,5;1,11;24;13,27;-0,19;0,17;млн сум;9;Рэнкинг страховых компаний — II квартал 2026 (snsratings.uz).txt
2026-Q2;total_assets;Совокупные активы;суммарные;ISHONCH SUG'URTA KOMPANIYASI AJ;ISHONCH SUG`URTA KOMPANIYASI;0;147865,2;1,15;22;177802,4;1,05;25;20,25;-0,1;0,23;млн сум;9;Рэнкинг страховых компаний — II квартал 2026 (snsratings.uz).txt
2026-Q2;total_assets;Совокупные активы;суммарные;HAMKOR SUG'URTA AJ;HAMKOR SUG`URTA;0;123529,0;0,96;25;149936,6;0,88;26;21,38;-0,08;0,21;млн сум;9;Рэнкинг страховых компаний — II квартал 2026 (snsratings.uz).txt
2026-Q2;total_assets;Совокупные активы;суммарные;O'ZBEKISTON QAYTA SUG'URTA KOMPANIYASI MQST AJ;O`ZBEKISTON QAYTA SUG`URTA KOMPANIYASI;0;;0,0;35;131626,3;0,78;27;0,0;0,78;1,02;млн сум;9;Рэнкинг страховых компаний — II квартал 2026 (snsratings.uz).txt
2026-Q2;total_assets;Совокупные активы;суммарные;TBC SUG'URTA AJ;TBC SUG`URTA;1;43486,4;0,34;34;129236,8;0,76;28;197,19;0,42;0,67;млн сум;9;Рэнкинг страховых компаний — II квартал 2026 (snsratings.uz).txt
2026-Q2;total_assets;Совокупные активы;суммарные;PRESTIGE INSURANCE AJ;PRESTIGE INSURANCE;1;;0,0;35;110643,8;0,65;29;0,0;0,65;0,86;млн сум;9;Рэнкинг страховых компаний — II квартал 2026 (snsratings.uz).txt
2026-Q2;total_assets;Совокупные активы;суммарные;ARIA SUG'URTA TASHKILOTI AJ;ARIA SUG`URTA TASHKILOTI;0;64253,7;0,5;30;108732,9;0,64;30;69,22;0,14;0,35;млн сум;9;Рэнкинг страховых компаний — II квартал 2026 (snsratings.uz).txt
2026-Q2;total_assets;Совокупные активы;суммарные;KAFOLAT HAYOT INSURANCE AJ;KAFOLAT HAYOT INSURANCE;1;76815,4;0,6;28;94917,0;0,56;31;23,57;-0,04;0,14;млн сум;9;Рэнкинг страховых компаний — II квартал 2026 (snsratings.uz).txt
2026-Q2;total_assets;Совокупные активы;суммарные;ALFA LIFE INSURANCE AJ;ALFA LIFE INSURANCE;1;70443,9;0,55;29;82830,2;0,49;32;17,58;-0,06;0,1;млн сум;9;Рэнкинг страховых компаний — II квартал 2026 (snsratings.uz).txt
2026-Q2;total_assets;Совокупные активы;суммарные;SEMURG SUG'URTA AJ QK;SEMURG INSURANCE;0;97875,1;0,76;27;76485,2;0,45;33;-21,85;-0,31;-0,17;млн сум;9;Рэнкинг страховых компаний — II квартал 2026 (snsratings.uz).txt
2026-Q2;total_assets;Совокупные активы;суммарные;O'ZBEKINVEST HAYOT SUG'URTA KOMPANIYASI AJ;O`ZBEKINVEST HAYOT SUG`URTA KOMPANIYASI;1;47467,8;0,37;33;66358,3;0,39;34;39,8;0,02;0,15;млн сум;9;Рэнкинг страховых компаний — II квартал 2026 (snsratings.uz).txt
2026-Q2;total_assets;Совокупные активы;суммарные;AGROS HAYOT AJ;AGROS HAYOT SUG`URTA KOMPANIYASI;1;50975,4;0,4;32;53400,9;0,31;35;4,76;-0,09;0,02;млн сум;9;Рэнкинг страховых компаний — II квартал 2026 (snsratings.uz).txt
2026-Q2;total_assets;Совокупные активы;суммарные;GLOBAL INSURANCE GROUP AJ;GLOBAL INSURANCE GROUP;0;61717,2;0,48;31;;0,0;36;-100,0;-0,48;-0,48;млн сум;9;Рэнкинг страховых компаний — II квартал 2026 (snsratings.uz).txt
2026-Q2;long_term_assets;Долгосрочные активы;суммарные;ВСЕГО;ВСЕГО;0;4559073,5;;;6719069,3;;;47,38;;;млн сум;10;Рэнкинг страховых компаний — II квартал 2026 (snsratings.uz).txt
2026-Q2;long_term_assets;Долгосрочные активы;суммарные;APEX INSURANCE AJ;APEX INSURANCE;0;1822163,6;39,97;1;3162556,3;47,07;1;73,56;7,1;29,4;млн сум;10;Рэнкинг страховых компаний — II квартал 2026 (snsratings.uz).txt
2026-Q2;long_term_assets;Долгосрочные активы;суммарные;O'ZBEKINVEST EISK AJ;O`ZBEKINVEST;0;615240,6;13,49;2;626106,3;9,32;2;1,77;-4,17;0,24;млн сум;10;Рэнкинг страховых компаний — II квартал 2026 (snsratings.uz).txt
2026-Q2;long_term_assets;Долгосрочные активы;суммарные;KAFOLAT SUG'URTA KOMPANIYASI AJ;KAFOLAT SUG`URTA KOMPANIYASI;0;233277,0;5,12;3;344677,2;5,13;3;47,75;0,01;2,44;млн сум;10;Рэнкинг страховых компаний — II квартал 2026 (snsratings.uz).txt
2026-Q2;long_term_assets;Долгосрочные активы;суммарные;SQB INSURANCE SUG'URTA KOMPANIYASI AJ;SQB INSURANCE SUG`URTA KOMPANIYASI;0;118559,2;2,6;9;216174,2;3,22;4;82,33;0,62;2,14;млн сум;10;Рэнкинг страховых компаний — II квартал 2026 (snsratings.uz).txt
2026-Q2;long_term_assets;Долгосрочные активы;суммарные;ALFA INVEST SUG'URTA KOMPANIYASI AJ;ALFA INVEST SUG`URTA KOMPANIYASI;0;145877,5;3,2;6;199531,6;2,97;5;36,78;-0,23;1,18;млн сум;10;Рэнкинг страховых компаний — II квартал 2026 (snsratings.uz).txt
2026-Q2;long_term_assets;Долгосрочные активы;суммарные;O'ZAGROSUG'URTA AJ;O`ZAGROSUG`URTA;0;169504,9;3,72;4;168565,8;2,51;6;-0,55;-1,21;-0,02;млн сум;10;Рэнкинг страховых компаний — II квартал 2026 (snsratings.uz).txt
2026-Q2;long_term_assets;Долгосрочные активы;суммарные;MY-INSURANCE AJ;MY-INSURANCE;0;121757,8;2,67;8;167081,5;2,49;7;37,22;-0,18;0,99;млн сум;10;Рэнкинг страховых компаний — II квартал 2026 (snsratings.uz).txt
2026-Q2;long_term_assets;Долгосрочные активы;суммарные;KAPITAL SUG'URTA AJ;KAPITAL SUG`URTA;0;164110,0;3,6;5;153479,0;2,28;8;-6,48;-1,32;-0,23;млн сум;10;Рэнкинг страховых компаний — II квартал 2026 (snsratings.uz).txt
2026-Q2;long_term_assets;Долгосрочные активы;суммарные;ASIA INSURANCE SUG'URTA KOMPANIYASI AJ;ASIA INSURANCE SUG`URTA KOMPANIYASI;0;61242,7;1,34;15;141021,4;2,1;9;130,27;0,76;1,75;млн сум;10;Рэнкинг страховых компаний — II квартал 2026 (snsratings.uz).txt
2026-Q2;long_term_assets;Долгосрочные активы;суммарные;ISHONCH SUG'URTA KOMPANIYASI AJ;ISHONCH SUG`URTA KOMPANIYASI;0;123810,9;2,72;7;140610,6;2,09;10;13,57;-0,63;0,37;млн сум;10;Рэнкинг страховых компаний — II квартал 2026 (snsratings.uz).txt
2026-Q2;long_term_assets;Долгосрочные активы;суммарные;TBC SUG'URTA AJ;TBC SUG`URTA;1;32200,0;0,71;22;126021,5;1,88;11;291,37;1,17;2,06;млн сум;10;Рэнкинг страховых компаний — II квартал 2026 (snsratings.uz).txt
2026-Q2;long_term_assets;Долгосрочные активы;суммарные;INFINITY INSURANCE AJ;INFINITY INSURANCE;0;117929,8;2,59;10;114562,6;1,71;12;-2,86;-0,88;-0,07;млн сум;10;Рэнкинг страховых компаний — II квартал 2026 (snsratings.uz).txt
2026-Q2;long_term_assets;Долгосрочные активы;суммарные;IMKON SUG'URTA AJ;IMKON-SUG`URTA;0;56586,2;1,24;16;110372,0;1,64;13;95,05;0,4;1,18;млн сум;10;Рэнкинг страховых компаний — II квартал 2026 (snsratings.uz).txt
2026-Q2;long_term_assets;Долгосрочные активы;суммарные;HAMKOR SUG'URTA AJ;HAMKOR SUG`URTA;0;42597,8;0,93;20;91657,4;1,36;14;115,17;0,43;1,08;млн сум;10;Рэнкинг страховых компаний — II квартал 2026 (snsratings.uz).txt
2026-Q2;long_term_assets;Долгосрочные активы;суммарные;O'ZBEKISTON QAYTA SUG'URTA KOMPANIYASI MQST AJ;O`ZBEKISTON QAYTA SUG`URTA KOMPANIYASI;0;;0,0;35;89308,6;1,33;15;0,0;1,33;1,96;млн сум;10;Рэнкинг страховых компаний — II квартал 2026 (snsratings.uz).txt
2026-Q2;long_term_assets;Долгосрочные активы;суммарные;KAFOLAT HAYOT INSURANCE AJ;KAFOLAT HAYOT INSURANCE;1;71094,4;1,56;12;88069,0;1,31;16;23,88;-0,25;0,37;млн сум;10;Рэнкинг страховых компаний — II квартал 2026 (snsratings.uz).txt
2026-Q2;long_term_assets;Долгосрочные активы;суммарные;ALSKOM AJ;ALSKOM SUG`URTA KOMPANIYASI;0;83491,3;1,83;11;84026,4;1,25;17;0,64;-0,58;0,01;млн сум;10;Рэнкинг страховых компаний — II квартал 2026 (snsratings.uz).txt
2026-Q2;long_term_assets;Долгосрочные активы;суммарные;INSON AJ;INSON;0;54116,3;1,19;18;78261,3;1,16;18;44,62;-0,03;0,53;млн сум;10;Рэнкинг страховых компаний — II квартал 2026 (snsratings.uz).txt
2026-Q2;long_term_assets;Долгосрочные активы;суммарные;TRUST-INSURANCE AJ;TRUST-INSURANCE;0;31593,2;0,69;23;77892,2;1,16;19;146,55;0,47;1,02;млн сум;10;Рэнкинг страховых компаний — II квартал 2026 (snsratings.uz).txt
2026-Q2;long_term_assets;Долгосрочные активы;суммарные;KAFIL SUG'URTA AJ;KAFIL-SUG`URTA;0;65841,4;1,44;13;74273,3;1,11;20;12,81;-0,33;0,18;млн сум;10;Рэнкинг страховых компаний — II квартал 2026 (snsratings.uz).txt
2026-Q2;long_term_assets;Долгосрочные активы;суммарные;EUROASIA INSURANCE AJ QK;EUROASIA INSURANCE;0;62192,2;1,36;14;70502,1;1,05;21;13,36;-0,31;0,18;млн сум;10;Рэнкинг страховых компаний — II квартал 2026 (snsratings.uz).txt
2026-Q2;long_term_assets;Долгосрочные активы;суммарные;ARIA SUG'URTA TASHKILOTI AJ;ARIA SUG`URTA TASHKILOTI;0;29512,1;0,65;24;64673,8;0,96;22;119,14;0,31;0,77;млн сум;10;Рэнкинг страховых компаний — II квартал 2026 (snsratings.uz).txt
2026-Q2;long_term_assets;Долгосрочные активы;суммарные;XALQ SUG'URTA AJ;XALQ SUG`URTA;0;55788,4;1,22;17;53345,8;0,79;23;-4,38;-0,43;-0,05;млн сум;10;Рэнкинг страховых компаний — II квартал 2026 (snsratings.uz).txt
2026-Q2;long_term_assets;Долгосрочные активы;суммарные;GROSS SUG'URTA KOMPANIYASI AJ;GROSS SUG`URTA KOMPANIYASI;0;52139,8;1,14;19;41281,8;0,61;24;-20,82;-0,53;-0,24;млн сум;10;Рэнкинг страховых компаний — II квартал 2026 (snsratings.uz).txt
2026-Q2;long_term_assets;Долгосрочные активы;суммарные;NEO INSURANCE CORP AJ;NEO INSURANCE CORP;0;39821,8;0,87;21;39721,4;0,59;25;-0,25;-0,28;0,0;млн сум;10;Рэнкинг страховых компаний — II квартал 2026 (snsratings.uz).txt
2026-Q2;long_term_assets;Долгосрочные активы;суммарные;APEX LIFE INSURANCE AJ;APEX LIFE INSURANCE;1;21394,8;0,47;30;34221,0;0,51;26;59,95;0,04;0,28;млн сум;10;Рэнкинг страховых компаний — II квартал 2026 (snsratings.uz).txt
2026-Q2;long_term_assets;Долгосрочные активы;суммарные;PRESTIGE INSURANCE AJ;PRESTIGE INSURANCE;1;;0,0;35;31874,3;0,47;27;0,0;0,47;0,7;млн сум;10;Рэнкинг страховых компаний — II квартал 2026 (snsratings.uz).txt
2026-Q2;long_term_assets;Долгосрочные активы;суммарные;O'ZBEKINVEST HAYOT SUG'URTA KOMPANIYASI AJ;O`ZBEKINVEST HAYOT SUG`URTA KOMPANIYASI;1;17908,6;0,39;32;28030,0;0,42;28;56,52;0,03;0,22;млн сум;10;Рэнкинг страховых компаний — II квартал 2026 (snsratings.uz).txt
2026-Q2;long_term_assets;Долгосрочные активы;суммарные;TEMIRYO'L SUG'URTA AJ;TEMIRYO`L SUG`URTA;0;26030,1;0,57;27;25435,5;0,38;29;-2,28;-0,19;-0,01;млн сум;10;Рэнкинг страховых компаний — II квартал 2026 (snsratings.uz).txt
2026-Q2;long_term_assets;Долгосрочные активы;суммарные;AGROS HAYOT AJ;AGROS HAYOT SUG`URTA KOMPANIYASI;1;23903,0;0,52;28;23329,4;0,35;30;-2,4;-0,17;-0,01;млн сум;10;Рэнкинг страховых компаний — II квартал 2026 (snsratings.uz).txt
2026-Q2;long_term_assets;Долгосрочные активы;суммарные;IMPEX-INSURANCE AJ;IMPEX-INSURANCE;0;28451,0;0,62;25;22915,1;0,34;31;-19,46;-0,28;-0,12;млн сум;10;Рэнкинг страховых компаний — II квартал 2026 (snsratings.uz).txt
2026-Q2;long_term_assets;Долгосрочные активы;суммарные;SEMURG SUG'URTA AJ QK;SEMURG INSURANCE;0;20124,2;0,44;31;14557,5;0,22;32;-27,66;-0,22;-0,12;млн сум;10;Рэнкинг страховых компаний — II квартал 2026 (snsratings.uz).txt
2026-Q2;long_term_assets;Долгосрочные активы;суммарные;ALFA LIFE INSURANCE AJ;ALFA LIFE INSURANCE;1;26952,0;0,59;26;12700,1;0,19;33;-52,88;-0,4;-0,31;млн сум;10;Рэнкинг страховых компаний — II квартал 2026 (snsratings.uz).txt
2026-Q2;long_term_assets;Долгосрочные активы;суммарные;QUANTUM INSURANCE AJ;QUANTUM INSURANCE;0;1705,5;0,04;33;1739,7;0,03;34;2,01;-0,01;0,0;млн сум;10;Рэнкинг страховых компаний — II квартал 2026 (snsratings.uz).txt
2026-Q2;long_term_assets;Долгосрочные активы;суммарные;MOSAIC INSURANCE GROUP AJ QK;MOSAIC INSURANCE GROUP;0;522,4;0,01;34;493,6;0,01;35;-5,51;0,0;0,0;млн сум;10;Рэнкинг страховых компаний — II квартал 2026 (snsratings.uz).txt
2026-Q2;long_term_assets;Долгосрочные активы;суммарные;GLOBAL INSURANCE GROUP AJ;GLOBAL INSURANCE GROUP;0;21633,0;0,47;29;;0,0;36;-100,0;-0,47;-0,47;млн сум;10;Рэнкинг страховых компаний — II квартал 2026 (snsratings.uz).txt
2026-Q2;fixed_intangible_assets;Основные средства и нематериальные активы;суммарные;ВСЕГО;ВСЕГО;0;2113778,2;;;2432958,1;;;15,1;;;млн сум;11;Рэнкинг страховых компаний — II квартал 2026 (snsratings.uz).txt
2026-Q2;fixed_intangible_assets;Основные средства и нематериальные активы;суммарные;APEX INSURANCE AJ;APEX INSURANCE;0;1238654,6;58,6;1;1356657,7;55,76;1;9,53;-2,84;5,58;млн сум;11;Рэнкинг страховых компаний — II квартал 2026 (snsratings.uz).txt
2026-Q2;fixed_intangible_assets;Основные средства и нематериальные активы;суммарные;MY-INSURANCE AJ;MY-INSURANCE;0;102390,9;4,84;2;141063,6;5,8;2;37,77;0,96;1,83;млн сум;11;Рэнкинг страховых компаний — II квартал 2026 (snsratings.uz).txt
2026-Q2;fixed_intangible_assets;Основные средства и нематериальные активы;суммарные;ASIA INSURANCE SUG'URTA KOMPANIYASI AJ;ASIA INSURANCE SUG`URTA KOMPANIYASI;0;40340,4;1,91;9;127391,4;5,24;3;215,79;3,33;4,12;млн сум;11;Рэнкинг страховых компаний — II квартал 2026 (snsratings.uz).txt
2026-Q2;fixed_intangible_assets;Основные средства и нематериальные активы;суммарные;O'ZAGROSUG'URTA AJ;O`ZAGROSUG`URTA;0;78701,9;3,72;4;74638,9;3,07;4;-5,16;-0,65;-0,19;млн сум;11;Рэнкинг страховых компаний — II квартал 2026 (snsratings.uz).txt
2026-Q2;fixed_intangible_assets;Основные средства и нематериальные активы;суммарные;ALFA INVEST SUG'URTA KOMPANIYASI AJ;ALFA INVEST SUG`URTA KOMPANIYASI;0;35380,3;1,67;12;72179,6;2,97;5;104,01;1,3;1,74;млн сум;11;Рэнкинг страховых компаний — II квартал 2026 (snsratings.uz).txt
2026-Q2;fixed_intangible_assets;Основные средства и нематериальные активы;суммарные;KAPITAL SUG'URTA AJ;KAPITAL SUG`URTA;0;100865,9;4,77;3;69096,6;2,84;6;-31,5;-1,93;-1,5;млн сум;11;Рэнкинг страховых компаний — II квартал 2026 (snsratings.uz).txt
2026-Q2;fixed_intangible_assets;Основные средства и нематериальные активы;суммарные;INFINITY INSURANCE AJ;INFINITY INSURANCE;0;50872,2;2,41;5;64822,6;2,66;7;27,42;0,25;0,66;млн сум;11;Рэнкинг страховых компаний — II квартал 2026 (snsratings.uz).txt
2026-Q2;fixed_intangible_assets;Основные средства и нематериальные активы;суммарные;KAFIL SUG'URTA AJ;KAFIL-SUG`URTA;0;49607,1;2,35;8;58279,0;2,4;8;17,48;0,05;0,41;млн сум;11;Рэнкинг страховых компаний — II квартал 2026 (snsratings.uz).txt
2026-Q2;fixed_intangible_assets;Основные средства и нематериальные активы;суммарные;EUROASIA INSURANCE AJ QK;EUROASIA INSURANCE;0;50789,5;2,4;6;50627,5;2,08;9;-0,32;-0,32;-0,01;млн сум;11;Рэнкинг страховых компаний — II квартал 2026 (snsratings.uz).txt
2026-Q2;fixed_intangible_assets;Основные средства и нематериальные активы;суммарные;ALSKOM AJ;ALSKOM SUG`URTA KOMPANIYASI;0;49736,4;2,35;7;50356,3;2,07;10;1,25;-0,28;0,03;млн сум;11;Рэнкинг страховых компаний — II квартал 2026 (snsratings.uz).txt
2026-Q2;fixed_intangible_assets;Основные средства и нематериальные активы;суммарные;KAFOLAT SUG'URTA KOMPANIYASI AJ;KAFOLAT SUG`URTA KOMPANIYASI;0;37447,0;1,77;11;48232,5;1,98;11;28,8;0,21;0,51;млн сум;11;Рэнкинг страховых компаний — II квартал 2026 (snsratings.uz).txt
2026-Q2;fixed_intangible_assets;Основные средства и нематериальные активы;суммарные;TRUST-INSURANCE AJ;TRUST-INSURANCE;0;31593,2;1,49;14;46638,3;1,92;12;47,62;0,43;0,71;млн сум;11;Рэнкинг страховых компаний — II квартал 2026 (snsratings.uz).txt
2026-Q2;fixed_intangible_assets;Основные средства и нематериальные активы;суммарные;NEO INSURANCE CORP AJ;NEO INSURANCE CORP;0;39679,2;1,88;10;39532,8;1,62;13;-0,37;-0,26;-0,01;млн сум;11;Рэнкинг страховых компаний — II квартал 2026 (snsratings.uz).txt
2026-Q2;fixed_intangible_assets;Основные средства и нематериальные активы;суммарные;O'ZBEKINVEST EISK AJ;O`ZBEKINVEST;0;35345,4;1,67;13;31924,7;1,31;14;-9,68;-0,36;-0,16;млн сум;11;Рэнкинг страховых компаний — II квартал 2026 (snsratings.uz).txt
2026-Q2;fixed_intangible_assets;Основные средства и нематериальные активы;суммарные;PRESTIGE INSURANCE AJ;PRESTIGE INSURANCE;1;;0,0;34;31827,8;1,31;15;0,0;1,31;1,51;млн сум;11;Рэнкинг страховых компаний — II квартал 2026 (snsratings.uz).txt
2026-Q2;fixed_intangible_assets;Основные средства и нематериальные активы;суммарные;ISHONCH SUG'URTA KOMPANIYASI AJ;ISHONCH SUG`URTA KOMPANIYASI;0;26832,6;1,27;15;28581,3;1,17;16;6,52;-0,1;0,08;млн сум;11;Рэнкинг страховых компаний — II квартал 2026 (snsratings.uz).txt
2026-Q2;fixed_intangible_assets;Основные средства и нематериальные активы;суммарные;APEX LIFE INSURANCE AJ;APEX LIFE INSURANCE;1;14226,8;0,67;20;28216,1;1,16;17;98,33;0,49;0,66;млн сум;11;Рэнкинг страховых компаний — II квартал 2026 (snsratings.uz).txt
2026-Q2;fixed_intangible_assets;Основные средства и нематериальные активы;суммарные;TEMIRYO'L SUG'URTA AJ;TEMIRYO`L SUG`URTA;0;24030,1;1,14;16;23435,5;0,96;18;-2,47;-0,18;-0,03;млн сум;11;Рэнкинг страховых компаний — II квартал 2026 (snsratings.uz).txt
2026-Q2;fixed_intangible_assets;Основные средства и нематериальные активы;суммарные;GROSS SUG'URTA KOMPANIYASI AJ;GROSS SUG`URTA KOMPANIYASI;0;16693,5;0,79;18;19745,6;0,81;19;18,28;0,02;0,14;млн сум;11;Рэнкинг страховых компаний — II квартал 2026 (snsratings.uz).txt
2026-Q2;fixed_intangible_assets;Основные средства и нематериальные активы;суммарные;IMPEX-INSURANCE AJ;IMPEX-INSURANCE;0;18804,0;0,89;17;18915,1;0,78;20;0,59;-0,11;0,01;млн сум;11;Рэнкинг страховых компаний — II квартал 2026 (snsratings.uz).txt
2026-Q2;fixed_intangible_assets;Основные средства и нематериальные активы;суммарные;ALFA LIFE INSURANCE AJ;ALFA LIFE INSURANCE;1;13339,2;0,63;21;12700,1;0,52;21;-4,79;-0,11;-0,03;млн сум;11;Рэнкинг страховых компаний — II квартал 2026 (snsratings.uz).txt
2026-Q2;fixed_intangible_assets;Основные средства и нематериальные активы;суммарные;INSON AJ;INSON;0;10155,2;0,48;23;10299,6;0,42;22;1,42;-0,06;0,01;млн сум;11;Рэнкинг страховых компаний — II квартал 2026 (snsratings.uz).txt
2026-Q2;fixed_intangible_assets;Основные средства и нематериальные активы;суммарные;KAFOLAT HAYOT INSURANCE AJ;KAFOLAT HAYOT INSURANCE;1;10400,5;0,49;22;9275,0;0,38;23;-10,82;-0,11;-0,05;млн сум;11;Рэнкинг страховых компаний — II квартал 2026 (snsratings.uz).txt
2026-Q2;fixed_intangible_assets;Основные средства и нематериальные активы;суммарные;XALQ SUG'URTA AJ;XALQ SUG`URTA;0;4378,9;0,21;25;4025,7;0,17;24;-8,07;-0,04;-0,02;млн сум;11;Рэнкинг страховых компаний — II квартал 2026 (snsratings.uz).txt
2026-Q2;fixed_intangible_assets;Основные средства и нематериальные активы;суммарные;SQB INSURANCE SUG'URTA KOMPANIYASI AJ;SQB INSURANCE SUG`URTA KOMPANIYASI;0;3005,7;0,14;26;3270,7;0,13;25;8,82;-0,01;0,01;млн сум;11;Рэнкинг страховых компаний — II квартал 2026 (snsratings.uz).txt
2026-Q2;fixed_intangible_assets;Основные средства и нематериальные активы;суммарные;SEMURG SUG'URTA AJ QK;SEMURG INSURANCE;0;16124,2;0,76;19;3057,5;0,13;26;-81,04;-0,63;-0,62;млн сум;11;Рэнкинг страховых компаний — II квартал 2026 (snsratings.uz).txt
2026-Q2;fixed_intangible_assets;Основные средства и нематериальные активы;суммарные;IMKON SUG'URTA AJ;IMKON-SUG`URTA;0;2086,3;0,1;27;2547,2;0,1;27;22,09;0,0;0,02;млн сум;11;Рэнкинг страховых компаний — II квартал 2026 (snsratings.uz).txt
2026-Q2;fixed_intangible_assets;Основные средства и нематериальные активы;суммарные;QUANTUM INSURANCE AJ;QUANTUM INSURANCE;0;1552,3;0,07;28;1586,6;0,07;28;2,21;0,0;0,0;млн сум;11;Рэнкинг страховых компаний — II квартал 2026 (snsratings.uz).txt
2026-Q2;fixed_intangible_assets;Основные средства и нематериальные активы;суммарные;ARIA SUG'URTA TASHKILOTI AJ;ARIA SUG`URTA TASHKILOTI;0;916,5;0,04;29;1445,3;0,06;29;57,7;0,02;0,03;млн сум;11;Рэнкинг страховых компаний — II квартал 2026 (snsratings.uz).txt
2026-Q2;fixed_intangible_assets;Основные средства и нематериальные активы;суммарные;O'ZBEKISTON QAYTA SUG'URTA KOMPANIYASI MQST AJ;O`ZBEKISTON QAYTA SUG`URTA KOMPANIYASI;0;;0,0;34;608,6;0,03;30;0,0;0,03;0,03;млн сум;11;Рэнкинг страховых компаний — II квартал 2026 (snsratings.uz).txt
2026-Q2;fixed_intangible_assets;Основные средства и нематериальные активы;суммарные;O'ZBEKINVEST HAYOT SUG'URTA KOMPANIYASI AJ;O`ZBEKINVEST HAYOT SUG`URTA KOMPANIYASI;1;648,7;0,03;31;546,7;0,02;31;-15,72;-0,01;0,0;млн сум;11;Рэнкинг страховых компаний — II квартал 2026 (snsratings.uz).txt
2026-Q2;fixed_intangible_assets;Основные средства и нематериальные активы;суммарные;MOSAIC INSURANCE GROUP AJ QK;MOSAIC INSURANCE GROUP;0;522,4;0,02;32;493,6;0,02;32;-5,51;0,0;0,0;млн сум;11;Рэнкинг страховых компаний — II квартал 2026 (snsratings.uz).txt
2026-Q2;fixed_intangible_assets;Основные средства и нематериальные активы;суммарные;HAMKOR SUG'URTA AJ;HAMKOR SUG`URTA;0;666,8;0,03;30;466,4;0,02;33;-30,05;-0,01;-0,01;млн сум;11;Рэнкинг страховых компаний — II квартал 2026 (snsratings.uz).txt
2026-Q2;fixed_intangible_assets;Основные средства и нематериальные активы;суммарные;AGROS HAYOT AJ;AGROS HAYOT SUG`URTA KOMPANIYASI;1;463,4;0,02;33;440,7;0,02;34;-4,9;0,0;0,0;млн сум;11;Рэнкинг страховых компаний — II квартал 2026 (snsratings.uz).txt
2026-Q2;fixed_intangible_assets;Основные средства и нематериальные активы;суммарные;TBC SUG'URTA AJ;TBC SUG`URTA;1;;0,0;34;31,5;0,0;35;0,0;0,0;0,0;млн сум;11;Рэнкинг страховых компаний — II квартал 2026 (snsratings.uz).txt
2026-Q2;fixed_intangible_assets;Основные средства и нематериальные активы;суммарные;GLOBAL INSURANCE GROUP AJ;GLOBAL INSURANCE GROUP;0;7527,1;0,36;24;;0,0;36;-100,0;-0,36;-0,36;млн сум;11;Рэнкинг страховых компаний — II квартал 2026 (snsratings.uz).txt
2026-Q2;long_term_investments;Долгосрочные инвестиции;суммарные;ВСЕГО;ВСЕГО;0;2343522,4;;;4143024,1;;;76,79;;;млн сум;12;Рэнкинг страховых компаний — II квартал 2026 (snsratings.uz).txt
2026-Q2;long_term_investments;Долгосрочные инвестиции;суммарные;APEX INSURANCE AJ;APEX INSURANCE;0;583444,6;24,9;1;1805729,8;43,58;1;209,49;18,68;52,16;млн сум;12;Рэнкинг страховых компаний — II квартал 2026 (snsratings.uz).txt
2026-Q2;long_term_investments;Долгосрочные инвестиции;суммарные;O'ZBEKINVEST EISK AJ;O`ZBEKINVEST;0;573087,2;24,45;2;587930,2;14,19;2;2,59;-10,26;0,63;млн сум;12;Рэнкинг страховых компаний — II квартал 2026 (snsratings.uz).txt
2026-Q2;long_term_investments;Долгосрочные инвестиции;суммарные;KAFOLAT SUG'URTA KOMPANIYASI AJ;KAFOLAT SUG`URTA KOMPANIYASI;0;194215,1;8,29;3;276816,4;6,68;3;42,53;-1,61;3,52;млн сум;12;Рэнкинг страховых компаний — II квартал 2026 (snsratings.uz).txt
2026-Q2;long_term_investments;Долгосрочные инвестиции;суммарные;SQB INSURANCE SUG'URTA KOMPANIYASI AJ;SQB INSURANCE SUG`URTA KOMPANIYASI;0;115553,5;4,93;4;212903,5;5,14;4;84,25;0,21;4,15;млн сум;12;Рэнкинг страховых компаний — II квартал 2026 (snsratings.uz).txt
2026-Q2;long_term_investments;Долгосрочные инвестиции;суммарные;TBC SUG'URTA AJ;TBC SUG`URTA;1;32200,0;1,37;16;125990,0;3,04;5;291,27;1,67;4,0;млн сум;12;Рэнкинг страховых компаний — II квартал 2026 (snsratings.uz).txt
2026-Q2;long_term_investments;Долгосрочные инвестиции;суммарные;ALFA INVEST SUG'URTA KOMPANIYASI AJ;ALFA INVEST SUG`URTA KOMPANIYASI;0;103518,3;4,42;5;120213,3;2,9;6;16,13;-1,52;0,71;млн сум;12;Рэнкинг страховых компаний — II квартал 2026 (snsratings.uz).txt
2026-Q2;long_term_investments;Долгосрочные инвестиции;суммарные;IMKON SUG'URTA AJ;IMKON-SUG`URTA;0;54500,0;2,33;10;107500,0;2,59;7;97,25;0,26;2,26;млн сум;12;Рэнкинг страховых компаний — II квартал 2026 (snsratings.uz).txt
2026-Q2;long_term_investments;Долгосрочные инвестиции;суммарные;O'ZAGROSUG'URTA AJ;O`ZAGROSUG`URTA;0;89286,0;3,81;6;92649,9;2,24;8;3,77;-1,57;0,14;млн сум;12;Рэнкинг страховых компаний — II квартал 2026 (snsratings.uz).txt
2026-Q2;long_term_investments;Долгосрочные инвестиции;суммарные;HAMKOR SUG'URTA AJ;HAMKOR SUG`URTA;0;41930,0;1,79;13;91190,0;2,2;9;117,48;0,41;2,1;млн сум;12;Рэнкинг страховых компаний — II квартал 2026 (snsratings.uz).txt
2026-Q2;long_term_investments;Долгосрочные инвестиции;суммарные;O'ZBEKISTON QAYTA SUG'URTA KOMPANIYASI MQST AJ;O`ZBEKISTON QAYTA SUG`URTA KOMPANIYASI;0;;0,0;32;88700,0;2,14;10;0,0;2,14;3,78;млн сум;12;Рэнкинг страховых компаний — II квартал 2026 (snsratings.uz).txt
2026-Q2;long_term_investments;Долгосрочные инвестиции;суммарные;KAPITAL SUG'URTA AJ;KAPITAL SUG`URTA;0;47520,3;2,03;12;83260,1;2,01;11;75,21;-0,02;1,53;млн сум;12;Рэнкинг страховых компаний — II квартал 2026 (snsratings.uz).txt
2026-Q2;long_term_investments;Долгосрочные инвестиции;суммарные;KAFOLAT HAYOT INSURANCE AJ;KAFOLAT HAYOT INSURANCE;1;60693,9;2,59;9;78793,9;1,9;12;29,82;-0,69;0,77;млн сум;12;Рэнкинг страховых компаний — II квартал 2026 (snsratings.uz).txt
2026-Q2;long_term_investments;Долгосрочные инвестиции;суммарные;ISHONCH SUG'URTA KOMPANIYASI AJ;ISHONCH SUG`URTA KOMPANIYASI;0;74015,6;3,16;7;77957,2;1,88;13;5,33;-1,28;0,17;млн сум;12;Рэнкинг страховых компаний — II квартал 2026 (snsratings.uz).txt
2026-Q2;long_term_investments;Долгосрочные инвестиции;суммарные;ARIA SUG'URTA TASHKILOTI AJ;ARIA SUG`URTA TASHKILOTI;0;28595,5;1,22;17;63228,5;1,53;14;121,11;0,31;1,48;млн сум;12;Рэнкинг страховых компаний — II квартал 2026 (snsratings.uz).txt
2026-Q2;long_term_investments;Долгосрочные инвестиции;суммарные;XALQ SUG'URTA AJ;XALQ SUG`URTA;0;50720,2;2,16;11;49320,2;1,19;15;-2,76;-0,97;-0,06;млн сум;12;Рэнкинг страховых компаний — II квартал 2026 (snsratings.uz).txt
2026-Q2;long_term_investments;Долгосрочные инвестиции;суммарные;INFINITY INSURANCE AJ;INFINITY INSURANCE;0;65156,0;2,78;8;47116,7;1,14;16;-27,69;-1,64;-0,77;млн сум;12;Рэнкинг страховых компаний — II квартал 2026 (snsratings.uz).txt
2026-Q2;long_term_investments;Долгосрочные инвестиции;суммарные;ALSKOM AJ;ALSKOM SUG`URTA KOMPANIYASI;0;33504,5;1,43;15;33594,4;0,81;17;0,27;-0,62;0,0;млн сум;12;Рэнкинг страховых компаний — II квартал 2026 (snsratings.uz).txt
2026-Q2;long_term_investments;Долгосрочные инвестиции;суммарные;TRUST-INSURANCE AJ;TRUST-INSURANCE;0;;0,0;32;31253,9;0,75;18;0,0;0,75;1,33;млн сум;12;Рэнкинг страховых компаний — II квартал 2026 (snsratings.uz).txt
2026-Q2;long_term_investments;Долгосрочные инвестиции;суммарные;O'ZBEKINVEST HAYOT SUG'URTA KOMPANIYASI AJ;O`ZBEKINVEST HAYOT SUG`URTA KOMPANIYASI;1;17187,7;0,73;21;27477,7;0,66;19;59,87;-0,07;0,44;млн сум;12;Рэнкинг страховых компаний — II квартал 2026 (snsratings.uz).txt
2026-Q2;long_term_investments;Долгосрочные инвестиции;суммарные;MY-INSURANCE AJ;MY-INSURANCE;0;19367,0;0,83;20;26018,0;0,63;20;34,34;-0,2;0,28;млн сум;12;Рэнкинг страховых компаний — II квартал 2026 (snsratings.uz).txt
2026-Q2;long_term_investments;Долгосрочные инвестиции;суммарные;AGROS HAYOT AJ;AGROS HAYOT SUG`URTA KOMPANIYASI;1;23439,6;1,0;18;22888,7;0,55;21;-2,35;-0,45;-0,02;млн сум;12;Рэнкинг страховых компаний — II квартал 2026 (snsratings.uz).txt
2026-Q2;long_term_investments;Долгосрочные инвестиции;суммарные;GROSS SUG'URTA KOMPANIYASI AJ;GROSS SUG`URTA KOMPANIYASI;0;35446,2;1,51;14;21536,2;0,52;22;-39,24;-0,99;-0,59;млн сум;12;Рэнкинг страховых компаний — II квартал 2026 (snsratings.uz).txt
2026-Q2;long_term_investments;Долгосрочные инвестиции;суммарные;EUROASIA INSURANCE AJ QK;EUROASIA INSURANCE;0;11402,7;0,49;25;19874,6;0,48;23;74,3;-0,01;0,36;млн сум;12;Рэнкинг страховых компаний — II квартал 2026 (snsratings.uz).txt
2026-Q2;long_term_investments;Долгосрочные инвестиции;суммарные;KAFIL SUG'URTA AJ;KAFIL-SUG`URTA;0;15153,7;0,65;23;15153,7;0,37;24;0,0;-0,28;0,0;млн сум;12;Рэнкинг страховых компаний — II квартал 2026 (snsratings.uz).txt
2026-Q2;long_term_investments;Долгосрочные инвестиции;суммарные;SEMURG SUG'URTA AJ QK;SEMURG INSURANCE;0;4000,0;0,17;28;11500,0;0,28;25;187,5;0,11;0,32;млн сум;12;Рэнкинг страховых компаний — II квартал 2026 (snsratings.uz).txt
2026-Q2;long_term_investments;Долгосрочные инвестиции;суммарные;INSON AJ;INSON;0;16021,1;0,68;22;10820,3;0,26;26;-32,46;-0,42;-0,22;млн сум;12;Рэнкинг страховых компаний — II квартал 2026 (snsratings.uz).txt
2026-Q2;long_term_investments;Долгосрочные инвестиции;суммарные;APEX LIFE INSURANCE AJ;APEX LIFE INSURANCE;1;6006,5;0,26;27;6005,0;0,14;27;-0,02;-0,12;0,0;млн сум;12;Рэнкинг страховых компаний — II квартал 2026 (snsratings.uz).txt
2026-Q2;long_term_investments;Долгосрочные инвестиции;суммарные;IMPEX-INSURANCE AJ;IMPEX-INSURANCE;0;4000,0;0,17;28;4000,0;0,1;28;0,0;-0,07;0,0;млн сум;12;Рэнкинг страховых компаний — II квартал 2026 (snsratings.uz).txt
2026-Q2;long_term_investments;Долгосрочные инвестиции;суммарные;TEMIRYO'L SUG'URTA AJ;TEMIRYO`L SUG`URTA;0;2000,0;0,09;30;2000,0;0,05;29;0,0;-0,04;0,0;млн сум;12;Рэнкинг страховых компаний — II квартал 2026 (snsratings.uz).txt
2026-Q2;long_term_investments;Долгосрочные инвестиции;суммарные;ASIA INSURANCE SUG'URTA KOMPANIYASI AJ;ASIA INSURANCE SUG`URTA KOMPANIYASI;0;20902,3;0,89;19;1402,3;0,03;30;-93,29;-0,86;-0,83;млн сум;12;Рэнкинг страховых компаний — II квартал 2026 (snsratings.uz).txt
2026-Q2;long_term_investments;Долгосрочные инвестиции;суммарные;QUANTUM INSURANCE AJ;QUANTUM INSURANCE;0;153,1;0,01;31;153,1;0,0;31;0,0;-0,01;0,0;млн сум;12;Рэнкинг страховых компаний — II квартал 2026 (snsratings.uz).txt
2026-Q2;long_term_investments;Долгосрочные инвестиции;суммарные;PRESTIGE INSURANCE AJ;PRESTIGE INSURANCE;1;;0,0;32;46,5;0,0;32;0,0;0,0;0,0;млн сум;12;Рэнкинг страховых компаний — II квартал 2026 (snsratings.uz).txt
2026-Q2;long_term_investments;Долгосрочные инвестиции;суммарные;ALFA LIFE INSURANCE AJ;ALFA LIFE INSURANCE;1;13612,8;0,58;24;;0,0;33;-100,0;-0,58;-0,58;млн сум;12;Рэнкинг страховых компаний — II квартал 2026 (snsratings.uz).txt
2026-Q2;long_term_investments;Долгосрочные инвестиции;суммарные;GLOBAL INSURANCE GROUP AJ;GLOBAL INSURANCE GROUP;0;6889,0;0,29;26;;0,0;33;-100,0;-0,29;-0,29;млн сум;12;Рэнкинг страховых компаний — II квартал 2026 (snsratings.uz).txt
2026-Q2;long_term_investments;Долгосрочные инвестиции;суммарные;NEO INSURANCE CORP AJ;NEO INSURANCE CORP;0;;0,0;32;;0,0;33;0,0;0,0;0,0;млн сум;12;Рэнкинг страховых компаний — II квартал 2026 (snsratings.uz).txt
2026-Q2;long_term_investments;Долгосрочные инвестиции;суммарные;MOSAIC INSURANCE GROUP AJ QK;MOSAIC INSURANCE GROUP;0;;0,0;32;;0,0;33;0,0;0,0;0,0;млн сум;12;Рэнкинг страховых компаний — II квартал 2026 (snsratings.uz).txt
2026-Q2;short_term_investments;Краткосрочные инвестиции;суммарные;ВСЕГО;ВСЕГО;0;4069158,4;;;4667631,0;;;14,71;;;млн сум;13;Рэнкинг страховых компаний — II квартал 2026 (snsratings.uz).txt
2026-Q2;short_term_investments;Краткосрочные инвестиции;суммарные;O'ZBEKINVEST EISK AJ;O`ZBEKINVEST;0;915150,5;22,49;1;952087,6;20,4;1;4,04;-2,09;0,91;млн сум;13;Рэнкинг страховых компаний — II квартал 2026 (snsratings.uz).txt
2026-Q2;short_term_investments;Краткосрочные инвестиции;суммарные;GROSS SUG'URTA KOMPANIYASI AJ;GROSS SUG`URTA KOMPANIYASI;0;317554,1;7,8;3;408303,4;8,75;2;28,58;0,95;2,23;млн сум;13;Рэнкинг страховых компаний — II квартал 2026 (snsratings.uz).txt
2026-Q2;short_term_investments;Краткосрочные инвестиции;суммарные;MY-INSURANCE AJ;MY-INSURANCE;0;251100,8;6,17;4;407442,3;8,73;3;62,26;2,56;3,84;млн сум;13;Рэнкинг страховых компаний — II квартал 2026 (snsratings.uz).txt
2026-Q2;short_term_investments;Краткосрочные инвестиции;суммарные;APEX LIFE INSURANCE AJ;APEX LIFE INSURANCE;1;161178,4;3,96;9;233245,1;5,0;4;44,71;1,04;1,77;млн сум;13;Рэнкинг страховых компаний — II квартал 2026 (snsratings.uz).txt
2026-Q2;short_term_investments;Краткосрочные инвестиции;суммарные;TEMIRYO'L SUG'URTA AJ;TEMIRYO`L SUG`URTA;0;176040,3;4,33;7;222215,2;4,76;5;26,23;0,43;1,13;млн сум;13;Рэнкинг страховых компаний — II квартал 2026 (snsratings.uz).txt
2026-Q2;short_term_investments;Краткосрочные инвестиции;суммарные;XALQ SUG'URTA AJ;XALQ SUG`URTA;0;179200,0;4,4;6;205300,0;4,4;6;14,56;0,0;0,64;млн сум;13;Рэнкинг страховых компаний — II квартал 2026 (snsratings.uz).txt
2026-Q2;short_term_investments;Краткосрочные инвестиции;суммарные;APEX INSURANCE AJ;APEX INSURANCE;0;390150,7;9,59;2;185053,7;3,96;7;-52,57;-5,63;-5,04;млн сум;13;Рэнкинг страховых компаний — II квартал 2026 (snsratings.uz).txt
2026-Q2;short_term_investments;Краткосрочные инвестиции;суммарные;EUROASIA INSURANCE AJ QK;EUROASIA INSURANCE;0;140656,7;3,46;10;182894,7;3,92;8;30,03;0,46;1,04;млн сум;13;Рэнкинг страховых компаний — II квартал 2026 (snsratings.uz).txt
2026-Q2;short_term_investments;Краткосрочные инвестиции;суммарные;ALFA INVEST SUG'URTA KOMPANIYASI AJ;ALFA INVEST SUG`URTA KOMPANIYASI;0;133941,1;3,29;11;174379,8;3,74;9;30,19;0,45;0,99;млн сум;13;Рэнкинг страховых компаний — II квартал 2026 (snsratings.uz).txt
2026-Q2;short_term_investments;Краткосрочные инвестиции;суммарные;IMKON SUG'URTA AJ;IMKON-SUG`URTA;0;169500,0;4,17;8;161500,0;3,46;10;-4,72;-0,71;-0,2;млн сум;13;Рэнкинг страховых компаний — II квартал 2026 (snsratings.uz).txt
2026-Q2;short_term_investments;Краткосрочные инвестиции;суммарные;SQB INSURANCE SUG'URTA KOMPANIYASI AJ;SQB INSURANCE SUG`URTA KOMPANIYASI;0;193546,5;4,76;5;151903,3;3,25;11;-21,52;-1,51;-1,02;млн сум;13;Рэнкинг страховых компаний — II квартал 2026 (snsratings.uz).txt
2026-Q2;short_term_investments;Краткосрочные инвестиции;суммарные;QUANTUM INSURANCE AJ;QUANTUM INSURANCE;0;117008,0;2,88;12;151701,2;3,25;12;29,65;0,37;0,85;млн сум;13;Рэнкинг страховых компаний — II квартал 2026 (snsratings.uz).txt
2026-Q2;short_term_investments;Краткосрочные инвестиции;суммарные;ASIA INSURANCE SUG'URTA KOMPANIYASI AJ;ASIA INSURANCE SUG`URTA KOMPANIYASI;0;59736,9;1,47;20;151208,3;3,24;13;153,12;1,77;2,25;млн сум;13;Рэнкинг страховых компаний — II квартал 2026 (snsratings.uz).txt
2026-Q2;short_term_investments;Краткосрочные инвестиции;суммарные;KAFIL SUG'URTA AJ;KAFIL-SUG`URTA;0;98680,0;2,43;13;136911,5;2,93;14;38,74;0,5;0,94;млн сум;13;Рэнкинг страховых компаний — II квартал 2026 (snsratings.uz).txt
2026-Q2;short_term_investments;Краткосрочные инвестиции;суммарные;NEO INSURANCE CORP AJ;NEO INSURANCE CORP;0;47226,0;1,16;22;119181,0;2,55;15;152,36;1,39;1,77;млн сум;13;Рэнкинг страховых компаний — II квартал 2026 (snsratings.uz).txt
2026-Q2;short_term_investments;Краткосрочные инвестиции;суммарные;INSON AJ;INSON;0;96520,2;2,37;14;87771,8;1,88;16;-9,06;-0,49;-0,21;млн сум;13;Рэнкинг страховых компаний — II квартал 2026 (snsratings.uz).txt
2026-Q2;short_term_investments;Краткосрочные инвестиции;суммарные;ALSKOM AJ;ALSKOM SUG`URTA KOMPANIYASI;0;65071,5;1,6;19;79177,1;1,7;17;21,68;0,1;0,35;млн сум;13;Рэнкинг страховых компаний — II квартал 2026 (snsratings.uz).txt
2026-Q2;short_term_investments;Краткосрочные инвестиции;суммарные;KAPITAL SUG'URTA AJ;KAPITAL SUG`URTA;0;91126,4;2,24;15;69623,4;1,49;18;-23,6;-0,75;-0,53;млн сум;13;Рэнкинг страховых компаний — II квартал 2026 (snsratings.uz).txt
2026-Q2;short_term_investments;Краткосрочные инвестиции;суммарные;TRUST-INSURANCE AJ;TRUST-INSURANCE;0;55200,0;1,36;21;69601,0;1,49;19;26,09;0,13;0,35;млн сум;13;Рэнкинг страховых компаний — II квартал 2026 (snsratings.uz).txt
2026-Q2;short_term_investments;Краткосрочные инвестиции;суммарные;MOSAIC INSURANCE GROUP AJ QK;MOSAIC INSURANCE GROUP;0;78628,5;1,93;16;68422,5;1,47;20;-12,98;-0,46;-0,25;млн сум;13;Рэнкинг страховых компаний — II квартал 2026 (snsratings.uz).txt
2026-Q2;short_term_investments;Краткосрочные инвестиции;суммарные;IMPEX-INSURANCE AJ;IMPEX-INSURANCE;0;29250,0;0,72;24;66450,0;1,42;21;127,18;0,7;0,91;млн сум;13;Рэнкинг страховых компаний — II квартал 2026 (snsratings.uz).txt
2026-Q2;short_term_investments;Краткосрочные инвестиции;суммарные;ALFA LIFE INSURANCE AJ;ALFA LIFE INSURANCE;1;30364,8;0,75;23;64117,6;1,37;22;111,16;0,62;0,83;млн сум;13;Рэнкинг страховых компаний — II квартал 2026 (snsratings.uz).txt
2026-Q2;short_term_investments;Краткосрочные инвестиции;суммарные;INFINITY INSURANCE AJ;INFINITY INSURANCE;0;19500,0;0,48;29;56900,0;1,22;23;191,79;0,74;0,92;млн сум;13;Рэнкинг страховых компаний — II квартал 2026 (snsratings.uz).txt
2026-Q2;short_term_investments;Краткосрочные инвестиции;суммарные;O'ZAGROSUG'URTA AJ;O`ZAGROSUG`URTA;0;68502,1;1,68;18;56790,0;1,22;24;-17,1;-0,46;-0,29;млн сум;13;Рэнкинг страховых компаний — II квартал 2026 (snsratings.uz).txt
2026-Q2;short_term_investments;Краткосрочные инвестиции;суммарные;HAMKOR SUG'URTA AJ;HAMKOR SUG`URTA;0;77622,0;1,91;17;51940,3;1,11;25;-33,09;-0,8;-0,63;млн сум;13;Рэнкинг страховых компаний — II квартал 2026 (snsratings.uz).txt
2026-Q2;short_term_investments;Краткосрочные инвестиции;суммарные;ARIA SUG'URTA TASHKILOTI AJ;ARIA SUG`URTA TASHKILOTI;0;26000,0;0,64;25;37450,0;0,8;26;44,04;0,16;0,28;млн сум;13;Рэнкинг страховых компаний — II квартал 2026 (snsratings.uz).txt
2026-Q2;short_term_investments;Краткосрочные инвестиции;суммарные;O'ZBEKINVEST HAYOT SUG'URTA KOMPANIYASI AJ;O`ZBEKINVEST HAYOT SUG`URTA KOMPANIYASI;1;23632,7;0,58;27;32203,0;0,69;27;36,26;0,11;0,21;млн сум;13;Рэнкинг страховых компаний — II квартал 2026 (snsratings.uz).txt
2026-Q2;short_term_investments;Краткосрочные инвестиции;суммарные;PRESTIGE INSURANCE AJ;PRESTIGE INSURANCE;1;;0,0;31;30000,0;0,64;28;0,0;0,64;0,74;млн сум;13;Рэнкинг страховых компаний — II квартал 2026 (snsratings.uz).txt
2026-Q2;short_term_investments;Краткосрочные инвестиции;суммарные;AGROS HAYOT AJ;AGROS HAYOT SUG`URTA KOMPANIYASI;1;21330,0;0,52;28;28580,0;0,61;29;33,99;0,09;0,18;млн сум;13;Рэнкинг страховых компаний — II квартал 2026 (snsratings.uz).txt
2026-Q2;short_term_investments;Краткосрочные инвестиции;суммарные;SEMURG SUG'URTA AJ QK;SEMURG INSURANCE;0;25743,0;0,63;26;25277,2;0,54;30;-1,81;-0,09;-0,01;млн сум;13;Рэнкинг страховых компаний — II квартал 2026 (snsratings.uz).txt
2026-Q2;short_term_investments;Краткосрочные инвестиции;суммарные;TBC SUG'URTA AJ;TBC SUG`URTA;1;9997,2;0,25;30;;0,0;31;-100,0;-0,25;-0,25;млн сум;13;Рэнкинг страховых компаний — II квартал 2026 (snsratings.uz).txt
2026-Q2;short_term_investments;Краткосрочные инвестиции;суммарные;O'ZBEKISTON QAYTA SUG'URTA KOMPANIYASI MQST AJ;O`ZBEKISTON QAYTA SUG`URTA KOMPANIYASI;0;;0,0;31;;0,0;31;0,0;0,0;0,0;млн сум;13;Рэнкинг страховых компаний — II квартал 2026 (snsratings.uz).txt
2026-Q2;short_term_investments;Краткосрочные инвестиции;суммарные;KAFOLAT SUG'URTA KOMPANIYASI AJ;KAFOLAT SUG`URTA KOMPANIYASI;0;;0,0;31;;0,0;31;0,0;0,0;0,0;млн сум;13;Рэнкинг страховых компаний — II квартал 2026 (snsratings.uz).txt
2026-Q2;short_term_investments;Краткосрочные инвестиции;суммарные;KAFOLAT HAYOT INSURANCE AJ;KAFOLAT HAYOT INSURANCE;1;;0,0;31;;0,0;31;0,0;0,0;0,0;млн сум;13;Рэнкинг страховых компаний — II квартал 2026 (snsratings.uz).txt
2026-Q2;short_term_investments;Краткосрочные инвестиции;суммарные;ISHONCH SUG'URTA KOMPANIYASI AJ;ISHONCH SUG`URTA KOMPANIYASI;0;;0,0;31;;0,0;31;0,0;0,0;0,0;млн сум;13;Рэнкинг страховых компаний — II квартал 2026 (snsratings.uz).txt
2026-Q2;short_term_investments;Краткосрочные инвестиции;суммарные;GLOBAL INSURANCE GROUP AJ;GLOBAL INSURANCE GROUP;0;;0,0;31;;0,0;31;0,0;0,0;0,0;млн сум;13;Рэнкинг страховых компаний — II квартал 2026 (snsratings.uz).txt
2026-Q2;total_investments;Всего инвестиции;суммарные;ВСЕГО;ВСЕГО;0;6412680,8;;;8810655,1;;;37,39;;;млн сум;14;Рэнкинг страховых компаний — II квартал 2026 (snsratings.uz).txt
2026-Q2;total_investments;Всего инвестиции;суммарные;APEX INSURANCE AJ;APEX INSURANCE;0;973595,3;15,18;2;1990783,5;22,6;1;104,48;7,42;15,86;млн сум;14;Рэнкинг страховых компаний — II квартал 2026 (snsratings.uz).txt
2026-Q2;total_investments;Всего инвестиции;суммарные;O'ZBEKINVEST EISK AJ;O`ZBEKINVEST;0;1488237,7;23,21;1;1540017,8;17,48;2;3,48;-5,73;0,81;млн сум;14;Рэнкинг страховых компаний — II квартал 2026 (snsratings.uz).txt
2026-Q2;total_investments;Всего инвестиции;суммарные;MY-INSURANCE AJ;MY-INSURANCE;0;270467,8;4,22;5;433460,3;4,92;3;60,26;0,7;2,54;млн сум;14;Рэнкинг страховых компаний — II квартал 2026 (snsratings.uz).txt
2026-Q2;total_investments;Всего инвестиции;суммарные;GROSS SUG'URTA KOMPANIYASI AJ;GROSS SUG`URTA KOMPANIYASI;0;353000,3;5,5;3;429839,6;4,88;4;21,77;-0,62;1,2;млн сум;14;Рэнкинг страховых компаний — II квартал 2026 (snsratings.uz).txt
2026-Q2;total_investments;Всего инвестиции;суммарные;SQB INSURANCE SUG'URTA KOMPANIYASI AJ;SQB INSURANCE SUG`URTA KOMPANIYASI;0;309100,0;4,82;4;364806,8;4,14;5;18,02;-0,68;0,87;млн сум;14;Рэнкинг страховых компаний — II квартал 2026 (snsratings.uz).txt
2026-Q2;total_investments;Всего инвестиции;суммарные;ALFA INVEST SUG'URTA KOMPANIYASI AJ;ALFA INVEST SUG`URTA KOMPANIYASI;0;237459,4;3,7;6;294593,1;3,34;6;24,06;-0,36;0,89;млн сум;14;Рэнкинг страховых компаний — II квартал 2026 (snsratings.uz).txt
2026-Q2;total_investments;Всего инвестиции;суммарные;KAFOLAT SUG'URTA KOMPANIYASI AJ;KAFOLAT SUG`URTA KOMPANIYASI;0;194215,1;3,03;9;276816,4;3,14;7;42,53;0,11;1,29;млн сум;14;Рэнкинг страховых компаний — II квартал 2026 (snsratings.uz).txt
2026-Q2;total_investments;Всего инвестиции;суммарные;IMKON SUG'URTA AJ;IMKON-SUG`URTA;0;224000,0;3,49;8;269000,0;3,05;8;20,09;-0,44;0,7;млн сум;14;Рэнкинг страховых компаний — II квартал 2026 (snsratings.uz).txt
2026-Q2;total_investments;Всего инвестиции;суммарные;XALQ SUG'URTA AJ;XALQ SUG`URTA;0;229920,2;3,59;7;254620,2;2,89;9;10,74;-0,7;0,39;млн сум;14;Рэнкинг страховых компаний — II квартал 2026 (snsratings.uz).txt
2026-Q2;total_investments;Всего инвестиции;суммарные;APEX LIFE INSURANCE AJ;APEX LIFE INSURANCE;1;167184,9;2,61;11;239250,1;2,72;10;43,11;0,11;1,12;млн сум;14;Рэнкинг страховых компаний — II квартал 2026 (snsratings.uz).txt
2026-Q2;total_investments;Всего инвестиции;суммарные;TEMIRYO'L SUG'URTA AJ;TEMIRYO`L SUG`URTA;0;178040,3;2,78;10;224215,2;2,54;11;25,94;-0,24;0,72;млн сум;14;Рэнкинг страховых компаний — II квартал 2026 (snsratings.uz).txt
2026-Q2;total_investments;Всего инвестиции;суммарные;EUROASIA INSURANCE AJ QK;EUROASIA INSURANCE;0;152059,4;2,37;13;202769,3;2,3;12;33,35;-0,07;0,79;млн сум;14;Рэнкинг страховых компаний — II квартал 2026 (snsratings.uz).txt
2026-Q2;total_investments;Всего инвестиции;суммарные;KAPITAL SUG'URTA AJ;KAPITAL SUG`URTA;0;138646,7;2,16;14;152883,5;1,74;13;10,27;-0,42;0,22;млн сум;14;Рэнкинг страховых компаний — II квартал 2026 (snsratings.uz).txt
2026-Q2;total_investments;Всего инвестиции;суммарные;ASIA INSURANCE SUG'URTA KOMPANIYASI AJ;ASIA INSURANCE SUG`URTA KOMPANIYASI;0;80639,2;1,26;21;152610,6;1,73;14;89,25;0,47;1,12;млн сум;14;Рэнкинг страховых компаний — II квартал 2026 (snsratings.uz).txt
2026-Q2;total_investments;Всего инвестиции;суммарные;KAFIL SUG'URTA AJ;KAFIL-SUG`URTA;0;113833,7;1,78;17;152065,2;1,73;15;33,59;-0,05;0,6;млн сум;14;Рэнкинг страховых компаний — II квартал 2026 (snsratings.uz).txt
2026-Q2;total_investments;Всего инвестиции;суммарные;QUANTUM INSURANCE AJ;QUANTUM INSURANCE;0;117161,1;1,83;16;151854,3;1,72;16;29,61;-0,11;0,54;млн сум;14;Рэнкинг страховых компаний — II квартал 2026 (snsratings.uz).txt
2026-Q2;total_investments;Всего инвестиции;суммарные;O'ZAGROSUG'URTA AJ;O`ZAGROSUG`URTA;0;157788,1;2,46;12;149439,9;1,7;17;-5,29;-0,76;-0,13;млн сум;14;Рэнкинг страховых компаний — II квартал 2026 (snsratings.uz).txt
2026-Q2;total_investments;Всего инвестиции;суммарные;HAMKOR SUG'URTA AJ;HAMKOR SUG`URTA;0;119552,0;1,86;15;143130,3;1,62;18;19,72;-0,24;0,37;млн сум;14;Рэнкинг страховых компаний — II квартал 2026 (snsratings.uz).txt
2026-Q2;total_investments;Всего инвестиции;суммарные;TBC SUG'URTA AJ;TBC SUG`URTA;1;42197,2;0,66;30;125990,0;1,43;19;198,57;0,77;1,31;млн сум;14;Рэнкинг страховых компаний — II квартал 2026 (snsratings.uz).txt
2026-Q2;total_investments;Всего инвестиции;суммарные;NEO INSURANCE CORP AJ;NEO INSURANCE CORP;0;47226,0;0,74;27;119181,0;1,35;20;152,36;0,61;1,12;млн сум;14;Рэнкинг страховых компаний — II квартал 2026 (snsratings.uz).txt
2026-Q2;total_investments;Всего инвестиции;суммарные;ALSKOM AJ;ALSKOM SUG`URTA KOMPANIYASI;0;98576,0;1,54;19;112771,5;1,28;21;14,4;-0,26;0,22;млн сум;14;Рэнкинг страховых компаний — II квартал 2026 (snsratings.uz).txt
2026-Q2;total_investments;Всего инвестиции;суммарные;INFINITY INSURANCE AJ;INFINITY INSURANCE;0;84656,0;1,32;20;104016,7;1,18;22;22,87;-0,14;0,3;млн сум;14;Рэнкинг страховых компаний — II квартал 2026 (snsratings.uz).txt
2026-Q2;total_investments;Всего инвестиции;суммарные;TRUST-INSURANCE AJ;TRUST-INSURANCE;0;55200,0;0,86;25;100854,9;1,14;23;82,71;0,28;0,71;млн сум;14;Рэнкинг страховых компаний — II квартал 2026 (snsratings.uz).txt
2026-Q2;total_investments;Всего инвестиции;суммарные;ARIA SUG'URTA TASHKILOTI AJ;ARIA SUG`URTA TASHKILOTI;0;54595,5;0,85;26;100678,5;1,14;24;84,41;0,29;0,72;млн сум;14;Рэнкинг страховых компаний — II квартал 2026 (snsratings.uz).txt
2026-Q2;total_investments;Всего инвестиции;суммарные;INSON AJ;INSON;0;112541,3;1,75;18;98592,1;1,12;25;-12,39;-0,63;-0,22;млн сум;14;Рэнкинг страховых компаний — II квартал 2026 (snsratings.uz).txt
2026-Q2;total_investments;Всего инвестиции;суммарные;O'ZBEKISTON QAYTA SUG'URTA KOMPANIYASI MQST AJ;O`ZBEKISTON QAYTA SUG`URTA KOMPANIYASI;0;;0,0;35;88700,0;1,01;26;0,0;1,01;1,38;млн сум;14;Рэнкинг страховых компаний — II квартал 2026 (snsratings.uz).txt
2026-Q2;total_investments;Всего инвестиции;суммарные;KAFOLAT HAYOT INSURANCE AJ;KAFOLAT HAYOT INSURANCE;1;60693,9;0,95;24;78793,9;0,89;27;29,82;-0,06;0,28;млн сум;14;Рэнкинг страховых компаний — II квартал 2026 (snsratings.uz).txt
2026-Q2;total_investments;Всего инвестиции;суммарные;ISHONCH SUG'URTA KOMPANIYASI AJ;ISHONCH SUG`URTA KOMPANIYASI;0;74015,6;1,15;23;77957,2;0,88;28;5,33;-0,27;0,06;млн сум;14;Рэнкинг страховых компаний — II квартал 2026 (snsratings.uz).txt
2026-Q2;total_investments;Всего инвестиции;суммарные;IMPEX-INSURANCE AJ;IMPEX-INSURANCE;0;33250,0;0,52;32;70450,0;0,8;29;111,88;0,28;0,58;млн сум;14;Рэнкинг страховых компаний — II квартал 2026 (snsratings.uz).txt
2026-Q2;total_investments;Всего инвестиции;суммарные;MOSAIC INSURANCE GROUP AJ QK;MOSAIC INSURANCE GROUP;0;78628,5;1,23;22;68422,5;0,78;30;-12,98;-0,45;-0,16;млн сум;14;Рэнкинг страховых компаний — II квартал 2026 (snsratings.uz).txt
2026-Q2;total_investments;Всего инвестиции;суммарные;ALFA LIFE INSURANCE AJ;ALFA LIFE INSURANCE;1;43977,6;0,69;29;64117,6;0,73;31;45,8;0,04;0,31;млн сум;14;Рэнкинг страховых компаний — II квартал 2026 (snsratings.uz).txt
2026-Q2;total_investments;Всего инвестиции;суммарные;O'ZBEKINVEST HAYOT SUG'URTA KOMPANIYASI AJ;O`ZBEKINVEST HAYOT SUG`URTA KOMPANIYASI;1;40820,4;0,64;31;59680,7;0,68;32;46,2;0,04;0,29;млн сум;14;Рэнкинг страховых компаний — II квартал 2026 (snsratings.uz).txt
2026-Q2;total_investments;Всего инвестиции;суммарные;AGROS HAYOT AJ;AGROS HAYOT SUG`URTA KOMPANIYASI;1;44769,6;0,7;28;51468,7;0,58;33;14,96;-0,12;0,1;млн сум;14;Рэнкинг страховых компаний — II квартал 2026 (snsratings.uz).txt
2026-Q2;total_investments;Всего инвестиции;суммарные;SEMURG SUG'URTA AJ QK;SEMURG INSURANCE;0;29743,0;0,46;33;36777,2;0,42;34;23,65;-0,04;0,11;млн сум;14;Рэнкинг страховых компаний — II квартал 2026 (snsratings.uz).txt
2026-Q2;total_investments;Всего инвестиции;суммарные;PRESTIGE INSURANCE AJ;PRESTIGE INSURANCE;1;;0,0;35;30046,5;0,34;35;0,0;0,34;0,47;млн сум;14;Рэнкинг страховых компаний — II квартал 2026 (snsratings.uz).txt
2026-Q2;total_investments;Всего инвестиции;суммарные;GLOBAL INSURANCE GROUP AJ;GLOBAL INSURANCE GROUP;0;6889,0;0,11;34;;0,0;36;-100,0;-0,11;-0,11;млн сум;14;Рэнкинг страховых компаний — II квартал 2026 (snsratings.uz).txt
2026-Q2;current_assets;Текущие активы;суммарные;ВСЕГО;ВСЕГО;0;8288003,0;;;10264810,8;;;23,85;;;млн сум;15;Рэнкинг страховых компаний — II квартал 2026 (snsratings.uz).txt
2026-Q2;current_assets;Текущие активы;суммарные;O'ZBEKINVEST EISK AJ;O`ZBEKINVEST;0;1749270,2;21,11;1;2062109,8;20,09;1;17,88;-1,02;3,77;млн сум;15;Рэнкинг страховых компаний — II квартал 2026 (snsratings.uz).txt
2026-Q2;current_assets;Текущие активы;суммарные;APEX INSURANCE AJ;APEX INSURANCE;0;1375957,0;16,6;2;1077331,7;10,5;2;-21,7;-6,1;-3,6;млн сум;15;Рэнкинг страховых компаний — II квартал 2026 (snsratings.uz).txt
2026-Q2;current_assets;Текущие активы;суммарные;EUROASIA INSURANCE AJ QK;EUROASIA INSURANCE;0;271479,9;3,28;8;699154,5;6,81;3;157,53;3,53;5,16;млн сум;15;Рэнкинг страховых компаний — II квартал 2026 (snsratings.uz).txt
2026-Q2;current_assets;Текущие активы;суммарные;APEX LIFE INSURANCE AJ;APEX LIFE INSURANCE;1;216254,4;2,61;12;590152,7;5,75;4;172,9;3,14;4,51;млн сум;15;Рэнкинг страховых компаний — II квартал 2026 (snsratings.uz).txt
2026-Q2;current_assets;Текущие активы;суммарные;MY-INSURANCE AJ;MY-INSURANCE;0;400690,8;4,83;5;589737,8;5,75;5;47,18;0,92;2,28;млн сум;15;Рэнкинг страховых компаний — II квартал 2026 (snsratings.uz).txt
2026-Q2;current_assets;Текущие активы;суммарные;GROSS SUG'URTA KOMPANIYASI AJ;GROSS SUG`URTA KOMPANIYASI;0;450771,5;5,44;4;579986,9;5,65;6;28,67;0,21;1,56;млн сум;15;Рэнкинг страховых компаний — II квартал 2026 (snsratings.uz).txt
2026-Q2;current_assets;Текущие активы;суммарные;KAFOLAT SUG'URTA KOMPANIYASI AJ;KAFOLAT SUG`URTA KOMPANIYASI;0;456073,4;5,5;3;412917,6;4,02;7;-9,46;-1,48;-0,52;млн сум;15;Рэнкинг страховых компаний — II квартал 2026 (snsratings.uz).txt
2026-Q2;current_assets;Текущие активы;суммарные;MOSAIC INSURANCE GROUP AJ QK;MOSAIC INSURANCE GROUP;0;277318,9;3,35;7;364464,7;3,55;8;31,42;0,2;1,05;млн сум;15;Рэнкинг страховых компаний — II квартал 2026 (snsratings.uz).txt
2026-Q2;current_assets;Текущие активы;суммарные;ALFA INVEST SUG'URTA KOMPANIYASI AJ;ALFA INVEST SUG`URTA KOMPANIYASI;0;375100,5;4,53;6;313247,0;3,05;9;-16,49;-1,48;-0,75;млн сум;15;Рэнкинг страховых компаний — II квартал 2026 (snsratings.uz).txt
2026-Q2;current_assets;Текущие активы;суммарные;TEMIRYO'L SUG'URTA AJ;TEMIRYO`L SUG`URTA;0;231257,4;2,79;11;310783,7;3,03;10;34,39;0,24;0,96;млн сум;15;Рэнкинг страховых компаний — II квартал 2026 (snsratings.uz).txt
2026-Q2;current_assets;Текущие активы;суммарные;KAPITAL SUG'URTA AJ;KAPITAL SUG`URTA;0;207582,7;2,5;13;298372,5;2,91;11;43,74;0,41;1,1;млн сум;15;Рэнкинг страховых компаний — II квартал 2026 (snsratings.uz).txt
2026-Q2;current_assets;Текущие активы;суммарные;ASIA INSURANCE SUG'URTA KOMPANIYASI AJ;ASIA INSURANCE SUG`URTA KOMPANIYASI;0;87989,1;1,06;22;261163,4;2,54;12;196,81;1,48;2,09;млн сум;15;Рэнкинг страховых компаний — II квартал 2026 (snsratings.uz).txt
2026-Q2;current_assets;Текущие активы;суммарные;IMPEX-INSURANCE AJ;IMPEX-INSURANCE;0;116002,3;1,4;20;228829,6;2,23;13;97,26;0,83;1,36;млн сум;15;Рэнкинг страховых компаний — II квартал 2026 (snsratings.uz).txt
2026-Q2;current_assets;Текущие активы;суммарные;XALQ SUG'URTA AJ;XALQ SUG`URTA;0;205894,2;2,48;14;225193,5;2,19;14;9,37;-0,29;0,23;млн сум;15;Рэнкинг страховых компаний — II квартал 2026 (snsratings.uz).txt
2026-Q2;current_assets;Текущие активы;суммарные;SQB INSURANCE SUG'URTA KOMPANIYASI AJ;SQB INSURANCE SUG`URTA KOMPANIYASI;0;232804,6;2,81;10;215220,9;2,1;15;-7,55;-0,71;-0,21;млн сум;15;Рэнкинг страховых компаний — II квартал 2026 (snsratings.uz).txt
2026-Q2;current_assets;Текущие активы;суммарные;TRUST-INSURANCE AJ;TRUST-INSURANCE;0;110728,6;1,34;21;204413,0;1,99;16;84,61;0,65;1,13;млн сум;15;Рэнкинг страховых компаний — II квартал 2026 (snsratings.uz).txt
2026-Q2;current_assets;Текущие активы;суммарные;KAFIL SUG'URTA AJ;KAFIL-SUG`URTA;0;152164,9;1,84;19;195762,9;1,91;17;28,65;0,07;0,53;млн сум;15;Рэнкинг страховых компаний — II квартал 2026 (snsratings.uz).txt
2026-Q2;current_assets;Текущие активы;суммарные;INSON AJ;INSON;0;153161,2;1,85;18;194595,3;1,9;18;27,05;0,05;0,5;млн сум;15;Рэнкинг страховых компаний — II квартал 2026 (snsratings.uz).txt
2026-Q2;current_assets;Текущие активы;суммарные;ALSKOM AJ;ALSKOM SUG`URTA KOMPANIYASI;0;167817,5;2,02;16;187407,1;1,83;19;11,67;-0,19;0,24;млн сум;15;Рэнкинг страховых компаний — II квартал 2026 (snsratings.uz).txt
2026-Q2;current_assets;Текущие активы;суммарные;QUANTUM INSURANCE AJ;QUANTUM INSURANCE;0;164700,6;1,99;17;186748,7;1,82;20;13,39;-0,17;0,27;млн сум;15;Рэнкинг страховых компаний — II квартал 2026 (snsratings.uz).txt
2026-Q2;current_assets;Текущие активы;суммарные;IMKON SUG'URTA AJ;IMKON-SUG`URTA;0;174540,3;2,11;15;172519,2;1,68;21;-1,16;-0,43;-0,02;млн сум;15;Рэнкинг страховых компаний — II квартал 2026 (snsratings.uz).txt
2026-Q2;current_assets;Текущие активы;суммарные;O'ZAGROSUG'URTA AJ;O`ZAGROSUG`URTA;0;238089,9;2,87;9;163982,4;1,6;22;-31,13;-1,27;-0,89;млн сум;15;Рэнкинг страховых компаний — II квартал 2026 (snsratings.uz).txt
2026-Q2;current_assets;Текущие активы;суммарные;NEO INSURANCE CORP AJ;NEO INSURANCE CORP;0;58431,1;0,71;25;162443,1;1,58;23;178,01;0,87;1,25;млн сум;15;Рэнкинг страховых компаний — II квартал 2026 (snsratings.uz).txt
2026-Q2;current_assets;Текущие активы;суммарные;INFINITY INSURANCE AJ;INFINITY INSURANCE;0;39228,8;0,47;28;97134,2;0,95;24;147,61;0,48;0,7;млн сум;15;Рэнкинг страховых компаний — II квартал 2026 (snsratings.uz).txt
2026-Q2;current_assets;Текущие активы;суммарные;PRESTIGE INSURANCE AJ;PRESTIGE INSURANCE;1;;0,0;35;78769,6;0,77;25;0,0;0,77;0,95;млн сум;15;Рэнкинг страховых компаний — II квартал 2026 (snsratings.uz).txt
2026-Q2;current_assets;Текущие активы;суммарные;ALFA LIFE INSURANCE AJ;ALFA LIFE INSURANCE;1;43491,9;0,52;26;70130,1;0,68;26;61,25;0,16;0,32;млн сум;15;Рэнкинг страховых компаний — II квартал 2026 (snsratings.uz).txt
2026-Q2;current_assets;Текущие активы;суммарные;SEMURG SUG'URTA AJ QK;SEMURG INSURANCE;0;77750,9;0,94;24;61927,7;0,6;27;-20,35;-0,34;-0,19;млн сум;15;Рэнкинг страховых компаний — II квартал 2026 (snsratings.uz).txt
2026-Q2;current_assets;Текущие активы;суммарные;HAMKOR SUG'URTA AJ;HAMKOR SUG`URTA;0;80931,3;0,98;23;58279,2;0,57;28;-27,99;-0,41;-0,27;млн сум;15;Рэнкинг страховых компаний — II квартал 2026 (snsratings.uz).txt
2026-Q2;current_assets;Текущие активы;суммарные;ARIA SUG'URTA TASHKILOTI AJ;ARIA SUG`URTA TASHKILOTI;0;34741,6;0,42;29;44059,2;0,43;29;26,82;0,01;0,11;млн сум;15;Рэнкинг страховых компаний — II квартал 2026 (snsratings.uz).txt
2026-Q2;current_assets;Текущие активы;суммарные;O'ZBEKISTON QAYTA SUG'URTA KOMPANIYASI MQST AJ;O`ZBEKISTON QAYTA SUG`URTA KOMPANIYASI;0;;0,0;35;42317,8;0,41;30;0,0;0,41;0,51;млн сум;15;Рэнкинг страховых компаний — II квартал 2026 (snsratings.uz).txt
2026-Q2;current_assets;Текущие активы;суммарные;O'ZBEKINVEST HAYOT SUG'URTA KOMPANIYASI AJ;O`ZBEKINVEST HAYOT SUG`URTA KOMPANIYASI;1;29559,2;0,36;30;38328,4;0,37;31;29,67;0,01;0,11;млн сум;15;Рэнкинг страховых компаний — II квартал 2026 (snsratings.uz).txt
2026-Q2;current_assets;Текущие активы;суммарные;ISHONCH SUG'URTA KOMPANIYASI AJ;ISHONCH SUG`URTA KOMPANIYASI;0;24054,3;0,29;32;37191,7;0,36;32;54,62;0,07;0,16;млн сум;15;Рэнкинг страховых компаний — II квартал 2026 (snsratings.uz).txt
2026-Q2;current_assets;Текущие активы;суммарные;AGROS HAYOT AJ;AGROS HAYOT SUG`URTA KOMPANIYASI;1;27072,4;0,33;31;30071,5;0,29;33;11,08;-0,04;0,04;млн сум;15;Рэнкинг страховых компаний — II квартал 2026 (snsratings.uz).txt
2026-Q2;current_assets;Текущие активы;суммарные;KAFOLAT HAYOT INSURANCE AJ;KAFOLAT HAYOT INSURANCE;1;5721,0;0,07;34;6848,1;0,07;34;19,7;0,0;0,01;млн сум;15;Рэнкинг страховых компаний — II квартал 2026 (snsratings.uz).txt
2026-Q2;current_assets;Текущие активы;суммарные;TBC SUG'URTA AJ;TBC SUG`URTA;1;11286,4;0,14;33;3215,3;0,03;35;-71,51;-0,11;-0,1;млн сум;15;Рэнкинг страховых компаний — II квартал 2026 (snsratings.uz).txt
2026-Q2;current_assets;Текущие активы;суммарные;GLOBAL INSURANCE GROUP AJ;GLOBAL INSURANCE GROUP;0;40084,2;0,48;27;;0,0;36;-100,0;-0,48;-0,48;млн сум;15;Рэнкинг страховых компаний — II квартал 2026 (snsratings.uz).txt
2026-Q2;short_term_receivables;Краткосрочная дебиторская задолженность;суммарные;ВСЕГО;ВСЕГО;0;3307497,6;;;4340900,2;;;31,24;;;млн сум;16;Рэнкинг страховых компаний — II квартал 2026 (snsratings.uz).txt
2026-Q2;short_term_receivables;Краткосрочная дебиторская задолженность;суммарные;O'ZBEKINVEST EISK AJ;O`ZBEKINVEST;0;776300,6;23,47;1;1022817,0;23,56;1;31,76;0,09;7,45;млн сум;16;Рэнкинг страховых компаний — II квартал 2026 (snsratings.uz).txt
2026-Q2;short_term_receivables;Краткосрочная дебиторская задолженность;суммарные;APEX INSURANCE AJ;APEX INSURANCE;0;669509,1;20,24;2;655272,0;15,1;2;-2,13;-5,14;-0,43;млн сум;16;Рэнкинг страховых компаний — II квартал 2026 (snsratings.uz).txt
2026-Q2;short_term_receivables;Краткосрочная дебиторская задолженность;суммарные;EUROASIA INSURANCE AJ QK;EUROASIA INSURANCE;0;128486,8;3,88;7;494770,2;11,4;3;285,07;7,52;11,07;млн сум;16;Рэнкинг страховых компаний — II квартал 2026 (snsratings.uz).txt
2026-Q2;short_term_receivables;Краткосрочная дебиторская задолженность;суммарные;KAFOLAT SUG'URTA KOMPANIYASI AJ;KAFOLAT SUG`URTA KOMPANIYASI;0;425077,9;12,85;3;383376,9;8,83;4;-9,81;-4,02;-1,26;млн сум;16;Рэнкинг страховых компаний — II квартал 2026 (snsratings.uz).txt
2026-Q2;short_term_receivables;Краткосрочная дебиторская задолженность;суммарные;APEX LIFE INSURANCE AJ;APEX LIFE INSURANCE;1;47775,6;1,44;12;236914,6;5,46;5;395,89;4,02;5,72;млн сум;16;Рэнкинг страховых компаний — II квартал 2026 (snsratings.uz).txt
2026-Q2;short_term_receivables;Краткосрочная дебиторская задолженность;суммарные;MOSAIC INSURANCE GROUP AJ QK;MOSAIC INSURANCE GROUP;0;132740,7;4,01;6;164282,9;3,78;6;23,76;-0,23;0,95;млн сум;16;Рэнкинг страховых компаний — II квартал 2026 (snsratings.uz).txt
2026-Q2;short_term_receivables;Краткосрочная дебиторская задолженность;суммарные;MY-INSURANCE AJ;MY-INSURANCE;0;103520,8;3,13;8;150662,5;3,47;7;45,54;0,34;1,43;млн сум;16;Рэнкинг страховых компаний — II квартал 2026 (snsratings.uz).txt
2026-Q2;short_term_receivables;Краткосрочная дебиторская задолженность;суммарные;IMPEX-INSURANCE AJ;IMPEX-INSURANCE;0;74230,4;2,24;10;118943,2;2,74;8;60,24;0,5;1,35;млн сум;16;Рэнкинг страховых компаний — II квартал 2026 (snsratings.uz).txt
2026-Q2;short_term_receivables;Краткосрочная дебиторская задолженность;суммарные;GROSS SUG'URTA KOMPANIYASI AJ;GROSS SUG`URTA KOMPANIYASI;0;102069,5;3,09;9;110085,8;2,54;9;7,85;-0,55;0,24;млн сум;16;Рэнкинг страховых компаний — II квартал 2026 (snsratings.uz).txt
2026-Q2;short_term_receivables;Краткосрочная дебиторская задолженность;суммарные;ASIA INSURANCE SUG'URTA KOMPANIYASI AJ;ASIA INSURANCE SUG`URTA KOMPANIYASI;0;20041,5;0,61;22;106334,8;2,45;10;430,57;1,84;2,61;млн сум;16;Рэнкинг страховых компаний — II квартал 2026 (snsratings.uz).txt
2026-Q2;short_term_receivables;Краткосрочная дебиторская задолженность;суммарные;KAPITAL SUG'URTA AJ;KAPITAL SUG`URTA;0;17319,9;0,52;23;102827,7;2,37;11;493,7;1,85;2,59;млн сум;16;Рэнкинг страховых компаний — II квартал 2026 (snsratings.uz).txt
2026-Q2;short_term_receivables;Краткосрочная дебиторская задолженность;суммарные;O'ZAGROSUG'URTA AJ;O`ZAGROSUG`URTA;0;163255,7;4,94;5;102520,0;2,36;12;-37,2;-2,58;-1,84;млн сум;16;Рэнкинг страховых компаний — II квартал 2026 (snsratings.uz).txt
2026-Q2;short_term_receivables;Краткосрочная дебиторская задолженность;суммарные;ALFA INVEST SUG'URTA KOMPANIYASI AJ;ALFA INVEST SUG`URTA KOMPANIYASI;0;207090,1;6,26;4;94280,1;2,17;13;-54,47;-4,09;-3,41;млн сум;16;Рэнкинг страховых компаний — II квартал 2026 (snsratings.uz).txt
2026-Q2;short_term_receivables;Краткосрочная дебиторская задолженность;суммарные;INSON AJ;INSON;0;53385,1;1,61;11;84105,7;1,94;14;57,55;0,33;0,93;млн сум;16;Рэнкинг страховых компаний — II квартал 2026 (snsratings.uz).txt
2026-Q2;short_term_receivables;Краткосрочная дебиторская задолженность;суммарные;TRUST-INSURANCE AJ;TRUST-INSURANCE;0;43925,8;1,33;15;77536,4;1,79;15;76,52;0,46;1,02;млн сум;16;Рэнкинг страховых компаний — II квартал 2026 (snsratings.uz).txt
2026-Q2;short_term_receivables;Краткосрочная дебиторская задолженность;суммарные;TEMIRYO'L SUG'URTA AJ;TEMIRYO`L SUG`URTA;0;43913,2;1,33;16;77509,1;1,79;16;76,51;0,46;1,02;млн сум;16;Рэнкинг страховых компаний — II квартал 2026 (snsratings.uz).txt
2026-Q2;short_term_receivables;Краткосрочная дебиторская задолженность;суммарные;SQB INSURANCE SUG'URTA KOMPANIYASI AJ;SQB INSURANCE SUG`URTA KOMPANIYASI;0;33854,6;1,02;19;53613,5;1,24;17;58,36;0,22;0,6;млн сум;16;Рэнкинг страховых компаний — II квартал 2026 (snsratings.uz).txt
2026-Q2;short_term_receivables;Краткосрочная дебиторская задолженность;суммарные;KAFIL SUG'URTA AJ;KAFIL-SUG`URTA;0;43095,0;1,3;17;51617,7;1,19;18;19,78;-0,11;0,26;млн сум;16;Рэнкинг страховых компаний — II квартал 2026 (snsratings.uz).txt
2026-Q2;short_term_receivables;Краткосрочная дебиторская задолженность;суммарные;ALSKOM AJ;ALSKOM SUG`URTA KOMPANIYASI;0;35507,9;1,07;18;43755,0;1,01;19;23,23;-0,06;0,25;млн сум;16;Рэнкинг страховых компаний — II квартал 2026 (snsratings.uz).txt
2026-Q2;short_term_receivables;Краткосрочная дебиторская задолженность;суммарные;ISHONCH SUG'URTA KOMPANIYASI AJ;ISHONCH SUG`URTA KOMPANIYASI;0;22497,9;0,68;21;35513,3;0,82;20;57,85;0,14;0,39;млн сум;16;Рэнкинг страховых компаний — II квартал 2026 (snsratings.uz).txt
2026-Q2;short_term_receivables;Краткосрочная дебиторская задолженность;суммарные;QUANTUM INSURANCE AJ;QUANTUM INSURANCE;0;44908,8;1,36;14;32436,1;0,75;21;-27,77;-0,61;-0,38;млн сум;16;Рэнкинг страховых компаний — II квартал 2026 (snsratings.uz).txt
2026-Q2;short_term_receivables;Краткосрочная дебиторская задолженность;суммарные;SEMURG SUG'URTA AJ QK;SEMURG INSURANCE;0;45248,0;1,37;13;31179,2;0,72;22;-31,09;-0,65;-0,43;млн сум;16;Рэнкинг страховых компаний — II квартал 2026 (snsratings.uz).txt
2026-Q2;short_term_receivables;Краткосрочная дебиторская задолженность;суммарные;PRESTIGE INSURANCE AJ;PRESTIGE INSURANCE;1;;0,0;35;20121,8;0,46;23;0,0;0,46;0,61;млн сум;16;Рэнкинг страховых компаний — II квартал 2026 (snsratings.uz).txt
2026-Q2;short_term_receivables;Краткосрочная дебиторская задолженность;суммарные;NEO INSURANCE CORP AJ;NEO INSURANCE CORP;0;8081,5;0,24;26;18229,6;0,42;24;125,57;0,18;0,31;млн сум;16;Рэнкинг страховых компаний — II квартал 2026 (snsratings.uz).txt
2026-Q2;short_term_receivables;Краткосрочная дебиторская задолженность;суммарные;INFINITY INSURANCE AJ;INFINITY INSURANCE;0;9797,7;0,3;25;18189,1;0,42;25;85,65;0,12;0,25;млн сум;16;Рэнкинг страховых компаний — II квартал 2026 (snsratings.uz).txt
2026-Q2;short_term_receivables;Краткосрочная дебиторская задолженность;суммарные;XALQ SUG'URTA AJ;XALQ SUG`URTA;0;23020,7;0,7;20;18103,8;0,42;26;-21,36;-0,28;-0,15;млн сум;16;Рэнкинг страховых компаний — II квартал 2026 (snsratings.uz).txt
2026-Q2;short_term_receivables;Краткосрочная дебиторская задолженность;суммарные;IMKON SUG'URTA AJ;IMKON-SUG`URTA;0;3483,7;0,11;30;9441,7;0,22;27;171,03;0,11;0,18;млн сум;16;Рэнкинг страховых компаний — II квартал 2026 (snsratings.uz).txt
2026-Q2;short_term_receivables;Краткосрочная дебиторская задолженность;суммарные;O'ZBEKISTON QAYTA SUG'URTA KOMPANIYASI MQST AJ;O`ZBEKISTON QAYTA SUG`URTA KOMPANIYASI;0;;0,0;35;5940,9;0,14;28;0,0;0,14;0,18;млн сум;16;Рэнкинг страховых компаний — II квартал 2026 (snsratings.uz).txt
2026-Q2;short_term_receivables;Краткосрочная дебиторская задолженность;суммарные;KAFOLAT HAYOT INSURANCE AJ;KAFOLAT HAYOT INSURANCE;1;5261,7;0,16;28;5730,3;0,13;29;8,91;-0,03;0,01;млн сум;16;Рэнкинг страховых компаний — II квартал 2026 (snsratings.uz).txt
2026-Q2;short_term_receivables;Краткосрочная дебиторская задолженность;суммарные;O'ZBEKINVEST HAYOT SUG'URTA KOMPANIYASI AJ;O`ZBEKINVEST HAYOT SUG`URTA KOMPANIYASI;1;5423,1;0,16;27;5433,8;0,13;30;0,2;-0,03;0,0;млн сум;16;Рэнкинг страховых компаний — II квартал 2026 (snsratings.uz).txt
2026-Q2;short_term_receivables;Краткосрочная дебиторская задолженность;суммарные;ARIA SUG'URTA TASHKILOTI AJ;ARIA SUG`URTA TASHKILOTI;0;930,3;0,03;33;3997,4;0,09;31;329,69;0,06;0,09;млн сум;16;Рэнкинг страховых компаний — II квартал 2026 (snsratings.uz).txt
2026-Q2;short_term_receivables;Краткосрочная дебиторская задолженность;суммарные;ALFA LIFE INSURANCE AJ;ALFA LIFE INSURANCE;1;10141,4;0,31;24;3110,5;0,07;32;-69,33;-0,24;-0,21;млн сум;16;Рэнкинг страховых компаний — II квартал 2026 (snsratings.uz).txt
2026-Q2;short_term_receivables;Краткосрочная дебиторская задолженность;суммарные;HAMKOR SUG'URTA AJ;HAMKOR SUG`URTA;0;1162,4;0,04;31;1111,3;0,03;33;-4,4;-0,01;0,0;млн сум;16;Рэнкинг страховых компаний — II квартал 2026 (snsratings.uz).txt
2026-Q2;short_term_receivables;Краткосрочная дебиторская задолженность;суммарные;AGROS HAYOT AJ;AGROS HAYOT SUG`URTA KOMPANIYASI;1;5192,6;0,16;29;879,5;0,02;34;-83,06;-0,14;-0,13;млн сум;16;Рэнкинг страховых компаний — II квартал 2026 (snsratings.uz).txt
2026-Q2;short_term_receivables;Краткосрочная дебиторская задолженность;суммарные;TBC SUG'URTA AJ;TBC SUG`URTA;1;278,9;0,01;34;256,8;0,01;35;-7,92;0,0;0,0;млн сум;16;Рэнкинг страховых компаний — II квартал 2026 (snsratings.uz).txt
2026-Q2;short_term_receivables;Краткосрочная дебиторская задолженность;суммарные;GLOBAL INSURANCE GROUP AJ;GLOBAL INSURANCE GROUP;0;968,7;0,03;32;;0,0;36;-100,0;-0,03;-0,03;млн сум;16;Рэнкинг страховых компаний — II квартал 2026 (snsratings.uz).txt
2026-Q2;insurance_receivables;Дебиторы по страховым операциям;суммарные;ВСЕГО;ВСЕГО;0;1945086,5;;;2390371,6;;;22,89;;;млн сум;17;Рэнкинг страховых компаний — II квартал 2026 (snsratings.uz).txt
2026-Q2;insurance_receivables;Дебиторы по страховым операциям;суммарные;O'ZBEKINVEST EISK AJ;O`ZBEKINVEST;0;739393,1;38,01;1;994255,6;41,59;1;34,47;3,58;13,1;млн сум;17;Рэнкинг страховых компаний — II квартал 2026 (snsratings.uz).txt
2026-Q2;insurance_receivables;Дебиторы по страховым операциям;суммарные;KAFOLAT SUG'URTA KOMPANIYASI AJ;KAFOLAT SUG`URTA KOMPANIYASI;0;414920,1;21,33;2;350619,3;14,67;2;-15,5;-6,66;-3,31;млн сум;17;Рэнкинг страховых компаний — II квартал 2026 (snsratings.uz).txt
2026-Q2;insurance_receivables;Дебиторы по страховым операциям;суммарные;APEX LIFE INSURANCE AJ;APEX LIFE INSURANCE;1;1057,5;0,05;24;204437,3;8,55;3;19232,13;8,5;10,46;млн сум;17;Рэнкинг страховых компаний — II квартал 2026 (snsratings.uz).txt
2026-Q2;insurance_receivables;Дебиторы по страховым операциям;суммарные;MOSAIC INSURANCE GROUP AJ QK;MOSAIC INSURANCE GROUP;0;131083,4;6,74;4;163165,7;6,83;4;24,47;0,09;1,65;млн сум;17;Рэнкинг страховых компаний — II квартал 2026 (snsratings.uz).txt
2026-Q2;insurance_receivables;Дебиторы по страховым операциям;суммарные;EUROASIA INSURANCE AJ QK;EUROASIA INSURANCE;0;88532,1;4,55;6;120933,3;5,06;5;36,6;0,51;1,67;млн сум;17;Рэнкинг страховых компаний — II квартал 2026 (snsratings.uz).txt
2026-Q2;insurance_receivables;Дебиторы по страховым операциям;суммарные;O'ZAGROSUG'URTA AJ;O`ZAGROSUG`URTA;0;150869,5;7,76;3;89912,4;3,76;6;-40,4;-4,0;-3,13;млн сум;17;Рэнкинг страховых компаний — II квартал 2026 (snsratings.uz).txt
2026-Q2;insurance_receivables;Дебиторы по страховым операциям;суммарные;GROSS SUG'URTA KOMPANIYASI AJ;GROSS SUG`URTA KOMPANIYASI;0;84566,6;4,35;7;82815,5;3,46;7;-2,07;-0,89;-0,09;млн сум;17;Рэнкинг страховых компаний — II квартал 2026 (snsratings.uz).txt
2026-Q2;insurance_receivables;Дебиторы по страховым операциям;суммарные;TEMIRYO'L SUG'URTA AJ;TEMIRYO`L SUG`URTA;0;34962,1;1,8;8;69298,2;2,9;8;98,21;1,1;1,77;млн сум;17;Рэнкинг страховых компаний — II квартал 2026 (snsratings.uz).txt
2026-Q2;insurance_receivables;Дебиторы по страховым операциям;суммарные;IMPEX-INSURANCE AJ;IMPEX-INSURANCE;0;25452,4;1,31;9;45860,9;1,92;9;80,18;0,61;1,05;млн сум;17;Рэнкинг страховых компаний — II квартал 2026 (snsratings.uz).txt
2026-Q2;insurance_receivables;Дебиторы по страховым операциям;суммарные;KAPITAL SUG'URTA AJ;KAPITAL SUG`URTA;0;6181,5;0,32;17;43220,5;1,81;10;599,19;1,49;1,9;млн сум;17;Рэнкинг страховых компаний — II квартал 2026 (snsratings.uz).txt
2026-Q2;insurance_receivables;Дебиторы по страховым операциям;суммарные;ASIA INSURANCE SUG'URTA KOMPANIYASI AJ;ASIA INSURANCE SUG`URTA KOMPANIYASI;0;10068,4;0,52;16;41062,1;1,72;11;307,83;1,2;1,59;млн сум;17;Рэнкинг страховых компаний — II квартал 2026 (snsratings.uz).txt
2026-Q2;insurance_receivables;Дебиторы по страховым операциям;суммарные;SQB INSURANCE SUG'URTA KOMPANIYASI AJ;SQB INSURANCE SUG`URTA KOMPANIYASI;0;23198,5;1,19;10;38428,8;1,61;12;65,65;0,42;0,78;млн сум;17;Рэнкинг страховых компаний — II квартал 2026 (snsratings.uz).txt
2026-Q2;insurance_receivables;Дебиторы по страховым операциям;суммарные;ALFA INVEST SUG'URTA KOMPANIYASI AJ;ALFA INVEST SUG`URTA KOMPANIYASI;0;20410,2;1,05;12;35454,3;1,48;13;73,71;0,43;0,77;млн сум;17;Рэнкинг страховых компаний — II квартал 2026 (snsratings.uz).txt
2026-Q2;insurance_receivables;Дебиторы по страховым операциям;суммарные;QUANTUM INSURANCE AJ;QUANTUM INSURANCE;0;20538,1;1,06;11;23494,1;0,98;14;14,39;-0,08;0,15;млн сум;17;Рэнкинг страховых компаний — II квартал 2026 (snsratings.uz).txt
2026-Q2;insurance_receivables;Дебиторы по страховым операциям;суммарные;INSON AJ;INSON;0;13199,4;0,68;15;20070,9;0,84;15;52,06;0,16;0,35;млн сум;17;Рэнкинг страховых компаний — II квартал 2026 (snsratings.uz).txt
2026-Q2;insurance_receivables;Дебиторы по страховым операциям;суммарные;APEX INSURANCE AJ;APEX INSURANCE;0;129949,8;6,68;5;14890,3;0,62;16;-88,54;-6,06;-5,92;млн сум;17;Рэнкинг страховых компаний — II квартал 2026 (snsratings.uz).txt
2026-Q2;insurance_receivables;Дебиторы по страховым операциям;суммарные;KAFIL SUG'URTA AJ;KAFIL-SUG`URTA;0;17322,7;0,89;13;10419,7;0,44;17;-39,85;-0,45;-0,35;млн сум;17;Рэнкинг страховых компаний — II квартал 2026 (snsratings.uz).txt
2026-Q2;insurance_receivables;Дебиторы по страховым операциям;суммарные;NEO INSURANCE CORP AJ;NEO INSURANCE CORP;0;5753,0;0,3;18;10259,4;0,43;18;78,33;0,13;0,23;млн сум;17;Рэнкинг страховых компаний — II квартал 2026 (snsratings.uz).txt
2026-Q2;insurance_receivables;Дебиторы по страховым операциям;суммарные;TRUST-INSURANCE AJ;TRUST-INSURANCE;0;1614,5;0,08;21;9405,8;0,39;19;482,58;0,31;0,4;млн сум;17;Рэнкинг страховых компаний — II квартал 2026 (snsratings.uz).txt
2026-Q2;insurance_receivables;Дебиторы по страховым операциям;суммарные;MY-INSURANCE AJ;MY-INSURANCE;0;3055,3;0,16;20;9281,5;0,39;20;203,78;0,23;0,32;млн сум;17;Рэнкинг страховых компаний — II квартал 2026 (snsratings.uz).txt
2026-Q2;insurance_receivables;Дебиторы по страховым операциям;суммарные;O'ZBEKISTON QAYTA SUG'URTA KOMPANIYASI MQST AJ;O`ZBEKISTON QAYTA SUG`URTA KOMPANIYASI;0;;0,0;33;5913,8;0,25;21;0,0;0,25;0,3;млн сум;17;Рэнкинг страховых компаний — II квартал 2026 (snsratings.uz).txt
2026-Q2;insurance_receivables;Дебиторы по страховым операциям;суммарные;INFINITY INSURANCE AJ;INFINITY INSURANCE;0;1541,9;0,08;22;3284,7;0,14;22;113,03;0,06;0,09;млн сум;17;Рэнкинг страховых компаний — II квартал 2026 (snsratings.uz).txt
2026-Q2;insurance_receivables;Дебиторы по страховым операциям;суммарные;PRESTIGE INSURANCE AJ;PRESTIGE INSURANCE;1;;0,0;33;1058,3;0,04;23;0,0;0,04;0,05;млн сум;17;Рэнкинг страховых компаний — II квартал 2026 (snsratings.uz).txt
2026-Q2;insurance_receivables;Дебиторы по страховым операциям;суммарные;ALFA LIFE INSURANCE AJ;ALFA LIFE INSURANCE;1;5625,5;0,29;19;1007,0;0,04;24;-82,1;-0,25;-0,24;млн сум;17;Рэнкинг страховых компаний — II квартал 2026 (snsratings.uz).txt
2026-Q2;insurance_receivables;Дебиторы по страховым операциям;суммарные;SEMURG SUG'URTA AJ QK;SEMURG INSURANCE;0;13462,1;0,69;14;892,3;0,04;25;-93,37;-0,65;-0,65;млн сум;17;Рэнкинг страховых компаний — II квартал 2026 (snsratings.uz).txt
2026-Q2;insurance_receivables;Дебиторы по страховым операциям;суммарные;XALQ SUG'URTA AJ;XALQ SUG`URTA;0;1394,1;0,07;23;349,7;0,01;26;-74,92;-0,06;-0,05;млн сум;17;Рэнкинг страховых компаний — II квартал 2026 (snsratings.uz).txt
2026-Q2;insurance_receivables;Дебиторы по страховым операциям;суммарные;AGROS HAYOT AJ;AGROS HAYOT SUG`URTA KOMPANIYASI;1;251,4;0,01;26;251,4;0,01;27;0,0;0,0;0,0;млн сум;17;Рэнкинг страховых компаний — II квартал 2026 (snsratings.uz).txt
2026-Q2;insurance_receivables;Дебиторы по страховым операциям;суммарные;ISHONCH SUG'URTA KOMPANIYASI AJ;ISHONCH SUG`URTA KOMPANIYASI;0;413,1;0,02;25;242,5;0,01;28;-41,3;-0,01;-0,01;млн сум;17;Рэнкинг страховых компаний — II квартал 2026 (snsratings.uz).txt
2026-Q2;insurance_receivables;Дебиторы по страховым операциям;суммарные;IMKON SUG'URTA AJ;IMKON-SUG`URTA;0;4,1;0,0;31;63,1;0,0;29;1439,02;0,0;0,0;млн сум;17;Рэнкинг страховых компаний — II квартал 2026 (snsratings.uz).txt
2026-Q2;insurance_receivables;Дебиторы по страховым операциям;суммарные;KAFOLAT HAYOT INSURANCE AJ;KAFOLAT HAYOT INSURANCE;1;;0,0;33;22,4;0,0;30;0,0;0,0;0,0;млн сум;17;Рэнкинг страховых компаний — II квартал 2026 (snsratings.uz).txt
2026-Q2;insurance_receivables;Дебиторы по страховым операциям;суммарные;ARIA SUG'URTA TASHKILOTI AJ;ARIA SUG`URTA TASHKILOTI;0;44,6;0,0;29;0,8;0,0;31;-98,21;0,0;0,0;млн сум;17;Рэнкинг страховых компаний — II квартал 2026 (snsratings.uz).txt
2026-Q2;insurance_receivables;Дебиторы по страховым операциям;суммарные;ALSKOM AJ;ALSKOM SUG`URTA KOMPANIYASI;0;155,2;0,01;27;;0,0;32;-100,0;-0,01;-0,01;млн сум;17;Рэнкинг страховых компаний — II квартал 2026 (snsratings.uz).txt
2026-Q2;insurance_receivables;Дебиторы по страховым операциям;суммарные;HAMKOR SUG'URTA AJ;HAMKOR SUG`URTA;0;48,5;0,0;28;;0,0;32;-100,0;0,0;0,0;млн сум;17;Рэнкинг страховых компаний — II квартал 2026 (snsratings.uz).txt
2026-Q2;insurance_receivables;Дебиторы по страховым операциям;суммарные;O'ZBEKINVEST HAYOT SUG'URTA KOMPANIYASI AJ;O`ZBEKINVEST HAYOT SUG`URTA KOMPANIYASI;1;15,7;0,0;30;;0,0;32;-100,0;0,0;0,0;млн сум;17;Рэнкинг страховых компаний — II квартал 2026 (snsratings.uz).txt
2026-Q2;insurance_receivables;Дебиторы по страховым операциям;суммарные;TBC SUG'URTA AJ;TBC SUG`URTA;1;2,1;0,0;32;;0,0;32;-100,0;0,0;0,0;млн сум;17;Рэнкинг страховых компаний — II квартал 2026 (snsratings.uz).txt
2026-Q2;insurance_receivables;Дебиторы по страховым операциям;суммарные;GLOBAL INSURANCE GROUP AJ;GLOBAL INSURANCE GROUP;0;;0,0;33;;0,0;32;0,0;0,0;0,0;млн сум;17;Рэнкинг страховых компаний — II квартал 2026 (snsratings.uz).txt
2026-Q2;cash;Денежные средства;суммарные;ВСЕГО;ВСЕГО;0;734884,3;;;937886,6;;;27,62;;;млн сум;18;Рэнкинг страховых компаний — II квартал 2026 (snsratings.uz).txt
2026-Q2;cash;Денежные средства;суммарные;APEX INSURANCE AJ;APEX INSURANCE;0;310880,6;42,3;1;233652,9;24,91;1;-24,84;-17,39;-10,51;млн сум;18;Рэнкинг страховых компаний — II квартал 2026 (snsratings.uz).txt
2026-Q2;cash;Денежные средства;суммарные;MOSAIC INSURANCE GROUP AJ QK;MOSAIC INSURANCE GROUP;0;65921,0;8,97;3;131728,2;14,05;2;99,83;5,08;8,95;млн сум;18;Рэнкинг страховых компаний — II квартал 2026 (snsratings.uz).txt
2026-Q2;cash;Денежные средства;суммарные;APEX LIFE INSURANCE AJ;APEX LIFE INSURANCE;1;6582,2;0,9;15;118489,4;12,63;3;1700,15;11,73;15,23;млн сум;18;Рэнкинг страховых компаний — II квартал 2026 (snsratings.uz).txt
2026-Q2;cash;Денежные средства;суммарные;KAPITAL SUG'URTA AJ;KAPITAL SUG`URTA;0;96787,1;13,17;2;88830,2;9,47;4;-8,22;-3,7;-1,08;млн сум;18;Рэнкинг страховых компаний — II квартал 2026 (snsratings.uz).txt
2026-Q2;cash;Денежные средства;суммарные;O'ZBEKINVEST EISK AJ;O`ZBEKINVEST;0;54413,3;7,4;4;81867,9;8,73;5;50,46;1,33;3,74;млн сум;18;Рэнкинг страховых компаний — II квартал 2026 (snsratings.uz).txt
2026-Q2;cash;Денежные средства;суммарные;GROSS SUG'URTA KOMPANIYASI AJ;GROSS SUG`URTA KOMPANIYASI;0;29944,7;4,07;6;60338,9;6,43;6;101,5;2,36;4,14;млн сум;18;Рэнкинг страховых компаний — II квартал 2026 (snsratings.uz).txt
2026-Q2;cash;Денежные средства;суммарные;O'ZBEKISTON QAYTA SUG'URTA KOMPANIYASI MQST AJ;O`ZBEKISTON QAYTA SUG`URTA KOMPANIYASI;0;;0,0;35;36367,7;3,88;7;0,0;3,88;4,95;млн сум;18;Рэнкинг страховых компаний — II квартал 2026 (snsratings.uz).txt
2026-Q2;cash;Денежные средства;суммарные;KAFOLAT SUG'URTA KOMPANIYASI AJ;KAFOLAT SUG`URTA KOMPANIYASI;0;29280,9;3,98;7;27344,8;2,92;8;-6,61;-1,06;-0,26;млн сум;18;Рэнкинг страховых компаний — II квартал 2026 (snsratings.uz).txt
2026-Q2;cash;Денежные средства;суммарные;INSON AJ;INSON;0;2346,7;0,32;20;21571,6;2,3;9;819,23;1,98;2,62;млн сум;18;Рэнкинг страховых компаний — II квартал 2026 (snsratings.uz).txt
2026-Q2;cash;Денежные средства;суммарные;EUROASIA INSURANCE AJ QK;EUROASIA INSURANCE;0;2161,1;0,29;21;21467,2;2,29;10;893,35;2,0;2,63;млн сум;18;Рэнкинг страховых компаний — II квартал 2026 (snsratings.uz).txt
2026-Q2;cash;Денежные средства;суммарные;ALFA INVEST SUG'URTA KOMPANIYASI AJ;ALFA INVEST SUG`URTA KOMPANIYASI;0;7779,5;1,06;13;19007,3;2,03;11;144,33;0,97;1,53;млн сум;18;Рэнкинг страховых компаний — II квартал 2026 (snsratings.uz).txt
2026-Q2;cash;Денежные средства;суммарные;TEMIRYO'L SUG'URTA AJ;TEMIRYO`L SUG`URTA;0;10388,0;1,41;9;10255,3;1,09;12;-1,28;-0,32;-0,02;млн сум;18;Рэнкинг страховых компаний — II квартал 2026 (snsratings.uz).txt
2026-Q2;cash;Денежные средства;суммарные;MY-INSURANCE AJ;MY-INSURANCE;0;36943,2;5,03;5;10212,5;1,09;13;-72,36;-3,94;-3,64;млн сум;18;Рэнкинг страховых компаний — II квартал 2026 (snsratings.uz).txt
2026-Q2;cash;Денежные средства;суммарные;SQB INSURANCE SUG'URTA KOMPANIYASI AJ;SQB INSURANCE SUG`URTA KOMPANIYASI;0;5322,0;0,72;16;9597,5;1,02;14;80,34;0,3;0,58;млн сум;18;Рэнкинг страховых компаний — II квартал 2026 (snsratings.uz).txt
2026-Q2;cash;Денежные средства;суммарные;TRUST-INSURANCE AJ;TRUST-INSURANCE;0;1134,7;0,15;29;8833,4;0,94;15;678,48;0,79;1,05;млн сум;18;Рэнкинг страховых компаний — II квартал 2026 (snsratings.uz).txt
2026-Q2;cash;Денежные средства;суммарные;ALSKOM AJ;ALSKOM SUG`URTA KOMPANIYASI;0;18229,0;2,48;8;8618,4;0,92;16;-52,72;-1,56;-1,31;млн сум;18;Рэнкинг страховых компаний — II квартал 2026 (snsratings.uz).txt
2026-Q2;cash;Денежные средства;суммарные;KAFIL SUG'URTA AJ;KAFIL-SUG`URTA;0;10353,5;1,41;10;7209,1;0,77;17;-30,37;-0,64;-0,43;млн сум;18;Рэнкинг страховых компаний — II квартал 2026 (snsratings.uz).txt
2026-Q2;cash;Денежные средства;суммарные;SEMURG SUG'URTA AJ QK;SEMURG INSURANCE;0;6751,1;0,92;14;5462,4;0,58;18;-19,09;-0,34;-0,18;млн сум;18;Рэнкинг страховых компаний — II квартал 2026 (snsratings.uz).txt
2026-Q2;cash;Денежные средства;суммарные;HAMKOR SUG'URTA AJ;HAMKOR SUG`URTA;0;2104,5;0,29;22;5176,4;0,55;19;145,97;0,26;0,42;млн сум;18;Рэнкинг страховых компаний — II квартал 2026 (snsratings.uz).txt
2026-Q2;cash;Денежные средства;суммарные;IMPEX-INSURANCE AJ;IMPEX-INSURANCE;0;2041,7;0,28;23;3318,3;0,35;20;62,53;0,07;0,17;млн сум;18;Рэнкинг страховых компаний — II квартал 2026 (snsratings.uz).txt
2026-Q2;cash;Денежные средства;суммарные;NEO INSURANCE CORP AJ;NEO INSURANCE CORP;0;1755,2;0,24;25;3290,6;0,35;21;87,48;0,11;0,21;млн сум;18;Рэнкинг страховых компаний — II квартал 2026 (snsratings.uz).txt
2026-Q2;cash;Денежные средства;суммарные;PRESTIGE INSURANCE AJ;PRESTIGE INSURANCE;1;;0,0;35;3257,6;0,35;22;0,0;0,35;0,44;млн сум;18;Рэнкинг страховых компаний — II квартал 2026 (snsratings.uz).txt
2026-Q2;cash;Денежные средства;суммарные;ASIA INSURANCE SUG'URTA KOMPANIYASI AJ;ASIA INSURANCE SUG`URTA KOMPANIYASI;0;8210,6;1,12;11;3225,1;0,34;23;-60,72;-0,78;-0,68;млн сум;18;Рэнкинг страховых компаний — II квартал 2026 (snsratings.uz).txt
2026-Q2;cash;Денежные средства;суммарные;TBC SUG'URTA AJ;TBC SUG`URTA;1;966,2;0,13;30;2945,6;0,31;24;204,86;0,18;0,27;млн сум;18;Рэнкинг страховых компаний — II квартал 2026 (snsratings.uz).txt
2026-Q2;cash;Денежные средства;суммарные;ARIA SUG'URTA TASHKILOTI AJ;ARIA SUG`URTA TASHKILOTI;0;7803,8;1,06;12;2600,0;0,28;25;-66,68;-0,78;-0,71;млн сум;18;Рэнкинг страховых компаний — II квартал 2026 (snsratings.uz).txt
2026-Q2;cash;Денежные средства;суммарные;QUANTUM INSURANCE AJ;QUANTUM INSURANCE;0;2629,3;0,36;19;2500,5;0,27;26;-4,9;-0,09;-0,02;млн сум;18;Рэнкинг страховых компаний — II квартал 2026 (snsratings.uz).txt
2026-Q2;cash;Денежные средства;суммарные;INFINITY INSURANCE AJ;INFINITY INSURANCE;0;1881,0;0,26;24;2167,9;0,23;27;15,25;-0,03;0,04;млн сум;18;Рэнкинг страховых компаний — II квартал 2026 (snsratings.uz).txt
2026-Q2;cash;Денежные средства;суммарные;O'ZAGROSUG'URTA AJ;O`ZAGROSUG`URTA;0;3299,8;0,45;17;2114,9;0,23;28;-35,91;-0,22;-0,16;млн сум;18;Рэнкинг страховых компаний — II квартал 2026 (snsratings.uz).txt
2026-Q2;cash;Денежные средства;суммарные;XALQ SUG'URTA AJ;XALQ SUG`URTA;0;1400,9;0,19;26;1586,7;0,17;29;13,26;-0,02;0,03;млн сум;18;Рэнкинг страховых компаний — II квартал 2026 (snsratings.uz).txt
2026-Q2;cash;Денежные средства;суммарные;ISHONCH SUG'URTA KOMPANIYASI AJ;ISHONCH SUG`URTA KOMPANIYASI;0;1278,1;0,17;28;1365,9;0,15;30;6,87;-0,02;0,01;млн сум;18;Рэнкинг страховых компаний — II квартал 2026 (snsratings.uz).txt
2026-Q2;cash;Денежные средства;суммарные;IMKON SUG'URTA AJ;IMKON-SUG`URTA;0;1369,7;0,19;27;1316,1;0,14;31;-3,91;-0,05;-0,01;млн сум;18;Рэнкинг страховых компаний — II квартал 2026 (snsratings.uz).txt
2026-Q2;cash;Денежные средства;суммарные;ALFA LIFE INSURANCE AJ;ALFA LIFE INSURANCE;1;861,4;0,12;31;878,6;0,09;32;2,0;-0,03;0,0;млн сум;18;Рэнкинг страховых компаний — II квартал 2026 (snsratings.uz).txt
2026-Q2;cash;Денежные средства;суммарные;KAFOLAT HAYOT INSURANCE AJ;KAFOLAT HAYOT INSURANCE;1;395,0;0,05;32;651,0;0,07;33;64,81;0,02;0,03;млн сум;18;Рэнкинг страховых компаний — II квартал 2026 (snsratings.uz).txt
2026-Q2;cash;Денежные средства;суммарные;O'ZBEKINVEST HAYOT SUG'URTA KOMPANIYASI AJ;O`ZBEKINVEST HAYOT SUG`URTA KOMPANIYASI;1;335,2;0,05;33;522,4;0,06;34;55,85;0,01;0,03;млн сум;18;Рэнкинг страховых компаний — II квартал 2026 (snsratings.uz).txt
2026-Q2;cash;Денежные средства;суммарные;AGROS HAYOT AJ;AGROS HAYOT SUG`URTA KOMPANIYASI;1;40,9;0,01;34;114,3;0,01;35;179,46;0,0;0,01;млн сум;18;Рэнкинг страховых компаний — II квартал 2026 (snsratings.uz).txt
2026-Q2;cash;Денежные средства;суммарные;GLOBAL INSURANCE GROUP AJ;GLOBAL INSURANCE GROUP;0;3292,4;0,45;18;;0,0;36;-100,0;-0,45;-0,45;млн сум;18;Рэнкинг страховых компаний — II квартал 2026 (snsratings.uz).txt
2026-Q2;share_capital;Акционерный капитал;суммарные;ВСЕГО;ВСЕГО;0;3128567,8;;;4292958,2;;;37,22;;;млн сум;19;Рэнкинг страховых компаний — II квартал 2026 (snsratings.uz).txt
2026-Q2;share_capital;Акционерный капитал;суммарные;APEX INSURANCE AJ;APEX INSURANCE;0;710000,0;22,69;1;1060000,0;24,69;1;49,3;2,0;11,19;млн сум;19;Рэнкинг страховых компаний — II квартал 2026 (snsratings.uz).txt
2026-Q2;share_capital;Акционерный капитал;суммарные;O'ZBEKINVEST EISK AJ;O`ZBEKINVEST;0;303452,2;9,7;2;303452,2;7,07;2;0,0;-2,63;0,0;млн сум;19;Рэнкинг страховых компаний — II квартал 2026 (snsratings.uz).txt
2026-Q2;share_capital;Акционерный капитал;суммарные;APEX LIFE INSURANCE AJ;APEX LIFE INSURANCE;1;130000,0;4,16;4;230000,0;5,36;3;76,92;1,2;3,2;млн сум;19;Рэнкинг страховых компаний — II квартал 2026 (snsratings.uz).txt
2026-Q2;share_capital;Акционерный капитал;суммарные;KAFOLAT SUG'URTA KOMPANIYASI AJ;KAFOLAT SUG`URTA KOMPANIYASI;0;215500,0;6,89;3;215500,0;5,02;4;0,0;-1,87;0,0;млн сум;19;Рэнкинг страховых компаний — II квартал 2026 (snsratings.uz).txt
2026-Q2;share_capital;Акционерный капитал;суммарные;EUROASIA INSURANCE AJ QK;EUROASIA INSURANCE;0;86808,5;2,77;7;209241,2;4,87;5;141,04;2,1;3,91;млн сум;19;Рэнкинг страховых компаний — II квартал 2026 (snsratings.uz).txt
2026-Q2;share_capital;Акционерный капитал;суммарные;MOSAIC INSURANCE GROUP AJ QK;MOSAIC INSURANCE GROUP;0;104106,5;3,33;6;140556,5;3,27;6;35,01;-0,06;1,17;млн сум;19;Рэнкинг страховых компаний — II квартал 2026 (snsratings.uz).txt
2026-Q2;share_capital;Акционерный капитал;суммарные;GROSS SUG'URTA KOMPANIYASI AJ;GROSS SUG`URTA KOMPANIYASI;0;83800,0;2,68;9;135000,0;3,14;7;61,1;0,46;1,64;млн сум;19;Рэнкинг страховых компаний — II квартал 2026 (snsratings.uz).txt
2026-Q2;share_capital;Акционерный капитал;суммарные;O'ZAGROSUG'URTA AJ;O`ZAGROSUG`URTA;0;108955,9;3,48;5;108955,9;2,54;8;0,0;-0,94;0,0;млн сум;19;Рэнкинг страховых компаний — II квартал 2026 (snsratings.uz).txt
2026-Q2;share_capital;Акционерный капитал;суммарные;SQB INSURANCE SUG'URTA KOMPANIYASI AJ;SQB INSURANCE SUG`URTA KOMPANIYASI;0;84936,6;2,71;8;101923,9;2,37;9;20,0;-0,34;0,54;млн сум;19;Рэнкинг страховых компаний — II квартал 2026 (snsratings.uz).txt
2026-Q2;share_capital;Акционерный капитал;суммарные;TRUST-INSURANCE AJ;TRUST-INSURANCE;0;60000,0;1,92;19;100000,0;2,33;10;66,67;0,41;1,28;млн сум;19;Рэнкинг страховых компаний — II квартал 2026 (snsratings.uz).txt
2026-Q2;share_capital;Акционерный капитал;суммарные;INSON AJ;INSON;0;65751,5;2,1;16;85751,5;2,0;11;30,42;-0,1;0,64;млн сум;19;Рэнкинг страховых компаний — II квартал 2026 (snsratings.uz).txt
2026-Q2;share_capital;Акционерный капитал;суммарные;TEMIRYO'L SUG'URTA AJ;TEMIRYO`L SUG`URTA;0;75000,0;2,4;13;85300,0;1,99;12;13,73;-0,41;0,33;млн сум;19;Рэнкинг страховых компаний — II квартал 2026 (snsratings.uz).txt
2026-Q2;share_capital;Акционерный капитал;суммарные;MY-INSURANCE AJ;MY-INSURANCE;0;65050,0;2,08;17;85050,0;1,98;13;30,75;-0,1;0,64;млн сум;19;Рэнкинг страховых компаний — II квартал 2026 (snsratings.uz).txt
2026-Q2;share_capital;Акционерный капитал;суммарные;ALFA INVEST SUG'URTA KOMPANIYASI AJ;ALFA INVEST SUG`URTA KOMPANIYASI;0;66640,8;2,13;15;84336,1;1,96;14;26,55;-0,17;0,57;млн сум;19;Рэнкинг страховых компаний — II квартал 2026 (snsratings.uz).txt
2026-Q2;share_capital;Акционерный капитал;суммарные;INFINITY INSURANCE AJ;INFINITY INSURANCE;0;75181,8;2,4;12;82300,0;1,92;15;9,47;-0,48;0,23;млн сум;19;Рэнкинг страховых компаний — II квартал 2026 (snsratings.uz).txt
2026-Q2;share_capital;Акционерный капитал;суммарные;KAFIL SUG'URTA AJ;KAFIL-SUG`URTA;0;60701,0;1,94;18;80701,0;1,88;16;32,95;-0,06;0,64;млн сум;19;Рэнкинг страховых компаний — II квартал 2026 (snsratings.uz).txt
2026-Q2;share_capital;Акционерный капитал;суммарные;XALQ SUG'URTA AJ;XALQ SUG`URTA;0;80000,0;2,56;10;80000,0;1,86;17;0,0;-0,7;0,0;млн сум;19;Рэнкинг страховых компаний — II квартал 2026 (snsratings.uz).txt
2026-Q2;share_capital;Акционерный капитал;суммарные;O'ZBEKISTON QAYTA SUG'URTA KOMPANIYASI MQST AJ;O`ZBEKISTON QAYTA SUG`URTA KOMPANIYASI;0;;0,0;35;80000,0;1,86;17;0,0;1,86;2,56;млн сум;19;Рэнкинг страховых компаний — II квартал 2026 (snsratings.uz).txt
2026-Q2;share_capital;Акционерный капитал;суммарные;NEO INSURANCE CORP AJ;NEO INSURANCE CORP;0;55000,0;1,76;21;80000,0;1,86;17;45,45;0,1;0,8;млн сум;19;Рэнкинг страховых компаний — II квартал 2026 (snsratings.uz).txt
2026-Q2;share_capital;Акционерный капитал;суммарные;KAPITAL SUG'URTA AJ;KAPITAL SUG`URTA;0;45000,0;1,44;26;80000,0;1,86;17;77,78;0,42;1,12;млн сум;19;Рэнкинг страховых компаний — II квартал 2026 (snsratings.uz).txt
2026-Q2;share_capital;Акционерный капитал;суммарные;QUANTUM INSURANCE AJ;QUANTUM INSURANCE;0;80000,0;2,56;10;80000,0;1,86;17;0,0;-0,7;0,0;млн сум;19;Рэнкинг страховых компаний — II квартал 2026 (snsratings.uz).txt
2026-Q2;share_capital;Акционерный капитал;суммарные;IMPEX-INSURANCE AJ;IMPEX-INSURANCE;0;53750,0;1,72;22;80000,0;1,86;17;48,84;0,14;0,84;млн сум;19;Рэнкинг страховых компаний — II квартал 2026 (snsratings.uz).txt
2026-Q2;share_capital;Акционерный капитал;суммарные;IMKON SUG'URTA AJ;IMKON-SUG`URTA;0;52500,0;1,68;24;80000,0;1,86;17;52,38;0,18;0,88;млн сум;19;Рэнкинг страховых компаний — II квартал 2026 (snsratings.uz).txt
2026-Q2;share_capital;Акционерный капитал;суммарные;ASIA INSURANCE SUG'URTA KOMPANIYASI AJ;ASIA INSURANCE SUG`URTA KOMPANIYASI;0;52676,0;1,68;23;80000,0;1,86;17;51,87;0,18;0,87;млн сум;19;Рэнкинг страховых компаний — II квартал 2026 (snsratings.uz).txt
2026-Q2;share_capital;Акционерный капитал;суммарные;AGROS HAYOT AJ;AGROS HAYOT SUG`URTA KOMPANIYASI;1;67000,0;2,14;14;72000,0;1,68;25;7,46;-0,46;0,16;млн сум;19;Рэнкинг страховых компаний — II квартал 2026 (snsratings.uz).txt
2026-Q2;share_capital;Акционерный капитал;суммарные;PRESTIGE INSURANCE AJ;PRESTIGE INSURANCE;1;;0,0;35;65249,9;1,52;26;0,0;1,52;2,09;млн сум;19;Рэнкинг страховых компаний — II квартал 2026 (snsratings.uz).txt
2026-Q2;share_capital;Акционерный капитал;суммарные;KAFOLAT HAYOT INSURANCE AJ;KAFOLAT HAYOT INSURANCE;1;55600,0;1,78;20;60600,0;1,41;27;8,99;-0,37;0,16;млн сум;19;Рэнкинг страховых компаний — II квартал 2026 (snsratings.uz).txt
2026-Q2;share_capital;Акционерный капитал;суммарные;ALSKOM AJ;ALSKOM SUG`URTA KOMPANIYASI;0;40182,0;1,28;28;60272,9;1,4;28;50,0;0,12;0,64;млн сум;19;Рэнкинг страховых компаний — II квартал 2026 (snsratings.uz).txt
2026-Q2;share_capital;Акционерный капитал;суммарные;ISHONCH SUG'URTA KOMPANIYASI AJ;ISHONCH SUG`URTA KOMPANIYASI;0;45375,0;1,45;25;51375,0;1,2;29;13,22;-0,25;0,19;млн сум;19;Рэнкинг страховых компаний — II квартал 2026 (snsratings.uz).txt
2026-Q2;share_capital;Акционерный капитал;суммарные;HAMKOR SUG'URTA AJ;HAMKOR SUG`URTA;0;35000,0;1,12;30;50000,0;1,16;30;42,86;0,04;0,48;млн сум;19;Рэнкинг страховых компаний — II квартал 2026 (snsratings.uz).txt
2026-Q2;share_capital;Акционерный капитал;суммарные;SEMURG SUG'URTA AJ QK;SEMURG INSURANCE;0;45000,0;1,44;26;45000,0;1,05;31;0,0;-0,39;0,0;млн сум;19;Рэнкинг страховых компаний — II квартал 2026 (snsratings.uz).txt
2026-Q2;share_capital;Акционерный капитал;суммарные;ALFA LIFE INSURANCE AJ;ALFA LIFE INSURANCE;1;36600,0;1,17;29;40305,0;0,94;32;10,12;-0,23;0,12;млн сум;19;Рэнкинг страховых компаний — II квартал 2026 (snsratings.uz).txt
2026-Q2;share_capital;Акционерный капитал;суммарные;O'ZBEKINVEST HAYOT SUG'URTA KOMPANIYASI AJ;O`ZBEKINVEST HAYOT SUG`URTA KOMPANIYASI;1;25000,0;0,8;31;40000,0;0,93;33;60,0;0,13;0,48;млн сум;19;Рэнкинг страховых компаний — II квартал 2026 (snsratings.uz).txt
2026-Q2;share_capital;Акционерный капитал;суммарные;ARIA SUG'URTA TASHKILOTI AJ;ARIA SUG`URTA TASHKILOTI;0;22000,0;0,7;32;35087,1;0,82;34;59,49;0,12;0,42;млн сум;19;Рэнкинг страховых компаний — II квартал 2026 (snsratings.uz).txt
2026-Q2;share_capital;Акционерный капитал;суммарные;TBC SUG'URTA AJ;TBC SUG`URTA;1;22000,0;0,7;32;25000,0;0,58;35;13,64;-0,12;0,1;млн сум;19;Рэнкинг страховых компаний — II квартал 2026 (snsratings.uz).txt
2026-Q2;share_capital;Акционерный капитал;суммарные;GLOBAL INSURANCE GROUP AJ;GLOBAL INSURANCE GROUP;0;20000,0;0,64;34;;0,0;36;-100,0;-0,64;-0,64;млн сум;19;Рэнкинг страховых компаний — II квартал 2026 (snsratings.uz).txt
2026-Q2;retained_earnings;Нераспределенная прибыль (непокрытый убыток);суммарные;ВСЕГО;ВСЕГО;0;348788,1;;;578325,1;;;65,81;;;млн сум;20;Рэнкинг страховых компаний — II квартал 2026 (snsratings.uz).txt
2026-Q2;retained_earnings;Нераспределенная прибыль (непокрытый убыток);суммарные;APEX INSURANCE AJ;APEX INSURANCE;0;130951,9;37,54;1;94605,4;16,36;1;-27,76;-21,18;-10,42;млн сум;20;Рэнкинг страховых компаний — II квартал 2026 (snsratings.uz).txt
2026-Q2;retained_earnings;Нераспределенная прибыль (непокрытый убыток);суммарные;EUROASIA INSURANCE AJ QK;EUROASIA INSURANCE;0;5976,8;1,71;17;85124,0;14,72;2;1324,24;13,01;22,69;млн сум;20;Рэнкинг страховых компаний — II квартал 2026 (snsratings.uz).txt
2026-Q2;retained_earnings;Нераспределенная прибыль (непокрытый убыток);суммарные;O'ZBEKINVEST EISK AJ;O`ZBEKINVEST;0;67096,0;19,24;2;79971,0;13,83;3;19,19;-5,41;3,69;млн сум;20;Рэнкинг страховых компаний — II квартал 2026 (snsratings.uz).txt
2026-Q2;retained_earnings;Нераспределенная прибыль (непокрытый убыток);суммарные;MOSAIC INSURANCE GROUP AJ QK;MOSAIC INSURANCE GROUP;0;35931,6;10,3;3;76706,7;13,26;4;113,48;2,96;11,69;млн сум;20;Рэнкинг страховых компаний — II квартал 2026 (snsratings.uz).txt
2026-Q2;retained_earnings;Нераспределенная прибыль (непокрытый убыток);суммарные;TBC SUG'URTA AJ;TBC SUG`URTA;1;571,1;0,16;27;45961,4;7,95;5;7947,87;7,79;13,01;млн сум;20;Рэнкинг страховых компаний — II квартал 2026 (snsratings.uz).txt
2026-Q2;retained_earnings;Нераспределенная прибыль (непокрытый убыток);суммарные;MY-INSURANCE AJ;MY-INSURANCE;0;11388,0;3,27;11;41720,2;7,21;6;266,35;3,94;8,7;млн сум;20;Рэнкинг страховых компаний — II квартал 2026 (snsratings.uz).txt
2026-Q2;retained_earnings;Нераспределенная прибыль (непокрытый убыток);суммарные;HAMKOR SUG'URTA AJ;HAMKOR SUG`URTA;0;22159,3;6,35;5;37972,1;6,57;7;71,36;0,22;4,53;млн сум;20;Рэнкинг страховых компаний — II квартал 2026 (snsratings.uz).txt
2026-Q2;retained_earnings;Нераспределенная прибыль (непокрытый убыток);суммарные;KAFOLAT SUG'URTA KOMPANIYASI AJ;KAFOLAT SUG`URTA KOMPANIYASI;0;11995,1;3,44;9;32941,8;5,7;8;174,63;2,26;6,01;млн сум;20;Рэнкинг страховых компаний — II квартал 2026 (snsratings.uz).txt
2026-Q2;retained_earnings;Нераспределенная прибыль (непокрытый убыток);суммарные;ALFA INVEST SUG'URTA KOMPANIYASI AJ;ALFA INVEST SUG`URTA KOMPANIYASI;0;19956,9;5,72;6;27752,2;4,8;9;39,06;-0,92;2,23;млн сум;20;Рэнкинг страховых компаний — II квартал 2026 (snsratings.uz).txt
2026-Q2;retained_earnings;Нераспределенная прибыль (непокрытый убыток);суммарные;TEMIRYO'L SUG'URTA AJ;TEMIRYO`L SUG`URTA;0;11571,9;3,32;10;25313,0;4,38;10;118,75;1,06;3,94;млн сум;20;Рэнкинг страховых компаний — II квартал 2026 (snsratings.uz).txt
2026-Q2;retained_earnings;Нераспределенная прибыль (непокрытый убыток);суммарные;IMKON SUG'URTA AJ;IMKON-SUG`URTA;0;6423,4;1,84;15;22259,1;3,85;11;246,53;2,01;4,54;млн сум;20;Рэнкинг страховых компаний — II квартал 2026 (snsratings.uz).txt
2026-Q2;retained_earnings;Нераспределенная прибыль (непокрытый убыток);суммарные;XALQ SUG'URTA AJ;XALQ SUG`URTA;0;6056,2;1,74;16;15422,3;2,67;12;154,65;0,93;2,69;млн сум;20;Рэнкинг страховых компаний — II квартал 2026 (snsratings.uz).txt
2026-Q2;retained_earnings;Нераспределенная прибыль (непокрытый убыток);суммарные;GROSS SUG'URTA KOMPANIYASI AJ;GROSS SUG`URTA KOMPANIYASI;0;13695,7;3,93;7;14719,1;2,55;13;7,47;-1,38;0,29;млн сум;20;Рэнкинг страховых компаний — II квартал 2026 (snsratings.uz).txt
2026-Q2;retained_earnings;Нераспределенная прибыль (непокрытый убыток);суммарные;SQB INSURANCE SUG'URTA KOMPANIYASI AJ;SQB INSURANCE SUG`URTA KOMPANIYASI;0;13171,5;3,78;8;12698,1;2,2;14;-3,59;-1,58;-0,14;млн сум;20;Рэнкинг страховых компаний — II квартал 2026 (snsratings.uz).txt
2026-Q2;retained_earnings;Нераспределенная прибыль (непокрытый убыток);суммарные;IMPEX-INSURANCE AJ;IMPEX-INSURANCE;0;7170,6;2,06;14;10888,8;1,88;15;51,85;-0,18;1,07;млн сум;20;Рэнкинг страховых компаний — II квартал 2026 (snsratings.uz).txt
2026-Q2;retained_earnings;Нераспределенная прибыль (непокрытый убыток);суммарные;O'ZAGROSUG'URTA AJ;O`ZAGROSUG`URTA;0;11174,2;3,2;12;9817,4;1,7;16;-12,14;-1,5;-0,39;млн сум;20;Рэнкинг страховых компаний — II квартал 2026 (snsratings.uz).txt
2026-Q2;retained_earnings;Нераспределенная прибыль (непокрытый убыток);суммарные;KAFIL SUG'URTA AJ;KAFIL-SUG`URTA;0;4586,9;1,32;18;8960,9;1,55;17;95,36;0,23;1,25;млн сум;20;Рэнкинг страховых компаний — II квартал 2026 (snsratings.uz).txt
2026-Q2;retained_earnings;Нераспределенная прибыль (непокрытый убыток);суммарные;NEO INSURANCE CORP AJ;NEO INSURANCE CORP;0;-12498,5;-3,58;34;7910,2;1,37;18;163,29;4,95;5,85;млн сум;20;Рэнкинг страховых компаний — II квартал 2026 (snsratings.uz).txt
2026-Q2;retained_earnings;Нераспределенная прибыль (непокрытый убыток);суммарные;INSON AJ;INSON;0;1400,4;0,4;25;7411,1;1,28;19;429,21;0,88;1,72;млн сум;20;Рэнкинг страховых компаний — II квартал 2026 (snsratings.uz).txt
2026-Q2;retained_earnings;Нераспределенная прибыль (непокрытый убыток);суммарные;O'ZBEKISTON QAYTA SUG'URTA KOMPANIYASI MQST AJ;O`ZBEKISTON QAYTA SUG`URTA KOMPANIYASI;0;;0,0;29;7353,4;1,27;20;0,0;1,27;2,11;млн сум;20;Рэнкинг страховых компаний — II квартал 2026 (snsratings.uz).txt
2026-Q2;retained_earnings;Нераспределенная прибыль (непокрытый убыток);суммарные;ARIA SUG'URTA TASHKILOTI AJ;ARIA SUG`URTA TASHKILOTI;0;2197,2;0,63;23;6572,4;1,14;21;199,13;0,51;1,25;млн сум;20;Рэнкинг страховых компаний — II квартал 2026 (snsratings.uz).txt
2026-Q2;retained_earnings;Нераспределенная прибыль (непокрытый убыток);суммарные;APEX LIFE INSURANCE AJ;APEX LIFE INSURANCE;1;3028,3;0,87;21;6239,5;1,08;22;106,04;0,21;0,92;млн сум;20;Рэнкинг страховых компаний — II квартал 2026 (snsratings.uz).txt
2026-Q2;retained_earnings;Нераспределенная прибыль (непокрытый убыток);суммарные;O'ZBEKINVEST HAYOT SUG'URTA KOMPANIYASI AJ;O`ZBEKINVEST HAYOT SUG`URTA KOMPANIYASI;1;569,1;0,16;28;4453,0;0,77;23;682,46;0,61;1,11;млн сум;20;Рэнкинг страховых компаний — II квартал 2026 (snsratings.uz).txt
2026-Q2;retained_earnings;Нераспределенная прибыль (непокрытый убыток);суммарные;KAPITAL SUG'URTA AJ;KAPITAL SUG`URTA;0;2801,7;0,8;22;4333,0;0,75;24;54,66;-0,05;0,44;млн сум;20;Рэнкинг страховых компаний — II квартал 2026 (snsratings.uz).txt
2026-Q2;retained_earnings;Нераспределенная прибыль (непокрытый убыток);суммарные;QUANTUM INSURANCE AJ;QUANTUM INSURANCE;0;8244,8;2,36;13;3081,6;0,53;25;-62,62;-1,83;-1,48;млн сум;20;Рэнкинг страховых компаний — II квартал 2026 (snsratings.uz).txt
2026-Q2;retained_earnings;Нераспределенная прибыль (непокрытый убыток);суммарные;INFINITY INSURANCE AJ;INFINITY INSURANCE;0;3744,4;1,07;19;2611,4;0,45;26;-30,26;-0,62;-0,32;млн сум;20;Рэнкинг страховых компаний — II квартал 2026 (snsratings.uz).txt
2026-Q2;retained_earnings;Нераспределенная прибыль (непокрытый убыток);суммарные;ISHONCH SUG'URTA KOMPANIYASI AJ;ISHONCH SUG`URTA KOMPANIYASI;0;587,9;0,17;26;2238,5;0,39;27;280,76;0,22;0,47;млн сум;20;Рэнкинг страховых компаний — II квартал 2026 (snsratings.uz).txt
2026-Q2;retained_earnings;Нераспределенная прибыль (непокрытый убыток);суммарные;ALFA LIFE INSURANCE AJ;ALFA LIFE INSURANCE;1;1717,3;0,49;24;1821,4;0,31;28;6,06;-0,18;0,03;млн сум;20;Рэнкинг страховых компаний — II квартал 2026 (snsratings.uz).txt
2026-Q2;retained_earnings;Нераспределенная прибыль (непокрытый убыток);суммарные;TRUST-INSURANCE AJ;TRUST-INSURANCE;0;-1811,4;-0,52;31;495,1;0,09;29;127,33;0,61;0,66;млн сум;20;Рэнкинг страховых компаний — II квартал 2026 (snsratings.uz).txt
2026-Q2;retained_earnings;Нераспределенная прибыль (непокрытый убыток);суммарные;GLOBAL INSURANCE GROUP AJ;GLOBAL INSURANCE GROUP;0;3401,9;0,98;20;;0,0;30;-100,0;-0,98;-0,98;млн сум;20;Рэнкинг страховых компаний — II квартал 2026 (snsratings.uz).txt
2026-Q2;retained_earnings;Нераспределенная прибыль (непокрытый убыток);суммарные;ALSKOM AJ;ALSKOM SUG`URTA KOMPANIYASI;0;24341,1;6,98;4;-1340,0;-0,23;31;-105,51;-7,21;-7,36;млн сум;20;Рэнкинг страховых компаний — II квартал 2026 (snsratings.uz).txt
2026-Q2;retained_earnings;Нераспределенная прибыль (непокрытый убыток);суммарные;SEMURG SUG'URTA AJ QK;SEMURG INSURANCE;0;-7896,7;-2,26;32;-6046,5;-1,05;32;23,43;1,21;0,53;млн сум;20;Рэнкинг страховых компаний — II квартал 2026 (snsratings.uz).txt
2026-Q2;retained_earnings;Нераспределенная прибыль (непокрытый убыток);суммарные;KAFOLAT HAYOT INSURANCE AJ;KAFOLAT HAYOT INSURANCE;1;-18013,3;-5,16;35;-14968,2;-2,59;33;16,9;2,57;0,87;млн сум;20;Рэнкинг страховых компаний — II квартал 2026 (snsratings.uz).txt
2026-Q2;retained_earnings;Нераспределенная прибыль (непокрытый убыток);суммарные;ASIA INSURANCE SUG'URTA KOMPANIYASI AJ;ASIA INSURANCE SUG`URTA KOMPANIYASI;0;-10415,5;-2,99;33;-28803,7;-4,98;34;-176,55;-1,99;-5,27;млн сум;20;Рэнкинг страховых компаний — II квартал 2026 (snsratings.uz).txt
2026-Q2;retained_earnings;Нераспределенная прибыль (непокрытый убыток);суммарные;AGROS HAYOT AJ;AGROS HAYOT SUG`URTA KOMPANIYASI;1;-32487,7;-9,31;36;-32235,7;-5,57;35;0,78;3,74;0,07;млн сум;20;Рэнкинг страховых компаний — II квартал 2026 (snsratings.uz).txt
2026-Q2;retained_earnings;Нераспределенная прибыль (непокрытый убыток);суммарные;PRESTIGE INSURANCE AJ;PRESTIGE INSURANCE;1;;0,0;29;-35634,9;-6,16;36;0,0;-6,16;-10,22;млн сум;20;Рэнкинг страховых компаний — II квартал 2026 (snsratings.uz).txt
2026-Q2;total_capital;Совокупный капитал;суммарные;ВСЕГО;ВСЕГО;0;4277145,7;;;6014700,6;;;40,62;;;млн сум;21;Рэнкинг страховых компаний — II квартал 2026 (snsratings.uz).txt
2026-Q2;total_capital;Совокупный капитал;суммарные;APEX INSURANCE AJ;APEX INSURANCE;0;903201,9;21,12;1;1289590,8;21,44;1;42,78;0,32;9,03;млн сум;21;Рэнкинг страховых компаний — II квартал 2026 (snsratings.uz).txt
2026-Q2;total_capital;Совокупный капитал;суммарные;O'ZBEKINVEST EISK AJ;O`ZBEKINVEST;0;874567,3;20,45;2;894278,2;14,87;2;2,25;-5,58;0,46;млн сум;21;Рэнкинг страховых компаний — II квартал 2026 (snsratings.uz).txt
2026-Q2;total_capital;Совокупный капитал;суммарные;EUROASIA INSURANCE AJ QK;EUROASIA INSURANCE;0;114090,4;2,67;7;459065,0;7,63;3;302,37;4,96;8,07;млн сум;21;Рэнкинг страховых компаний — II квартал 2026 (snsratings.uz).txt
2026-Q2;total_capital;Совокупный капитал;суммарные;KAFOLAT SUG'URTA KOMPANIYASI AJ;KAFOLAT SUG`URTA KOMPANIYASI;0;248636,3;5,81;3;272630,0;4,53;4;9,65;-1,28;0,56;млн сум;21;Рэнкинг страховых компаний — II квартал 2026 (snsratings.uz).txt
2026-Q2;total_capital;Совокупный капитал;суммарные;APEX LIFE INSURANCE AJ;APEX LIFE INSURANCE;1;133251,4;3,12;6;236576,8;3,93;5;77,54;0,81;2,42;млн сум;21;Рэнкинг страховых компаний — II квартал 2026 (snsratings.uz).txt
2026-Q2;total_capital;Совокупный капитал;суммарные;MOSAIC INSURANCE GROUP AJ QK;MOSAIC INSURANCE GROUP;0;141066,8;3,3;4;219688,7;3,65;6;55,73;0,35;1,84;млн сум;21;Рэнкинг страховых компаний — II квартал 2026 (snsratings.uz).txt
2026-Q2;total_capital;Совокупный капитал;суммарные;MY-INSURANCE AJ;MY-INSURANCE;0;110360,1;2,58;8;174463,6;2,9;7;58,09;0,32;1,5;млн сум;21;Рэнкинг страховых компаний — II квартал 2026 (snsratings.uz).txt
2026-Q2;total_capital;Совокупный капитал;суммарные;GROSS SUG'URTA KOMPANIYASI AJ;GROSS SUG`URTA KOMPANIYASI;0;104676,9;2,45;10;159472,2;2,65;8;52,35;0,2;1,28;млн сум;21;Рэнкинг страховых компаний — II квартал 2026 (snsratings.uz).txt
2026-Q2;total_capital;Совокупный капитал;суммарные;O'ZAGROSUG'URTA AJ;O`ZAGROSUG`URTA;0;138023,3;3,23;5;147661,9;2,46;9;6,98;-0,77;0,23;млн сум;21;Рэнкинг страховых компаний — II квартал 2026 (snsratings.uz).txt
2026-Q2;total_capital;Совокупный капитал;суммарные;ASIA INSURANCE SUG'URTA KOMPANIYASI AJ;ASIA INSURANCE SUG`URTA KOMPANIYASI;0;48083,1;1,12;26;132174,9;2,2;10;174,89;1,08;1,97;млн сум;21;Рэнкинг страховых компаний — II квартал 2026 (snsratings.uz).txt
2026-Q2;total_capital;Совокупный капитал;суммарные;TEMIRYO'L SUG'URTA AJ;TEMIRYO`L SUG`URTA;0;104770,8;2,45;9;129261,5;2,15;11;23,38;-0,3;0,57;млн сум;21;Рэнкинг страховых компаний — II квартал 2026 (snsratings.uz).txt
2026-Q2;total_capital;Совокупный капитал;суммарные;KAPITAL SUG'URTA AJ;KAPITAL SUG`URTA;0;85398,1;2,0;15;121930,2;2,03;12;42,78;0,03;0,85;млн сум;21;Рэнкинг страховых компаний — II квартал 2026 (snsratings.uz).txt
2026-Q2;total_capital;Совокупный капитал;суммарные;ALFA INVEST SUG'URTA KOMPANIYASI AJ;ALFA INVEST SUG`URTA KOMPANIYASI;0;90866,2;2,12;13;119277,1;1,98;13;31,27;-0,14;0,66;млн сум;21;Рэнкинг страховых компаний — II квартал 2026 (snsratings.uz).txt
2026-Q2;total_capital;Совокупный капитал;суммарные;SQB INSURANCE SUG'URTA KOMPANIYASI AJ;SQB INSURANCE SUG`URTA KOMPANIYASI;0;101351,6;2,37;11;118981,1;1,98;14;17,39;-0,39;0,41;млн сум;21;Рэнкинг страховых компаний — II квартал 2026 (snsratings.uz).txt
2026-Q2;total_capital;Совокупный капитал;суммарные;IMKON SUG'URTA AJ;IMKON-SUG`URTA;0;65759,2;1,54;21;112609,5;1,87;15;71,25;0,33;1,1;млн сум;21;Рэнкинг страховых компаний — II квартал 2026 (snsratings.uz).txt
2026-Q2;total_capital;Совокупный капитал;суммарные;TRUST-INSURANCE AJ;TRUST-INSURANCE;0;58188,6;1,36;23;100495,1;1,67;16;72,71;0,31;0,99;млн сум;21;Рэнкинг страховых компаний — II квартал 2026 (snsratings.uz).txt
2026-Q2;total_capital;Совокупный капитал;суммарные;XALQ SUG'URTA AJ;XALQ SUG`URTA;0;89833,4;2,1;14;99288,3;1,65;17;10,52;-0,45;0,22;млн сум;21;Рэнкинг страховых компаний — II квартал 2026 (snsratings.uz).txt
2026-Q2;total_capital;Совокупный капитал;суммарные;KAFIL SUG'URTA AJ;KAFIL-SUG`URTA;0;72623,9;1,7;18;98049,7;1,63;18;35,01;-0,07;0,59;млн сум;21;Рэнкинг страховых компаний — II квартал 2026 (snsratings.uz).txt
2026-Q2;total_capital;Совокупный капитал;суммарные;IMPEX-INSURANCE AJ;IMPEX-INSURANCE;0;66392,0;1,55;20;96360,1;1,6;19;45,14;0,05;0,7;млн сум;21;Рэнкинг страховых компаний — II квартал 2026 (snsratings.uz).txt
2026-Q2;total_capital;Совокупный капитал;суммарные;INSON AJ;INSON;0;69247,4;1,62;19;95241,7;1,58;20;37,54;-0,04;0,61;млн сум;21;Рэнкинг страховых компаний — II квартал 2026 (snsratings.uz).txt
2026-Q2;total_capital;Совокупный капитал;суммарные;NEO INSURANCE CORP AJ;NEO INSURANCE CORP;0;48827,4;1,14;25;94284,4;1,57;21;93,1;0,43;1,06;млн сум;21;Рэнкинг страховых компаний — II квартал 2026 (snsratings.uz).txt
2026-Q2;total_capital;Совокупный капитал;суммарные;HAMKOR SUG'URTA AJ;HAMKOR SUG`URTA;0;60297,3;1,41;22;91590,0;1,52;22;51,9;0,11;0,73;млн сум;21;Рэнкинг страховых компаний — II квартал 2026 (snsratings.uz).txt
2026-Q2;total_capital;Совокупный капитал;суммарные;QUANTUM INSURANCE AJ;QUANTUM INSURANCE;0;93261,4;2,18;12;89044,9;1,48;23;-4,52;-0,7;-0,1;млн сум;21;Рэнкинг страховых компаний — II квартал 2026 (snsratings.uz).txt
2026-Q2;total_capital;Совокупный капитал;суммарные;O'ZBEKISTON QAYTA SUG'URTA KOMPANIYASI MQST AJ;O`ZBEKISTON QAYTA SUG`URTA KOMPANIYASI;0;;0,0;35;87484,4;1,45;24;0,0;1,45;2,05;млн сум;21;Рэнкинг страховых компаний — II квартал 2026 (snsratings.uz).txt
2026-Q2;total_capital;Совокупный капитал;суммарные;INFINITY INSURANCE AJ;INFINITY INSURANCE;0;79621,6;1,86;16;85668,2;1,42;25;7,59;-0,44;0,14;млн сум;21;Рэнкинг страховых компаний — II квартал 2026 (snsratings.uz).txt
2026-Q2;total_capital;Совокупный капитал;суммарные;TBC SUG'URTA AJ;TBC SUG`URTA;1;22571,1;0,53;34;72334,1;1,2;26;220,47;0,67;1,16;млн сум;21;Рэнкинг страховых компаний — II квартал 2026 (snsratings.uz).txt
2026-Q2;total_capital;Совокупный капитал;суммарные;ALSKOM AJ;ALSKOM SUG`URTA KOMPANIYASI;0;74789,7;1,75;17;71116,3;1,18;27;-4,91;-0,57;-0,09;млн сум;21;Рэнкинг страховых компаний — II квартал 2026 (snsratings.uz).txt
2026-Q2;total_capital;Совокупный капитал;суммарные;ISHONCH SUG'URTA KOMPANIYASI AJ;ISHONCH SUG`URTA KOMPANIYASI;0;50964,9;1,19;24;58614,1;0,97;28;15,01;-0,22;0,18;млн сум;21;Рэнкинг страховых компаний — II квартал 2026 (snsratings.uz).txt
2026-Q2;total_capital;Совокупный капитал;суммарные;KAFOLAT HAYOT INSURANCE AJ;KAFOLAT HAYOT INSURANCE;1;37625,6;0,88;28;45665,4;0,76;29;21,37;-0,12;0,19;млн сум;21;Рэнкинг страховых компаний — II квартал 2026 (snsratings.uz).txt
2026-Q2;total_capital;Совокупный капитал;суммарные;O'ZBEKINVEST HAYOT SUG'URTA KOMPANIYASI AJ;O`ZBEKINVEST HAYOT SUG`URTA KOMPANIYASI;1;26229,4;0,61;31;45113,4;0,75;30;72,0;0,14;0,44;млн сум;21;Рэнкинг страховых компаний — II квартал 2026 (snsratings.uz).txt
2026-Q2;total_capital;Совокупный капитал;суммарные;ALFA LIFE INSURANCE AJ;ALFA LIFE INSURANCE;1;40881,3;0,96;27;44745,6;0,74;31;9,45;-0,22;0,09;млн сум;21;Рэнкинг страховых компаний — II квартал 2026 (snsratings.uz).txt
2026-Q2;total_capital;Совокупный капитал;суммарные;ARIA SUG'URTA TASHKILOTI AJ;ARIA SUG`URTA TASHKILOTI;0;25048,8;0,59;32;42780,1;0,71;32;70,79;0,12;0,41;млн сум;21;Рэнкинг страховых компаний — II квартал 2026 (snsratings.uz).txt
2026-Q2;total_capital;Совокупный капитал;суммарные;AGROS HAYOT AJ;AGROS HAYOT SUG`URTA KOMPANIYASI;1;35323,6;0,83;30;40575,7;0,67;33;14,87;-0,16;0,12;млн сум;21;Рэнкинг страховых компаний — II квартал 2026 (snsratings.uz).txt
2026-Q2;total_capital;Совокупный капитал;суммарные;SEMURG SUG'URTA AJ QK;SEMURG INSURANCE;0;37122,4;0,87;29;38972,5;0,65;34;4,98;-0,22;0,04;млн сум;21;Рэнкинг страховых компаний — II квартал 2026 (snsratings.uz).txt
2026-Q2;total_capital;Совокупный капитал;суммарные;PRESTIGE INSURANCE AJ;PRESTIGE INSURANCE;1;;0,0;35;29615,1;0,49;35;0,0;0,49;0,69;млн сум;21;Рэнкинг страховых компаний — II квартал 2026 (snsratings.uz).txt
2026-Q2;total_capital;Совокупный капитал;суммарные;GLOBAL INSURANCE GROUP AJ;GLOBAL INSURANCE GROUP;0;24192,5;0,57;33;;0,0;36;-100,0;-0,57;-0,57;млн сум;21;Рэнкинг страховых компаний — II квартал 2026 (snsratings.uz).txt
2026-Q2;reserves_gross;Страховые резервы, брутто;суммарные;ВСЕГО;ВСЕГО;0;9070494,8;;;11474170,8;;;26,5;;;млн сум;22;Рэнкинг страховых компаний — II квартал 2026 (snsratings.uz).txt
2026-Q2;reserves_gross;Страховые резервы, брутто;суммарные;APEX INSURANCE AJ;APEX INSURANCE;0;1831329,7;20,19;2;2623962,2;22,87;1;43,28;2,68;8,74;млн сум;22;Рэнкинг страховых компаний — II квартал 2026 (snsratings.uz).txt
2026-Q2;reserves_gross;Страховые резервы, брутто;суммарные;O'ZBEKINVEST EISK AJ;O`ZBEKINVEST;0;2005890,8;22,11;1;1965320,2;17,13;2;-2,02;-4,98;-0,45;млн сум;22;Рэнкинг страховых компаний — II квартал 2026 (snsratings.uz).txt
2026-Q2;reserves_gross;Страховые резервы, брутто;суммарные;KAFOLAT SUG'URTA KOMPANIYASI AJ;KAFOLAT SUG`URTA KOMPANIYASI;0;768077,7;8,47;3;1124562,2;9,8;3;46,41;1,33;3,93;млн сум;22;Рэнкинг страховых компаний — II квартал 2026 (snsratings.uz).txt
2026-Q2;reserves_gross;Страховые резервы, брутто;суммарные;ALFA INVEST SUG'URTA KOMPANIYASI AJ;ALFA INVEST SUG`URTA KOMPANIYASI;0;381889,5;4,21;6;586878,5;5,11;4;53,68;0,9;2,26;млн сум;22;Рэнкинг страховых компаний — II квартал 2026 (snsratings.uz).txt
2026-Q2;reserves_gross;Страховые резервы, брутто;суммарные;MY-INSURANCE AJ;MY-INSURANCE;0;402749,3;4,44;5;571170,0;4,98;5;41,82;0,54;1,86;млн сум;22;Рэнкинг страховых компаний — II квартал 2026 (snsratings.uz).txt
2026-Q2;reserves_gross;Страховые резервы, брутто;суммарные;GROSS SUG'URTA KOMPANIYASI AJ;GROSS SUG`URTA KOMPANIYASI;0;454412,4;5,01;4;478780,4;4,17;6;5,36;-0,84;0,27;млн сум;22;Рэнкинг страховых компаний — II квартал 2026 (snsratings.uz).txt
2026-Q2;reserves_gross;Страховые резервы, брутто;суммарные;APEX LIFE INSURANCE AJ;APEX LIFE INSURANCE;1;114668,0;1,26;19;388253,2;3,38;7;238,59;2,12;3,02;млн сум;22;Рэнкинг страховых компаний — II квартал 2026 (snsratings.uz).txt
2026-Q2;reserves_gross;Страховые резервы, брутто;суммарные;SQB INSURANCE SUG'URTA KOMPANIYASI AJ;SQB INSURANCE SUG`URTA KOMPANIYASI;0;306889,5;3,38;9;372664,0;3,25;8;21,43;-0,13;0,73;млн сум;22;Рэнкинг страховых компаний — II квартал 2026 (snsratings.uz).txt
2026-Q2;reserves_gross;Страховые резервы, брутто;суммарные;KAPITAL SUG'URTA AJ;KAPITAL SUG`URTA;0;336219,5;3,71;7;344388,9;3,0;9;2,43;-0,71;0,09;млн сум;22;Рэнкинг страховых компаний — II квартал 2026 (snsratings.uz).txt
2026-Q2;reserves_gross;Страховые резервы, брутто;суммарные;EUROASIA INSURANCE AJ QK;EUROASIA INSURANCE;0;211460,0;2,33;10;271801,1;2,37;10;28,54;0,04;0,67;млн сум;22;Рэнкинг страховых компаний — II квартал 2026 (snsratings.uz).txt
2026-Q2;reserves_gross;Страховые резервы, брутто;суммарные;O'ZAGROSUG'URTA AJ;O`ZAGROSUG`URTA;0;327294,8;3,61;8;261035,5;2,27;11;-20,24;-1,34;-0,73;млн сум;22;Рэнкинг страховых компаний — II квартал 2026 (snsratings.uz).txt
2026-Q2;reserves_gross;Страховые резервы, брутто;суммарные;MOSAIC INSURANCE GROUP AJ QK;MOSAIC INSURANCE GROUP;0;169872,4;1,87;12;199111,5;1,74;12;17,21;-0,13;0,32;млн сум;22;Рэнкинг страховых компаний — II квартал 2026 (snsratings.uz).txt
2026-Q2;reserves_gross;Страховые резервы, брутто;суммарные;ASIA INSURANCE SUG'URTA KOMPANIYASI AJ;ASIA INSURANCE SUG`URTA KOMPANIYASI;0;96568,0;1,06;20;189148,1;1,65;13;95,87;0,59;1,02;млн сум;22;Рэнкинг страховых компаний — II квартал 2026 (snsratings.uz).txt
2026-Q2;reserves_gross;Страховые резервы, брутто;суммарные;IMKON SUG'URTA AJ;IMKON-SUG`URTA;0;153312,8;1,69;14;187558,2;1,63;14;22,34;-0,06;0,38;млн сум;22;Рэнкинг страховых компаний — II квартал 2026 (snsratings.uz).txt
2026-Q2;reserves_gross;Страховые резервы, брутто;суммарные;KAFIL SUG'URTA AJ;KAFIL-SUG`URTA;0;135550,2;1,49;15;183729,9;1,6;15;35,54;0,11;0,53;млн сум;22;Рэнкинг страховых компаний — II квартал 2026 (snsratings.uz).txt
2026-Q2;reserves_gross;Страховые резервы, брутто;суммарные;QUANTUM INSURANCE AJ;QUANTUM INSURANCE;0;129051,4;1,42;17;171735,1;1,5;16;33,07;0,08;0,47;млн сум;22;Рэнкинг страховых компаний — II квартал 2026 (snsratings.uz).txt
2026-Q2;reserves_gross;Страховые резервы, брутто;суммарные;XALQ SUG'URTA AJ;XALQ SUG`URTA;0;158102,3;1,74;13;169573,1;1,48;17;7,26;-0,26;0,13;млн сум;22;Рэнкинг страховых компаний — II квартал 2026 (snsratings.uz).txt
2026-Q2;reserves_gross;Страховые резервы, брутто;суммарные;ALSKOM AJ;ALSKOM SUG`URTA KOMPANIYASI;0;172708,2;1,9;11;153866,0;1,34;18;-10,91;-0,56;-0,21;млн сум;22;Рэнкинг страховых компаний — II квартал 2026 (snsratings.uz).txt
2026-Q2;reserves_gross;Страховые резервы, брутто;суммарные;INSON AJ;INSON;0;131189,3;1,45;16;152322,6;1,33;19;16,11;-0,12;0,23;млн сум;22;Рэнкинг страховых компаний — II квартал 2026 (snsratings.uz).txt
2026-Q2;reserves_gross;Страховые резервы, брутто;суммарные;TEMIRYO'L SUG'URTA AJ;TEMIRYO`L SUG`URTA;0;118992,0;1,31;18;143767,2;1,25;20;20,82;-0,06;0,27;млн сум;22;Рэнкинг страховых компаний — II квартал 2026 (snsratings.uz).txt
2026-Q2;reserves_gross;Страховые резервы, брутто;суммарные;INFINITY INSURANCE AJ;INFINITY INSURANCE;0;82043,0;0,9;22;128444,0;1,12;21;56,56;0,22;0,51;млн сум;22;Рэнкинг страховых компаний — II квартал 2026 (snsratings.uz).txt
2026-Q2;reserves_gross;Страховые резервы, брутто;суммарные;NEO INSURANCE CORP AJ;NEO INSURANCE CORP;0;53884,1;0,59;25;117298,0;1,02;22;117,69;0,43;0,7;млн сум;22;Рэнкинг страховых компаний — II квартал 2026 (snsratings.uz).txt
2026-Q2;reserves_gross;Страховые резервы, брутто;суммарные;ISHONCH SUG'URTA KOMPANIYASI AJ;ISHONCH SUG`URTA KOMPANIYASI;0;88307,6;0,97;21;111344,1;0,97;23;26,09;0,0;0,25;млн сум;22;Рэнкинг страховых компаний — II квартал 2026 (snsratings.uz).txt
2026-Q2;reserves_gross;Страховые резервы, брутто;суммарные;TRUST-INSURANCE AJ;TRUST-INSURANCE;0;78247,6;0,86;23;110123,4;0,96;24;40,74;0,1;0,35;млн сум;22;Рэнкинг страховых компаний — II квартал 2026 (snsratings.uz).txt
2026-Q2;reserves_gross;Страховые резервы, брутто;суммарные;IMPEX-INSURANCE AJ;IMPEX-INSURANCE;0;50406,1;0,56;26;92742,8;0,81;25;83,99;0,25;0,47;млн сум;22;Рэнкинг страховых компаний — II квартал 2026 (snsratings.uz).txt
2026-Q2;reserves_gross;Страховые резервы, брутто;суммарные;ARIA SUG'URTA TASHKILOTI AJ;ARIA SUG`URTA TASHKILOTI;0;39630,7;0,44;28;65899,5;0,57;26;66,28;0,13;0,29;млн сум;22;Рэнкинг страховых компаний — II квартал 2026 (snsratings.uz).txt
2026-Q2;reserves_gross;Страховые резервы, брутто;суммарные;HAMKOR SUG'URTA AJ;HAMKOR SUG`URTA;0;46944,5;0,52;27;58043,0;0,51;27;23,64;-0,01;0,12;млн сум;22;Рэнкинг страховых компаний — II квартал 2026 (snsratings.uz).txt
2026-Q2;reserves_gross;Страховые резервы, брутто;суммарные;TBC SUG'URTA AJ;TBC SUG`URTA;1;18845,6;0,21;33;53036,1;0,46;28;181,42;0,25;0,38;млн сум;22;Рэнкинг страховых компаний — II квартал 2026 (snsratings.uz).txt
2026-Q2;reserves_gross;Страховые резервы, брутто;суммарные;KAFOLAT HAYOT INSURANCE AJ;KAFOLAT HAYOT INSURANCE;1;39184,9;0,43;29;48744,5;0,42;29;24,4;-0,01;0,11;млн сум;22;Рэнкинг страховых компаний — II квартал 2026 (snsratings.uz).txt
2026-Q2;reserves_gross;Страховые резервы, брутто;суммарные;ALFA LIFE INSURANCE AJ;ALFA LIFE INSURANCE;1;25890,9;0,29;31;35564,2;0,31;30;37,36;0,02;0,11;млн сум;22;Рэнкинг страховых компаний — II квартал 2026 (snsratings.uz).txt
2026-Q2;reserves_gross;Страховые резервы, брутто;суммарные;PRESTIGE INSURANCE AJ;PRESTIGE INSURANCE;1;;0,0;35;34643,8;0,3;31;0,0;0,3;0,38;млн сум;22;Рэнкинг страховых компаний — II квартал 2026 (snsratings.uz).txt
2026-Q2;reserves_gross;Страховые резервы, брутто;суммарные;SEMURG SUG'URTA AJ QK;SEMURG INSURANCE;0;68221,4;0,75;24;33882,4;0,3;32;-50,33;-0,45;-0,38;млн сум;22;Рэнкинг страховых компаний — II квартал 2026 (snsratings.uz).txt
2026-Q2;reserves_gross;Страховые резервы, брутто;суммарные;O'ZBEKINVEST HAYOT SUG'URTA KOMPANIYASI AJ;O`ZBEKINVEST HAYOT SUG`URTA KOMPANIYASI;1;20520,3;0,23;32;20099,6;0,18;33;-2,05;-0,05;0,0;млн сум;22;Рэнкинг страховых компаний — II квартал 2026 (snsratings.uz).txt
2026-Q2;reserves_gross;Страховые резервы, брутто;суммарные;O'ZBEKISTON QAYTA SUG'URTA KOMPANIYASI MQST AJ;O`ZBEKISTON QAYTA SUG`URTA KOMPANIYASI;0;;0,0;35;12867,3;0,11;34;0,0;0,11;0,14;млн сум;22;Рэнкинг страховых компаний — II квартал 2026 (snsratings.uz).txt
2026-Q2;reserves_gross;Страховые резервы, брутто;суммарные;AGROS HAYOT AJ;AGROS HAYOT SUG`URTA KOMPANIYASI;1;14608,2;0,16;34;11810,2;0,1;35;-19,15;-0,06;-0,03;млн сум;22;Рэнкинг страховых компаний — II квартал 2026 (snsratings.uz).txt
2026-Q2;reserves_gross;Страховые резервы, брутто;суммарные;GLOBAL INSURANCE GROUP AJ;GLOBAL INSURANCE GROUP;0;37532,1;0,41;30;;0,0;36;-100,0;-0,41;-0,41;млн сум;22;Рэнкинг страховых компаний — II квартал 2026 (snsratings.uz).txt
2026-Q2;reinsurers_share_reserves;Доля перестраховщиков в страховых резервах;суммарные;ВСЕГО;ВСЕГО;0;3034651,8;;;4336645,7;;;42,9;;;млн сум;23;Рэнкинг страховых компаний — II квартал 2026 (snsratings.uz).txt
2026-Q2;reinsurers_share_reserves;Доля перестраховщиков в страховых резервах;суммарные;APEX INSURANCE AJ;APEX INSURANCE;0;518301,4;17,08;3;1370915,6;31,61;1;164,5;14,53;28,1;млн сум;23;Рэнкинг страховых компаний — II квартал 2026 (snsratings.uz).txt
2026-Q2;reinsurers_share_reserves;Доля перестраховщиков в страховых резервах;суммарные;O'ZBEKINVEST EISK AJ;O`ZBEKINVEST;0;928947,6;30,61;1;1022671,2;23,58;2;10,09;-7,03;3,09;млн сум;23;Рэнкинг страховых компаний — II квартал 2026 (snsratings.uz).txt
2026-Q2;reinsurers_share_reserves;Доля перестраховщиков в страховых резервах;суммарные;KAFOLAT SUG'URTA KOMPANIYASI AJ;KAFOLAT SUG`URTA KOMPANIYASI;0;566465,1;18,67;2;771488,5;17,79;3;36,19;-0,88;6,76;млн сум;23;Рэнкинг страховых компаний — II квартал 2026 (snsratings.uz).txt
2026-Q2;reinsurers_share_reserves;Доля перестраховщиков в страховых резервах;суммарные;ALFA INVEST SUG'URTA KOMPANIYASI AJ;ALFA INVEST SUG`URTA KOMPANIYASI;0;127894,2;4,21;7;218167,8;5,03;4;70,58;0,82;2,97;млн сум;23;Рэнкинг страховых компаний — II квартал 2026 (snsratings.uz).txt
2026-Q2;reinsurers_share_reserves;Доля перестраховщиков в страховых резервах;суммарные;KAPITAL SUG'URTA AJ;KAPITAL SUG`URTA;0;146931,4;4,84;6;187193,2;4,32;5;27,4;-0,52;1,33;млн сум;23;Рэнкинг страховых компаний — II квартал 2026 (snsratings.uz).txt
2026-Q2;reinsurers_share_reserves;Доля перестраховщиков в страховых резервах;суммарные;O'ZAGROSUG'URTA AJ;O`ZAGROSUG`URTA;0;176296,2;5,81;4;156509,8;3,61;6;-11,22;-2,2;-0,65;млн сум;23;Рэнкинг страховых компаний — II квартал 2026 (snsratings.uz).txt
2026-Q2;reinsurers_share_reserves;Доля перестраховщиков в страховых резервах;суммарные;SQB INSURANCE SUG'URTA KOMPANIYASI AJ;SQB INSURANCE SUG`URTA KOMPANIYASI;0;83974,8;2,77;8;96418,9;2,22;7;14,82;-0,55;0,41;млн сум;23;Рэнкинг страховых компаний — II квартал 2026 (snsratings.uz).txt
2026-Q2;reinsurers_share_reserves;Доля перестраховщиков в страховых резервах;суммарные;GROSS SUG'URTA KOMPANIYASI AJ;GROSS SUG`URTA KOMPANIYASI;0;152075,5;5,01;5;95051,6;2,19;8;-37,5;-2,82;-1,88;млн сум;23;Рэнкинг страховых компаний — II квартал 2026 (snsratings.uz).txt
2026-Q2;reinsurers_share_reserves;Доля перестраховщиков в страховых резервах;суммарные;QUANTUM INSURANCE AJ;QUANTUM INSURANCE;0;69019,9;2,27;9;88665,7;2,04;9;28,46;-0,23;0,65;млн сум;23;Рэнкинг страховых компаний — II квартал 2026 (snsratings.uz).txt
2026-Q2;reinsurers_share_reserves;Доля перестраховщиков в страховых резервах;суммарные;ASIA INSURANCE SUG'URTA KOMPANIYASI AJ;ASIA INSURANCE SUG`URTA KOMPANIYASI;0;7707,0;0,25;19;68145,4;1,57;10;784,2;1,32;1,99;млн сум;23;Рэнкинг страховых компаний — II квартал 2026 (snsratings.uz).txt
2026-Q2;reinsurers_share_reserves;Доля перестраховщиков в страховых резервах;суммарные;MOSAIC INSURANCE GROUP AJ QK;MOSAIC INSURANCE GROUP;0;56143,8;1,85;10;59891,6;1,38;11;6,68;-0,47;0,12;млн сум;23;Рэнкинг страховых компаний — II квартал 2026 (snsratings.uz).txt
2026-Q2;reinsurers_share_reserves;Доля перестраховщиков в страховых резервах;суммарные;KAFIL SUG'URTA AJ;KAFIL-SUG`URTA;0;32680,1;1,08;12;46554,0;1,07;12;42,45;-0,01;0,46;млн сум;23;Рэнкинг страховых компаний — II квартал 2026 (snsratings.uz).txt
2026-Q2;reinsurers_share_reserves;Доля перестраховщиков в страховых резервах;суммарные;IMKON SUG'URTA AJ;IMKON-SUG`URTA;0;30248,5;1,0;13;31280,2;0,72;13;3,41;-0,28;0,03;млн сум;23;Рэнкинг страховых компаний — II квартал 2026 (snsratings.uz).txt
2026-Q2;reinsurers_share_reserves;Доля перестраховщиков в страховых резервах;суммарные;TEMIRYO'L SUG'URTA AJ;TEMIRYO`L SUG`URTA;0;22055,1;0,73;14;26965,0;0,62;14;22,26;-0,11;0,16;млн сум;23;Рэнкинг страховых компаний — II квартал 2026 (snsratings.uz).txt
2026-Q2;reinsurers_share_reserves;Доля перестраховщиков в страховых резервах;суммарные;APEX LIFE INSURANCE AJ;APEX LIFE INSURANCE;1;36752,5;1,21;11;24662,2;0,57;15;-32,9;-0,64;-0,4;млн сум;23;Рэнкинг страховых компаний — II квартал 2026 (snsratings.uz).txt
2026-Q2;reinsurers_share_reserves;Доля перестраховщиков в страховых резервах;суммарные;NEO INSURANCE CORP AJ;NEO INSURANCE CORP;0;9049,4;0,3;18;14831,4;0,34;16;63,89;0,04;0,19;млн сум;23;Рэнкинг страховых компаний — II квартал 2026 (snsratings.uz).txt
2026-Q2;reinsurers_share_reserves;Доля перестраховщиков в страховых резервах;суммарные;EUROASIA INSURANCE AJ QK;EUROASIA INSURANCE;0;7382,4;0,24;20;14663,2;0,34;17;98,62;0,1;0,24;млн сум;23;Рэнкинг страховых компаний — II квартал 2026 (snsratings.uz).txt
2026-Q2;reinsurers_share_reserves;Доля перестраховщиков в страховых резервах;суммарные;ALSKOM AJ;ALSKOM SUG`URTA KOMPANIYASI;0;20818,4;0,69;15;9698,1;0,22;18;-53,42;-0,47;-0,37;млн сум;23;Рэнкинг страховых компаний — II квартал 2026 (snsratings.uz).txt
2026-Q2;reinsurers_share_reserves;Доля перестраховщиков в страховых резервах;суммарные;O'ZBEKISTON QAYTA SUG'URTA KOMPANIYASI MQST AJ;O`ZBEKISTON QAYTA SUG`URTA KOMPANIYASI;0;;0,0;33;8134,0;0,19;19;0,0;0,19;0,27;млн сум;23;Рэнкинг страховых компаний — II квартал 2026 (snsratings.uz).txt
2026-Q2;reinsurers_share_reserves;Доля перестраховщиков в страховых резервах;суммарные;IMPEX-INSURANCE AJ;IMPEX-INSURANCE;0;6168,9;0,2;21;7270,6;0,17;20;17,86;-0,03;0,04;млн сум;23;Рэнкинг страховых компаний — II квартал 2026 (snsratings.uz).txt
2026-Q2;reinsurers_share_reserves;Доля перестраховщиков в страховых резервах;суммарные;INFINITY INSURANCE AJ;INFINITY INSURANCE;0;9128,0;0,3;17;7255,4;0,17;21;-20,51;-0,13;-0,06;млн сум;23;Рэнкинг страховых компаний — II квартал 2026 (snsratings.uz).txt
2026-Q2;reinsurers_share_reserves;Доля перестраховщиков в страховых резервах;суммарные;MY-INSURANCE AJ;MY-INSURANCE;0;2123,8;0,07;23;3882,6;0,09;22;82,81;0,02;0,06;млн сум;23;Рэнкинг страховых компаний — II квартал 2026 (snsratings.uz).txt
2026-Q2;reinsurers_share_reserves;Доля перестраховщиков в страховых резервах;суммарные;INSON AJ;INSON;0;3661,7;0,12;22;2264,0;0,05;23;-38,17;-0,07;-0,05;млн сум;23;Рэнкинг страховых компаний — II квартал 2026 (snsratings.uz).txt
2026-Q2;reinsurers_share_reserves;Доля перестраховщиков в страховых резервах;суммарные;ARIA SUG'URTA TASHKILOTI AJ;ARIA SUG`URTA TASHKILOTI;0;1432,1;0,05;24;1111,2;0,03;24;-22,41;-0,02;-0,01;млн сум;23;Рэнкинг страховых компаний — II квартал 2026 (snsratings.uz).txt
2026-Q2;reinsurers_share_reserves;Доля перестраховщиков в страховых резервах;суммарные;SEMURG SUG'URTA AJ QK;SEMURG INSURANCE;0;17022,2;0,56;16;1092,9;0,03;25;-93,58;-0,53;-0,52;млн сум;23;Рэнкинг страховых компаний — II квартал 2026 (snsratings.uz).txt
2026-Q2;reinsurers_share_reserves;Доля перестраховщиков в страховых резервах;суммарные;HAMKOR SUG'URTA AJ;HAMKOR SUG`URTA;0;893,1;0,03;25;794,9;0,02;26;-11,0;-0,01;0,0;млн сум;23;Рэнкинг страховых компаний — II квартал 2026 (snsratings.uz).txt
2026-Q2;reinsurers_share_reserves;Доля перестраховщиков в страховых резервах;суммарные;XALQ SUG'URTA AJ;XALQ SUG`URTA;0;515,5;0,02;27;562,7;0,01;27;9,16;-0,01;0,0;млн сум;23;Рэнкинг страховых компаний — II квартал 2026 (snsratings.uz).txt
2026-Q2;reinsurers_share_reserves;Доля перестраховщиков в страховых резервах;суммарные;TRUST-INSURANCE AJ;TRUST-INSURANCE;0;292,2;0,01;28;502,4;0,01;28;71,94;0,0;0,01;млн сум;23;Рэнкинг страховых компаний — II квартал 2026 (snsratings.uz).txt
2026-Q2;reinsurers_share_reserves;Доля перестраховщиков в страховых резервах;суммарные;O'ZBEKINVEST HAYOT SUG'URTA KOMPANIYASI AJ;O`ZBEKINVEST HAYOT SUG`URTA KOMPANIYASI;1;1,9;0,0;32;1,6;0,0;29;-15,79;0,0;0,0;млн сум;23;Рэнкинг страховых компаний — II квартал 2026 (snsratings.uz).txt
2026-Q2;reinsurers_share_reserves;Доля перестраховщиков в страховых резервах;суммарные;GLOBAL INSURANCE GROUP AJ;GLOBAL INSURANCE GROUP;0;539,3;0,02;26;;0,0;30;-100,0;-0,02;-0,02;млн сум;23;Рэнкинг страховых компаний — II квартал 2026 (snsratings.uz).txt
2026-Q2;reinsurers_share_reserves;Доля перестраховщиков в страховых резервах;суммарные;ALFA LIFE INSURANCE AJ;ALFA LIFE INSURANCE;1;72,9;0,0;29;;0,0;30;-100,0;0,0;0,0;млн сум;23;Рэнкинг страховых компаний — II квартал 2026 (snsratings.uz).txt
2026-Q2;reinsurers_share_reserves;Доля перестраховщиков в страховых резервах;суммарные;KAFOLAT HAYOT INSURANCE AJ;KAFOLAT HAYOT INSURANCE;1;52,6;0,0;30;;0,0;30;-100,0;0,0;0,0;млн сум;23;Рэнкинг страховых компаний — II квартал 2026 (snsratings.uz).txt
2026-Q2;reinsurers_share_reserves;Доля перестраховщиков в страховых резервах;суммарные;TBC SUG'URTA AJ;TBC SUG`URTA;1;;0,0;33;;0,0;30;0,0;0,0;0,0;млн сум;23;Рэнкинг страховых компаний — II квартал 2026 (snsratings.uz).txt
2026-Q2;reinsurers_share_reserves;Доля перестраховщиков в страховых резервах;суммарные;PRESTIGE INSURANCE AJ;PRESTIGE INSURANCE;1;;0,0;33;;0,0;30;0,0;0,0;0,0;млн сум;23;Рэнкинг страховых компаний — II квартал 2026 (snsratings.uz).txt
2026-Q2;reinsurers_share_reserves;Доля перестраховщиков в страховых резервах;суммарные;ISHONCH SUG'URTA KOMPANIYASI AJ;ISHONCH SUG`URTA KOMPANIYASI;0;4,3;0,0;31;;0,0;30;-100,0;0,0;0,0;млн сум;23;Рэнкинг страховых компаний — II квартал 2026 (snsratings.uz).txt
2026-Q2;reinsurers_share_reserves;Доля перестраховщиков в страховых резервах;суммарные;AGROS HAYOT AJ;AGROS HAYOT SUG`URTA KOMPANIYASI;1;;0,0;33;;0,0;30;0,0;0,0;0,0;млн сум;23;Рэнкинг страховых компаний — II квартал 2026 (snsratings.uz).txt
2026-Q2;reserves_net;Страховые резервы, чистые;суммарные;ВСЕГО;ВСЕГО;0;6035843,1;;;7137525,1;;;18,25;;;млн сум;24;Рэнкинг страховых компаний — II квартал 2026 (snsratings.uz).txt
2026-Q2;reserves_net;Страховые резервы, чистые;суммарные;APEX INSURANCE AJ;APEX INSURANCE;0;1313028,3;21,75;1;1253046,6;17,56;1;-4,57;-4,19;-0,99;млн сум;24;Рэнкинг страховых компаний — II квартал 2026 (snsratings.uz).txt
2026-Q2;reserves_net;Страховые резервы, чистые;суммарные;O'ZBEKINVEST EISK AJ;O`ZBEKINVEST;0;1076943,3;17,84;2;942649,0;13,21;2;-12,47;-4,63;-2,22;млн сум;24;Рэнкинг страховых компаний — II квартал 2026 (snsratings.uz).txt
2026-Q2;reserves_net;Страховые резервы, чистые;суммарные;MY-INSURANCE AJ;MY-INSURANCE;0;400625,4;6,64;3;567287,4;7,95;3;41,6;1,31;2,76;млн сум;24;Рэнкинг страховых компаний — II квартал 2026 (snsratings.uz).txt
2026-Q2;reserves_net;Страховые резервы, чистые;суммарные;GROSS SUG'URTA KOMPANIYASI AJ;GROSS SUG`URTA KOMPANIYASI;0;302336,9;5,01;4;383728,8;5,38;4;26,92;0,37;1,35;млн сум;24;Рэнкинг страховых компаний — II квартал 2026 (snsratings.uz).txt
2026-Q2;reserves_net;Страховые резервы, чистые;суммарные;ALFA INVEST SUG'URTA KOMPANIYASI AJ;ALFA INVEST SUG`URTA KOMPANIYASI;0;253995,3;4,21;5;368710,7;5,17;5;45,16;0,96;1,9;млн сум;24;Рэнкинг страховых компаний — II квартал 2026 (snsratings.uz).txt
2026-Q2;reserves_net;Страховые резервы, чистые;суммарные;APEX LIFE INSURANCE AJ;APEX LIFE INSURANCE;1;77915,6;1,29;21;363591,0;5,09;6;366,65;3,8;4,73;млн сум;24;Рэнкинг страховых компаний — II квартал 2026 (snsratings.uz).txt
2026-Q2;reserves_net;Страховые резервы, чистые;суммарные;KAFOLAT SUG'URTA KOMPANIYASI AJ;KAFOLAT SUG`URTA KOMPANIYASI;0;201612,6;3,34;8;353073,7;4,95;7;75,12;1,61;2,51;млн сум;24;Рэнкинг страховых компаний — II квартал 2026 (snsratings.uz).txt
2026-Q2;reserves_net;Страховые резервы, чистые;суммарные;SQB INSURANCE SUG'URTA KOMPANIYASI AJ;SQB INSURANCE SUG`URTA KOMPANIYASI;0;222914,7;3,69;6;276245,1;3,87;8;23,92;0,18;0,88;млн сум;24;Рэнкинг страховых компаний — II квартал 2026 (snsratings.uz).txt
2026-Q2;reserves_net;Страховые резервы, чистые;суммарные;EUROASIA INSURANCE AJ QK;EUROASIA INSURANCE;0;204077,6;3,38;7;257137,9;3,6;9;26,0;0,22;0,88;млн сум;24;Рэнкинг страховых компаний — II квартал 2026 (snsratings.uz).txt
2026-Q2;reserves_net;Страховые резервы, чистые;суммарные;XALQ SUG'URTA AJ;XALQ SUG`URTA;0;157586,8;2,61;10;169010,3;2,37;10;7,25;-0,24;0,19;млн сум;24;Рэнкинг страховых компаний — II квартал 2026 (snsratings.uz).txt
2026-Q2;reserves_net;Страховые резервы, чистые;суммарные;KAPITAL SUG'URTA AJ;KAPITAL SUG`URTA;0;189288,1;3,14;9;157195,6;2,2;11;-16,95;-0,94;-0,53;млн сум;24;Рэнкинг страховых компаний — II квартал 2026 (snsratings.uz).txt
2026-Q2;reserves_net;Страховые резервы, чистые;суммарные;IMKON SUG'URTA AJ;IMKON-SUG`URTA;0;123064,3;2,04;14;156278,0;2,19;12;26,99;0,15;0,55;млн сум;24;Рэнкинг страховых компаний — II квартал 2026 (snsratings.uz).txt
2026-Q2;reserves_net;Страховые резервы, чистые;суммарные;INSON AJ;INSON;0;127527,6;2,11;13;150058,6;2,1;13;17,67;-0,01;0,37;млн сум;24;Рэнкинг страховых компаний — II квартал 2026 (snsratings.uz).txt
2026-Q2;reserves_net;Страховые резервы, чистые;суммарные;ALSKOM AJ;ALSKOM SUG`URTA KOMPANIYASI;0;151889,8;2,52;11;144167,9;2,02;14;-5,08;-0,5;-0,13;млн сум;24;Рэнкинг страховых компаний — II квартал 2026 (snsratings.uz).txt
2026-Q2;reserves_net;Страховые резервы, чистые;суммарные;MOSAIC INSURANCE GROUP AJ QK;MOSAIC INSURANCE GROUP;0;113728,6;1,88;15;139219,9;1,95;15;22,41;0,07;0,42;млн сум;24;Рэнкинг страховых компаний — II квартал 2026 (snsratings.uz).txt
2026-Q2;reserves_net;Страховые резервы, чистые;суммарные;KAFIL SUG'URTA AJ;KAFIL-SUG`URTA;0;102870,1;1,7;16;137176,0;1,92;16;33,35;0,22;0,57;млн сум;24;Рэнкинг страховых компаний — II квартал 2026 (snsratings.uz).txt
2026-Q2;reserves_net;Страховые резервы, чистые;суммарные;INFINITY INSURANCE AJ;INFINITY INSURANCE;0;72915,0;1,21;22;121188,7;1,7;17;66,21;0,49;0,8;млн сум;24;Рэнкинг страховых компаний — II квартал 2026 (snsratings.uz).txt
2026-Q2;reserves_net;Страховые резервы, чистые;суммарные;ASIA INSURANCE SUG'URTA KOMPANIYASI AJ;ASIA INSURANCE SUG`URTA KOMPANIYASI;0;88861,0;1,47;18;121002,7;1,7;18;36,17;0,23;0,53;млн сум;24;Рэнкинг страховых компаний — II квартал 2026 (snsratings.uz).txt
2026-Q2;reserves_net;Страховые резервы, чистые;суммарные;TEMIRYO'L SUG'URTA AJ;TEMIRYO`L SUG`URTA;0;96936,9;1,61;17;116802,2;1,64;19;20,49;0,03;0,33;млн сум;24;Рэнкинг страховых компаний — II квартал 2026 (snsratings.uz).txt
2026-Q2;reserves_net;Страховые резервы, чистые;суммарные;ISHONCH SUG'URTA KOMPANIYASI AJ;ISHONCH SUG`URTA KOMPANIYASI;0;88303,3;1,46;19;111344,1;1,56;20;26,09;0,1;0,38;млн сум;24;Рэнкинг страховых компаний — II квартал 2026 (snsratings.uz).txt
2026-Q2;reserves_net;Страховые резервы, чистые;суммарные;TRUST-INSURANCE AJ;TRUST-INSURANCE;0;77955,4;1,29;20;109621,0;1,54;21;40,62;0,25;0,52;млн сум;24;Рэнкинг страховых компаний — II квартал 2026 (snsratings.uz).txt
2026-Q2;reserves_net;Страховые резервы, чистые;суммарные;O'ZAGROSUG'URTA AJ;O`ZAGROSUG`URTA;0;150998,6;2,5;12;104525,7;1,46;22;-30,78;-1,04;-0,77;млн сум;24;Рэнкинг страховых компаний — II квартал 2026 (snsratings.uz).txt
2026-Q2;reserves_net;Страховые резервы, чистые;суммарные;NEO INSURANCE CORP AJ;NEO INSURANCE CORP;0;44834,7;0,74;26;102466,6;1,44;23;128,54;0,7;0,95;млн сум;24;Рэнкинг страховых компаний — II квартал 2026 (snsratings.uz).txt
2026-Q2;reserves_net;Страховые резервы, чистые;суммарные;IMPEX-INSURANCE AJ;IMPEX-INSURANCE;0;44237,2;0,73;27;85472,2;1,2;24;93,21;0,47;0,68;млн сум;24;Рэнкинг страховых компаний — II квартал 2026 (snsratings.uz).txt
2026-Q2;reserves_net;Страховые резервы, чистые;суммарные;QUANTUM INSURANCE AJ;QUANTUM INSURANCE;0;60031,5;0,99;23;83069,4;1,16;25;38,38;0,17;0,38;млн сум;24;Рэнкинг страховых компаний — II квартал 2026 (snsratings.uz).txt
2026-Q2;reserves_net;Страховые резервы, чистые;суммарные;ARIA SUG'URTA TASHKILOTI AJ;ARIA SUG`URTA TASHKILOTI;0;38198,6;0,63;29;64788,4;0,91;26;69,61;0,28;0,44;млн сум;24;Рэнкинг страховых компаний — II квартал 2026 (snsratings.uz).txt
2026-Q2;reserves_net;Страховые резервы, чистые;суммарные;HAMKOR SUG'URTA AJ;HAMKOR SUG`URTA;0;46051,4;0,76;25;57248,1;0,8;27;24,31;0,04;0,19;млн сум;24;Рэнкинг страховых компаний — II квартал 2026 (snsratings.uz).txt
2026-Q2;reserves_net;Страховые резервы, чистые;суммарные;TBC SUG'URTA AJ;TBC SUG`URTA;1;18845,6;0,31;33;53036,1;0,74;28;181,42;0,43;0,57;млн сум;24;Рэнкинг страховых компаний — II квартал 2026 (snsratings.uz).txt
2026-Q2;reserves_net;Страховые резервы, чистые;суммарные;KAFOLAT HAYOT INSURANCE AJ;KAFOLAT HAYOT INSURANCE;1;39132,3;0,65;28;48744,5;0,68;29;24,56;0,03;0,16;млн сум;24;Рэнкинг страховых компаний — II квартал 2026 (snsratings.uz).txt
2026-Q2;reserves_net;Страховые резервы, чистые;суммарные;ALFA LIFE INSURANCE AJ;ALFA LIFE INSURANCE;1;25818,0;0,43;31;35564,2;0,5;30;37,75;0,07;0,16;млн сум;24;Рэнкинг страховых компаний — II квартал 2026 (snsratings.uz).txt
2026-Q2;reserves_net;Страховые резервы, чистые;суммарные;PRESTIGE INSURANCE AJ;PRESTIGE INSURANCE;1;;0,0;35;34643,8;0,49;31;0,0;0,49;0,57;млн сум;24;Рэнкинг страховых компаний — II квартал 2026 (snsratings.uz).txt
2026-Q2;reserves_net;Страховые резервы, чистые;суммарные;SEMURG SUG'URTA AJ QK;SEMURG INSURANCE;0;51199,2;0,85;24;32789,5;0,46;32;-35,96;-0,39;-0,31;млн сум;24;Рэнкинг страховых компаний — II квартал 2026 (snsratings.uz).txt
2026-Q2;reserves_net;Страховые резервы, чистые;суммарные;O'ZBEKINVEST HAYOT SUG'URTA KOMPANIYASI AJ;O`ZBEKINVEST HAYOT SUG`URTA KOMPANIYASI;1;20518,4;0,34;32;20098,0;0,28;33;-2,05;-0,06;-0,01;млн сум;24;Рэнкинг страховых компаний — II квартал 2026 (snsratings.uz).txt
2026-Q2;reserves_net;Страховые резервы, чистые;суммарные;AGROS HAYOT AJ;AGROS HAYOT SUG`URTA KOMPANIYASI;1;14608,2;0,24;34;11810,2;0,17;34;-19,15;-0,07;-0,05;млн сум;24;Рэнкинг страховых компаний — II квартал 2026 (snsratings.uz).txt
2026-Q2;reserves_net;Страховые резервы, чистые;суммарные;O'ZBEKISTON QAYTA SUG'URTA KOMPANIYASI MQST AJ;O`ZBEKISTON QAYTA SUG`URTA KOMPANIYASI;0;;0,0;35;4733,2;0,07;35;0,0;0,07;0,08;млн сум;24;Рэнкинг страховых компаний — II квартал 2026 (snsratings.uz).txt
2026-Q2;reserves_net;Страховые резервы, чистые;суммарные;GLOBAL INSURANCE GROUP AJ;GLOBAL INSURANCE GROUP;0;36992,8;0,61;30;;0,0;36;-100,0;-0,61;-0,61;млн сум;24;Рэнкинг страховых компаний — II квартал 2026 (snsratings.uz).txt
2026-Q2;current_liabilities;Текущие обязательства;суммарные;ВСЕГО;ВСЕГО;0;2350115,0;;;3483768,2;;;48,24;;;млн сум;25;Рэнкинг страховых компаний — II квартал 2026 (snsratings.uz).txt
2026-Q2;current_liabilities;Текущие обязательства;суммарные;APEX INSURANCE AJ;APEX INSURANCE;0;981178,1;41,75;1;1477990,3;42,43;1;50,63;0,68;21,14;млн сум;25;Рэнкинг страховых компаний — II квартал 2026 (snsratings.uz).txt
2026-Q2;current_liabilities;Текущие обязательства;суммарные;O'ZBEKINVEST EISK AJ;O`ZBEKINVEST;0;413000,3;17,57;2;851289,0;24,44;2;106,12;6,87;18,65;млн сум;25;Рэнкинг страховых компаний — II квартал 2026 (snsratings.uz).txt
2026-Q2;current_liabilities;Текущие обязательства;суммарные;KAPITAL SUG'URTA AJ;KAPITAL SUG`URTA;0;89831,4;3,82;6;153317,4;4,4;3;70,67;0,58;2,7;млн сум;25;Рэнкинг страховых компаний — II квартал 2026 (snsratings.uz).txt
2026-Q2;current_liabilities;Текущие обязательства;суммарные;ASIA INSURANCE SUG'URTA KOMPANIYASI AJ;ASIA INSURANCE SUG`URTA KOMPANIYASI;0;12287,7;0,52;20;142433,4;4,09;4;1059,15;3,57;5,54;млн сум;25;Рэнкинг страховых компаний — II квартал 2026 (snsratings.uz).txt
2026-Q2;current_liabilities;Текущие обязательства;суммарные;KAFOLAT SUG'URTA KOMPANIYASI AJ;KAFOLAT SUG`URTA KOMPANIYASI;0;239101,4;10,17;3;118774,1;3,41;5;-50,32;-6,76;-5,12;млн сум;25;Рэнкинг страховых компаний — II квартал 2026 (snsratings.uz).txt
2026-Q2;current_liabilities;Текущие обязательства;суммарные;TEMIRYO'L SUG'URTA AJ;TEMIRYO`L SUG`URTA;0;55579,7;2,36;7;90155,5;2,59;6;62,21;0,23;1,47;млн сум;25;Рэнкинг страховых компаний — II квартал 2026 (snsratings.uz).txt
2026-Q2;current_liabilities;Текущие обязательства;суммарные;O'ZAGROSUG'URTA AJ;O`ZAGROSUG`URTA;0;118218,6;5,03;4;80360,6;2,31;7;-32,02;-2,72;-1,61;млн сум;25;Рэнкинг страховых компаний — II квартал 2026 (snsratings.uz).txt
2026-Q2;current_liabilities;Текущие обязательства;суммарные;GROSS SUG'URTA KOMPANIYASI AJ;GROSS SUG`URTA KOMPANIYASI;0;95897,5;4,08;5;78067,7;2,24;8;-18,59;-1,84;-0,76;млн сум;25;Рэнкинг страховых компаний — II квартал 2026 (snsratings.uz).txt
2026-Q2;current_liabilities;Текущие обязательства;суммарные;IMPEX-INSURANCE AJ;IMPEX-INSURANCE;0;33824,2;1,44;9;69912,4;2,01;9;106,69;0,57;1,54;млн сум;25;Рэнкинг страховых компаний — II квартал 2026 (snsratings.uz).txt
2026-Q2;current_liabilities;Текущие обязательства;суммарные;TRUST-INSURANCE AJ;TRUST-INSURANCE;0;3951,2;0,17;26;58728,3;1,69;10;1386,34;1,52;2,33;млн сум;25;Рэнкинг страховых компаний — II квартал 2026 (snsratings.uz).txt
2026-Q2;current_liabilities;Текущие обязательства;суммарные;ALSKOM AJ;ALSKOM SUG`URTA KOMPANIYASI;0;24629,3;1,05;13;55560,3;1,59;11;125,59;0,54;1,32;млн сум;25;Рэнкинг страховых компаний — II квартал 2026 (snsratings.uz).txt
2026-Q2;current_liabilities;Текущие обязательства;суммарные;EUROASIA INSURANCE AJ QK;EUROASIA INSURANCE;0;13936,3;0,59;18;49874,0;1,43;12;257,87;0,84;1,53;млн сум;25;Рэнкинг страховых компаний — II квартал 2026 (snsratings.uz).txt
2026-Q2;current_liabilities;Текущие обязательства;суммарные;O'ZBEKISTON QAYTA SUG'URTA KOMPANIYASI MQST AJ;O`ZBEKISTON QAYTA SUG`URTA KOMPANIYASI;0;;0,0;35;39408,7;1,13;13;0,0;1,13;1,68;млн сум;25;Рэнкинг страховых компаний — II квартал 2026 (snsratings.uz).txt
2026-Q2;current_liabilities;Текущие обязательства;суммарные;SQB INSURANCE SUG'URTA KOMPANIYASI AJ;SQB INSURANCE SUG`URTA KOMPANIYASI;0;27097,5;1,15;11;36169,0;1,04;14;33,48;-0,11;0,39;млн сум;25;Рэнкинг страховых компаний — II квартал 2026 (snsratings.uz).txt
2026-Q2;current_liabilities;Текущие обязательства;суммарные;INSON AJ;INSON;0;10502,5;0,45;22;27556,4;0,79;15;162,38;0,34;0,73;млн сум;25;Рэнкинг страховых компаний — II квартал 2026 (snsratings.uz).txt
2026-Q2;current_liabilities;Текущие обязательства;суммарные;KAFIL SUG'URTA AJ;KAFIL-SUG`URTA;0;32878,1;1,4;10;24514,8;0,7;16;-25,44;-0,7;-0,36;млн сум;25;Рэнкинг страховых компаний — II квартал 2026 (snsratings.uz).txt
2026-Q2;current_liabilities;Текущие обязательства;суммарные;APEX LIFE INSURANCE AJ;APEX LIFE INSURANCE;1;26456,4;1,13;12;24205,9;0,69;17;-8,51;-0,44;-0,1;млн сум;25;Рэнкинг страховых компаний — II квартал 2026 (snsratings.uz).txt
2026-Q2;current_liabilities;Текущие обязательства;суммарные;QUANTUM INSURANCE AJ;QUANTUM INSURANCE;0;13113,1;0,56;19;16374,3;0,47;18;24,87;-0,09;0,14;млн сум;25;Рэнкинг страховых компаний — II квартал 2026 (snsratings.uz).txt
2026-Q2;current_liabilities;Текущие обязательства;суммарные;MY-INSURANCE AJ;MY-INSURANCE;0;11463,1;0,49;21;15068,3;0,43;19;31,45;-0,06;0,15;млн сум;25;Рэнкинг страховых компаний — II квартал 2026 (snsratings.uz).txt
2026-Q2;current_liabilities;Текущие обязательства;суммарные;IMKON SUG'URTA AJ;IMKON-SUG`URTA;0;41665,8;1,77;8;13168,6;0,38;20;-68,39;-1,39;-1,21;млн сум;25;Рэнкинг страховых компаний — II квартал 2026 (snsratings.uz).txt
2026-Q2;current_liabilities;Текущие обязательства;суммарные;ALFA INVEST SUG'URTA KOMPANIYASI AJ;ALFA INVEST SUG`URTA KOMPANIYASI;0;21067,9;0,9;15;12695,7;0,36;21;-39,74;-0,54;-0,36;млн сум;25;Рэнкинг страховых компаний — II квартал 2026 (snsratings.uz).txt
2026-Q2;current_liabilities;Текущие обязательства;суммарные;XALQ SUG'URTA AJ;XALQ SUG`URTA;0;14262,4;0,61;17;10240,7;0,29;22;-28,2;-0,32;-0,17;млн сум;25;Рэнкинг страховых компаний — II квартал 2026 (snsratings.uz).txt
2026-Q2;current_liabilities;Текущие обязательства;суммарные;MOSAIC INSURANCE GROUP AJ QK;MOSAIC INSURANCE GROUP;0;23045,9;0,98;14;6049,8;0,17;23;-73,75;-0,81;-0,72;млн сум;25;Рэнкинг страховых компаний — II квартал 2026 (snsratings.uz).txt
2026-Q2;current_liabilities;Текущие обязательства;суммарные;NEO INSURANCE CORP AJ;NEO INSURANCE CORP;0;4590,9;0,2;25;5413,4;0,16;24;17,92;-0,04;0,03;млн сум;25;Рэнкинг страховых компаний — II квартал 2026 (snsratings.uz).txt
2026-Q2;current_liabilities;Текущие обязательства;суммарные;INFINITY INSURANCE AJ;INFINITY INSURANCE;0;4622,1;0,2;24;4839,9;0,14;25;4,71;-0,06;0,01;млн сум;25;Рэнкинг страховых компаний — II квартал 2026 (snsratings.uz).txt
2026-Q2;current_liabilities;Текущие обязательства;суммарные;SEMURG SUG'URTA AJ QK;SEMURG INSURANCE;0;8545,5;0,36;23;4255,9;0,12;26;-50,2;-0,24;-0,18;млн сум;25;Рэнкинг страховых компаний — II квартал 2026 (snsratings.uz).txt
2026-Q2;current_liabilities;Текущие обязательства;суммарные;TBC SUG'URTA AJ;TBC SUG`URTA;1;2069,6;0,09;29;3866,6;0,11;27;86,83;0,02;0,08;млн сум;25;Рэнкинг страховых компаний — II квартал 2026 (snsratings.uz).txt
2026-Q2;current_liabilities;Текущие обязательства;суммарные;PRESTIGE INSURANCE AJ;PRESTIGE INSURANCE;1;;0,0;35;3422,6;0,1;28;0,0;0,1;0,15;млн сум;25;Рэнкинг страховых компаний — II квартал 2026 (snsratings.uz).txt
2026-Q2;current_liabilities;Текущие обязательства;суммарные;ISHONCH SUG'URTA KOMPANIYASI AJ;ISHONCH SUG`URTA KOMPANIYASI;0;3597,0;0,15;27;2844,1;0,08;29;-20,93;-0,07;-0,03;млн сум;25;Рэнкинг страховых компаний — II квартал 2026 (snsratings.uz).txt
2026-Q2;current_liabilities;Текущие обязательства;суммарные;ALFA LIFE INSURANCE AJ;ALFA LIFE INSURANCE;1;3309,2;0,14;28;2278,5;0,07;30;-31,15;-0,07;-0,04;млн сум;25;Рэнкинг страховых компаний — II квартал 2026 (snsratings.uz).txt
2026-Q2;current_liabilities;Текущие обязательства;суммарные;ARIA SUG'URTA TASHKILOTI AJ;ARIA SUG`URTA TASHKILOTI;0;1006,3;0,04;31;1164,5;0,03;31;15,72;-0,01;0,01;млн сум;25;Рэнкинг страховых компаний — II квартал 2026 (snsratings.uz).txt
2026-Q2;current_liabilities;Текущие обязательства;суммарные;O'ZBEKINVEST HAYOT SUG'URTA KOMPANIYASI AJ;O`ZBEKINVEST HAYOT SUG`URTA KOMPANIYASI;1;720,1;0,03;32;1147,0;0,03;32;59,28;0,0;0,02;млн сум;25;Рэнкинг страховых компаний — II квартал 2026 (snsratings.uz).txt
2026-Q2;current_liabilities;Текущие обязательства;суммарные;HAMKOR SUG'URTA AJ;HAMKOR SUG`URTA;0;17180,3;0,73;16;1098,4;0,03;33;-93,61;-0,7;-0,68;млн сум;25;Рэнкинг страховых компаний — II квартал 2026 (snsratings.uz).txt
2026-Q2;current_liabilities;Текущие обязательства;суммарные;AGROS HAYOT AJ;AGROS HAYOT SUG`URTA KOMPANIYASI;1;1043,5;0,04;30;1015,0;0,03;34;-2,73;-0,01;0,0;млн сум;25;Рэнкинг страховых компаний — II квартал 2026 (snsratings.uz).txt
2026-Q2;current_liabilities;Текущие обязательства;суммарные;KAFOLAT HAYOT INSURANCE AJ;KAFOLAT HAYOT INSURANCE;1;57,5;0,0;34;507,1;0,01;35;781,91;0,01;0,02;млн сум;25;Рэнкинг страховых компаний — II квартал 2026 (snsratings.uz).txt
2026-Q2;current_liabilities;Текущие обязательства;суммарные;GLOBAL INSURANCE GROUP AJ;GLOBAL INSURANCE GROUP;0;384,6;0,02;33;;0,0;36;-100,0;-0,02;-0,02;млн сум;25;Рэнкинг страховых компаний — II квартал 2026 (snsratings.uz).txt
2026-Q2;current_insurance_liabilities;Текущие обязательства по страховым операциям;суммарные;ВСЕГО;ВСЕГО;0;1521157,9;;;1698825,8;;;11,68;;;млн сум;26;Рэнкинг страховых компаний — II квартал 2026 (snsratings.uz).txt
2026-Q2;current_insurance_liabilities;Текущие обязательства по страховым операциям;суммарные;O'ZBEKINVEST EISK AJ;O`ZBEKINVEST;0;398648,5;26,21;2;801180,3;47,16;1;100,97;20,95;26,46;млн сум;26;Рэнкинг страховых компаний — II квартал 2026 (snsratings.uz).txt
2026-Q2;current_insurance_liabilities;Текущие обязательства по страховым операциям;суммарные;APEX INSURANCE AJ;APEX INSURANCE;0;465033,8;30,57;1;299509,5;17,63;2;-35,59;-12,94;-10,88;млн сум;26;Рэнкинг страховых компаний — II квартал 2026 (snsratings.uz).txt
2026-Q2;current_insurance_liabilities;Текущие обязательства по страховым операциям;суммарные;ASIA INSURANCE SUG'URTA KOMPANIYASI AJ;ASIA INSURANCE SUG`URTA KOMPANIYASI;0;7165,5;0,47;14;138016,8;8,12;3;1826,13;7,65;8,6;млн сум;26;Рэнкинг страховых компаний — II квартал 2026 (snsratings.uz).txt
2026-Q2;current_insurance_liabilities;Текущие обязательства по страховым операциям;суммарные;TEMIRYO'L SUG'URTA AJ;TEMIRYO`L SUG`URTA;0;55230,9;3,63;6;87931,5;5,18;4;59,21;1,55;2,15;млн сум;26;Рэнкинг страховых компаний — II квартал 2026 (snsratings.uz).txt
2026-Q2;current_insurance_liabilities;Текущие обязательства по страховым операциям;суммарные;O'ZAGROSUG'URTA AJ;O`ZAGROSUG`URTA;0;109500,1;7,2;4;68937,6;4,06;5;-37,04;-3,14;-2,67;млн сум;26;Рэнкинг страховых компаний — II квартал 2026 (snsratings.uz).txt
2026-Q2;current_insurance_liabilities;Текущие обязательства по страховым операциям;суммарные;KAFOLAT SUG'URTA KOMPANIYASI AJ;KAFOLAT SUG`URTA KOMPANIYASI;0;230215,2;15,13;3;60332,8;3,55;6;-73,79;-11,58;-11,17;млн сум;26;Рэнкинг страховых компаний — II квартал 2026 (snsratings.uz).txt
2026-Q2;current_insurance_liabilities;Текущие обязательства по страховым операциям;суммарные;GROSS SUG'URTA KOMPANIYASI AJ;GROSS SUG`URTA KOMPANIYASI;0;90404,6;5,94;5;58942,6;3,47;7;-34,8;-2,47;-2,07;млн сум;26;Рэнкинг страховых компаний — II квартал 2026 (snsratings.uz).txt
2026-Q2;current_insurance_liabilities;Текущие обязательства по страховым операциям;суммарные;IMPEX-INSURANCE AJ;IMPEX-INSURANCE;0;29131,2;1,92;7;38125,9;2,24;8;30,88;0,32;0,59;млн сум;26;Рэнкинг страховых компаний — II квартал 2026 (snsratings.uz).txt
2026-Q2;current_insurance_liabilities;Текущие обязательства по страховым операциям;суммарные;KAPITAL SUG'URTA AJ;KAPITAL SUG`URTA;0;2059,4;0,14;20;22119,1;1,3;9;974,06;1,16;1,32;млн сум;26;Рэнкинг страховых компаний — II квартал 2026 (snsratings.uz).txt
2026-Q2;current_insurance_liabilities;Текущие обязательства по страховым операциям;суммарные;APEX LIFE INSURANCE AJ;APEX LIFE INSURANCE;1;22598,7;1,49;8;18562,5;1,09;10;-17,86;-0,4;-0,27;млн сум;26;Рэнкинг страховых компаний — II квартал 2026 (snsratings.uz).txt
2026-Q2;current_insurance_liabilities;Текущие обязательства по страховым операциям;суммарные;SQB INSURANCE SUG'URTA KOMPANIYASI AJ;SQB INSURANCE SUG`URTA KOMPANIYASI;0;17064,8;1,12;10;15000,3;0,88;11;-12,1;-0,24;-0,14;млн сум;26;Рэнкинг страховых компаний — II квартал 2026 (snsratings.uz).txt
2026-Q2;current_insurance_liabilities;Текущие обязательства по страховым операциям;суммарные;QUANTUM INSURANCE AJ;QUANTUM INSURANCE;0;11638,8;0,77;13;14535,8;0,86;12;24,89;0,09;0,19;млн сум;26;Рэнкинг страховых компаний — II квартал 2026 (snsratings.uz).txt
2026-Q2;current_insurance_liabilities;Текущие обязательства по страховым операциям;суммарные;KAFIL SUG'URTA AJ;KAFIL-SUG`URTA;0;13200,0;0,87;12;13838,1;0,81;13;4,83;-0,06;0,04;млн сум;26;Рэнкинг страховых компаний — II квартал 2026 (snsratings.uz).txt
2026-Q2;current_insurance_liabilities;Текущие обязательства по страховым операциям;суммарные;EUROASIA INSURANCE AJ QK;EUROASIA INSURANCE;0;4230,4;0,28;17;12522,4;0,74;14;196,01;0,46;0,55;млн сум;26;Рэнкинг страховых компаний — II квартал 2026 (snsratings.uz).txt
2026-Q2;current_insurance_liabilities;Текущие обязательства по страховым операциям;суммарные;ALSKOM AJ;ALSKOM SUG`URTA KOMPANIYASI;0;6112,7;0,4;16;6716,4;0,4;15;9,88;0,0;0,04;млн сум;26;Рэнкинг страховых компаний — II квартал 2026 (snsratings.uz).txt
2026-Q2;current_insurance_liabilities;Текущие обязательства по страховым операциям;суммарные;MOSAIC INSURANCE GROUP AJ QK;MOSAIC INSURANCE GROUP;0;21696,3;1,43;9;5897,9;0,35;16;-72,82;-1,08;-1,04;млн сум;26;Рэнкинг страховых компаний — II квартал 2026 (snsratings.uz).txt
2026-Q2;current_insurance_liabilities;Текущие обязательства по страховым операциям;суммарные;ALFA INVEST SUG'URTA KOMPANIYASI AJ;ALFA INVEST SUG`URTA KOMPANIYASI;0;13876,6;0,91;11;5835,5;0,34;17;-57,95;-0,57;-0,53;млн сум;26;Рэнкинг страховых компаний — II квартал 2026 (snsratings.uz).txt
2026-Q2;current_insurance_liabilities;Текущие обязательства по страховым операциям;суммарные;INSON AJ;INSON;0;2700,6;0,18;18;4795,7;0,28;18;77,58;0,1;0,14;млн сум;26;Рэнкинг страховых компаний — II квартал 2026 (snsratings.uz).txt
2026-Q2;current_insurance_liabilities;Текущие обязательства по страховым операциям;суммарные;TRUST-INSURANCE AJ;TRUST-INSURANCE;0;2044,7;0,13;21;4229,9;0,25;19;106,87;0,12;0,14;млн сум;26;Рэнкинг страховых компаний — II квартал 2026 (snsratings.uz).txt
2026-Q2;current_insurance_liabilities;Текущие обязательства по страховым операциям;суммарные;O'ZBEKISTON QAYTA SUG'URTA KOMPANIYASI MQST AJ;O`ZBEKISTON QAYTA SUG`URTA KOMPANIYASI;0;;0,0;34;3817,1;0,22;20;0,0;0,22;0,25;млн сум;26;Рэнкинг страховых компаний — II квартал 2026 (snsratings.uz).txt
2026-Q2;current_insurance_liabilities;Текущие обязательства по страховым операциям;суммарные;TBC SUG'URTA AJ;TBC SUG`URTA;1;1653,6;0,11;23;3456,5;0,2;21;109,03;0,09;0,12;млн сум;26;Рэнкинг страховых компаний — II квартал 2026 (snsratings.uz).txt
2026-Q2;current_insurance_liabilities;Текущие обязательства по страховым операциям;суммарные;MY-INSURANCE AJ;MY-INSURANCE;0;1021,3;0,07;25;3221,9;0,19;22;215,47;0,12;0,14;млн сум;26;Рэнкинг страховых компаний — II квартал 2026 (snsratings.uz).txt
2026-Q2;current_insurance_liabilities;Текущие обязательства по страховым операциям;суммарные;PRESTIGE INSURANCE AJ;PRESTIGE INSURANCE;1;;0,0;34;3076,7;0,18;23;0,0;0,18;0,2;млн сум;26;Рэнкинг страховых компаний — II квартал 2026 (snsratings.uz).txt
2026-Q2;current_insurance_liabilities;Текущие обязательства по страховым операциям;суммарные;IMKON SUG'URTA AJ;IMKON-SUG`URTA;0;1966,4;0,13;22;2846,7;0,17;24;44,77;0,04;0,06;млн сум;26;Рэнкинг страховых компаний — II квартал 2026 (snsratings.uz).txt
2026-Q2;current_insurance_liabilities;Текущие обязательства по страховым операциям;суммарные;NEO INSURANCE CORP AJ;NEO INSURANCE CORP;0;2453,2;0,16;19;1937,6;0,11;25;-21,02;-0,05;-0,03;млн сум;26;Рэнкинг страховых компаний — II квартал 2026 (snsratings.uz).txt
2026-Q2;current_insurance_liabilities;Текущие обязательства по страховым операциям;суммарные;INFINITY INSURANCE AJ;INFINITY INSURANCE;0;1445,4;0,1;24;1019,4;0,06;26;-29,47;-0,04;-0,03;млн сум;26;Рэнкинг страховых компаний — II квартал 2026 (snsratings.uz).txt
2026-Q2;current_insurance_liabilities;Текущие обязательства по страховым операциям;суммарные;ISHONCH SUG'URTA KOMPANIYASI AJ;ISHONCH SUG`URTA KOMPANIYASI;0;495,9;0,03;29;784,9;0,05;27;58,28;0,02;0,02;млн сум;26;Рэнкинг страховых компаний — II квартал 2026 (snsratings.uz).txt
2026-Q2;current_insurance_liabilities;Текущие обязательства по страховым операциям;суммарные;ALFA LIFE INSURANCE AJ;ALFA LIFE INSURANCE;1;597,6;0,04;27;599,8;0,04;28;0,37;0,0;0,0;млн сум;26;Рэнкинг страховых компаний — II квартал 2026 (snsratings.uz).txt
2026-Q2;current_insurance_liabilities;Текущие обязательства по страховым операциям;суммарные;SEMURG SUG'URTA AJ QK;SEMURG INSURANCE;0;7144,9;0,47;15;412,4;0,02;29;-94,23;-0,45;-0,44;млн сум;26;Рэнкинг страховых компаний — II квартал 2026 (snsratings.uz).txt
2026-Q2;current_insurance_liabilities;Текущие обязательства по страховым операциям;суммарные;XALQ SUG'URTA AJ;XALQ SUG`URTA;0;621,1;0,04;26;292,3;0,02;30;-52,94;-0,02;-0,02;млн сум;26;Рэнкинг страховых компаний — II квартал 2026 (snsratings.uz).txt
2026-Q2;current_insurance_liabilities;Текущие обязательства по страховым операциям;суммарные;HAMKOR SUG'URTA AJ;HAMKOR SUG`URTA;0;486,0;0,03;30;166,7;0,01;31;-65,7;-0,02;-0,02;млн сум;26;Рэнкинг страховых компаний — II квартал 2026 (snsratings.uz).txt
2026-Q2;current_insurance_liabilities;Текущие обязательства по страховым операциям;суммарные;ARIA SUG'URTA TASHKILOTI AJ;ARIA SUG`URTA TASHKILOTI;0;575,6;0,04;28;153,8;0,01;32;-73,28;-0,03;-0,03;млн сум;26;Рэнкинг страховых компаний — II квартал 2026 (snsratings.uz).txt
2026-Q2;current_insurance_liabilities;Текущие обязательства по страховым операциям;суммарные;O'ZBEKINVEST HAYOT SUG'URTA KOMPANIYASI AJ;O`ZBEKINVEST HAYOT SUG`URTA KOMPANIYASI;1;10,6;0,0;33;4,7;0,0;33;-55,66;0,0;0,0;млн сум;26;Рэнкинг страховых компаний — II квартал 2026 (snsratings.uz).txt
2026-Q2;current_insurance_liabilities;Текущие обязательства по страховым операциям;суммарные;AGROS HAYOT AJ;AGROS HAYOT SUG`URTA KOMPANIYASI;1;88,3;0,01;31;4,7;0,0;33;-94,68;-0,01;-0,01;млн сум;26;Рэнкинг страховых компаний — II квартал 2026 (snsratings.uz).txt
2026-Q2;current_insurance_liabilities;Текущие обязательства по страховым операциям;суммарные;GLOBAL INSURANCE GROUP AJ;GLOBAL INSURANCE GROUP;0;45,2;0,0;32;;0,0;35;-100,0;0,0;0,0;млн сум;26;Рэнкинг страховых компаний — II квартал 2026 (snsratings.uz).txt
2026-Q2;current_insurance_liabilities;Текущие обязательства по страховым операциям;суммарные;KAFOLAT HAYOT INSURANCE AJ;KAFOLAT HAYOT INSURANCE;1;;0,0;34;;0,0;35;0,0;0,0;0,0;млн сум;26;Рэнкинг страховых компаний — II квартал 2026 (snsratings.uz).txt
2026-Q2;total_liabilities;Всего обязательства (баланс);суммарные;ВСЕГО;ВСЕГО;0;2534087,6;;;3831654,5;;;51,2;;;млн сум;27;Рэнкинг страховых компаний — II квартал 2026 (snsratings.uz).txt
2026-Q2;total_liabilities;Всего обязательства (баланс);суммарные;APEX INSURANCE AJ;APEX INSURANCE;0;981890,4;38,75;1;1697250,6;44,3;1;72,86;5,55;28,23;млн сум;27;Рэнкинг страховых компаний — II квартал 2026 (snsratings.uz).txt
2026-Q2;total_liabilities;Всего обязательства (баланс);суммарные;O'ZBEKINVEST EISK AJ;O`ZBEKINVEST;0;413000,3;16,3;2;851289,0;22,22;2;106,12;5,92;17,3;млн сум;27;Рэнкинг страховых компаний — II квартал 2026 (snsratings.uz).txt
2026-Q2;total_liabilities;Всего обязательства (баланс);суммарные;KAPITAL SUG'URTA AJ;KAPITAL SUG`URTA;0;97006,4;3,83;6;172725,6;4,51;3;78,06;0,68;2,99;млн сум;27;Рэнкинг страховых компаний — II квартал 2026 (snsratings.uz).txt
2026-Q2;total_liabilities;Всего обязательства (баланс);суммарные;ASIA INSURANCE SUG'URTA KOMPANIYASI AJ;ASIA INSURANCE SUG`URTA KOMPANIYASI;0;12287,7;0,48;20;149007,2;3,89;4;1112,65;3,41;5,4;млн сум;27;Рэнкинг страховых компаний — II квартал 2026 (snsratings.uz).txt
2026-Q2;total_liabilities;Всего обязательства (баланс);суммарные;KAFOLAT SUG'URTA KOMPANIYASI AJ;KAFOLAT SUG`URTA KOMPANIYASI;0;239101,4;9,44;3;131891,2;3,44;5;-44,84;-6,0;-4,23;млн сум;27;Рэнкинг страховых компаний — II квартал 2026 (snsratings.uz).txt
2026-Q2;total_liabilities;Всего обязательства (баланс);суммарные;TEMIRYO'L SUG'URTA AJ;TEMIRYO`L SUG`URTA;0;55579,7;2,19;8;90155,5;2,35;6;62,21;0,16;1,36;млн сум;27;Рэнкинг страховых компаний — II квартал 2026 (snsratings.uz).txt
2026-Q2;total_liabilities;Всего обязательства (баланс);суммарные;O'ZAGROSUG'URTA AJ;O`ZAGROSUG`URTA;0;118572,9;4,68;5;80360,6;2,1;7;-32,23;-2,58;-1,51;млн сум;27;Рэнкинг страховых компаний — II квартал 2026 (snsratings.uz).txt
2026-Q2;total_liabilities;Всего обязательства (баланс);суммарные;GROSS SUG'URTA KOMPANIYASI AJ;GROSS SUG`URTA KOMPANIYASI;0;95897,5;3,78;7;78067,7;2,04;8;-18,59;-1,74;-0,7;млн сум;27;Рэнкинг страховых компаний — II квартал 2026 (snsratings.uz).txt
2026-Q2;total_liabilities;Всего обязательства (баланс);суммарные;TRUST-INSURANCE AJ;TRUST-INSURANCE;0;6177,8;0,24;25;72189,0;1,88;9;1068,52;1,64;2,6;млн сум;27;Рэнкинг страховых компаний — II квартал 2026 (snsratings.uz).txt
2026-Q2;total_liabilities;Всего обязательства (баланс);суммарные;IMPEX-INSURANCE AJ;IMPEX-INSURANCE;0;33824,2;1,33;11;69912,4;1,82;10;106,69;0,49;1,42;млн сум;27;Рэнкинг страховых компаний — II квартал 2026 (snsratings.uz).txt
2026-Q2;total_liabilities;Всего обязательства (баланс);суммарные;ALSKOM AJ;ALSKOM SUG`URTA KOMPANIYASI;0;24629,3;0,97;14;56149,3;1,47;11;127,98;0,5;1,24;млн сум;27;Рэнкинг страховых компаний — II квартал 2026 (snsratings.uz).txt
2026-Q2;total_liabilities;Всего обязательства (баланс);суммарные;EUROASIA INSURANCE AJ QK;EUROASIA INSURANCE;0;15504,1;0,61;17;53453,8;1,4;12;244,77;0,79;1,5;млн сум;27;Рэнкинг страховых компаний — II квартал 2026 (snsratings.uz).txt
2026-Q2;total_liabilities;Всего обязательства (баланс);суммарные;PRESTIGE INSURANCE AJ;PRESTIGE INSURANCE;1;;0,0;35;46384,9;1,21;13;0,0;1,21;1,83;млн сум;27;Рэнкинг страховых компаний — II квартал 2026 (snsratings.uz).txt
2026-Q2;total_liabilities;Всего обязательства (баланс);суммарные;O'ZBEKISTON QAYTA SUG'URTA KOMPANIYASI MQST AJ;O`ZBEKISTON QAYTA SUG`URTA KOMPANIYASI;0;;0,0;35;39408,7;1,03;14;0,0;1,03;1,56;млн сум;27;Рэнкинг страховых компаний — II квартал 2026 (snsratings.uz).txt
2026-Q2;total_liabilities;Всего обязательства (баланс);суммарные;SQB INSURANCE SUG'URTA KOMPANIYASI AJ;SQB INSURANCE SUG`URTA KOMPANIYASI;0;27097,5;1,07;12;36169,0;0,94;15;33,48;-0,13;0,36;млн сум;27;Рэнкинг страховых компаний — II квартал 2026 (snsratings.uz).txt
2026-Q2;total_liabilities;Всего обязательства (баланс);суммарные;KAFIL SUG'URTA AJ;KAFIL-SUG`URTA;0;42512,3;1,68;9;34810,6;0,91;16;-18,12;-0,77;-0,3;млн сум;27;Рэнкинг страховых компаний — II квартал 2026 (snsratings.uz).txt
2026-Q2;total_liabilities;Всего обязательства (баланс);суммарные;INSON AJ;INSON;0;10502,5;0,41;22;27556,4;0,72;17;162,38;0,31;0,67;млн сум;27;Рэнкинг страховых компаний — II квартал 2026 (snsratings.uz).txt
2026-Q2;total_liabilities;Всего обязательства (баланс);суммарные;ALFA INVEST SUG'URTA KOMPANIYASI AJ;ALFA INVEST SUG`URTA KOMPANIYASI;0;176116,5;6,95;4;24790,8;0,65;18;-85,92;-6,3;-5,97;млн сум;27;Рэнкинг страховых компаний — II квартал 2026 (snsratings.uz).txt
2026-Q2;total_liabilities;Всего обязательства (баланс);суммарные;APEX LIFE INSURANCE AJ;APEX LIFE INSURANCE;1;26482,2;1,05;13;24205,9;0,63;19;-8,6;-0,42;-0,09;млн сум;27;Рэнкинг страховых компаний — II квартал 2026 (snsratings.uz).txt
2026-Q2;total_liabilities;Всего обязательства (баланс);суммарные;QUANTUM INSURANCE AJ;QUANTUM INSURANCE;0;13113,1;0,52;19;16374,3;0,43;20;24,87;-0,09;0,13;млн сум;27;Рэнкинг страховых компаний — II квартал 2026 (snsratings.uz).txt
2026-Q2;total_liabilities;Всего обязательства (баланс);суммарные;MY-INSURANCE AJ;MY-INSURANCE;0;11463,1;0,45;21;15068,3;0,39;21;31,45;-0,06;0,14;млн сум;27;Рэнкинг страховых компаний — II квартал 2026 (snsratings.uz).txt
2026-Q2;total_liabilities;Всего обязательства (баланс);суммарные;IMKON SUG'URTA AJ;IMKON-SUG`URTA;0;42303,1;1,67;10;14003,6;0,37;22;-66,9;-1,3;-1,12;млн сум;27;Рэнкинг страховых компаний — II квартал 2026 (snsratings.uz).txt
2026-Q2;total_liabilities;Всего обязательства (баланс);суммарные;XALQ SUG'URTA AJ;XALQ SUG`URTA;0;14262,4;0,56;18;10240,7;0,27;23;-28,2;-0,29;-0,16;млн сум;27;Рэнкинг страховых компаний — II квартал 2026 (snsratings.uz).txt
2026-Q2;total_liabilities;Всего обязательства (баланс);суммарные;ISHONCH SUG'URTA KOMPANIYASI AJ;ISHONCH SUG`URTA KOMPANIYASI;0;8597,0;0,34;24;7844,1;0,2;24;-8,76;-0,14;-0,03;млн сум;27;Рэнкинг страховых компаний — II квартал 2026 (snsratings.uz).txt
2026-Q2;total_liabilities;Всего обязательства (баланс);суммарные;MOSAIC INSURANCE GROUP AJ QK;MOSAIC INSURANCE GROUP;0;23045,9;0,91;15;6049,8;0,16;25;-73,75;-0,75;-0,67;млн сум;27;Рэнкинг страховых компаний — II квартал 2026 (snsratings.uz).txt
2026-Q2;total_liabilities;Всего обязательства (баланс);суммарные;NEO INSURANCE CORP AJ;NEO INSURANCE CORP;0;4590,9;0,18;27;5413,4;0,14;26;17,92;-0,04;0,03;млн сум;27;Рэнкинг страховых компаний — II квартал 2026 (snsratings.uz).txt
2026-Q2;total_liabilities;Всего обязательства (баланс);суммарные;INFINITY INSURANCE AJ;INFINITY INSURANCE;0;4622,1;0,18;26;4839,9;0,13;27;4,71;-0,05;0,01;млн сум;27;Рэнкинг страховых компаний — II квартал 2026 (snsratings.uz).txt
2026-Q2;total_liabilities;Всего обязательства (баланс);суммарные;SEMURG SUG'URTA AJ QK;SEMURG INSURANCE;0;9553,5;0,38;23;4723,2;0,12;28;-50,56;-0,26;-0,19;млн сум;27;Рэнкинг страховых компаний — II квартал 2026 (snsratings.uz).txt
2026-Q2;total_liabilities;Всего обязательства (баланс);суммарные;TBC SUG'URTA AJ;TBC SUG`URTA;1;2069,6;0,08;29;3866,6;0,1;29;86,83;0,02;0,07;млн сум;27;Рэнкинг страховых компаний — II квартал 2026 (snsratings.uz).txt
2026-Q2;total_liabilities;Всего обязательства (баланс);суммарные;ALFA LIFE INSURANCE AJ;ALFA LIFE INSURANCE;1;3744,6;0,15;28;2520,4;0,07;30;-32,69;-0,08;-0,05;млн сум;27;Рэнкинг страховых компаний — II квартал 2026 (snsratings.uz).txt
2026-Q2;total_liabilities;Всего обязательства (баланс);суммарные;ARIA SUG'URTA TASHKILOTI AJ;ARIA SUG`URTA TASHKILOTI;0;1006,3;0,04;31;1164,5;0,03;31;15,72;-0,01;0,01;млн сум;27;Рэнкинг страховых компаний — II квартал 2026 (snsratings.uz).txt
2026-Q2;total_liabilities;Всего обязательства (баланс);суммарные;O'ZBEKINVEST HAYOT SUG'URTA KOMPANIYASI AJ;O`ZBEKINVEST HAYOT SUG`URTA KOMPANIYASI;1;720,1;0,03;32;1147,0;0,03;32;59,28;0,0;0,02;млн сум;27;Рэнкинг страховых компаний — II квартал 2026 (snsratings.uz).txt
2026-Q2;total_liabilities;Всего обязательства (баланс);суммарные;HAMKOR SUG'URTA AJ;HAMKOR SUG`URTA;0;17180,3;0,68;16;1098,4;0,03;33;-93,61;-0,65;-0,63;млн сум;27;Рэнкинг страховых компаний — II квартал 2026 (snsratings.uz).txt
2026-Q2;total_liabilities;Всего обязательства (баланс);суммарные;AGROS HAYOT AJ;AGROS HAYOT SUG`URTA KOMPANIYASI;1;1043,5;0,04;30;1015,0;0,03;34;-2,73;-0,01;0,0;млн сум;27;Рэнкинг страховых компаний — II квартал 2026 (snsratings.uz).txt
2026-Q2;total_liabilities;Всего обязательства (баланс);суммарные;KAFOLAT HAYOT INSURANCE AJ;KAFOLAT HAYOT INSURANCE;1;57,5;0,0;34;507,1;0,01;35;781,91;0,01;0,02;млн сум;27;Рэнкинг страховых компаний — II квартал 2026 (snsratings.uz).txt
2026-Q2;total_liabilities;Всего обязательства (баланс);суммарные;GLOBAL INSURANCE GROUP AJ;GLOBAL INSURANCE GROUP;0;531,9;0,02;33;;0,0;36;-100,0;-0,02;-0,02;млн сум;27;Рэнкинг страховых компаний — II квартал 2026 (snsratings.uz).txt
2026-Q2;premiums_direct;Страховые премии по прямому страхованию и сострахованию;суммарные;ВСЕГО;ВСЕГО;0;4479305,8;;;5856074,2;;;30,74;;;млн сум;28;Рэнкинг страховых компаний — II квартал 2026 (snsratings.uz).txt
2026-Q2;premiums_direct;Страховые премии по прямому страхованию и сострахованию;суммарные;APEX INSURANCE AJ;APEX INSURANCE;0;1702050,8;38,0;1;1491808,3;25,47;1;-12,35;-12,53;-4,69;млн сум;28;Рэнкинг страховых компаний — II квартал 2026 (snsratings.uz).txt
2026-Q2;premiums_direct;Страховые премии по прямому страхованию и сострахованию;суммарные;KAFOLAT SUG'URTA KOMPANIYASI AJ;KAFOLAT SUG`URTA KOMPANIYASI;0;63218,2;1,41;16;666880,1;11,39;2;954,89;9,98;13,48;млн сум;28;Рэнкинг страховых компаний — II квартал 2026 (snsratings.uz).txt
2026-Q2;premiums_direct;Страховые премии по прямому страхованию и сострахованию;суммарные;O'ZBEKINVEST EISK AJ;O`ZBEKINVEST;0;288607,4;6,44;3;522257,0;8,92;3;80,96;2,48;5,22;млн сум;28;Рэнкинг страховых компаний — II квартал 2026 (snsratings.uz).txt
2026-Q2;premiums_direct;Страховые премии по прямому страхованию и сострахованию;суммарные;MY-INSURANCE AJ;MY-INSURANCE;0;354486,8;7,91;2;482555,5;8,24;4;36,13;0,33;2,86;млн сум;28;Рэнкинг страховых компаний — II квартал 2026 (snsratings.uz).txt
2026-Q2;premiums_direct;Страховые премии по прямому страхованию и сострахованию;суммарные;KAPITAL SUG'URTA AJ;KAPITAL SUG`URTA;0;247273,3;5,52;5;470315,8;8,03;5;90,2;2,51;4,98;млн сум;28;Рэнкинг страховых компаний — II квартал 2026 (snsratings.uz).txt
2026-Q2;premiums_direct;Страховые премии по прямому страхованию и сострахованию;суммарные;GROSS SUG'URTA KOMPANIYASI AJ;GROSS SUG`URTA KOMPANIYASI;0;260113,0;5,81;4;321109,7;5,48;6;23,45;-0,33;1,36;млн сум;28;Рэнкинг страховых компаний — II квартал 2026 (snsratings.uz).txt
2026-Q2;premiums_direct;Страховые премии по прямому страхованию и сострахованию;суммарные;ALFA INVEST SUG'URTA KOMPANIYASI AJ;ALFA INVEST SUG`URTA KOMPANIYASI;0;130622,9;2,92;9;180194,0;3,08;7;37,95;0,16;1,11;млн сум;28;Рэнкинг страховых компаний — II квартал 2026 (snsratings.uz).txt
2026-Q2;premiums_direct;Страховые премии по прямому страхованию и сострахованию;суммарные;KAFIL SUG'URTA AJ;KAFIL-SUG`URTA;0;137972,3;3,08;7;175609,6;3,0;8;27,28;-0,08;0,84;млн сум;28;Рэнкинг страховых компаний — II квартал 2026 (snsratings.uz).txt
2026-Q2;premiums_direct;Страховые премии по прямому страхованию и сострахованию;суммарные;ASIA INSURANCE SUG'URTA KOMPANIYASI AJ;ASIA INSURANCE SUG`URTA KOMPANIYASI;0;61617,6;1,38;17;168650,0;2,88;9;173,7;1,5;2,39;млн сум;28;Рэнкинг страховых компаний — II квартал 2026 (snsratings.uz).txt
2026-Q2;premiums_direct;Страховые премии по прямому страхованию и сострахованию;суммарные;ALSKOM AJ;ALSKOM SUG`URTA KOMPANIYASI;0;136875,6;3,06;8;135717,3;2,32;10;-0,85;-0,74;-0,03;млн сум;28;Рэнкинг страховых компаний — II квартал 2026 (snsratings.uz).txt
2026-Q2;premiums_direct;Страховые премии по прямому страхованию и сострахованию;суммарные;APEX LIFE INSURANCE AJ;APEX LIFE INSURANCE;1;171764,2;3,83;6;111522,0;1,9;11;-35,07;-1,93;-1,34;млн сум;28;Рэнкинг страховых компаний — II квартал 2026 (snsratings.uz).txt
2026-Q2;premiums_direct;Страховые премии по прямому страхованию и сострахованию;суммарные;SQB INSURANCE SUG'URTA KOMPANIYASI AJ;SQB INSURANCE SUG`URTA KOMPANIYASI;0;65196,1;1,46;15;103604,2;1,77;12;58,91;0,31;0,86;млн сум;28;Рэнкинг страховых компаний — II квартал 2026 (snsratings.uz).txt
2026-Q2;premiums_direct;Страховые премии по прямому страхованию и сострахованию;суммарные;TRUST-INSURANCE AJ;TRUST-INSURANCE;0;120222,2;2,68;10;101643,5;1,74;13;-15,45;-0,94;-0,41;млн сум;28;Рэнкинг страховых компаний — II квартал 2026 (snsratings.uz).txt
2026-Q2;premiums_direct;Страховые премии по прямому страхованию и сострахованию;суммарные;IMPEX-INSURANCE AJ;IMPEX-INSURANCE;0;99447,5;2,22;11;99733,3;1,7;14;0,29;-0,52;0,01;млн сум;28;Рэнкинг страховых компаний — II квартал 2026 (snsratings.uz).txt
2026-Q2;premiums_direct;Страховые премии по прямому страхованию и сострахованию;суммарные;NEO INSURANCE CORP AJ;NEO INSURANCE CORP;0;43198,5;0,96;20;89893,9;1,54;15;108,09;0,58;1,04;млн сум;28;Рэнкинг страховых компаний — II квартал 2026 (snsratings.uz).txt
2026-Q2;premiums_direct;Страховые премии по прямому страхованию и сострахованию;суммарные;TEMIRYO'L SUG'URTA AJ;TEMIRYO`L SUG`URTA;0;94346,3;2,11;12;89058,0;1,52;16;-5,61;-0,59;-0,12;млн сум;28;Рэнкинг страховых компаний — II квартал 2026 (snsratings.uz).txt
2026-Q2;premiums_direct;Страховые премии по прямому страхованию и сострахованию;суммарные;INSON AJ;INSON;0;73436,6;1,64;14;85140,4;1,45;17;15,94;-0,19;0,26;млн сум;28;Рэнкинг страховых компаний — II квартал 2026 (snsratings.uz).txt
2026-Q2;premiums_direct;Страховые премии по прямому страхованию и сострахованию;суммарные;O'ZAGROSUG'URTA AJ;O`ZAGROSUG`URTA;0;77229,9;1,72;13;76705,5;1,31;18;-0,68;-0,41;-0,01;млн сум;28;Рэнкинг страховых компаний — II квартал 2026 (snsratings.uz).txt
2026-Q2;premiums_direct;Страховые премии по прямому страхованию и сострахованию;суммарные;INFINITY INSURANCE AJ;INFINITY INSURANCE;0;27542,0;0,61;24;70669,8;1,21;19;156,59;0,6;0,96;млн сум;28;Рэнкинг страховых компаний — II квартал 2026 (snsratings.uz).txt
2026-Q2;premiums_direct;Страховые премии по прямому страхованию и сострахованию;суммарные;MOSAIC INSURANCE GROUP AJ QK;MOSAIC INSURANCE GROUP;0;25604,4;0,57;25;58633,7;1,0;20;129,0;0,43;0,74;млн сум;28;Рэнкинг страховых компаний — II квартал 2026 (snsratings.uz).txt
2026-Q2;premiums_direct;Страховые премии по прямому страхованию и сострахованию;суммарные;IMKON SUG'URTA AJ;IMKON-SUG`URTA;0;14017,6;0,31;29;52589,7;0,9;21;275,17;0,59;0,86;млн сум;28;Рэнкинг страховых компаний — II квартал 2026 (snsratings.uz).txt
2026-Q2;premiums_direct;Страховые премии по прямому страхованию и сострахованию;суммарные;QUANTUM INSURANCE AJ;QUANTUM INSURANCE;0;34828,7;0,78;21;49898,9;0,85;22;43,27;0,07;0,34;млн сум;28;Рэнкинг страховых компаний — II квартал 2026 (snsratings.uz).txt
2026-Q2;premiums_direct;Страховые премии по прямому страхованию и сострахованию;суммарные;PRESTIGE INSURANCE AJ;PRESTIGE INSURANCE;1;;0,0;35;43720,7;0,75;23;0,0;0,75;0,98;млн сум;28;Рэнкинг страховых компаний — II квартал 2026 (snsratings.uz).txt
2026-Q2;premiums_direct;Страховые премии по прямому страхованию и сострахованию;суммарные;ISHONCH SUG'URTA KOMPANIYASI AJ;ISHONCH SUG`URTA KOMPANIYASI;0;45074,8;1,01;19;40257,5;0,69;24;-10,69;-0,32;-0,11;млн сум;28;Рэнкинг страховых компаний — II квартал 2026 (snsratings.uz).txt
2026-Q2;premiums_direct;Страховые премии по прямому страхованию и сострахованию;суммарные;ARIA SUG'URTA TASHKILOTI AJ;ARIA SUG`URTA TASHKILOTI;0;22748,3;0,51;27;35637,4;0,61;25;56,66;0,1;0,29;млн сум;28;Рэнкинг страховых компаний — II квартал 2026 (snsratings.uz).txt
2026-Q2;premiums_direct;Страховые премии по прямому страхованию и сострахованию;суммарные;TBC SUG'URTA AJ;TBC SUG`URTA;1;27787,7;0,62;23;33453,5;0,57;26;20,39;-0,05;0,13;млн сум;28;Рэнкинг страховых компаний — II квартал 2026 (snsratings.uz).txt
2026-Q2;premiums_direct;Страховые премии по прямому страхованию и сострахованию;суммарные;XALQ SUG'URTA AJ;XALQ SUG`URTA;0;24389,0;0,54;26;27990,6;0,48;27;14,77;-0,06;0,08;млн сум;28;Рэнкинг страховых компаний — II квартал 2026 (snsratings.uz).txt
2026-Q2;premiums_direct;Страховые премии по прямому страхованию и сострахованию;суммарные;ALFA LIFE INSURANCE AJ;ALFA LIFE INSURANCE;1;18039,6;0,4;28;26190,4;0,45;28;45,18;0,05;0,18;млн сум;28;Рэнкинг страховых компаний — II квартал 2026 (snsratings.uz).txt
2026-Q2;premiums_direct;Страховые премии по прямому страхованию и сострахованию;суммарные;HAMKOR SUG'URTA AJ;HAMKOR SUG`URTA;0;9525,8;0,21;31;16986,1;0,29;29;78,32;0,08;0,17;млн сум;28;Рэнкинг страховых компаний — II квартал 2026 (snsratings.uz).txt
2026-Q2;premiums_direct;Страховые премии по прямому страхованию и сострахованию;суммарные;SEMURG SUG'URTA AJ QK;SEMURG INSURANCE;0;50321,4;1,12;18;7470,6;0,13;30;-85,15;-0,99;-0,96;млн сум;28;Рэнкинг страховых компаний — II квартал 2026 (snsratings.uz).txt
2026-Q2;premiums_direct;Страховые премии по прямому страхованию и сострахованию;суммарные;KAFOLAT HAYOT INSURANCE AJ;KAFOLAT HAYOT INSURANCE;1;10938,3;0,24;30;7318,9;0,12;31;-33,09;-0,12;-0,08;млн сум;28;Рэнкинг страховых компаний — II квартал 2026 (snsratings.uz).txt
2026-Q2;premiums_direct;Страховые премии по прямому страхованию и сострахованию;суммарные;EUROASIA INSURANCE AJ QK;EUROASIA INSURANCE;0;2007,1;0,04;34;6626,0;0,11;32;230,13;0,07;0,1;млн сум;28;Рэнкинг страховых компаний — II квартал 2026 (snsratings.uz).txt
2026-Q2;premiums_direct;Страховые премии по прямому страхованию и сострахованию;суммарные;O'ZBEKINVEST HAYOT SUG'URTA KOMPANIYASI AJ;O`ZBEKINVEST HAYOT SUG`URTA KOMPANIYASI;1;4241,1;0,09;32;5262,9;0,09;33;24,09;0,0;0,02;млн сум;28;Рэнкинг страховых компаний — II квартал 2026 (snsratings.uz).txt
2026-Q2;premiums_direct;Страховые премии по прямому страхованию и сострахованию;суммарные;AGROS HAYOT AJ;AGROS HAYOT SUG`URTA KOMPANIYASI;1;3015,6;0,07;33;969,4;0,02;34;-67,85;-0,05;-0,05;млн сум;28;Рэнкинг страховых компаний — II квартал 2026 (snsratings.uz).txt
2026-Q2;premiums_direct;Страховые премии по прямому страхованию и сострахованию;суммарные;GLOBAL INSURANCE GROUP AJ;GLOBAL INSURANCE GROUP;0;31545,2;0,7;22;;0,0;35;-100,0;-0,7;-0,7;млн сум;28;Рэнкинг страховых компаний — II квартал 2026 (snsratings.uz).txt
2026-Q2;premiums_direct;Страховые премии по прямому страхованию и сострахованию;суммарные;O'ZBEKISTON QAYTA SUG'URTA KOMPANIYASI MQST AJ;O`ZBEKISTON QAYTA SUG`URTA KOMPANIYASI;0;;0,0;35;;0,0;35;0,0;0,0;0,0;млн сум;28;Рэнкинг страховых компаний — II квартал 2026 (snsratings.uz).txt
2026-Q2;premiums_ceded;Страховые премии по договорам, переданным в перестрахование;суммарные;ВСЕГО;ВСЕГО;0;2276917,3;;;2048188,9;;;-10,05;;;млн сум;29;Рэнкинг страховых компаний — II квартал 2026 (snsratings.uz).txt
2026-Q2;premiums_ceded;Страховые премии по договорам, переданным в перестрахование;суммарные;KAFOLAT SUG'URTA KOMPANIYASI AJ;KAFOLAT SUG`URTA KOMPANIYASI;0;93744,0;4,12;6;534749,2;26,11;1;470,44;21,99;19,37;млн сум;29;Рэнкинг страховых компаний — II квартал 2026 (snsratings.uz).txt
2026-Q2;premiums_ceded;Страховые премии по договорам, переданным в перестрахование;суммарные;APEX INSURANCE AJ;APEX INSURANCE;0;979971,9;43,04;1;532781,0;26,01;2;-45,63;-17,03;-19,64;млн сум;29;Рэнкинг страховых компаний — II квартал 2026 (snsratings.uz).txt
2026-Q2;premiums_ceded;Страховые премии по договорам, переданным в перестрахование;суммарные;O'ZBEKINVEST EISK AJ;O`ZBEKINVEST;0;396863,1;17,43;2;454458,1;22,19;3;14,51;4,76;2,53;млн сум;29;Рэнкинг страховых компаний — II квартал 2026 (snsratings.uz).txt
2026-Q2;premiums_ceded;Страховые премии по договорам, переданным в перестрахование;суммарные;ASIA INSURANCE SUG'URTA KOMPANIYASI AJ;ASIA INSURANCE SUG`URTA KOMPANIYASI;0;1462,8;0,06;22;131172,8;6,4;4;8867,24;6,34;5,7;млн сум;29;Рэнкинг страховых компаний — II квартал 2026 (snsratings.uz).txt
2026-Q2;premiums_ceded;Страховые премии по договорам, переданным в перестрахование;суммарные;ALFA INVEST SUG'URTA KOMPANIYASI AJ;ALFA INVEST SUG`URTA KOMPANIYASI;0;157597,6;6,92;4;109060,7;5,32;5;-30,8;-1,6;-2,13;млн сум;29;Рэнкинг страховых компаний — II квартал 2026 (snsratings.uz).txt
2026-Q2;premiums_ceded;Страховые премии по договорам, переданным в перестрахование;суммарные;GROSS SUG'URTA KOMPANIYASI AJ;GROSS SUG`URTA KOMPANIYASI;0;137569,0;6,04;5;67593,9;3,3;6;-50,87;-2,74;-3,07;млн сум;29;Рэнкинг страховых компаний — II квартал 2026 (snsratings.uz).txt
2026-Q2;premiums_ceded;Страховые премии по договорам, переданным в перестрахование;суммарные;MOSAIC INSURANCE GROUP AJ QK;MOSAIC INSURANCE GROUP;0;13525,0;0,59;15;39976,1;1,95;7;195,57;1,36;1,16;млн сум;29;Рэнкинг страховых компаний — II квартал 2026 (snsratings.uz).txt
2026-Q2;premiums_ceded;Страховые премии по договорам, переданным в перестрахование;суммарные;SQB INSURANCE SUG'URTA KOMPANIYASI AJ;SQB INSURANCE SUG`URTA KOMPANIYASI;0;21429,0;0,94;11;33845,2;1,65;8;57,94;0,71;0,55;млн сум;29;Рэнкинг страховых компаний — II квартал 2026 (snsratings.uz).txt
2026-Q2;premiums_ceded;Страховые премии по договорам, переданным в перестрахование;суммарные;QUANTUM INSURANCE AJ;QUANTUM INSURANCE;0;43786,2;1,92;10;27374,8;1,34;9;-37,48;-0,58;-0,72;млн сум;29;Рэнкинг страховых компаний — II квартал 2026 (snsratings.uz).txt
2026-Q2;premiums_ceded;Страховые премии по договорам, переданным в перестрахование;суммарные;APEX LIFE INSURANCE AJ;APEX LIFE INSURANCE;1;60265,0;2,65;8;26969,5;1,32;10;-55,25;-1,33;-1,46;млн сум;29;Рэнкинг страховых компаний — II квартал 2026 (snsratings.uz).txt
2026-Q2;premiums_ceded;Страховые премии по договорам, переданным в перестрахование;суммарные;KAFIL SUG'URTA AJ;KAFIL-SUG`URTA;0;7742,3;0,34;17;18583,3;0,91;11;140,02;0,57;0,48;млн сум;29;Рэнкинг страховых компаний — II квартал 2026 (snsratings.uz).txt
2026-Q2;premiums_ceded;Страховые премии по договорам, переданным в перестрахование;суммарные;EUROASIA INSURANCE AJ QK;EUROASIA INSURANCE;0;1471,2;0,06;21;14675,7;0,72;12;897,53;0,66;0,58;млн сум;29;Рэнкинг страховых компаний — II квартал 2026 (snsratings.uz).txt
2026-Q2;premiums_ceded;Страховые премии по договорам, переданным в перестрахование;суммарные;IMPEX-INSURANCE AJ;IMPEX-INSURANCE;0;17211,3;0,76;14;10980,3;0,54;13;-36,2;-0,22;-0,27;млн сум;29;Рэнкинг страховых компаний — II квартал 2026 (snsratings.uz).txt
2026-Q2;premiums_ceded;Страховые премии по договорам, переданным в перестрахование;суммарные;O'ZBEKISTON QAYTA SUG'URTA KOMPANIYASI MQST AJ;O`ZBEKISTON QAYTA SUG`URTA KOMPANIYASI;0;;0,0;30;10348,9;0,51;14;0,0;0,51;0,45;млн сум;29;Рэнкинг страховых компаний — II квартал 2026 (snsratings.uz).txt
2026-Q2;premiums_ceded;Страховые премии по договорам, переданным в перестрахование;суммарные;KAPITAL SUG'URTA AJ;KAPITAL SUG`URTA;0;63766,9;2,8;7;8307,7;0,41;15;-86,97;-2,39;-2,44;млн сум;29;Рэнкинг страховых компаний — II квартал 2026 (snsratings.uz).txt
2026-Q2;premiums_ceded;Страховые премии по договорам, переданным в перестрахование;суммарные;NEO INSURANCE CORP AJ;NEO INSURANCE CORP;0;10135,1;0,45;16;7805,8;0,38;16;-22,98;-0,07;-0,1;млн сум;29;Рэнкинг страховых компаний — II квартал 2026 (snsratings.uz).txt
2026-Q2;premiums_ceded;Страховые премии по договорам, переданным в перестрахование;суммарные;O'ZAGROSUG'URTA AJ;O`ZAGROSUG`URTA;0;176489,4;7,75;3;6453,7;0,32;17;-96,34;-7,43;-7,47;млн сум;29;Рэнкинг страховых компаний — II квартал 2026 (snsratings.uz).txt
2026-Q2;premiums_ceded;Страховые премии по договорам, переданным в перестрахование;суммарные;TEMIRYO'L SUG'URTA AJ;TEMIRYO`L SUG`URTA;0;46003,4;2,02;9;4672,0;0,23;18;-89,84;-1,79;-1,82;млн сум;29;Рэнкинг страховых компаний — II квартал 2026 (snsratings.uz).txt
2026-Q2;premiums_ceded;Страховые премии по договорам, переданным в перестрахование;суммарные;INSON AJ;INSON;0;3755,7;0,16;18;2479,1;0,12;19;-33,99;-0,04;-0,06;млн сум;29;Рэнкинг страховых компаний — II квартал 2026 (snsratings.uz).txt
2026-Q2;premiums_ceded;Страховые премии по договорам, переданным в перестрахование;суммарные;MY-INSURANCE AJ;MY-INSURANCE;0;1774,3;0,08;20;1958,4;0,1;20;10,38;0,02;0,01;млн сум;29;Рэнкинг страховых компаний — II квартал 2026 (snsratings.uz).txt
2026-Q2;premiums_ceded;Страховые премии по договорам, переданным в перестрахование;суммарные;ALSKOM AJ;ALSKOM SUG`URTA KOMPANIYASI;0;18764,1;0,82;12;1120,9;0,05;21;-94,03;-0,77;-0,77;млн сум;29;Рэнкинг страховых компаний — II квартал 2026 (snsratings.uz).txt
2026-Q2;premiums_ceded;Страховые премии по договорам, переданным в перестрахование;суммарные;INFINITY INSURANCE AJ;INFINITY INSURANCE;0;2114,6;0,09;19;777,3;0,04;22;-63,24;-0,05;-0,06;млн сум;29;Рэнкинг страховых компаний — II квартал 2026 (snsratings.uz).txt
2026-Q2;premiums_ceded;Страховые премии по договорам, переданным в перестрахование;суммарные;TRUST-INSURANCE AJ;TRUST-INSURANCE;0;1259,4;0,06;23;713,7;0,03;23;-43,33;-0,03;-0,02;млн сум;29;Рэнкинг страховых компаний — II квартал 2026 (snsratings.uz).txt
2026-Q2;premiums_ceded;Страховые премии по договорам, переданным в перестрахование;суммарные;ARIA SUG'URTA TASHKILOTI AJ;ARIA SUG`URTA TASHKILOTI;0;1141,8;0,05;24;631,0;0,03;24;-44,74;-0,02;-0,02;млн сум;29;Рэнкинг страховых компаний — II квартал 2026 (snsratings.uz).txt
2026-Q2;premiums_ceded;Страховые премии по договорам, переданным в перестрахование;суммарные;ISHONCH SUG'URTA KOMPANIYASI AJ;ISHONCH SUG`URTA KOMPANIYASI;0;192,8;0,01;25;309,6;0,02;25;60,58;0,01;0,01;млн сум;29;Рэнкинг страховых компаний — II квартал 2026 (snsratings.uz).txt
2026-Q2;premiums_ceded;Страховые премии по договорам, переданным в перестрахование;суммарные;SEMURG SUG'URTA AJ QK;SEMURG INSURANCE;0;18727,2;0,82;13;264,3;0,01;26;-98,59;-0,81;-0,81;млн сум;29;Рэнкинг страховых компаний — II квартал 2026 (snsratings.uz).txt
2026-Q2;premiums_ceded;Страховые премии по договорам, переданным в перестрахование;суммарные;IMKON SUG'URTA AJ;IMKON-SUG`URTA;0;89,3;0,0;26;66,7;0,0;27;-25,31;0,0;0,0;млн сум;29;Рэнкинг страховых компаний — II квартал 2026 (snsratings.uz).txt
2026-Q2;premiums_ceded;Страховые премии по договорам, переданным в перестрахование;суммарные;HAMKOR SUG'URTA AJ;HAMKOR SUG`URTA;0;50,9;0,0;27;45,8;0,0;28;-10,02;0,0;0,0;млн сум;29;Рэнкинг страховых компаний — II квартал 2026 (snsratings.uz).txt
2026-Q2;premiums_ceded;Страховые премии по договорам, переданным в перестрахование;суммарные;XALQ SUG'URTA AJ;XALQ SUG`URTA;0;13,9;0,0;28;13,4;0,0;29;-3,6;0,0;0,0;млн сум;29;Рэнкинг страховых компаний — II квартал 2026 (snsratings.uz).txt
2026-Q2;premiums_ceded;Страховые премии по договорам, переданным в перестрахование;суммарные;TBC SUG'URTA AJ;TBC SUG`URTA;1;;0,0;30;;0,0;30;0,0;0,0;0,0;млн сум;29;Рэнкинг страховых компаний — II квартал 2026 (snsratings.uz).txt
2026-Q2;premiums_ceded;Страховые премии по договорам, переданным в перестрахование;суммарные;PRESTIGE INSURANCE AJ;PRESTIGE INSURANCE;1;;0,0;30;;0,0;30;0,0;0,0;0,0;млн сум;29;Рэнкинг страховых компаний — II квартал 2026 (snsratings.uz).txt
2026-Q2;premiums_ceded;Страховые премии по договорам, переданным в перестрахование;суммарные;O'ZBEKINVEST HAYOT SUG'URTA KOMPANIYASI AJ;O`ZBEKINVEST HAYOT SUG`URTA KOMPANIYASI;1;0,1;0,0;29;;0,0;30;-100,0;0,0;0,0;млн сум;29;Рэнкинг страховых компаний — II квартал 2026 (snsratings.uz).txt
2026-Q2;premiums_ceded;Страховые премии по договорам, переданным в перестрахование;суммарные;KAFOLAT HAYOT INSURANCE AJ;KAFOLAT HAYOT INSURANCE;1;;0,0;30;;0,0;30;0,0;0,0;0,0;млн сум;29;Рэнкинг страховых компаний — II квартал 2026 (snsratings.uz).txt
2026-Q2;premiums_ceded;Страховые премии по договорам, переданным в перестрахование;суммарные;GLOBAL INSURANCE GROUP AJ;GLOBAL INSURANCE GROUP;0;;0,0;30;;0,0;30;0,0;0,0;0,0;млн сум;29;Рэнкинг страховых компаний — II квартал 2026 (snsratings.uz).txt
2026-Q2;premiums_ceded;Страховые премии по договорам, переданным в перестрахование;суммарные;ALFA LIFE INSURANCE AJ;ALFA LIFE INSURANCE;1;;0,0;30;;0,0;30;0,0;0,0;0,0;млн сум;29;Рэнкинг страховых компаний — II квартал 2026 (snsratings.uz).txt
2026-Q2;premiums_ceded;Страховые премии по договорам, переданным в перестрахование;суммарные;AGROS HAYOT AJ;AGROS HAYOT SUG`URTA KOMPANIYASI;1;;0,0;30;;0,0;30;0,0;0,0;0,0;млн сум;29;Рэнкинг страховых компаний — II квартал 2026 (snsratings.uz).txt
2026-Q2;premiums_assumed;Страховые премии по договорам, принятым в перестрахование;суммарные;ВСЕГО;ВСЕГО;0;1564767,5;;;2071277,5;;;32,37;;;млн сум;30;Рэнкинг страховых компаний — II квартал 2026 (snsratings.uz).txt
2026-Q2;premiums_assumed;Страховые премии по договорам, принятым в перестрахование;суммарные;APEX INSURANCE AJ;APEX INSURANCE;0;265419,7;16,96;2;558985,2;26,99;1;110,6;10,03;18,76;млн сум;30;Рэнкинг страховых компаний — II квартал 2026 (snsratings.uz).txt
2026-Q2;premiums_assumed;Страховые премии по договорам, принятым в перестрахование;суммарные;O'ZBEKINVEST EISK AJ;O`ZBEKINVEST;0;417384,6;26,67;1;397218,9;19,18;2;-4,83;-7,49;-1,29;млн сум;30;Рэнкинг страховых компаний — II квартал 2026 (snsratings.uz).txt
2026-Q2;premiums_assumed;Страховые премии по договорам, принятым в перестрахование;суммарные;APEX LIFE INSURANCE AJ;APEX LIFE INSURANCE;1;2642,1;0,17;19;295709,3;14,28;3;11092,21;14,11;18,73;млн сум;30;Рэнкинг страховых компаний — II квартал 2026 (snsratings.uz).txt
2026-Q2;premiums_assumed;Страховые премии по договорам, принятым в перестрахование;суммарные;EUROASIA INSURANCE AJ QK;EUROASIA INSURANCE;0;160327,2;10,25;4;223038,2;10,77;4;39,11;0,52;4,01;млн сум;30;Рэнкинг страховых компаний — II квартал 2026 (snsratings.uz).txt
2026-Q2;premiums_assumed;Страховые премии по договорам, принятым в перестрахование;суммарные;KAFOLAT SUG'URTA KOMPANIYASI AJ;KAFOLAT SUG`URTA KOMPANIYASI;0;182566,0;11,67;3;160964,2;7,77;5;-11,83;-3,9;-1,38;млн сум;30;Рэнкинг страховых компаний — II квартал 2026 (snsratings.uz).txt
2026-Q2;premiums_assumed;Страховые премии по договорам, принятым в перестрахование;суммарные;GROSS SUG'URTA KOMPANIYASI AJ;GROSS SUG`URTA KOMPANIYASI;0;130798,1;8,36;6;90840,6;4,39;6;-30,55;-3,97;-2,55;млн сум;30;Рэнкинг страховых компаний — II квартал 2026 (snsratings.uz).txt
2026-Q2;premiums_assumed;Страховые премии по договорам, принятым в перестрахование;суммарные;ALFA INVEST SUG'URTA KOMPANIYASI AJ;ALFA INVEST SUG`URTA KOMPANIYASI;0;62806,2;4,01;7;78180,2;3,77;7;24,48;-0,24;0,98;млн сум;30;Рэнкинг страховых компаний — II квартал 2026 (snsratings.uz).txt
2026-Q2;premiums_assumed;Страховые премии по договорам, принятым в перестрахование;суммарные;TRUST-INSURANCE AJ;TRUST-INSURANCE;0;5765,9;0,37;15;56432,8;2,72;8;878,73;2,35;3,24;млн сум;30;Рэнкинг страховых компаний — II квартал 2026 (snsratings.uz).txt
2026-Q2;premiums_assumed;Страховые премии по договорам, принятым в перестрахование;суммарные;MOSAIC INSURANCE GROUP AJ QK;MOSAIC INSURANCE GROUP;0;32566,8;2,08;10;31378,9;1,51;9;-3,65;-0,57;-0,08;млн сум;30;Рэнкинг страховых компаний — II квартал 2026 (snsratings.uz).txt
2026-Q2;premiums_assumed;Страховые премии по договорам, принятым в перестрахование;суммарные;IMPEX-INSURANCE AJ;IMPEX-INSURANCE;0;21383,9;1,37;11;24770,1;1,2;10;15,84;-0,17;0,22;млн сум;30;Рэнкинг страховых компаний — II квартал 2026 (snsratings.uz).txt
2026-Q2;premiums_assumed;Страховые премии по договорам, принятым в перестрахование;суммарные;SQB INSURANCE SUG'URTA KOMPANIYASI AJ;SQB INSURANCE SUG`URTA KOMPANIYASI;0;15514,3;0,99;12;23672,5;1,14;11;52,59;0,15;0,52;млн сум;30;Рэнкинг страховых компаний — II квартал 2026 (snsratings.uz).txt
2026-Q2;premiums_assumed;Страховые премии по договорам, принятым в перестрахование;суммарные;ASIA INSURANCE SUG'URTA KOMPANIYASI AJ;ASIA INSURANCE SUG`URTA KOMPANIYASI;0;4426,0;0,28;16;22942,0;1,11;12;418,35;0,83;1,18;млн сум;30;Рэнкинг страховых компаний — II квартал 2026 (snsratings.uz).txt
2026-Q2;premiums_assumed;Страховые премии по договорам, принятым в перестрахование;суммарные;KAPITAL SUG'URTA AJ;KAPITAL SUG`URTA;0;47479,3;3,03;8;18870,8;0,91;13;-60,25;-2,12;-1,83;млн сум;30;Рэнкинг страховых компаний — II квартал 2026 (snsratings.uz).txt
2026-Q2;premiums_assumed;Страховые премии по договорам, принятым в перестрахование;суммарные;O'ZAGROSUG'URTA AJ;O`ZAGROSUG`URTA;0;146784,7;9,38;5;17881,6;0,86;14;-87,82;-8,52;-8,24;млн сум;30;Рэнкинг страховых компаний — II квартал 2026 (snsratings.uz).txt
2026-Q2;premiums_assumed;Страховые премии по договорам, принятым в перестрахование;суммарные;O'ZBEKISTON QAYTA SUG'URTA KOMPANIYASI MQST AJ;O`ZBEKISTON QAYTA SUG`URTA KOMPANIYASI;0;;0,0;25;15794,6;0,76;15;0,0;0,76;1,01;млн сум;30;Рэнкинг страховых компаний — II квартал 2026 (snsratings.uz).txt
2026-Q2;premiums_assumed;Страховые премии по договорам, принятым в перестрахование;суммарные;QUANTUM INSURANCE AJ;QUANTUM INSURANCE;0;33367,2;2,13;9;14395,2;0,69;16;-56,86;-1,44;-1,21;млн сум;30;Рэнкинг страховых компаний — II квартал 2026 (snsratings.uz).txt
2026-Q2;premiums_assumed;Страховые премии по договорам, принятым в перестрахование;суммарные;INSON AJ;INSON;0;10870,8;0,69;14;12660,9;0,61;17;16,47;-0,08;0,11;млн сум;30;Рэнкинг страховых компаний — II квартал 2026 (snsratings.uz).txt
2026-Q2;premiums_assumed;Страховые премии по договорам, принятым в перестрахование;суммарные;NEO INSURANCE CORP AJ;NEO INSURANCE CORP;0;3224,7;0,21;18;9181,9;0,44;18;184,74;0,23;0,38;млн сум;30;Рэнкинг страховых компаний — II квартал 2026 (snsratings.uz).txt
2026-Q2;premiums_assumed;Страховые премии по договорам, принятым в перестрахование;суммарные;KAFIL SUG'URTA AJ;KAFIL-SUG`URTA;0;3239,4;0,21;17;8437,6;0,41;19;160,47;0,2;0,33;млн сум;30;Рэнкинг страховых компаний — II квартал 2026 (snsratings.uz).txt
2026-Q2;premiums_assumed;Страховые премии по договорам, принятым в перестрахование;суммарные;MY-INSURANCE AJ;MY-INSURANCE;0;1829,2;0,12;20;3306,0;0,16;20;80,73;0,04;0,09;млн сум;30;Рэнкинг страховых компаний — II квартал 2026 (snsratings.uz).txt
2026-Q2;premiums_assumed;Страховые премии по договорам, принятым в перестрахование;суммарные;INFINITY INSURANCE AJ;INFINITY INSURANCE;0;1131,8;0,07;21;3209,1;0,15;21;183,54;0,08;0,13;млн сум;30;Рэнкинг страховых компаний — II квартал 2026 (snsratings.uz).txt
2026-Q2;premiums_assumed;Страховые премии по договорам, принятым в перестрахование;суммарные;TEMIRYO'L SUG'URTA AJ;TEMIRYO`L SUG`URTA;0;14371,1;0,92;13;2496,5;0,12;22;-82,63;-0,8;-0,76;млн сум;30;Рэнкинг страховых компаний — II квартал 2026 (snsratings.uz).txt
2026-Q2;premiums_assumed;Страховые премии по договорам, принятым в перестрахование;суммарные;IMKON SUG'URTA AJ;IMKON-SUG`URTA;0;223,9;0,01;23;600,2;0,03;23;168,07;0,02;0,02;млн сум;30;Рэнкинг страховых компаний — II квартал 2026 (snsratings.uz).txt
2026-Q2;premiums_assumed;Страховые премии по договорам, принятым в перестрахование;суммарные;XALQ SUG'URTA AJ;XALQ SUG`URTA;0;597,6;0,04;22;310,2;0,01;24;-48,09;-0,03;-0,02;млн сум;30;Рэнкинг страховых компаний — II квартал 2026 (snsratings.uz).txt
2026-Q2;premiums_assumed;Страховые премии по договорам, принятым в перестрахование;суммарные;SEMURG SUG'URTA AJ QK;SEMURG INSURANCE;0;47,0;0,0;24;;0,0;25;-100,0;0,0;0,0;млн сум;30;Рэнкинг страховых компаний — II квартал 2026 (snsratings.uz).txt
2026-Q2;premiums_assumed;Страховые премии по договорам, принятым в перестрахование;суммарные;TBC SUG'URTA AJ;TBC SUG`URTA;1;;0,0;25;;0,0;25;0,0;0,0;0,0;млн сум;30;Рэнкинг страховых компаний — II квартал 2026 (snsratings.uz).txt
2026-Q2;premiums_assumed;Страховые премии по договорам, принятым в перестрахование;суммарные;PRESTIGE INSURANCE AJ;PRESTIGE INSURANCE;1;;0,0;25;;0,0;25;0,0;0,0;0,0;млн сум;30;Рэнкинг страховых компаний — II квартал 2026 (snsratings.uz).txt
2026-Q2;premiums_assumed;Страховые премии по договорам, принятым в перестрахование;суммарные;O'ZBEKINVEST HAYOT SUG'URTA KOMPANIYASI AJ;O`ZBEKINVEST HAYOT SUG`URTA KOMPANIYASI;1;;0,0;25;;0,0;25;0,0;0,0;0,0;млн сум;30;Рэнкинг страховых компаний — II квартал 2026 (snsratings.uz).txt
2026-Q2;premiums_assumed;Страховые премии по договорам, принятым в перестрахование;суммарные;KAFOLAT HAYOT INSURANCE AJ;KAFOLAT HAYOT INSURANCE;1;;0,0;25;;0,0;25;0,0;0,0;0,0;млн сум;30;Рэнкинг страховых компаний — II квартал 2026 (snsratings.uz).txt
2026-Q2;premiums_assumed;Страховые премии по договорам, принятым в перестрахование;суммарные;ISHONCH SUG'URTA KOMPANIYASI AJ;ISHONCH SUG`URTA KOMPANIYASI;0;;0,0;25;;0,0;25;0,0;0,0;0,0;млн сум;30;Рэнкинг страховых компаний — II квартал 2026 (snsratings.uz).txt
2026-Q2;premiums_assumed;Страховые премии по договорам, принятым в перестрахование;суммарные;HAMKOR SUG'URTA AJ;HAMKOR SUG`URTA;0;;0,0;25;;0,0;25;0,0;0,0;0,0;млн сум;30;Рэнкинг страховых компаний — II квартал 2026 (snsratings.uz).txt
2026-Q2;premiums_assumed;Страховые премии по договорам, принятым в перестрахование;суммарные;GLOBAL INSURANCE GROUP AJ;GLOBAL INSURANCE GROUP;0;;0,0;25;;0,0;25;0,0;0,0;0,0;млн сум;30;Рэнкинг страховых компаний — II квартал 2026 (snsratings.uz).txt
2026-Q2;premiums_assumed;Страховые премии по договорам, принятым в перестрахование;суммарные;ARIA SUG'URTA TASHKILOTI AJ;ARIA SUG`URTA TASHKILOTI;0;;0,0;25;;0,0;25;0,0;0,0;0,0;млн сум;30;Рэнкинг страховых компаний — II квартал 2026 (snsratings.uz).txt
2026-Q2;premiums_assumed;Страховые премии по договорам, принятым в перестрахование;суммарные;ALSKOM AJ;ALSKOM SUG`URTA KOMPANIYASI;0;;0,0;25;;0,0;25;0,0;0,0;0,0;млн сум;30;Рэнкинг страховых компаний — II квартал 2026 (snsratings.uz).txt
2026-Q2;premiums_assumed;Страховые премии по договорам, принятым в перестрахование;суммарные;ALFA LIFE INSURANCE AJ;ALFA LIFE INSURANCE;1;;0,0;25;;0,0;25;0,0;0,0;0,0;млн сум;30;Рэнкинг страховых компаний — II квартал 2026 (snsratings.uz).txt
2026-Q2;premiums_assumed;Страховые премии по договорам, принятым в перестрахование;суммарные;AGROS HAYOT AJ;AGROS HAYOT SUG`URTA KOMPANIYASI;1;;0,0;25;;0,0;25;0,0;0,0;0,0;млн сум;30;Рэнкинг страховых компаний — II квартал 2026 (snsratings.uz).txt
2026-Q2;premiums_total;Всего собранные премии;суммарные;ВСЕГО;ВСЕГО;0;6044073,3;;;7927351,7;;;31,16;;;млн сум;31;Рэнкинг страховых компаний — II квартал 2026 (snsratings.uz).txt
2026-Q2;premiums_total;Всего собранные премии;суммарные;APEX INSURANCE AJ;APEX INSURANCE;0;1967470,5;32,55;1;2050793,5;25,87;1;4,24;-6,68;1,38;млн сум;31;Рэнкинг страховых компаний — II квартал 2026 (snsratings.uz).txt
2026-Q2;premiums_total;Всего собранные премии;суммарные;O'ZBEKINVEST EISK AJ;O`ZBEKINVEST;0;705992,0;11,68;2;919475,9;11,6;2;30,24;-0,08;3,53;млн сум;31;Рэнкинг страховых компаний — II квартал 2026 (snsratings.uz).txt
2026-Q2;premiums_total;Всего собранные премии;суммарные;KAFOLAT SUG'URTA KOMPANIYASI AJ;KAFOLAT SUG`URTA KOMPANIYASI;0;245784,2;4,07;6;827844,3;10,44;3;236,82;6,37;9,63;млн сум;31;Рэнкинг страховых компаний — II квартал 2026 (snsratings.uz).txt
2026-Q2;premiums_total;Всего собранные премии;суммарные;KAPITAL SUG'URTA AJ;KAPITAL SUG`URTA;0;294752,6;4,88;5;489186,6;6,17;4;65,97;1,29;3,22;млн сум;31;Рэнкинг страховых компаний — II квартал 2026 (snsratings.uz).txt
2026-Q2;premiums_total;Всего собранные премии;суммарные;MY-INSURANCE AJ;MY-INSURANCE;0;356316,0;5,9;4;485861,5;6,13;5;36,36;0,23;2,14;млн сум;31;Рэнкинг страховых компаний — II квартал 2026 (snsratings.uz).txt
2026-Q2;premiums_total;Всего собранные премии;суммарные;GROSS SUG'URTA KOMPANIYASI AJ;GROSS SUG`URTA KOMPANIYASI;0;390911,1;6,47;3;411950,3;5,2;6;5,38;-1,27;0,35;млн сум;31;Рэнкинг страховых компаний — II квартал 2026 (snsratings.uz).txt
2026-Q2;premiums_total;Всего собранные премии;суммарные;APEX LIFE INSURANCE AJ;APEX LIFE INSURANCE;1;174406,3;2,89;9;407231,3;5,14;7;133,5;2,25;3,85;млн сум;31;Рэнкинг страховых компаний — II квартал 2026 (snsratings.uz).txt
2026-Q2;premiums_total;Всего собранные премии;суммарные;ALFA INVEST SUG'URTA KOMPANIYASI AJ;ALFA INVEST SUG`URTA KOMPANIYASI;0;193429,1;3,2;8;258374,2;3,26;8;33,58;0,06;1,07;млн сум;31;Рэнкинг страховых компаний — II квартал 2026 (snsratings.uz).txt
2026-Q2;premiums_total;Всего собранные премии;суммарные;EUROASIA INSURANCE AJ QK;EUROASIA INSURANCE;0;162334,3;2,69;10;229664,2;2,9;9;41,48;0,21;1,11;млн сум;31;Рэнкинг страховых компаний — II квартал 2026 (snsratings.uz).txt
2026-Q2;premiums_total;Всего собранные премии;суммарные;ASIA INSURANCE SUG'URTA KOMPANIYASI AJ;ASIA INSURANCE SUG`URTA KOMPANIYASI;0;66043,6;1,09;19;191592,0;2,42;10;190,1;1,33;2,08;млн сум;31;Рэнкинг страховых компаний — II квартал 2026 (snsratings.uz).txt
2026-Q2;premiums_total;Всего собранные премии;суммарные;KAFIL SUG'URTA AJ;KAFIL-SUG`URTA;0;141211,7;2,34;11;184047,2;2,32;11;30,33;-0,02;0,71;млн сум;31;Рэнкинг страховых компаний — II квартал 2026 (snsratings.uz).txt
2026-Q2;premiums_total;Всего собранные премии;суммарные;TRUST-INSURANCE AJ;TRUST-INSURANCE;0;125988,1;2,08;13;158076,3;1,99;12;25,47;-0,09;0,53;млн сум;31;Рэнкинг страховых компаний — II квартал 2026 (snsratings.uz).txt
2026-Q2;premiums_total;Всего собранные премии;суммарные;ALSKOM AJ;ALSKOM SUG`URTA KOMPANIYASI;0;136875,6;2,26;12;135717,3;1,71;13;-0,85;-0,55;-0,02;млн сум;31;Рэнкинг страховых компаний — II квартал 2026 (snsratings.uz).txt
2026-Q2;premiums_total;Всего собранные премии;суммарные;SQB INSURANCE SUG'URTA KOMPANIYASI AJ;SQB INSURANCE SUG`URTA KOMPANIYASI;0;80710,4;1,34;17;127276,7;1,61;14;57,7;0,27;0,77;млн сум;31;Рэнкинг страховых компаний — II квартал 2026 (snsratings.uz).txt
2026-Q2;premiums_total;Всего собранные премии;суммарные;IMPEX-INSURANCE AJ;IMPEX-INSURANCE;0;120831,4;2,0;14;124503,4;1,57;15;3,04;-0,43;0,06;млн сум;31;Рэнкинг страховых компаний — II квартал 2026 (snsratings.uz).txt
2026-Q2;premiums_total;Всего собранные премии;суммарные;NEO INSURANCE CORP AJ;NEO INSURANCE CORP;0;46423,2;0,77;22;99075,8;1,25;16;113,42;0,48;0,87;млн сум;31;Рэнкинг страховых компаний — II квартал 2026 (snsratings.uz).txt
2026-Q2;premiums_total;Всего собранные премии;суммарные;INSON AJ;INSON;0;84307,4;1,39;16;97801,3;1,23;17;16,01;-0,16;0,22;млн сум;31;Рэнкинг страховых компаний — II квартал 2026 (snsratings.uz).txt
2026-Q2;premiums_total;Всего собранные премии;суммарные;O'ZAGROSUG'URTA AJ;O`ZAGROSUG`URTA;0;224014,6;3,71;7;94587,1;1,19;18;-57,78;-2,52;-2,14;млн сум;31;Рэнкинг страховых компаний — II квартал 2026 (snsratings.uz).txt
2026-Q2;premiums_total;Всего собранные премии;суммарные;TEMIRYO'L SUG'URTA AJ;TEMIRYO`L SUG`URTA;0;108717,4;1,8;15;91554,5;1,15;19;-15,79;-0,65;-0,28;млн сум;31;Рэнкинг страховых компаний — II квартал 2026 (snsratings.uz).txt
2026-Q2;premiums_total;Всего собранные премии;суммарные;MOSAIC INSURANCE GROUP AJ QK;MOSAIC INSURANCE GROUP;0;58171,2;0,96;20;90012,6;1,14;20;54,74;0,18;0,53;млн сум;31;Рэнкинг страховых компаний — II квартал 2026 (snsratings.uz).txt
2026-Q2;premiums_total;Всего собранные премии;суммарные;INFINITY INSURANCE AJ;INFINITY INSURANCE;0;28673,8;0,47;25;73878,9;0,93;21;157,65;0,46;0,75;млн сум;31;Рэнкинг страховых компаний — II квартал 2026 (snsratings.uz).txt
2026-Q2;premiums_total;Всего собранные премии;суммарные;QUANTUM INSURANCE AJ;QUANTUM INSURANCE;0;68195,9;1,13;18;64294,1;0,81;22;-5,72;-0,32;-0,06;млн сум;31;Рэнкинг страховых компаний — II квартал 2026 (snsratings.uz).txt
2026-Q2;premiums_total;Всего собранные премии;суммарные;IMKON SUG'URTA AJ;IMKON-SUG`URTA;0;14241,5;0,24;30;53189,9;0,67;23;273,49;0,43;0,64;млн сум;31;Рэнкинг страховых компаний — II квартал 2026 (snsratings.uz).txt
2026-Q2;premiums_total;Всего собранные премии;суммарные;PRESTIGE INSURANCE AJ;PRESTIGE INSURANCE;1;;0,0;35;43720,7;0,55;24;0,0;0,55;0,72;млн сум;31;Рэнкинг страховых компаний — II квартал 2026 (snsratings.uz).txt
2026-Q2;premiums_total;Всего собранные премии;суммарные;ISHONCH SUG'URTA KOMPANIYASI AJ;ISHONCH SUG`URTA KOMPANIYASI;0;45074,8;0,75;23;40257,5;0,51;25;-10,69;-0,24;-0,08;млн сум;31;Рэнкинг страховых компаний — II квартал 2026 (snsratings.uz).txt
2026-Q2;premiums_total;Всего собранные премии;суммарные;ARIA SUG'URTA TASHKILOTI AJ;ARIA SUG`URTA TASHKILOTI;0;22748,3;0,38;28;35637,4;0,45;26;56,66;0,07;0,21;млн сум;31;Рэнкинг страховых компаний — II квартал 2026 (snsratings.uz).txt
2026-Q2;premiums_total;Всего собранные премии;суммарные;TBC SUG'URTA AJ;TBC SUG`URTA;1;27787,7;0,46;26;33453,5;0,42;27;20,39;-0,04;0,09;млн сум;31;Рэнкинг страховых компаний — II квартал 2026 (snsratings.uz).txt
2026-Q2;premiums_total;Всего собранные премии;суммарные;XALQ SUG'URTA AJ;XALQ SUG`URTA;0;24986,6;0,41;27;28300,8;0,36;28;13,26;-0,05;0,05;млн сум;31;Рэнкинг страховых компаний — II квартал 2026 (snsratings.uz).txt
2026-Q2;premiums_total;Всего собранные премии;суммарные;ALFA LIFE INSURANCE AJ;ALFA LIFE INSURANCE;1;18039,6;0,3;29;26190,4;0,33;29;45,18;0,03;0,13;млн сум;31;Рэнкинг страховых компаний — II квартал 2026 (snsratings.uz).txt
2026-Q2;premiums_total;Всего собранные премии;суммарные;HAMKOR SUG'URTA AJ;HAMKOR SUG`URTA;0;9525,8;0,16;32;16986,1;0,21;30;78,32;0,05;0,12;млн сум;31;Рэнкинг страховых компаний — II квартал 2026 (snsratings.uz).txt
2026-Q2;premiums_total;Всего собранные премии;суммарные;O'ZBEKISTON QAYTA SUG'URTA KOMPANIYASI MQST AJ;O`ZBEKISTON QAYTA SUG`URTA KOMPANIYASI;0;;0,0;35;15794,6;0,2;31;0,0;0,2;0,26;млн сум;31;Рэнкинг страховых компаний — II квартал 2026 (snsratings.uz).txt
2026-Q2;premiums_total;Всего собранные премии;суммарные;SEMURG SUG'URTA AJ QK;SEMURG INSURANCE;0;50368,4;0,83;21;7470,6;0,09;32;-85,17;-0,74;-0,71;млн сум;31;Рэнкинг страховых компаний — II квартал 2026 (snsratings.uz).txt
2026-Q2;premiums_total;Всего собранные премии;суммарные;KAFOLAT HAYOT INSURANCE AJ;KAFOLAT HAYOT INSURANCE;1;10938,3;0,18;31;7318,9;0,09;33;-33,09;-0,09;-0,06;млн сум;31;Рэнкинг страховых компаний — II квартал 2026 (snsratings.uz).txt
2026-Q2;premiums_total;Всего собранные премии;суммарные;O'ZBEKINVEST HAYOT SUG'URTA KOMPANIYASI AJ;O`ZBEKINVEST HAYOT SUG`URTA KOMPANIYASI;1;4241,1;0,07;33;5262,9;0,07;34;24,09;0,0;0,02;млн сум;31;Рэнкинг страховых компаний — II квартал 2026 (snsratings.uz).txt
2026-Q2;premiums_total;Всего собранные премии;суммарные;AGROS HAYOT AJ;AGROS HAYOT SUG`URTA KOMPANIYASI;1;3015,6;0,05;34;969,4;0,01;35;-67,85;-0,04;-0,03;млн сум;31;Рэнкинг страховых компаний — II квартал 2026 (snsratings.uz).txt
2026-Q2;premiums_total;Всего собранные премии;суммарные;GLOBAL INSURANCE GROUP AJ;GLOBAL INSURANCE GROUP;0;31545,2;0,52;24;;0,0;36;-100,0;-0,52;-0,52;млн сум;31;Рэнкинг страховых компаний — II квартал 2026 (snsratings.uz).txt
2026-Q2;premiums_net;Чистые страховые премии;суммарные;ВСЕГО;ВСЕГО;0;3767156,0;;;5879162,8;;;56,06;;;млн сум;32;Рэнкинг страховых компаний — II квартал 2026 (snsratings.uz).txt
2026-Q2;premiums_net;Чистые страховые премии;суммарные;APEX INSURANCE AJ;APEX INSURANCE;0;987498,6;26,21;1;1518012,5;25,82;1;53,72;-0,39;14,08;млн сум;32;Рэнкинг страховых компаний — II квартал 2026 (snsratings.uz).txt
2026-Q2;premiums_net;Чистые страховые премии;суммарные;MY-INSURANCE AJ;MY-INSURANCE;0;354541,7;9,41;2;483903,1;8,23;2;36,49;-1,18;3,43;млн сум;32;Рэнкинг страховых компаний — II квартал 2026 (snsratings.uz).txt
2026-Q2;premiums_net;Чистые страховые премии;суммарные;KAPITAL SUG'URTA AJ;KAPITAL SUG`URTA;0;230985,7;6,13;5;480878,9;8,18;3;108,19;2,05;6,63;млн сум;32;Рэнкинг страховых компаний — II квартал 2026 (snsratings.uz).txt
2026-Q2;premiums_net;Чистые страховые премии;суммарные;O'ZBEKINVEST EISK AJ;O`ZBEKINVEST;0;309128,9;8,21;3;465017,8;7,91;4;50,43;-0,3;4,14;млн сум;32;Рэнкинг страховых компаний — II квартал 2026 (snsratings.uz).txt
2026-Q2;premiums_net;Чистые страховые премии;суммарные;APEX LIFE INSURANCE AJ;APEX LIFE INSURANCE;1;114141,3;3,03;11;380261,8;6,47;5;233,15;3,44;7,06;млн сум;32;Рэнкинг страховых компаний — II квартал 2026 (snsratings.uz).txt
2026-Q2;premiums_net;Чистые страховые премии;суммарные;GROSS SUG'URTA KOMPANIYASI AJ;GROSS SUG`URTA KOMPANIYASI;0;253342,1;6,73;4;344356,4;5,86;6;35,93;-0,87;2,42;млн сум;32;Рэнкинг страховых компаний — II квартал 2026 (snsratings.uz).txt
2026-Q2;premiums_net;Чистые страховые премии;суммарные;KAFOLAT SUG'URTA KOMPANIYASI AJ;KAFOLAT SUG`URTA KOMPANIYASI;0;152040,2;4,04;7;293095,1;4,99;7;92,77;0,95;3,74;млн сум;32;Рэнкинг страховых компаний — II квартал 2026 (snsratings.uz).txt
2026-Q2;premiums_net;Чистые страховые премии;суммарные;EUROASIA INSURANCE AJ QK;EUROASIA INSURANCE;0;160863,1;4,27;6;214988,5;3,66;8;33,65;-0,61;1,44;млн сум;32;Рэнкинг страховых компаний — II квартал 2026 (snsratings.uz).txt
2026-Q2;premiums_net;Чистые страховые премии;суммарные;KAFIL SUG'URTA AJ;KAFIL-SUG`URTA;0;133469,4;3,54;8;165463,9;2,81;9;23,97;-0,73;0,85;млн сум;32;Рэнкинг страховых компаний — II квартал 2026 (snsratings.uz).txt
2026-Q2;premiums_net;Чистые страховые премии;суммарные;TRUST-INSURANCE AJ;TRUST-INSURANCE;0;124728,7;3,31;9;157362,6;2,68;10;26,16;-0,63;0,87;млн сум;32;Рэнкинг страховых компаний — II квартал 2026 (snsratings.uz).txt
2026-Q2;premiums_net;Чистые страховые премии;суммарные;ALFA INVEST SUG'URTA KOMPANIYASI AJ;ALFA INVEST SUG`URTA KOMPANIYASI;0;35831,5;0,95;21;149313,5;2,54;11;316,71;1,59;3,01;млн сум;32;Рэнкинг страховых компаний — II квартал 2026 (snsratings.uz).txt
2026-Q2;premiums_net;Чистые страховые премии;суммарные;ALSKOM AJ;ALSKOM SUG`URTA KOMPANIYASI;0;118111,5;3,14;10;134596,4;2,29;12;13,96;-0,85;0,44;млн сум;32;Рэнкинг страховых компаний — II квартал 2026 (snsratings.uz).txt
2026-Q2;premiums_net;Чистые страховые премии;суммарные;IMPEX-INSURANCE AJ;IMPEX-INSURANCE;0;103620,1;2,75;12;113523,1;1,93;13;9,56;-0,82;0,26;млн сум;32;Рэнкинг страховых компаний — II квартал 2026 (snsratings.uz).txt
2026-Q2;premiums_net;Чистые страховые премии;суммарные;INSON AJ;INSON;0;80551,7;2,14;13;95322,2;1,62;14;18,34;-0,52;0,39;млн сум;32;Рэнкинг страховых компаний — II квартал 2026 (snsratings.uz).txt
2026-Q2;premiums_net;Чистые страховые премии;суммарные;SQB INSURANCE SUG'URTA KOMPANIYASI AJ;SQB INSURANCE SUG`URTA KOMPANIYASI;0;59281,4;1,57;16;93431,5;1,59;15;57,61;0,02;0,91;млн сум;32;Рэнкинг страховых компаний — II квартал 2026 (snsratings.uz).txt
2026-Q2;premiums_net;Чистые страховые премии;суммарные;NEO INSURANCE CORP AJ;NEO INSURANCE CORP;0;36288,1;0,96;20;91270,0;1,55;16;151,51;0,59;1,46;млн сум;32;Рэнкинг страховых компаний — II квартал 2026 (snsratings.uz).txt
2026-Q2;premiums_net;Чистые страховые премии;суммарные;O'ZAGROSUG'URTA AJ;O`ZAGROSUG`URTA;0;47525,2;1,26;17;88133,4;1,5;17;85,45;0,24;1,08;млн сум;32;Рэнкинг страховых компаний — II квартал 2026 (snsratings.uz).txt
2026-Q2;premiums_net;Чистые страховые премии;суммарные;TEMIRYO'L SUG'URTA AJ;TEMIRYO`L SUG`URTA;0;62714,0;1,66;15;86882,5;1,48;18;38,54;-0,18;0,64;млн сум;32;Рэнкинг страховых компаний — II квартал 2026 (snsratings.uz).txt
2026-Q2;premiums_net;Чистые страховые премии;суммарные;INFINITY INSURANCE AJ;INFINITY INSURANCE;0;26559,2;0,71;25;73101,6;1,24;19;175,24;0,53;1,24;млн сум;32;Рэнкинг страховых компаний — II квартал 2026 (snsratings.uz).txt
2026-Q2;premiums_net;Чистые страховые премии;суммарные;ASIA INSURANCE SUG'URTA KOMPANIYASI AJ;ASIA INSURANCE SUG`URTA KOMPANIYASI;0;64580,8;1,71;14;60419,2;1,03;20;-6,44;-0,68;-0,11;млн сум;32;Рэнкинг страховых компаний — II квартал 2026 (snsratings.uz).txt
2026-Q2;premiums_net;Чистые страховые премии;суммарные;IMKON SUG'URTA AJ;IMKON-SUG`URTA;0;14152,2;0,38;30;53123,2;0,9;21;275,37;0,52;1,03;млн сум;32;Рэнкинг страховых компаний — II квартал 2026 (snsratings.uz).txt
2026-Q2;premiums_net;Чистые страховые премии;суммарные;MOSAIC INSURANCE GROUP AJ QK;MOSAIC INSURANCE GROUP;0;44646,2;1,19;19;50036,5;0,85;22;12,07;-0,34;0,14;млн сум;32;Рэнкинг страховых компаний — II квартал 2026 (snsratings.uz).txt
2026-Q2;premiums_net;Чистые страховые премии;суммарные;PRESTIGE INSURANCE AJ;PRESTIGE INSURANCE;1;;0,0;35;43720,7;0,74;23;0,0;0,74;1,16;млн сум;32;Рэнкинг страховых компаний — II квартал 2026 (snsratings.uz).txt
2026-Q2;premiums_net;Чистые страховые премии;суммарные;ISHONCH SUG'URTA KOMPANIYASI AJ;ISHONCH SUG`URTA KOMPANIYASI;0;44882,0;1,19;18;39947,9;0,68;24;-10,99;-0,51;-0,13;млн сум;32;Рэнкинг страховых компаний — II квартал 2026 (snsratings.uz).txt
2026-Q2;premiums_net;Чистые страховые премии;суммарные;QUANTUM INSURANCE AJ;QUANTUM INSURANCE;0;24409,7;0,65;27;36919,3;0,63;25;51,25;-0,02;0,33;млн сум;32;Рэнкинг страховых компаний — II квартал 2026 (snsratings.uz).txt
2026-Q2;premiums_net;Чистые страховые премии;суммарные;ARIA SUG'URTA TASHKILOTI AJ;ARIA SUG`URTA TASHKILOTI;0;21606,5;0,57;28;35006,4;0,6;26;62,02;0,03;0,36;млн сум;32;Рэнкинг страховых компаний — II квартал 2026 (snsratings.uz).txt
2026-Q2;premiums_net;Чистые страховые премии;суммарные;TBC SUG'URTA AJ;TBC SUG`URTA;1;27787,7;0,74;24;33453,5;0,57;27;20,39;-0,17;0,15;млн сум;32;Рэнкинг страховых компаний — II квартал 2026 (snsratings.uz).txt
2026-Q2;premiums_net;Чистые страховые премии;суммарные;XALQ SUG'URTA AJ;XALQ SUG`URTA;0;24972,7;0,66;26;28287,4;0,48;28;13,27;-0,18;0,09;млн сум;32;Рэнкинг страховых компаний — II квартал 2026 (snsratings.uz).txt
2026-Q2;premiums_net;Чистые страховые премии;суммарные;ALFA LIFE INSURANCE AJ;ALFA LIFE INSURANCE;1;18039,6;0,48;29;26190,4;0,45;29;45,18;-0,03;0,22;млн сум;32;Рэнкинг страховых компаний — II квартал 2026 (snsratings.uz).txt
2026-Q2;premiums_net;Чистые страховые премии;суммарные;HAMKOR SUG'URTA AJ;HAMKOR SUG`URTA;0;9474,9;0,25;32;16940,3;0,29;30;78,79;0,04;0,2;млн сум;32;Рэнкинг страховых компаний — II квартал 2026 (snsratings.uz).txt
2026-Q2;premiums_net;Чистые страховые премии;суммарные;KAFOLAT HAYOT INSURANCE AJ;KAFOLAT HAYOT INSURANCE;1;10938,3;0,29;31;7318,9;0,12;31;-33,09;-0,17;-0,1;млн сум;32;Рэнкинг страховых компаний — II квартал 2026 (snsratings.uz).txt
2026-Q2;premiums_net;Чистые страховые премии;суммарные;SEMURG SUG'URTA AJ QK;SEMURG INSURANCE;0;31641,2;0,84;22;7206,3;0,12;32;-77,22;-0,72;-0,65;млн сум;32;Рэнкинг страховых компаний — II квартал 2026 (snsratings.uz).txt
2026-Q2;premiums_net;Чистые страховые премии;суммарные;O'ZBEKISTON QAYTA SUG'URTA KOMPANIYASI MQST AJ;O`ZBEKISTON QAYTA SUG`URTA KOMPANIYASI;0;;0,0;35;5445,7;0,09;33;0,0;0,09;0,14;млн сум;32;Рэнкинг страховых компаний — II квартал 2026 (snsratings.uz).txt
2026-Q2;premiums_net;Чистые страховые премии;суммарные;O'ZBEKINVEST HAYOT SUG'URTA KOMPANIYASI AJ;O`ZBEKINVEST HAYOT SUG`URTA KOMPANIYASI;1;4241,0;0,11;33;5262,9;0,09;34;24,1;-0,02;0,03;млн сум;32;Рэнкинг страховых компаний — II квартал 2026 (snsratings.uz).txt
2026-Q2;premiums_net;Чистые страховые премии;суммарные;AGROS HAYOT AJ;AGROS HAYOT SUG`URTA KOMPANIYASI;1;3015,6;0,08;34;969,4;0,02;35;-67,85;-0,06;-0,05;млн сум;32;Рэнкинг страховых компаний — II квартал 2026 (snsratings.uz).txt
2026-Q2;premiums_net;Чистые страховые премии;суммарные;GLOBAL INSURANCE GROUP AJ;GLOBAL INSURANCE GROUP;0;31545,2;0,84;23;;0,0;36;-100,0;-0,84;-0,84;млн сум;32;Рэнкинг страховых компаний — II квартал 2026 (snsratings.uz).txt
2026-Q2;net_revenue;Чистая выручка от оказания страховых услуг;суммарные;ВСЕГО;ВСЕГО;0;2812650,9;;;5058335,7;;;79,84;;;млн сум;33;Рэнкинг страховых компаний — II квартал 2026 (snsratings.uz).txt
2026-Q2;net_revenue;Чистая выручка от оказания страховых услуг;суммарные;APEX INSURANCE AJ;APEX INSURANCE;0;458897,2;16,32;1;1186657,7;23,46;1;158,59;7,14;25,87;млн сум;33;Рэнкинг страховых компаний — II квартал 2026 (snsratings.uz).txt
2026-Q2;net_revenue;Чистая выручка от оказания страховых услуг;суммарные;O'ZBEKINVEST EISK AJ;O`ZBEKINVEST;0;237486,1;8,44;4;559238,2;11,06;2;135,48;2,62;11,44;млн сум;33;Рэнкинг страховых компаний — II квартал 2026 (snsratings.uz).txt
2026-Q2;net_revenue;Чистая выручка от оказания страховых услуг;суммарные;KAPITAL SUG'URTA AJ;KAPITAL SUG`URTA;0;228734,6;8,13;5;433994,1;8,58;3;89,74;0,45;7,3;млн сум;33;Рэнкинг страховых компаний — II квартал 2026 (snsratings.uz).txt
2026-Q2;net_revenue;Чистая выручка от оказания страховых услуг;суммарные;GROSS SUG'URTA KOMPANIYASI AJ;GROSS SUG`URTA KOMPANIYASI;0;252968,0;8,99;3;404894,3;8,0;4;60,06;-0,99;5,4;млн сум;33;Рэнкинг страховых компаний — II квартал 2026 (snsratings.uz).txt
2026-Q2;net_revenue;Чистая выручка от оказания страховых услуг;суммарные;MY-INSURANCE AJ;MY-INSURANCE;0;267315,7;9,5;2;404611,9;8,0;5;51,36;-1,5;4,88;млн сум;33;Рэнкинг страховых компаний — II квартал 2026 (snsratings.uz).txt
2026-Q2;net_revenue;Чистая выручка от оказания страховых услуг;суммарные;KAFOLAT SUG'URTA KOMPANIYASI AJ;KAFOLAT SUG`URTA KOMPANIYASI;0;181606,4;6,46;6;272434,1;5,39;6;50,01;-1,07;3,23;млн сум;33;Рэнкинг страховых компаний — II квартал 2026 (snsratings.uz).txt
2026-Q2;net_revenue;Чистая выручка от оказания страховых услуг;суммарные;ALSKOM AJ;ALSKOM SUG`URTA KOMPANIYASI;0;107241,5;3,81;8;159723,7;3,16;7;48,94;-0,65;1,87;млн сум;33;Рэнкинг страховых компаний — II квартал 2026 (snsratings.uz).txt
2026-Q2;net_revenue;Чистая выручка от оказания страховых услуг;суммарные;KAFIL SUG'URTA AJ;KAFIL-SUG`URTA;0;114884,9;4,08;7;154622,6;3,06;8;34,59;-1,02;1,41;млн сум;33;Рэнкинг страховых компаний — II квартал 2026 (snsratings.uz).txt
2026-Q2;net_revenue;Чистая выручка от оказания страховых услуг;суммарные;TRUST-INSURANCE AJ;TRUST-INSURANCE;0;90586,5;3,22;11;154454,1;3,05;9;70,5;-0,17;2,27;млн сум;33;Рэнкинг страховых компаний — II квартал 2026 (snsratings.uz).txt
2026-Q2;net_revenue;Чистая выручка от оказания страховых услуг;суммарные;EUROASIA INSURANCE AJ QK;EUROASIA INSURANCE;0;62491,2;2,22;14;144145,6;2,85;10;130,67;0,63;2,9;млн сум;33;Рэнкинг страховых компаний — II квартал 2026 (snsratings.uz).txt
2026-Q2;net_revenue;Чистая выручка от оказания страховых услуг;суммарные;APEX LIFE INSURANCE AJ;APEX LIFE INSURANCE;1;93195,9;3,31;10;116994,6;2,31;11;25,54;-1,0;0,85;млн сум;33;Рэнкинг страховых компаний — II квартал 2026 (snsratings.uz).txt
2026-Q2;net_revenue;Чистая выручка от оказания страховых услуг;суммарные;IMPEX-INSURANCE AJ;IMPEX-INSURANCE;0;106452,3;3,78;9;115364,1;2,28;12;8,37;-1,5;0,32;млн сум;33;Рэнкинг страховых компаний — II квартал 2026 (snsratings.uz).txt
2026-Q2;net_revenue;Чистая выручка от оказания страховых услуг;суммарные;O'ZAGROSUG'URTA AJ;O`ZAGROSUG`URTA;0;75796,8;2,69;12;111891,9;2,21;13;47,62;-0,48;1,28;млн сум;33;Рэнкинг страховых компаний — II квартал 2026 (snsratings.uz).txt
2026-Q2;net_revenue;Чистая выручка от оказания страховых услуг;суммарные;ALFA INVEST SUG'URTA KOMPANIYASI AJ;ALFA INVEST SUG`URTA KOMPANIYASI;0;45834,4;1,63;17;100445,9;1,99;14;119,15;0,36;1,94;млн сум;33;Рэнкинг страховых компаний — II квартал 2026 (snsratings.uz).txt
2026-Q2;net_revenue;Чистая выручка от оказания страховых услуг;суммарные;INSON AJ;INSON;0;60524,7;2,15;15;98251,1;1,94;15;62,33;-0,21;1,34;млн сум;33;Рэнкинг страховых компаний — II квартал 2026 (snsratings.uz).txt
2026-Q2;net_revenue;Чистая выручка от оказания страховых услуг;суммарные;SQB INSURANCE SUG'URTA KOMPANIYASI AJ;SQB INSURANCE SUG`URTA KOMPANIYASI;0;58904,1;2,09;16;82021,8;1,62;16;39,25;-0,47;0,82;млн сум;33;Рэнкинг страховых компаний — II квартал 2026 (snsratings.uz).txt
2026-Q2;net_revenue;Чистая выручка от оказания страховых услуг;суммарные;TEMIRYO'L SUG'URTA AJ;TEMIRYO`L SUG`URTA;0;70694,9;2,51;13;72936,9;1,44;17;3,17;-1,07;0,08;млн сум;33;Рэнкинг страховых компаний — II квартал 2026 (snsratings.uz).txt
2026-Q2;net_revenue;Чистая выручка от оказания страховых услуг;суммарные;ASIA INSURANCE SUG'URTA KOMPANIYASI AJ;ASIA INSURANCE SUG`URTA KOMPANIYASI;0;24681,6;0,88;21;62069,3;1,23;18;151,48;0,35;1,33;млн сум;33;Рэнкинг страховых компаний — II квартал 2026 (snsratings.uz).txt
2026-Q2;net_revenue;Чистая выручка от оказания страховых услуг;суммарные;MOSAIC INSURANCE GROUP AJ QK;MOSAIC INSURANCE GROUP;0;43764,3;1,56;18;61448,2;1,21;19;40,41;-0,35;0,63;млн сум;33;Рэнкинг страховых компаний — II квартал 2026 (snsratings.uz).txt
2026-Q2;net_revenue;Чистая выручка от оказания страховых услуг;суммарные;NEO INSURANCE CORP AJ;NEO INSURANCE CORP;0;36806,2;1,31;19;59397,8;1,17;20;61,38;-0,14;0,8;млн сум;33;Рэнкинг страховых компаний — II квартал 2026 (snsratings.uz).txt
2026-Q2;net_revenue;Чистая выручка от оказания страховых услуг;суммарные;INFINITY INSURANCE AJ;INFINITY INSURANCE;0;20835,2;0,74;24;52759,8;1,04;21;153,22;0,3;1,14;млн сум;33;Рэнкинг страховых компаний — II квартал 2026 (snsratings.uz).txt
2026-Q2;net_revenue;Чистая выручка от оказания страховых услуг;суммарные;IMKON SUG'URTA AJ;IMKON-SUG`URTA;0;15937,3;0,57;26;35621,0;0,7;22;123,51;0,13;0,7;млн сум;33;Рэнкинг страховых компаний — II квартал 2026 (snsratings.uz).txt
2026-Q2;net_revenue;Чистая выручка от оказания страховых услуг;суммарные;XALQ SUG'URTA AJ;XALQ SUG`URTA;0;12339,0;0,44;29;30116,3;0,6;23;144,07;0,16;0,63;млн сум;33;Рэнкинг страховых компаний — II квартал 2026 (snsratings.uz).txt
2026-Q2;net_revenue;Чистая выручка от оказания страховых услуг;суммарные;ISHONCH SUG'URTA KOMPANIYASI AJ;ISHONCH SUG`URTA KOMPANIYASI;0;22416,6;0,8;22;28996,9;0,57;24;29,35;-0,23;0,23;млн сум;33;Рэнкинг страховых компаний — II квартал 2026 (snsratings.uz).txt
2026-Q2;net_revenue;Чистая выручка от оказания страховых услуг;суммарные;SEMURG SUG'URTA AJ QK;SEMURG INSURANCE;0;21106,5;0,75;23;28795,3;0,57;25;36,43;-0,18;0,27;млн сум;33;Рэнкинг страховых компаний — II квартал 2026 (snsratings.uz).txt
2026-Q2;net_revenue;Чистая выручка от оказания страховых услуг;суммарные;TBC SUG'URTA AJ;TBC SUG`URTA;1;8942,0;0,32;31;28330,3;0,56;26;216,82;0,24;0,69;млн сум;33;Рэнкинг страховых компаний — II квартал 2026 (snsratings.uz).txt
2026-Q2;net_revenue;Чистая выручка от оказания страховых услуг;суммарные;ALFA LIFE INSURANCE AJ;ALFA LIFE INSURANCE;1;11633,7;0,41;30;25275,7;0,5;27;117,26;0,09;0,49;млн сум;33;Рэнкинг страховых компаний — II квартал 2026 (snsratings.uz).txt
2026-Q2;net_revenue;Чистая выручка от оказания страховых услуг;суммарные;ARIA SUG'URTA TASHKILOTI AJ;ARIA SUG`URTA TASHKILOTI;0;13014,7;0,46;27;21495,6;0,42;28;65,16;-0,04;0,3;млн сум;33;Рэнкинг страховых компаний — II квартал 2026 (snsratings.uz).txt
2026-Q2;net_revenue;Чистая выручка от оказания страховых услуг;суммарные;QUANTUM INSURANCE AJ;QUANTUM INSURANCE;0;17632,0;0,63;25;21443,9;0,42;29;21,62;-0,21;0,14;млн сум;33;Рэнкинг страховых компаний — II квартал 2026 (snsratings.uz).txt
2026-Q2;net_revenue;Чистая выручка от оказания страховых услуг;суммарные;HAMKOR SUG'URTA AJ;HAMKOR SUG`URTA;0;12945,0;0,46;28;10722,9;0,21;30;-17,17;-0,25;-0,08;млн сум;33;Рэнкинг страховых компаний — II квартал 2026 (snsratings.uz).txt
2026-Q2;net_revenue;Чистая выручка от оказания страховых услуг;суммарные;PRESTIGE INSURANCE AJ;PRESTIGE INSURANCE;1;;0,0;35;9076,8;0,18;31;0,0;0,18;0,32;млн сум;33;Рэнкинг страховых компаний — II квартал 2026 (snsratings.uz).txt
2026-Q2;net_revenue;Чистая выручка от оказания страховых услуг;суммарные;O'ZBEKINVEST HAYOT SUG'URTA KOMPANIYASI AJ;O`ZBEKINVEST HAYOT SUG`URTA KOMPANIYASI;1;6122,8;0,22;32;5434,2;0,11;32;-11,25;-0,11;-0,02;млн сум;33;Рэнкинг страховых компаний — II квартал 2026 (snsratings.uz).txt
2026-Q2;net_revenue;Чистая выручка от оказания страховых услуг;суммарные;KAFOLAT HAYOT INSURANCE AJ;KAFOLAT HAYOT INSURANCE;1;1754,8;0,06;33;2864,5;0,06;33;63,24;0,0;0,04;млн сум;33;Рэнкинг страховых компаний — II квартал 2026 (snsratings.uz).txt
2026-Q2;net_revenue;Чистая выручка от оказания страховых услуг;суммарные;O'ZBEKISTON QAYTA SUG'URTA KOMPANIYASI MQST AJ;O`ZBEKISTON QAYTA SUG`URTA KOMPANIYASI;0;;0,0;35;1169,5;0,02;34;0,0;0,02;0,04;млн сум;33;Рэнкинг страховых компаний — II квартал 2026 (snsratings.uz).txt
2026-Q2;net_revenue;Чистая выручка от оказания страховых услуг;суммарные;AGROS HAYOT AJ;AGROS HAYOT SUG`URTA KOMPANIYASI;1;803,5;0,03;34;635,1;0,01;35;-20,96;-0,02;-0,01;млн сум;33;Рэнкинг страховых компаний — II квартал 2026 (snsratings.uz).txt
2026-Q2;net_revenue;Чистая выручка от оказания страховых услуг;суммарные;GLOBAL INSURANCE GROUP AJ;GLOBAL INSURANCE GROUP;0;28300,5;1,01;20;;0,0;36;-100,0;-1,01;-1,01;млн сум;33;Рэнкинг страховых компаний — II квартал 2026 (snsratings.uz).txt
2026-Q2;cost_of_services;Себестоимость оказанных страховых услуг;суммарные;ВСЕГО;ВСЕГО;0;2180321,6;;;3851637,8;;;76,65;;;млн сум;34;Рэнкинг страховых компаний — II квартал 2026 (snsratings.uz).txt
2026-Q2;cost_of_services;Себестоимость оказанных страховых услуг;суммарные;APEX INSURANCE AJ;APEX INSURANCE;0;297392,7;13,64;1;1032650,0;26,81;1;247,23;13,17;33,72;млн сум;34;Рэнкинг страховых компаний — II квартал 2026 (snsratings.uz).txt
2026-Q2;cost_of_services;Себестоимость оказанных страховых услуг;суммарные;O'ZBEKINVEST EISK AJ;O`ZBEKINVEST;0;220041,5;10,09;3;526290,2;13,66;2;139,18;3,57;14,05;млн сум;34;Рэнкинг страховых компаний — II квартал 2026 (snsratings.uz).txt
2026-Q2;cost_of_services;Себестоимость оказанных страховых услуг;суммарные;MY-INSURANCE AJ;MY-INSURANCE;0;291719,0;13,38;2;381620,7;9,91;3;30,82;-3,47;4,12;млн сум;34;Рэнкинг страховых компаний — II квартал 2026 (snsratings.uz).txt
2026-Q2;cost_of_services;Себестоимость оказанных страховых услуг;суммарные;GROSS SUG'URTA KOMPANIYASI AJ;GROSS SUG`URTA KOMPANIYASI;0;203241,1;9,32;4;312946,2;8,13;4;53,98;-1,19;5,03;млн сум;34;Рэнкинг страховых компаний — II квартал 2026 (snsratings.uz).txt
2026-Q2;cost_of_services;Себестоимость оказанных страховых услуг;суммарные;KAFOLAT SUG'URTA KOMPANIYASI AJ;KAFOLAT SUG`URTA KOMPANIYASI;0;120714,4;5,54;5;222544,8;5,78;5;84,36;0,24;4,67;млн сум;34;Рэнкинг страховых компаний — II квартал 2026 (snsratings.uz).txt
2026-Q2;cost_of_services;Себестоимость оказанных страховых услуг;суммарные;KAPITAL SUG'URTA AJ;KAPITAL SUG`URTA;0;101105,9;4,64;7;146420,2;3,8;6;44,82;-0,84;2,08;млн сум;34;Рэнкинг страховых компаний — II квартал 2026 (snsratings.uz).txt
2026-Q2;cost_of_services;Себестоимость оказанных страховых услуг;суммарные;ALSKOM AJ;ALSKOM SUG`URTA KOMPANIYASI;0;118160,3;5,42;6;146065,6;3,79;7;23,62;-1,63;1,28;млн сум;34;Рэнкинг страховых компаний — II квартал 2026 (snsratings.uz).txt
2026-Q2;cost_of_services;Себестоимость оказанных страховых услуг;суммарные;APEX LIFE INSURANCE AJ;APEX LIFE INSURANCE;1;84367,8;3,87;9;114715,9;2,98;8;35,97;-0,89;1,39;млн сум;34;Рэнкинг страховых компаний — II квартал 2026 (snsratings.uz).txt
2026-Q2;cost_of_services;Себестоимость оказанных страховых услуг;суммарные;TRUST-INSURANCE AJ;TRUST-INSURANCE;0;79854,8;3,66;11;111226,8;2,89;9;39,29;-0,77;1,44;млн сум;34;Рэнкинг страховых компаний — II квартал 2026 (snsratings.uz).txt
2026-Q2;cost_of_services;Себестоимость оказанных страховых услуг;суммарные;IMPEX-INSURANCE AJ;IMPEX-INSURANCE;0;80284,2;3,68;10;108449,5;2,82;10;35,08;-0,86;1,29;млн сум;34;Рэнкинг страховых компаний — II квартал 2026 (snsratings.uz).txt
2026-Q2;cost_of_services;Себестоимость оказанных страховых услуг;суммарные;KAFIL SUG'URTA AJ;KAFIL-SUG`URTA;0;87315,3;4,0;8;94713,4;2,46;11;8,47;-1,54;0,34;млн сум;34;Рэнкинг страховых компаний — II квартал 2026 (snsratings.uz).txt
2026-Q2;cost_of_services;Себестоимость оказанных страховых услуг;суммарные;SQB INSURANCE SUG'URTA KOMPANIYASI AJ;SQB INSURANCE SUG`URTA KOMPANIYASI;0;63585,3;2,92;13;87821,3;2,28;12;38,12;-0,64;1,11;млн сум;34;Рэнкинг страховых компаний — II квартал 2026 (snsratings.uz).txt
2026-Q2;cost_of_services;Себестоимость оказанных страховых услуг;суммарные;ALFA INVEST SUG'URTA KOMPANIYASI AJ;ALFA INVEST SUG`URTA KOMPANIYASI;0;44777,3;2,05;14;82704,7;2,15;13;84,7;0,1;1,74;млн сум;34;Рэнкинг страховых компаний — II квартал 2026 (snsratings.uz).txt
2026-Q2;cost_of_services;Себестоимость оказанных страховых услуг;суммарные;TEMIRYO'L SUG'URTA AJ;TEMIRYO`L SUG`URTA;0;72022,3;3,3;12;57768,4;1,5;14;-19,79;-1,8;-0,65;млн сум;34;Рэнкинг страховых компаний — II квартал 2026 (snsratings.uz).txt
2026-Q2;cost_of_services;Себестоимость оказанных страховых услуг;суммарные;INSON AJ;INSON;0;37898,6;1,74;15;53169,4;1,38;15;40,29;-0,36;0,7;млн сум;34;Рэнкинг страховых компаний — II квартал 2026 (snsratings.uz).txt
2026-Q2;cost_of_services;Себестоимость оказанных страховых услуг;суммарные;O'ZAGROSUG'URTA AJ;O`ZAGROSUG`URTA;0;31554,9;1,45;17;50911,4;1,32;16;61,34;-0,13;0,89;млн сум;34;Рэнкинг страховых компаний — II квартал 2026 (snsratings.uz).txt
2026-Q2;cost_of_services;Себестоимость оказанных страховых услуг;суммарные;INFINITY INSURANCE AJ;INFINITY INSURANCE;0;15565,9;0,71;23;43398,7;1,13;17;178,81;0,42;1,28;млн сум;34;Рэнкинг страховых компаний — II квартал 2026 (snsratings.uz).txt
2026-Q2;cost_of_services;Себестоимость оказанных страховых услуг;суммарные;NEO INSURANCE CORP AJ;NEO INSURANCE CORP;0;29063,9;1,33;18;40039,2;1,04;18;37,76;-0,29;0,5;млн сум;34;Рэнкинг страховых компаний — II квартал 2026 (snsratings.uz).txt
2026-Q2;cost_of_services;Себестоимость оказанных страховых услуг;суммарные;ISHONCH SUG'URTA KOMPANIYASI AJ;ISHONCH SUG`URTA KOMPANIYASI;0;21975,9;1,01;20;29416,7;0,76;19;33,86;-0,25;0,34;млн сум;34;Рэнкинг страховых компаний — II квартал 2026 (snsratings.uz).txt
2026-Q2;cost_of_services;Себестоимость оказанных страховых услуг;суммарные;IMKON SUG'URTA AJ;IMKON-SUG`URTA;0;22789,8;1,05;19;29182,4;0,76;20;28,05;-0,29;0,29;млн сум;34;Рэнкинг страховых компаний — II квартал 2026 (snsratings.uz).txt
2026-Q2;cost_of_services;Себестоимость оказанных страховых услуг;суммарные;ASIA INSURANCE SUG'URTA KOMPANIYASI AJ;ASIA INSURANCE SUG`URTA KOMPANIYASI;0;19453,1;0,89;21;26493,5;0,69;21;36,19;-0,2;0,32;млн сум;34;Рэнкинг страховых компаний — II квартал 2026 (snsratings.uz).txt
2026-Q2;cost_of_services;Себестоимость оказанных страховых услуг;суммарные;QUANTUM INSURANCE AJ;QUANTUM INSURANCE;0;13796,2;0,63;25;26364,0;0,68;22;91,1;0,05;0,58;млн сум;34;Рэнкинг страховых компаний — II квартал 2026 (snsratings.uz).txt
2026-Q2;cost_of_services;Себестоимость оказанных страховых услуг;суммарные;XALQ SUG'URTA AJ;XALQ SUG`URTA;0;35620,7;1,63;16;23379,9;0,61;23;-34,36;-1,02;-0,56;млн сум;34;Рэнкинг страховых компаний — II квартал 2026 (snsratings.uz).txt
2026-Q2;cost_of_services;Себестоимость оказанных страховых услуг;суммарные;MOSAIC INSURANCE GROUP AJ QK;MOSAIC INSURANCE GROUP;0;14446,0;0,66;24;17587,2;0,46;24;21,74;-0,2;0,14;млн сум;34;Рэнкинг страховых компаний — II квартал 2026 (snsratings.uz).txt
2026-Q2;cost_of_services;Себестоимость оказанных страховых услуг;суммарные;EUROASIA INSURANCE AJ QK;EUROASIA INSURANCE;0;7790,0;0,36;28;17477,9;0,45;25;124,36;0,09;0,44;млн сум;34;Рэнкинг страховых компаний — II квартал 2026 (snsratings.uz).txt
2026-Q2;cost_of_services;Себестоимость оказанных страховых услуг;суммарные;ALFA LIFE INSURANCE AJ;ALFA LIFE INSURANCE;1;9471,1;0,43;27;13870,8;0,36;26;46,45;-0,07;0,2;млн сум;34;Рэнкинг страховых компаний — II квартал 2026 (snsratings.uz).txt
2026-Q2;cost_of_services;Себестоимость оказанных страховых услуг;суммарные;PRESTIGE INSURANCE AJ;PRESTIGE INSURANCE;1;;0,0;35;10455,6;0,27;27;0,0;0,27;0,48;млн сум;34;Рэнкинг страховых компаний — II квартал 2026 (snsratings.uz).txt
2026-Q2;cost_of_services;Себестоимость оказанных страховых услуг;суммарные;TBC SUG'URTA AJ;TBC SUG`URTA;1;7022,7;0,32;29;9024,5;0,23;28;28,5;-0,09;0,09;млн сум;34;Рэнкинг страховых компаний — II квартал 2026 (snsratings.uz).txt
2026-Q2;cost_of_services;Себестоимость оказанных страховых услуг;суммарные;SEMURG SUG'URTA AJ QK;SEMURG INSURANCE;0;12411,2;0,57;26;9017,8;0,23;29;-27,34;-0,34;-0,16;млн сум;34;Рэнкинг страховых компаний — II квартал 2026 (snsratings.uz).txt
2026-Q2;cost_of_services;Себестоимость оказанных страховых услуг;суммарные;ARIA SUG'URTA TASHKILOTI AJ;ARIA SUG`URTA TASHKILOTI;0;4357,6;0,2;32;7496,4;0,19;30;72,03;-0,01;0,14;млн сум;34;Рэнкинг страховых компаний — II квартал 2026 (snsratings.uz).txt
2026-Q2;cost_of_services;Себестоимость оказанных страховых услуг;суммарные;O'ZBEKINVEST HAYOT SUG'URTA KOMPANIYASI AJ;O`ZBEKINVEST HAYOT SUG`URTA KOMPANIYASI;1;6488,0;0,3;30;6321,9;0,16;31;-2,56;-0,14;-0,01;млн сум;34;Рэнкинг страховых компаний — II квартал 2026 (snsratings.uz).txt
2026-Q2;cost_of_services;Себестоимость оказанных страховых услуг;суммарные;HAMKOR SUG'URTA AJ;HAMKOR SUG`URTA;0;5830,9;0,27;31;6225,4;0,16;32;6,77;-0,11;0,02;млн сум;34;Рэнкинг страховых компаний — II квартал 2026 (snsratings.uz).txt
2026-Q2;cost_of_services;Себестоимость оказанных страховых услуг;суммарные;KAFOLAT HAYOT INSURANCE AJ;KAFOLAT HAYOT INSURANCE;1;2317,1;0,11;33;2855,5;0,07;33;23,24;-0,04;0,02;млн сум;34;Рэнкинг страховых компаний — II квартал 2026 (snsratings.uz).txt
2026-Q2;cost_of_services;Себестоимость оказанных страховых услуг;суммарные;AGROS HAYOT AJ;AGROS HAYOT SUG`URTA KOMPANIYASI;1;1727,4;0,08;34;2189,7;0,06;34;26,76;-0,02;0,02;млн сум;34;Рэнкинг страховых компаний — II квартал 2026 (snsratings.uz).txt
2026-Q2;cost_of_services;Себестоимость оказанных страховых услуг;суммарные;O'ZBEKISTON QAYTA SUG'URTA KOMPANIYASI MQST AJ;O`ZBEKISTON QAYTA SUG`URTA KOMPANIYASI;0;;0,0;35;822,2;0,02;35;0,0;0,02;0,04;млн сум;34;Рэнкинг страховых компаний — II квартал 2026 (snsratings.uz).txt
2026-Q2;cost_of_services;Себестоимость оказанных страховых услуг;суммарные;GLOBAL INSURANCE GROUP AJ;GLOBAL INSURANCE GROUP;0;16158,7;0,74;22;;0,0;36;-100,0;-0,74;-0,74;млн сум;34;Рэнкинг страховых компаний — II квартал 2026 (snsratings.uz).txt
2026-Q2;gross_profit;Валовая прибыль (убыток) от оказания страховых услуг;суммарные;ВСЕГО;ВСЕГО;0;632329,1;;;1206697,8;;;90,83;;;млн сум;35;Рэнкинг страховых компаний — II квартал 2026 (snsratings.uz).txt
2026-Q2;gross_profit;Валовая прибыль (убыток) от оказания страховых услуг;суммарные;KAPITAL SUG'URTA AJ;KAPITAL SUG`URTA;0;127628,7;20,18;2;287573,9;23,83;1;125,32;3,65;25,29;млн сум;35;Рэнкинг страховых компаний — II квартал 2026 (snsratings.uz).txt
2026-Q2;gross_profit;Валовая прибыль (убыток) от оказания страховых услуг;суммарные;APEX INSURANCE AJ;APEX INSURANCE;0;161504,5;25,54;1;154007,7;12,76;2;-4,64;-12,78;-1,19;млн сум;35;Рэнкинг страховых компаний — II квартал 2026 (snsratings.uz).txt
2026-Q2;gross_profit;Валовая прибыль (убыток) от оказания страховых услуг;суммарные;EUROASIA INSURANCE AJ QK;EUROASIA INSURANCE;0;54701,3;8,65;4;126667,7;10,5;3;131,56;1,85;11,38;млн сум;35;Рэнкинг страховых компаний — II квартал 2026 (snsratings.uz).txt
2026-Q2;gross_profit;Валовая прибыль (убыток) от оказания страховых услуг;суммарные;GROSS SUG'URTA KOMPANIYASI AJ;GROSS SUG`URTA KOMPANIYASI;0;49726,8;7,86;5;91948,1;7,62;4;84,91;-0,24;6,68;млн сум;35;Рэнкинг страховых компаний — II квартал 2026 (snsratings.uz).txt
2026-Q2;gross_profit;Валовая прибыль (убыток) от оказания страховых услуг;суммарные;O'ZAGROSUG'URTA AJ;O`ZAGROSUG`URTA;0;44241,4;7,0;6;60980,5;5,05;5;37,84;-1,95;2,65;млн сум;35;Рэнкинг страховых компаний — II квартал 2026 (snsratings.uz).txt
2026-Q2;gross_profit;Валовая прибыль (убыток) от оказания страховых услуг;суммарные;KAFIL SUG'URTA AJ;KAFIL-SUG`URTA;0;27569,6;4,36;8;59909,2;4,96;6;117,3;0,6;5,11;млн сум;35;Рэнкинг страховых компаний — II квартал 2026 (snsratings.uz).txt
2026-Q2;gross_profit;Валовая прибыль (убыток) от оказания страховых услуг;суммарные;KAFOLAT SUG'URTA KOMPANIYASI AJ;KAFOLAT SUG`URTA KOMPANIYASI;0;60892,0;9,63;3;49889,3;4,13;7;-18,07;-5,5;-1,74;млн сум;35;Рэнкинг страховых компаний — II квартал 2026 (snsratings.uz).txt
2026-Q2;gross_profit;Валовая прибыль (убыток) от оказания страховых услуг;суммарные;INSON AJ;INSON;0;22626,1;3,58;10;45081,7;3,74;8;99,25;0,16;3,55;млн сум;35;Рэнкинг страховых компаний — II квартал 2026 (snsratings.uz).txt
2026-Q2;gross_profit;Валовая прибыль (убыток) от оказания страховых услуг;суммарные;MOSAIC INSURANCE GROUP AJ QK;MOSAIC INSURANCE GROUP;0;29318,3;4,64;7;43861,0;3,63;9;49,6;-1,01;2,3;млн сум;35;Рэнкинг страховых компаний — II квартал 2026 (snsratings.uz).txt
2026-Q2;gross_profit;Валовая прибыль (убыток) от оказания страховых услуг;суммарные;TRUST-INSURANCE AJ;TRUST-INSURANCE;0;10731,7;1,7;13;43227,4;3,58;10;302,8;1,88;5,14;млн сум;35;Рэнкинг страховых компаний — II квартал 2026 (snsratings.uz).txt
2026-Q2;gross_profit;Валовая прибыль (убыток) от оказания страховых услуг;суммарные;ASIA INSURANCE SUG'URTA KOMPANIYASI AJ;ASIA INSURANCE SUG`URTA KOMPANIYASI;0;5228,5;0,83;20;35575,8;2,95;11;580,42;2,12;4,8;млн сум;35;Рэнкинг страховых компаний — II квартал 2026 (snsratings.uz).txt
2026-Q2;gross_profit;Валовая прибыль (убыток) от оказания страховых услуг;суммарные;O'ZBEKINVEST EISK AJ;O`ZBEKINVEST;0;17444,6;2,76;11;32947,9;2,73;12;88,87;-0,03;2,45;млн сум;35;Рэнкинг страховых компаний — II квартал 2026 (snsratings.uz).txt
2026-Q2;gross_profit;Валовая прибыль (убыток) от оказания страховых услуг;суммарные;MY-INSURANCE AJ;MY-INSURANCE;0;-24403,3;-3,86;36;22991,2;1,91;13;194,21;5,77;7,5;млн сум;35;Рэнкинг страховых компаний — II квартал 2026 (snsratings.uz).txt
2026-Q2;gross_profit;Валовая прибыль (убыток) от оказания страховых услуг;суммарные;SEMURG SUG'URTA AJ QK;SEMURG INSURANCE;0;8695,3;1,38;15;19777,4;1,64;14;127,45;0,26;1,75;млн сум;35;Рэнкинг страховых компаний — II квартал 2026 (snsratings.uz).txt
2026-Q2;gross_profit;Валовая прибыль (убыток) от оказания страховых услуг;суммарные;NEO INSURANCE CORP AJ;NEO INSURANCE CORP;0;7742,2;1,22;17;19358,6;1,6;15;150,04;0,38;1,84;млн сум;35;Рэнкинг страховых компаний — II квартал 2026 (snsratings.uz).txt
2026-Q2;gross_profit;Валовая прибыль (убыток) от оказания страховых услуг;суммарные;TBC SUG'URTA AJ;TBC SUG`URTA;1;1919,3;0,3;23;19305,7;1,6;16;905,87;1,3;2,75;млн сум;35;Рэнкинг страховых компаний — II квартал 2026 (snsratings.uz).txt
2026-Q2;gross_profit;Валовая прибыль (убыток) от оказания страховых услуг;суммарные;ALFA INVEST SUG'URTA KOMPANIYASI AJ;ALFA INVEST SUG`URTA KOMPANIYASI;0;1057,0;0,17;24;17741,1;1,47;17;1578,44;1,3;2,64;млн сум;35;Рэнкинг страховых компаний — II квартал 2026 (snsratings.uz).txt
2026-Q2;gross_profit;Валовая прибыль (убыток) от оказания страховых услуг;суммарные;TEMIRYO'L SUG'URTA AJ;TEMIRYO`L SUG`URTA;0;-1327,4;-0,21;31;15168,5;1,26;18;1242,72;1,47;2,61;млн сум;35;Рэнкинг страховых компаний — II квартал 2026 (snsratings.uz).txt
2026-Q2;gross_profit;Валовая прибыль (убыток) от оказания страховых услуг;суммарные;ARIA SUG'URTA TASHKILOTI AJ;ARIA SUG`URTA TASHKILOTI;0;8657,1;1,37;16;13999,2;1,16;19;61,71;-0,21;0,84;млн сум;35;Рэнкинг страховых компаний — II квартал 2026 (snsratings.uz).txt
2026-Q2;gross_profit;Валовая прибыль (убыток) от оказания страховых услуг;суммарные;ALSKOM AJ;ALSKOM SUG`URTA KOMPANIYASI;0;-10918,8;-1,73;34;13658,1;1,13;20;225,09;2,86;3,89;млн сум;35;Рэнкинг страховых компаний — II квартал 2026 (snsratings.uz).txt
2026-Q2;gross_profit;Валовая прибыль (убыток) от оказания страховых услуг;суммарные;ALFA LIFE INSURANCE AJ;ALFA LIFE INSURANCE;1;2162,7;0,34;22;11404,9;0,95;21;427,35;0,61;1,46;млн сум;35;Рэнкинг страховых компаний — II квартал 2026 (snsratings.uz).txt
2026-Q2;gross_profit;Валовая прибыль (убыток) от оказания страховых услуг;суммарные;INFINITY INSURANCE AJ;INFINITY INSURANCE;0;5269,3;0,83;19;9361,2;0,78;22;77,66;-0,05;0,65;млн сум;35;Рэнкинг страховых компаний — II квартал 2026 (snsratings.uz).txt
2026-Q2;gross_profit;Валовая прибыль (убыток) от оказания страховых услуг;суммарные;IMPEX-INSURANCE AJ;IMPEX-INSURANCE;0;26168,1;4,14;9;6914,6;0,57;23;-73,58;-3,57;-3,04;млн сум;35;Рэнкинг страховых компаний — II квартал 2026 (snsratings.uz).txt
2026-Q2;gross_profit;Валовая прибыль (убыток) от оказания страховых услуг;суммарные;XALQ SUG'URTA AJ;XALQ SUG`URTA;0;-23281,7;-3,68;35;6736,4;0,56;24;128,93;4,24;4,75;млн сум;35;Рэнкинг страховых компаний — II квартал 2026 (snsratings.uz).txt
2026-Q2;gross_profit;Валовая прибыль (убыток) от оказания страховых услуг;суммарные;IMKON SUG'URTA AJ;IMKON-SUG`URTA;0;-6852,5;-1,08;33;6438,7;0,53;25;193,96;1,61;2,1;млн сум;35;Рэнкинг страховых компаний — II квартал 2026 (snsratings.uz).txt
2026-Q2;gross_profit;Валовая прибыль (убыток) от оказания страховых услуг;суммарные;HAMKOR SUG'URTA AJ;HAMKOR SUG`URTA;0;7114,1;1,13;18;4497,4;0,37;26;-36,78;-0,76;-0,41;млн сум;35;Рэнкинг страховых компаний — II квартал 2026 (snsratings.uz).txt
2026-Q2;gross_profit;Валовая прибыль (убыток) от оказания страховых услуг;суммарные;APEX LIFE INSURANCE AJ;APEX LIFE INSURANCE;1;8828,2;1,4;14;2278,7;0,19;27;-74,19;-1,21;-1,04;млн сум;35;Рэнкинг страховых компаний — II квартал 2026 (snsratings.uz).txt
2026-Q2;gross_profit;Валовая прибыль (убыток) от оказания страховых услуг;суммарные;O'ZBEKISTON QAYTA SUG'URTA KOMPANIYASI MQST AJ;O`ZBEKISTON QAYTA SUG`URTA KOMPANIYASI;0;;0,0;26;347,3;0,03;28;0,0;0,03;0,05;млн сум;35;Рэнкинг страховых компаний — II квартал 2026 (snsratings.uz).txt
2026-Q2;gross_profit;Валовая прибыль (убыток) от оказания страховых услуг;суммарные;KAFOLAT HAYOT INSURANCE AJ;KAFOLAT HAYOT INSURANCE;1;-562,2;-0,09;29;9,0;0,0;29;101,6;0,09;0,09;млн сум;35;Рэнкинг страховых компаний — II квартал 2026 (snsratings.uz).txt
2026-Q2;gross_profit;Валовая прибыль (убыток) от оказания страховых услуг;суммарные;GLOBAL INSURANCE GROUP AJ;GLOBAL INSURANCE GROUP;0;12141,8;1,92;12;;0,0;30;-100,0;-1,92;-1,92;млн сум;35;Рэнкинг страховых компаний — II квартал 2026 (snsratings.uz).txt
2026-Q2;gross_profit;Валовая прибыль (убыток) от оказания страховых услуг;суммарные;ISHONCH SUG'URTA KOMPANIYASI AJ;ISHONCH SUG`URTA KOMPANIYASI;0;440,8;0,07;25;-419,8;-0,03;31;-195,24;-0,1;-0,14;млн сум;35;Рэнкинг страховых компаний — II квартал 2026 (snsratings.uz).txt
2026-Q2;gross_profit;Валовая прибыль (убыток) от оказания страховых услуг;суммарные;O'ZBEKINVEST HAYOT SUG'URTA KOMPANIYASI AJ;O`ZBEKINVEST HAYOT SUG`URTA KOMPANIYASI;1;-365,1;-0,06;28;-887,7;-0,07;32;-143,14;-0,01;-0,08;млн сум;35;Рэнкинг страховых компаний — II квартал 2026 (snsratings.uz).txt
2026-Q2;gross_profit;Валовая прибыль (убыток) от оказания страховых услуг;суммарные;PRESTIGE INSURANCE AJ;PRESTIGE INSURANCE;1;;0,0;26;-1378,8;-0,11;33;0,0;-0,11;-0,22;млн сум;35;Рэнкинг страховых компаний — II квартал 2026 (snsratings.uz).txt
2026-Q2;gross_profit;Валовая прибыль (убыток) от оказания страховых услуг;суммарные;AGROS HAYOT AJ;AGROS HAYOT SUG`URTA KOMPANIYASI;1;-923,9;-0,15;30;-1554,5;-0,13;34;-68,25;0,02;-0,1;млн сум;35;Рэнкинг страховых компаний — II квартал 2026 (snsratings.uz).txt
2026-Q2;gross_profit;Валовая прибыль (убыток) от оказания страховых услуг;суммарные;QUANTUM INSURANCE AJ;QUANTUM INSURANCE;0;3835,8;0,61;21;-4920,1;-0,41;35;-228,27;-1,02;-1,38;млн сум;35;Рэнкинг страховых компаний — II квартал 2026 (snsratings.uz).txt
2026-Q2;gross_profit;Валовая прибыль (убыток) от оказания страховых услуг;суммарные;SQB INSURANCE SUG'URTA KOMPANIYASI AJ;SQB INSURANCE SUG`URTA KOMPANIYASI;0;-4681,2;-0,74;32;-5799,5;-0,48;36;-23,89;0,26;-0,18;млн сум;35;Рэнкинг страховых компаний — II квартал 2026 (snsratings.uz).txt
2026-Q2;period_expenses;Расходы периода;суммарные;ВСЕГО;ВСЕГО;0;872528,3;;;1329603,5;;;52,39;;;млн сум;36;Рэнкинг страховых компаний — II квартал 2026 (snsratings.uz).txt
2026-Q2;period_expenses;Расходы периода;суммарные;KAPITAL SUG'URTA AJ;KAPITAL SUG`URTA;0;161533,1;18,51;1;301368,7;22,67;1;86,57;4,16;16,03;млн сум;36;Рэнкинг страховых компаний — II квартал 2026 (snsratings.uz).txt
2026-Q2;period_expenses;Расходы периода;суммарные;APEX INSURANCE AJ;APEX INSURANCE;0;65553,5;7,51;4;126705,2;9,53;2;93,29;2,02;7,01;млн сум;36;Рэнкинг страховых компаний — II квартал 2026 (snsratings.uz).txt
2026-Q2;period_expenses;Расходы периода;суммарные;GROSS SUG'URTA KOMPANIYASI AJ;GROSS SUG`URTA KOMPANIYASI;0;73949,7;8,48;2;115948,4;8,72;3;56,79;0,24;4,81;млн сум;36;Рэнкинг страховых компаний — II квартал 2026 (snsratings.uz).txt
2026-Q2;period_expenses;Расходы периода;суммарные;O'ZAGROSUG'URTA AJ;O`ZAGROSUG`URTA;0;67740,5;7,76;3;69033,2;5,19;4;1,91;-2,57;0,15;млн сум;36;Рэнкинг страховых компаний — II квартал 2026 (snsratings.uz).txt
2026-Q2;period_expenses;Расходы периода;суммарные;O'ZBEKINVEST EISK AJ;O`ZBEKINVEST;0;43866,4;5,03;6;63055,6;4,74;5;43,74;-0,29;2,2;млн сум;36;Рэнкинг страховых компаний — II квартал 2026 (snsratings.uz).txt
2026-Q2;period_expenses;Расходы периода;суммарные;TRUST-INSURANCE AJ;TRUST-INSURANCE;0;13306,1;1,53;18;62855,3;4,73;6;372,38;3,2;5,68;млн сум;36;Рэнкинг страховых компаний — II квартал 2026 (snsratings.uz).txt
2026-Q2;period_expenses;Расходы периода;суммарные;KAFIL SUG'URTA AJ;KAFIL-SUG`URTA;0;29982,3;3,44;9;56880,1;4,28;7;89,71;0,84;3,08;млн сум;36;Рэнкинг страховых компаний — II квартал 2026 (snsratings.uz).txt
2026-Q2;period_expenses;Расходы периода;суммарные;INSON AJ;INSON;0;42751,6;4,9;7;54749,9;4,12;8;28,07;-0,78;1,38;млн сум;36;Рэнкинг страховых компаний — II квартал 2026 (snsratings.uz).txt
2026-Q2;period_expenses;Расходы периода;суммарные;KAFOLAT SUG'URTA KOMPANIYASI AJ;KAFOLAT SUG`URTA KOMPANIYASI;0;53724,5;6,16;5;50328,9;3,79;9;-6,32;-2,37;-0,39;млн сум;36;Рэнкинг страховых компаний — II квартал 2026 (snsratings.uz).txt
2026-Q2;period_expenses;Расходы периода;суммарные;MY-INSURANCE AJ;MY-INSURANCE;0;34490,7;3,95;8;45500,5;3,42;10;31,92;-0,53;1,26;млн сум;36;Рэнкинг страховых компаний — II квартал 2026 (snsratings.uz).txt
2026-Q2;period_expenses;Расходы периода;суммарные;ASIA INSURANCE SUG'URTA KOMPANIYASI AJ;ASIA INSURANCE SUG`URTA KOMPANIYASI;0;27788,8;3,18;10;43330,8;3,26;11;55,93;0,08;1,78;млн сум;36;Рэнкинг страховых компаний — II квартал 2026 (snsratings.uz).txt
2026-Q2;period_expenses;Расходы периода;суммарные;ALFA INVEST SUG'URTA KOMPANIYASI AJ;ALFA INVEST SUG`URTA KOMPANIYASI;0;21963,5;2,52;13;34755,3;2,61;12;58,24;0,09;1,47;млн сум;36;Рэнкинг страховых компаний — II квартал 2026 (snsratings.uz).txt
2026-Q2;period_expenses;Расходы периода;суммарные;IMPEX-INSURANCE AJ;IMPEX-INSURANCE;0;26712,3;3,06;12;33396,0;2,51;13;25,02;-0,55;0,77;млн сум;36;Рэнкинг страховых компаний — II квартал 2026 (snsratings.uz).txt
2026-Q2;period_expenses;Расходы периода;суммарные;EUROASIA INSURANCE AJ QK;EUROASIA INSURANCE;0;27029,8;3,1;11;27038,8;2,03;14;0,03;-1,07;0,0;млн сум;36;Рэнкинг страховых компаний — II квартал 2026 (snsratings.uz).txt
2026-Q2;period_expenses;Расходы периода;суммарные;ALSKOM AJ;ALSKOM SUG`URTA KOMPANIYASI;0;14179,7;1,63;16;26117,7;1,96;15;84,19;0,33;1,37;млн сум;36;Рэнкинг страховых компаний — II квартал 2026 (snsratings.uz).txt
2026-Q2;period_expenses;Расходы периода;суммарные;IMKON SUG'URTA AJ;IMKON-SUG`URTA;0;13665,4;1,57;17;20017,0;1,51;16;46,48;-0,06;0,73;млн сум;36;Рэнкинг страховых компаний — II квартал 2026 (snsratings.uz).txt
2026-Q2;period_expenses;Расходы периода;суммарные;ARIA SUG'URTA TASHKILOTI AJ;ARIA SUG`URTA TASHKILOTI;0;11087,5;1,27;24;19161,9;1,44;17;72,82;0,17;0,93;млн сум;36;Рэнкинг страховых компаний — II квартал 2026 (snsratings.uz).txt
2026-Q2;period_expenses;Расходы периода;суммарные;SQB INSURANCE SUG'URTA KOMPANIYASI AJ;SQB INSURANCE SUG`URTA KOMPANIYASI;0;14612,0;1,67;15;18923,2;1,42;18;29,5;-0,25;0,49;млн сум;36;Рэнкинг страховых компаний — II квартал 2026 (snsratings.uz).txt
2026-Q2;period_expenses;Расходы периода;суммарные;SEMURG SUG'URTA AJ QK;SEMURG INSURANCE;0;11696,8;1,34;21;18675,8;1,4;19;59,67;0,06;0,8;млн сум;36;Рэнкинг страховых компаний — II квартал 2026 (snsratings.uz).txt
2026-Q2;period_expenses;Расходы периода;суммарные;XALQ SUG'URTA AJ;XALQ SUG`URTA;0;10639,5;1,22;25;18375,6;1,38;20;72,71;0,16;0,89;млн сум;36;Рэнкинг страховых компаний — II квартал 2026 (snsratings.uz).txt
2026-Q2;period_expenses;Расходы периода;суммарные;ALFA LIFE INSURANCE AJ;ALFA LIFE INSURANCE;1;6460,1;0,74;26;17037,1;1,28;21;163,73;0,54;1,21;млн сум;36;Рэнкинг страховых компаний — II квартал 2026 (snsratings.uz).txt
2026-Q2;period_expenses;Расходы периода;суммарные;APEX LIFE INSURANCE AJ;APEX LIFE INSURANCE;1;21178,9;2,43;14;15676,0;1,18;22;-25,98;-1,25;-0,63;млн сум;36;Рэнкинг страховых компаний — II квартал 2026 (snsratings.uz).txt
2026-Q2;period_expenses;Расходы периода;суммарные;NEO INSURANCE CORP AJ;NEO INSURANCE CORP;0;12330,6;1,41;19;15534,9;1,17;23;25,99;-0,24;0,37;млн сум;36;Рэнкинг страховых компаний — II квартал 2026 (snsratings.uz).txt
2026-Q2;period_expenses;Расходы периода;суммарные;INFINITY INSURANCE AJ;INFINITY INSURANCE;0;11286,3;1,29;23;14481,6;1,09;24;28,31;-0,2;0,37;млн сум;36;Рэнкинг страховых компаний — II квартал 2026 (snsratings.uz).txt
2026-Q2;period_expenses;Расходы периода;суммарные;TEMIRYO'L SUG'URTA AJ;TEMIRYO`L SUG`URTA;0;11818,8;1,35;20;14111,0;1,06;25;19,39;-0,29;0,26;млн сум;36;Рэнкинг страховых компаний — II квартал 2026 (snsratings.uz).txt
2026-Q2;period_expenses;Расходы периода;суммарные;MOSAIC INSURANCE GROUP AJ QK;MOSAIC INSURANCE GROUP;0;6081,0;0,7;28;7748,7;0,58;26;27,42;-0,12;0,19;млн сум;36;Рэнкинг страховых компаний — II квартал 2026 (snsratings.uz).txt
2026-Q2;period_expenses;Расходы периода;суммарные;QUANTUM INSURANCE AJ;QUANTUM INSURANCE;0;6316,5;0,72;27;7555,5;0,57;27;19,62;-0,15;0,14;млн сум;36;Рэнкинг страховых компаний — II квартал 2026 (snsratings.uz).txt
2026-Q2;period_expenses;Расходы периода;суммарные;PRESTIGE INSURANCE AJ;PRESTIGE INSURANCE;1;;0,0;35;6341,2;0,48;28;0,0;0,48;0,73;млн сум;36;Рэнкинг страховых компаний — II квартал 2026 (snsratings.uz).txt
2026-Q2;period_expenses;Расходы периода;суммарные;TBC SUG'URTA AJ;TBC SUG`URTA;1;2480,2;0,28;32;5535,3;0,42;29;123,18;0,14;0,35;млн сум;36;Рэнкинг страховых компаний — II квартал 2026 (snsratings.uz).txt
2026-Q2;period_expenses;Расходы периода;суммарные;HAMKOR SUG'URTA AJ;HAMKOR SUG`URTA;0;5010,0;0,57;29;5149,7;0,39;30;2,79;-0,18;0,02;млн сум;36;Рэнкинг страховых компаний — II квартал 2026 (snsratings.uz).txt
2026-Q2;period_expenses;Расходы периода;суммарные;KAFOLAT HAYOT INSURANCE AJ;KAFOLAT HAYOT INSURANCE;1;4125,3;0,47;31;5065,8;0,38;31;22,8;-0,09;0,11;млн сум;36;Рэнкинг страховых компаний — II квартал 2026 (snsratings.uz).txt
2026-Q2;period_expenses;Расходы периода;суммарные;ISHONCH SUG'URTA KOMPANIYASI AJ;ISHONCH SUG`URTA KOMPANIYASI;0;4129,6;0,47;30;3895,7;0,29;32;-5,66;-0,18;-0,03;млн сум;36;Рэнкинг страховых компаний — II квартал 2026 (snsratings.uz).txt
2026-Q2;period_expenses;Расходы периода;суммарные;O'ZBEKISTON QAYTA SUG'URTA KOMPANIYASI MQST AJ;O`ZBEKISTON QAYTA SUG`URTA KOMPANIYASI;0;;0,0;35;2318,3;0,17;33;0,0;0,17;0,27;млн сум;36;Рэнкинг страховых компаний — II квартал 2026 (snsratings.uz).txt
2026-Q2;period_expenses;Расходы периода;суммарные;AGROS HAYOT AJ;AGROS HAYOT SUG`URTA KOMPANIYASI;1;2418,4;0,28;33;1614,5;0,12;34;-33,24;-0,16;-0,09;млн сум;36;Рэнкинг страховых компаний — II квартал 2026 (snsratings.uz).txt
2026-Q2;period_expenses;Расходы периода;суммарные;O'ZBEKINVEST HAYOT SUG'URTA KOMPANIYASI AJ;O`ZBEKINVEST HAYOT SUG`URTA KOMPANIYASI;1;1067,9;0,12;34;1320,3;0,1;35;23,64;-0,02;0,03;млн сум;36;Рэнкинг страховых компаний — II квартал 2026 (snsratings.uz).txt
2026-Q2;period_expenses;Расходы периода;суммарные;GLOBAL INSURANCE GROUP AJ;GLOBAL INSURANCE GROUP;0;11551,0;1,32;22;;0,0;36;-100,0;-1,32;-1,32;млн сум;36;Рэнкинг страховых компаний — II квартал 2026 (snsratings.uz).txt
2026-Q2;selling_expenses;Расходы по реализации;суммарные;ВСЕГО;ВСЕГО;0;17896,7;;;24388,9;;;36,28;;;млн сум;37;Рэнкинг страховых компаний — II квартал 2026 (snsratings.uz).txt
2026-Q2;selling_expenses;Расходы по реализации;суммарные;MY-INSURANCE AJ;MY-INSURANCE;0;5129,0;28,66;1;10397,0;42,63;1;102,71;13,97;29,44;млн сум;37;Рэнкинг страховых компаний — II квартал 2026 (snsratings.uz).txt
2026-Q2;selling_expenses;Расходы по реализации;суммарные;ARIA SUG'URTA TASHKILOTI AJ;ARIA SUG`URTA TASHKILOTI;0;68,6;0,38;17;3940,6;16,16;2;5644,31;15,78;21,64;млн сум;37;Рэнкинг страховых компаний — II квартал 2026 (snsratings.uz).txt
2026-Q2;selling_expenses;Расходы по реализации;суммарные;O'ZBEKINVEST EISK AJ;O`ZBEKINVEST;0;3476,2;19,42;2;3357,5;13,77;3;-3,41;-5,65;-0,66;млн сум;37;Рэнкинг страховых компаний — II квартал 2026 (snsratings.uz).txt
2026-Q2;selling_expenses;Расходы по реализации;суммарные;ALFA INVEST SUG'URTA KOMPANIYASI AJ;ALFA INVEST SUG`URTA KOMPANIYASI;0;928,8;5,19;5;1483,2;6,08;4;59,69;0,89;3,1;млн сум;37;Рэнкинг страховых компаний — II квартал 2026 (snsratings.uz).txt
2026-Q2;selling_expenses;Расходы по реализации;суммарные;NEO INSURANCE CORP AJ;NEO INSURANCE CORP;0;1113,7;6,22;4;1011,9;4,15;5;-9,14;-2,07;-0,57;млн сум;37;Рэнкинг страховых компаний — II квартал 2026 (snsratings.uz).txt
2026-Q2;selling_expenses;Расходы по реализации;суммарные;KAFOLAT SUG'URTA KOMPANIYASI AJ;KAFOLAT SUG`URTA KOMPANIYASI;0;837,5;4,68;6;976,5;4,0;6;16,6;-0,68;0,78;млн сум;37;Рэнкинг страховых компаний — II квартал 2026 (snsratings.uz).txt
2026-Q2;selling_expenses;Расходы по реализации;суммарные;TEMIRYO'L SUG'URTA AJ;TEMIRYO`L SUG`URTA;0;621,1;3,47;7;619,6;2,54;7;-0,24;-0,93;-0,01;млн сум;37;Рэнкинг страховых компаний — II квартал 2026 (snsratings.uz).txt
2026-Q2;selling_expenses;Расходы по реализации;суммарные;O'ZAGROSUG'URTA AJ;O`ZAGROSUG`URTA;0;605,6;3,38;8;607,9;2,49;8;0,38;-0,89;0,01;млн сум;37;Рэнкинг страховых компаний — II квартал 2026 (snsratings.uz).txt
2026-Q2;selling_expenses;Расходы по реализации;суммарные;INSON AJ;INSON;0;369,4;2,06;10;537,3;2,2;9;45,45;0,14;0,94;млн сум;37;Рэнкинг страховых компаний — II квартал 2026 (snsratings.uz).txt
2026-Q2;selling_expenses;Расходы по реализации;суммарные;TBC SUG'URTA AJ;TBC SUG`URTA;1;313,3;1,75;11;520,1;2,13;10;66,01;0,38;1,16;млн сум;37;Рэнкинг страховых компаний — II квартал 2026 (snsratings.uz).txt
2026-Q2;selling_expenses;Расходы по реализации;суммарные;IMPEX-INSURANCE AJ;IMPEX-INSURANCE;0;3185,1;17,8;3;240,4;0,99;11;-92,45;-16,81;-16,45;млн сум;37;Рэнкинг страховых компаний — II квартал 2026 (snsratings.uz).txt
2026-Q2;selling_expenses;Расходы по реализации;суммарные;MOSAIC INSURANCE GROUP AJ QK;MOSAIC INSURANCE GROUP;0;168,3;0,94;12;183,5;0,75;12;9,03;-0,19;0,08;млн сум;37;Рэнкинг страховых компаний — II квартал 2026 (snsratings.uz).txt
2026-Q2;selling_expenses;Расходы по реализации;суммарные;ALFA LIFE INSURANCE AJ;ALFA LIFE INSURANCE;1;119,5;0,67;14;176,8;0,72;13;47,95;0,05;0,32;млн сум;37;Рэнкинг страховых компаний — II квартал 2026 (snsratings.uz).txt
2026-Q2;selling_expenses;Расходы по реализации;суммарные;KAPITAL SUG'URTA AJ;KAPITAL SUG`URTA;0;94,5;0,53;15;88,5;0,36;14;-6,35;-0,17;-0,03;млн сум;37;Рэнкинг страховых компаний — II квартал 2026 (snsratings.uz).txt
2026-Q2;selling_expenses;Расходы по реализации;суммарные;EUROASIA INSURANCE AJ QK;EUROASIA INSURANCE;0;567,5;3,17;9;85,7;0,35;15;-84,9;-2,82;-2,69;млн сум;37;Рэнкинг страховых компаний — II квартал 2026 (snsratings.uz).txt
2026-Q2;selling_expenses;Расходы по реализации;суммарные;IMKON SUG'URTA AJ;IMKON-SUG`URTA;0;18,4;0,1;19;62,6;0,26;16;240,22;0,16;0,25;млн сум;37;Рэнкинг страховых компаний — II квартал 2026 (snsratings.uz).txt
2026-Q2;selling_expenses;Расходы по реализации;суммарные;XALQ SUG'URTA AJ;XALQ SUG`URTA;0;147,7;0,83;13;40,1;0,16;17;-72,85;-0,67;-0,6;млн сум;37;Рэнкинг страховых компаний — II квартал 2026 (snsratings.uz).txt
2026-Q2;selling_expenses;Расходы по реализации;суммарные;APEX LIFE INSURANCE AJ;APEX LIFE INSURANCE;1;;0,0;22;28,5;0,12;18;0,0;0,12;0,16;млн сум;37;Рэнкинг страховых компаний — II квартал 2026 (snsratings.uz).txt
2026-Q2;selling_expenses;Расходы по реализации;суммарные;SQB INSURANCE SUG'URTA KOMPANIYASI AJ;SQB INSURANCE SUG`URTA KOMPANIYASI;0;47,2;0,26;18;24,2;0,1;19;-48,73;-0,16;-0,13;млн сум;37;Рэнкинг страховых компаний — II квартал 2026 (snsratings.uz).txt
2026-Q2;selling_expenses;Расходы по реализации;суммарные;KAFIL SUG'URTA AJ;KAFIL-SUG`URTA;0;69,9;0,39;16;7,0;0,03;20;-89,99;-0,36;-0,35;млн сум;37;Рэнкинг страховых компаний — II квартал 2026 (snsratings.uz).txt
2026-Q2;selling_expenses;Расходы по реализации;суммарные;QUANTUM INSURANCE AJ;QUANTUM INSURANCE;0;15,0;0,08;20;;0,0;21;-100,0;-0,08;-0,08;млн сум;37;Рэнкинг страховых компаний — II квартал 2026 (snsratings.uz).txt
2026-Q2;selling_expenses;Расходы по реализации;суммарные;AGROS HAYOT AJ;AGROS HAYOT SUG`URTA KOMPANIYASI;1;;0,0;22;;0,0;21;0,0;0,0;0,0;млн сум;37;Рэнкинг страховых компаний — II квартал 2026 (snsratings.uz).txt
2026-Q2;selling_expenses;Расходы по реализации;суммарные;ALSKOM AJ;ALSKOM SUG`URTA KOMPANIYASI;0;;0,0;22;;0,0;21;0,0;0,0;0,0;млн сум;37;Рэнкинг страховых компаний — II квартал 2026 (snsratings.uz).txt
2026-Q2;selling_expenses;Расходы по реализации;суммарные;APEX INSURANCE AJ;APEX INSURANCE;0;;0,0;22;;0,0;21;0,0;0,0;0,0;млн сум;37;Рэнкинг страховых компаний — II квартал 2026 (snsratings.uz).txt
2026-Q2;selling_expenses;Расходы по реализации;суммарные;ASIA INSURANCE SUG'URTA KOMPANIYASI AJ;ASIA INSURANCE SUG`URTA KOMPANIYASI;0;;0,0;22;;0,0;21;0,0;0,0;0,0;млн сум;37;Рэнкинг страховых компаний — II квартал 2026 (snsratings.uz).txt
2026-Q2;selling_expenses;Расходы по реализации;суммарные;GLOBAL INSURANCE GROUP AJ;GLOBAL INSURANCE GROUP;0;;0,0;22;;0,0;21;0,0;0,0;0,0;млн сум;37;Рэнкинг страховых компаний — II квартал 2026 (snsratings.uz).txt
2026-Q2;selling_expenses;Расходы по реализации;суммарные;GROSS SUG'URTA KOMPANIYASI AJ;GROSS SUG`URTA KOMPANIYASI;0;;0,0;22;;0,0;21;0,0;0,0;0,0;млн сум;37;Рэнкинг страховых компаний — II квартал 2026 (snsratings.uz).txt
2026-Q2;selling_expenses;Расходы по реализации;суммарные;HAMKOR SUG'URTA AJ;HAMKOR SUG`URTA;0;;0,0;22;;0,0;21;0,0;0,0;0,0;млн сум;37;Рэнкинг страховых компаний — II квартал 2026 (snsratings.uz).txt
2026-Q2;selling_expenses;Расходы по реализации;суммарные;ISHONCH SUG'URTA KOMPANIYASI AJ;ISHONCH SUG`URTA KOMPANIYASI;0;0,4;0,0;21;;0,0;21;-100,0;0,0;0,0;млн сум;37;Рэнкинг страховых компаний — II квартал 2026 (snsratings.uz).txt
2026-Q2;selling_expenses;Расходы по реализации;суммарные;INFINITY INSURANCE AJ;INFINITY INSURANCE;0;;0,0;22;;0,0;21;0,0;0,0;0,0;млн сум;37;Рэнкинг страховых компаний — II квартал 2026 (snsratings.uz).txt
2026-Q2;selling_expenses;Расходы по реализации;суммарные;KAFOLAT HAYOT INSURANCE AJ;KAFOLAT HAYOT INSURANCE;1;;0,0;22;;0,0;21;0,0;0,0;0,0;млн сум;37;Рэнкинг страховых компаний — II квартал 2026 (snsratings.uz).txt
2026-Q2;selling_expenses;Расходы по реализации;суммарные;O'ZBEKINVEST HAYOT SUG'URTA KOMPANIYASI AJ;O`ZBEKINVEST HAYOT SUG`URTA KOMPANIYASI;1;;0,0;22;;0,0;21;0,0;0,0;0,0;млн сум;37;Рэнкинг страховых компаний — II квартал 2026 (snsratings.uz).txt
2026-Q2;selling_expenses;Расходы по реализации;суммарные;O'ZBEKISTON QAYTA SUG'URTA KOMPANIYASI MQST AJ;O`ZBEKISTON QAYTA SUG`URTA KOMPANIYASI;0;;0,0;22;;0,0;21;0,0;0,0;0,0;млн сум;37;Рэнкинг страховых компаний — II квартал 2026 (snsratings.uz).txt
2026-Q2;selling_expenses;Расходы по реализации;суммарные;PRESTIGE INSURANCE AJ;PRESTIGE INSURANCE;1;;0,0;22;;0,0;21;0,0;0,0;0,0;млн сум;37;Рэнкинг страховых компаний — II квартал 2026 (snsratings.uz).txt
2026-Q2;selling_expenses;Расходы по реализации;суммарные;SEMURG SUG'URTA AJ QK;SEMURG INSURANCE;0;;0,0;22;;0,0;21;0,0;0,0;0,0;млн сум;37;Рэнкинг страховых компаний — II квартал 2026 (snsratings.uz).txt
2026-Q2;selling_expenses;Расходы по реализации;суммарные;TRUST-INSURANCE AJ;TRUST-INSURANCE;0;;0,0;22;;0,0;21;0,0;0,0;0,0;млн сум;37;Рэнкинг страховых компаний — II квартал 2026 (snsratings.uz).txt
2026-Q2;admin_expenses;Административные расходы;суммарные;ВСЕГО;ВСЕГО;0;591552,6;;;813594,9;;;37,54;;;млн сум;38;Рэнкинг страховых компаний — II квартал 2026 (snsratings.uz).txt
2026-Q2;admin_expenses;Административные расходы;суммарные;APEX INSURANCE AJ;APEX INSURANCE;0;58783,3;9,94;3;103609,4;12,73;1;76,26;2,79;7,58;млн сум;38;Рэнкинг страховых компаний — II квартал 2026 (snsratings.uz).txt
2026-Q2;admin_expenses;Административные расходы;суммарные;GROSS SUG'URTA KOMPANIYASI AJ;GROSS SUG`URTA KOMPANIYASI;0;66888,1;11,31;1;102677,0;12,62;2;53,51;1,31;6,05;млн сум;38;Рэнкинг страховых компаний — II квартал 2026 (snsratings.uz).txt
2026-Q2;admin_expenses;Административные расходы;суммарные;O'ZAGROSUG'URTA AJ;O`ZAGROSUG`URTA;0;61253,2;10,35;2;64200,0;7,89;3;4,81;-2,46;0,5;млн сум;38;Рэнкинг страховых компаний — II квартал 2026 (snsratings.uz).txt
2026-Q2;admin_expenses;Административные расходы;суммарные;TRUST-INSURANCE AJ;TRUST-INSURANCE;0;10415,7;1,76;18;52385,3;6,44;4;402,95;4,68;7,09;млн сум;38;Рэнкинг страховых компаний — II квартал 2026 (snsratings.uz).txt
2026-Q2;admin_expenses;Административные расходы;суммарные;INSON AJ;INSON;0;41057,1;6,94;5;51731,1;6,36;5;26,0;-0,58;1,8;млн сум;38;Рэнкинг страховых компаний — II квартал 2026 (snsratings.uz).txt
2026-Q2;admin_expenses;Административные расходы;суммарные;KAFIL SUG'URTA AJ;KAFIL-SUG`URTA;0;27074,1;4,58;7;50153,2;6,16;6;85,24;1,58;3,9;млн сум;38;Рэнкинг страховых компаний — II квартал 2026 (snsratings.uz).txt
2026-Q2;admin_expenses;Административные расходы;суммарные;O'ZBEKINVEST EISK AJ;O`ZBEKINVEST;0;28616,7;4,84;6;39723,4;4,88;7;38,81;0,04;1,88;млн сум;38;Рэнкинг страховых компаний — II квартал 2026 (snsratings.uz).txt
2026-Q2;admin_expenses;Административные расходы;суммарные;KAPITAL SUG'URTA AJ;KAPITAL SUG`URTA;0;25111,0;4,24;8;32450,3;3,99;8;29,23;-0,25;1,24;млн сум;38;Рэнкинг страховых компаний — II квартал 2026 (snsratings.uz).txt
2026-Q2;admin_expenses;Административные расходы;суммарные;IMPEX-INSURANCE AJ;IMPEX-INSURANCE;0;21078,0;3,56;9;30462,2;3,74;9;44,52;0,18;1,59;млн сум;38;Рэнкинг страховых компаний — II квартал 2026 (snsratings.uz).txt
2026-Q2;admin_expenses;Административные расходы;суммарные;ALFA INVEST SUG'URTA KOMPANIYASI AJ;ALFA INVEST SUG`URTA KOMPANIYASI;0;17090,4;2,89;12;27868,0;3,43;10;63,06;0,54;1,82;млн сум;38;Рэнкинг страховых компаний — II квартал 2026 (snsratings.uz).txt
2026-Q2;admin_expenses;Административные расходы;суммарные;KAFOLAT SUG'URTA KOMPANIYASI AJ;KAFOLAT SUG`URTA KOMPANIYASI;0;44103,1;7,46;4;27411,4;3,37;11;-37,85;-4,09;-2,82;млн сум;38;Рэнкинг страховых компаний — II квартал 2026 (snsratings.uz).txt
2026-Q2;admin_expenses;Административные расходы;суммарные;EUROASIA INSURANCE AJ QK;EUROASIA INSURANCE;0;16561,5;2,8;13;25005,8;3,07;12;50,99;0,27;1,43;млн сум;38;Рэнкинг страховых компаний — II квартал 2026 (snsratings.uz).txt
2026-Q2;admin_expenses;Административные расходы;суммарные;ALSKOM AJ;ALSKOM SUG`URTA KOMPANIYASI;0;13532,0;2,29;14;24423,9;3,0;13;80,49;0,71;1,84;млн сум;38;Рэнкинг страховых компаний — II квартал 2026 (snsratings.uz).txt
2026-Q2;admin_expenses;Административные расходы;суммарные;MY-INSURANCE AJ;MY-INSURANCE;0;19632,1;3,32;10;20442,2;2,51;14;4,13;-0,81;0,14;млн сум;38;Рэнкинг страховых компаний — II квартал 2026 (snsratings.uz).txt
2026-Q2;admin_expenses;Административные расходы;суммарные;SQB INSURANCE SUG'URTA KOMPANIYASI AJ;SQB INSURANCE SUG`URTA KOMPANIYASI;0;12325,5;2,08;15;16282,9;2,0;15;32,11;-0,08;0,67;млн сум;38;Рэнкинг страховых компаний — II квартал 2026 (snsratings.uz).txt
2026-Q2;admin_expenses;Административные расходы;суммарные;IMKON SUG'URTA AJ;IMKON-SUG`URTA;0;10820,5;1,83;17;13684,7;1,68;16;26,47;-0,15;0,48;млн сум;38;Рэнкинг страховых компаний — II квартал 2026 (snsratings.uz).txt
2026-Q2;admin_expenses;Административные расходы;суммарные;ARIA SUG'URTA TASHKILOTI AJ;ARIA SUG`URTA TASHKILOTI;0;9714,9;1,64;21;13191,5;1,62;17;35,79;-0,02;0,59;млн сум;38;Рэнкинг страховых компаний — II квартал 2026 (snsratings.uz).txt
2026-Q2;admin_expenses;Административные расходы;суммарные;APEX LIFE INSURANCE AJ;APEX LIFE INSURANCE;1;19520,7;3,3;11;13188,4;1,62;18;-32,44;-1,68;-1,07;млн сум;38;Рэнкинг страховых компаний — II квартал 2026 (snsratings.uz).txt
2026-Q2;admin_expenses;Административные расходы;суммарные;TEMIRYO'L SUG'URTA AJ;TEMIRYO`L SUG`URTA;0;10034,3;1,7;20;12381,1;1,52;19;23,39;-0,18;0,4;млн сум;38;Рэнкинг страховых компаний — II квартал 2026 (snsratings.uz).txt
2026-Q2;admin_expenses;Административные расходы;суммарные;ASIA INSURANCE SUG'URTA KOMPANIYASI AJ;ASIA INSURANCE SUG`URTA KOMPANIYASI;0;10039,6;1,7;19;12256,3;1,51;20;22,08;-0,19;0,37;млн сум;38;Рэнкинг страховых компаний — II квартал 2026 (snsratings.uz).txt
2026-Q2;admin_expenses;Административные расходы;суммарные;INFINITY INSURANCE AJ;INFINITY INSURANCE;0;5920,5;1,0;24;11028,4;1,36;21;86,27;0,36;0,86;млн сум;38;Рэнкинг страховых компаний — II квартал 2026 (snsratings.uz).txt
2026-Q2;admin_expenses;Административные расходы;суммарные;XALQ SUG'URTA AJ;XALQ SUG`URTA;0;8719,4;1,47;22;10692,6;1,31;22;22,63;-0,16;0,33;млн сум;38;Рэнкинг страховых компаний — II квартал 2026 (snsratings.uz).txt
2026-Q2;admin_expenses;Административные расходы;суммарные;NEO INSURANCE CORP AJ;NEO INSURANCE CORP;0;7857,0;1,33;23;9423,9;1,16;23;19,94;-0,17;0,26;млн сум;38;Рэнкинг страховых компаний — II квартал 2026 (snsratings.uz).txt
2026-Q2;admin_expenses;Административные расходы;суммарные;SEMURG SUG'URTA AJ QK;SEMURG INSURANCE;0;11380,1;1,92;16;8300,1;1,02;24;-27,06;-0,9;-0,52;млн сум;38;Рэнкинг страховых компаний — II квартал 2026 (snsratings.uz).txt
2026-Q2;admin_expenses;Административные расходы;суммарные;MOSAIC INSURANCE GROUP AJ QK;MOSAIC INSURANCE GROUP;0;5349,0;0,9;25;6868,5;0,84;25;28,41;-0,06;0,26;млн сум;38;Рэнкинг страховых компаний — II квартал 2026 (snsratings.uz).txt
2026-Q2;admin_expenses;Административные расходы;суммарные;ALFA LIFE INSURANCE AJ;ALFA LIFE INSURANCE;1;4947,8;0,84;26;6074,1;0,75;26;22,76;-0,09;0,19;млн сум;38;Рэнкинг страховых компаний — II квартал 2026 (snsratings.uz).txt
2026-Q2;admin_expenses;Административные расходы;суммарные;PRESTIGE INSURANCE AJ;PRESTIGE INSURANCE;1;;0,0;35;5566,2;0,68;27;0,0;0,68;0,94;млн сум;38;Рэнкинг страховых компаний — II квартал 2026 (snsratings.uz).txt
2026-Q2;admin_expenses;Административные расходы;суммарные;KAFOLAT HAYOT INSURANCE AJ;KAFOLAT HAYOT INSURANCE;1;4050,3;0,68;29;4981,8;0,61;28;23,0;-0,07;0,16;млн сум;38;Рэнкинг страховых компаний — II квартал 2026 (snsratings.uz).txt
2026-Q2;admin_expenses;Административные расходы;суммарные;HAMKOR SUG'URTA AJ;HAMKOR SUG`URTA;0;4438,0;0,75;27;4222,0;0,52;29;-4,87;-0,23;-0,04;млн сум;38;Рэнкинг страховых компаний — II квартал 2026 (snsratings.uz).txt
2026-Q2;admin_expenses;Административные расходы;суммарные;ISHONCH SUG'URTA KOMPANIYASI AJ;ISHONCH SUG`URTA KOMPANIYASI;0;3562,9;0,6;30;3511,4;0,43;30;-1,45;-0,17;-0,01;млн сум;38;Рэнкинг страховых компаний — II квартал 2026 (snsratings.uz).txt
2026-Q2;admin_expenses;Административные расходы;суммарные;QUANTUM INSURANCE AJ;QUANTUM INSURANCE;0;3359,8;0,57;31;3380,8;0,42;31;0,63;-0,15;0,0;млн сум;38;Рэнкинг страховых компаний — II квартал 2026 (snsratings.uz).txt
2026-Q2;admin_expenses;Административные расходы;суммарные;O'ZBEKISTON QAYTA SUG'URTA KOMPANIYASI MQST AJ;O`ZBEKISTON QAYTA SUG`URTA KOMPANIYASI;0;;0,0;35;2036,3;0,25;32;0,0;0,25;0,34;млн сум;38;Рэнкинг страховых компаний — II квартал 2026 (snsratings.uz).txt
2026-Q2;admin_expenses;Административные расходы;суммарные;TBC SUG'URTA AJ;TBC SUG`URTA;1;1088,7;0,18;33;1455,1;0,18;33;33,65;0,0;0,06;млн сум;38;Рэнкинг страховых компаний — II квартал 2026 (snsratings.uz).txt
2026-Q2;admin_expenses;Административные расходы;суммарные;AGROS HAYOT AJ;AGROS HAYOT SUG`URTA KOMPANIYASI;1;2143,0;0,36;32;1443,1;0,18;34;-32,66;-0,18;-0,12;млн сум;38;Рэнкинг страховых компаний — II квартал 2026 (snsratings.uz).txt
2026-Q2;admin_expenses;Административные расходы;суммарные;O'ZBEKINVEST HAYOT SUG'URTA KOMPANIYASI AJ;O`ZBEKINVEST HAYOT SUG`URTA KOMPANIYASI;1;883,7;0,15;34;1082,5;0,13;35;22,5;-0,02;0,03;млн сум;38;Рэнкинг страховых компаний — II квартал 2026 (snsratings.uz).txt
2026-Q2;admin_expenses;Административные расходы;суммарные;GLOBAL INSURANCE GROUP AJ;GLOBAL INSURANCE GROUP;0;4200,6;0,71;28;;0,0;36;-100,0;-0,71;-0,71;млн сум;38;Рэнкинг страховых компаний — II квартал 2026 (snsratings.uz).txt
2026-Q2;finance_income;Доходы от финансовой деятельности;суммарные;ВСЕГО;ВСЕГО;0;576313,5;;;873403,5;;;51,55;;;млн сум;39;Рэнкинг страховых компаний — II квартал 2026 (snsratings.uz).txt
2026-Q2;finance_income;Доходы от финансовой деятельности;суммарные;APEX INSURANCE AJ;APEX INSURANCE;0;94839,0;16,46;2;195764,4;22,41;1;106,42;5,95;17,51;млн сум;39;Рэнкинг страховых компаний — II квартал 2026 (snsratings.uz).txt
2026-Q2;finance_income;Доходы от финансовой деятельности;суммарные;O'ZBEKINVEST EISK AJ;O`ZBEKINVEST;0;110899,2;19,24;1;171870,5;19,68;2;54,98;0,44;10,58;млн сум;39;Рэнкинг страховых компаний — II квартал 2026 (snsratings.uz).txt
2026-Q2;finance_income;Доходы от финансовой деятельности;суммарные;GROSS SUG'URTA KOMPANIYASI AJ;GROSS SUG`URTA KOMPANIYASI;0;41962,6;7,28;3;57908,1;6,63;3;38,0;-0,65;2,77;млн сум;39;Рэнкинг страховых компаний — II квартал 2026 (snsratings.uz).txt
2026-Q2;finance_income;Доходы от финансовой деятельности;суммарные;ALFA INVEST SUG'URTA KOMPANIYASI AJ;ALFA INVEST SUG`URTA KOMPANIYASI;0;33183,7;5,76;4;39618,4;4,54;4;19,39;-1,22;1,12;млн сум;39;Рэнкинг страховых компаний — II квартал 2026 (snsratings.uz).txt
2026-Q2;finance_income;Доходы от финансовой деятельности;суммарные;SQB INSURANCE SUG'URTA KOMPANIYASI AJ;SQB INSURANCE SUG`URTA KOMPANIYASI;0;30294,9;5,26;5;34166,2;3,91;5;12,78;-1,35;0,67;млн сум;39;Рэнкинг страховых компаний — II квартал 2026 (snsratings.uz).txt
2026-Q2;finance_income;Доходы от финансовой деятельности;суммарные;KAFOLAT SUG'URTA KOMPANIYASI AJ;KAFOLAT SUG`URTA KOMPANIYASI;0;25158,7;4,37;6;31519,1;3,61;6;25,28;-0,76;1,1;млн сум;39;Рэнкинг страховых компаний — II квартал 2026 (snsratings.uz).txt
2026-Q2;finance_income;Доходы от финансовой деятельности;суммарные;MY-INSURANCE AJ;MY-INSURANCE;0;21485,8;3,73;9;28558,5;3,27;7;32,92;-0,46;1,23;млн сум;39;Рэнкинг страховых компаний — II квартал 2026 (snsratings.uz).txt
2026-Q2;finance_income;Доходы от финансовой деятельности;суммарные;EUROASIA INSURANCE AJ QK;EUROASIA INSURANCE;0;9702,5;1,68;16;27964,7;3,2;8;188,22;1,52;3,17;млн сум;39;Рэнкинг страховых компаний — II квартал 2026 (snsratings.uz).txt
2026-Q2;finance_income;Доходы от финансовой деятельности;суммарные;IMKON SUG'URTA AJ;IMKON-SUG`URTA;0;23000,8;3,99;7;26686,6;3,06;9;16,02;-0,93;0,64;млн сум;39;Рэнкинг страховых компаний — II квартал 2026 (snsratings.uz).txt
2026-Q2;finance_income;Доходы от финансовой деятельности;суммарные;APEX LIFE INSURANCE AJ;APEX LIFE INSURANCE;1;13296,3;2,31;11;25267,8;2,89;10;90,04;0,58;2,08;млн сум;39;Рэнкинг страховых компаний — II квартал 2026 (snsratings.uz).txt
2026-Q2;finance_income;Доходы от финансовой деятельности;суммарные;XALQ SUG'URTA AJ;XALQ SUG`URTA;0;21726,7;3,77;8;23844,7;2,73;11;9,75;-1,04;0,37;млн сум;39;Рэнкинг страховых компаний — II квартал 2026 (snsratings.uz).txt
2026-Q2;finance_income;Доходы от финансовой деятельности;суммарные;MOSAIC INSURANCE GROUP AJ QK;MOSAIC INSURANCE GROUP;0;10039,6;1,74;15;23208,0;2,66;12;131,16;0,92;2,28;млн сум;39;Рэнкинг страховых компаний — II квартал 2026 (snsratings.uz).txt
2026-Q2;finance_income;Доходы от финансовой деятельности;суммарные;TEMIRYO'L SUG'URTA AJ;TEMIRYO`L SUG`URTA;0;16883,8;2,93;10;18624,7;2,13;13;10,31;-0,8;0,3;млн сум;39;Рэнкинг страховых компаний — II квартал 2026 (snsratings.uz).txt
2026-Q2;finance_income;Доходы от финансовой деятельности;суммарные;QUANTUM INSURANCE AJ;QUANTUM INSURANCE;0;11810,4;2,05;13;17682,7;2,02;14;49,72;-0,03;1,02;млн сум;39;Рэнкинг страховых компаний — II квартал 2026 (snsratings.uz).txt
2026-Q2;finance_income;Доходы от финансовой деятельности;суммарные;HAMKOR SUG'URTA AJ;HAMKOR SUG`URTA;0;12471,7;2,16;12;13453,3;1,54;15;7,87;-0,62;0,17;млн сум;39;Рэнкинг страховых компаний — II квартал 2026 (snsratings.uz).txt
2026-Q2;finance_income;Доходы от финансовой деятельности;суммарные;NEO INSURANCE CORP AJ;NEO INSURANCE CORP;0;5008,5;0,87;25;11128,1;1,27;16;122,18;0,4;1,06;млн сум;39;Рэнкинг страховых компаний — II квартал 2026 (snsratings.uz).txt
2026-Q2;finance_income;Доходы от финансовой деятельности;суммарные;KAFIL SUG'URTA AJ;KAFIL-SUG`URTA;0;7987,5;1,39;17;10615,5;1,22;17;32,9;-0,17;0,46;млн сум;39;Рэнкинг страховых компаний — II квартал 2026 (snsratings.uz).txt
2026-Q2;finance_income;Доходы от финансовой деятельности;суммарные;TBC SUG'URTA AJ;TBC SUG`URTA;1;1966,8;0,34;34;10485,6;1,2;18;433,13;0,86;1,48;млн сум;39;Рэнкинг страховых компаний — II квартал 2026 (snsratings.uz).txt
2026-Q2;finance_income;Доходы от финансовой деятельности;суммарные;ASIA INSURANCE SUG'URTA KOMPANIYASI AJ;ASIA INSURANCE SUG`URTA KOMPANIYASI;0;4909,1;0,85;27;9545,7;1,09;19;94,45;0,24;0,8;млн сум;39;Рэнкинг страховых компаний — II квартал 2026 (snsratings.uz).txt
2026-Q2;finance_income;Доходы от финансовой деятельности;суммарные;ARIA SUG'URTA TASHKILOTI AJ;ARIA SUG`URTA TASHKILOTI;0;4977,6;0,86;26;8796,9;1,01;20;76,73;0,15;0,66;млн сум;39;Рэнкинг страховых компаний — II квартал 2026 (snsratings.uz).txt
2026-Q2;finance_income;Доходы от финансовой деятельности;суммарные;O'ZAGROSUG'URTA AJ;O`ZAGROSUG`URTA;0;7552,5;1,31;20;8742,7;1,0;21;15,76;-0,31;0,21;млн сум;39;Рэнкинг страховых компаний — II квартал 2026 (snsratings.uz).txt
2026-Q2;finance_income;Доходы от финансовой деятельности;суммарные;IMPEX-INSURANCE AJ;IMPEX-INSURANCE;0;2188,9;0,38;33;8010,8;0,92;22;265,97;0,54;1,01;млн сум;39;Рэнкинг страховых компаний — II квартал 2026 (snsratings.uz).txt
2026-Q2;finance_income;Доходы от финансовой деятельности;суммарные;INFINITY INSURANCE AJ;INFINITY INSURANCE;0;7841,9;1,36;18;7933,9;0,91;23;1,17;-0,45;0,02;млн сум;39;Рэнкинг страховых компаний — II квартал 2026 (snsratings.uz).txt
2026-Q2;finance_income;Доходы от финансовой деятельности;суммарные;INSON AJ;INSON;0;7177,8;1,25;21;7832,8;0,9;24;9,13;-0,35;0,11;млн сум;39;Рэнкинг страховых компаний — II квартал 2026 (snsratings.uz).txt
2026-Q2;finance_income;Доходы от финансовой деятельности;суммарные;O'ZBEKISTON QAYTA SUG'URTA KOMPANIYASI MQST AJ;O`ZBEKISTON QAYTA SUG`URTA KOMPANIYASI;0;;0,0;35;7696,9;0,88;25;0,0;0,88;1,34;млн сум;39;Рэнкинг страховых компаний — II квартал 2026 (snsratings.uz).txt
2026-Q2;finance_income;Доходы от финансовой деятельности;суммарные;KAFOLAT HAYOT INSURANCE AJ;KAFOLAT HAYOT INSURANCE;1;5198,1;0,9;24;7182,6;0,82;26;38,18;-0,08;0,34;млн сум;39;Рэнкинг страховых компаний — II квартал 2026 (snsratings.uz).txt
2026-Q2;finance_income;Доходы от финансовой деятельности;суммарные;ALFA LIFE INSURANCE AJ;ALFA LIFE INSURANCE;1;6018,0;1,04;23;6729,0;0,77;27;11,81;-0,27;0,12;млн сум;39;Рэнкинг страховых компаний — II квартал 2026 (snsratings.uz).txt
2026-Q2;finance_income;Доходы от финансовой деятельности;суммарные;ISHONCH SUG'URTA KOMPANIYASI AJ;ISHONCH SUG`URTA KOMPANIYASI;0;3045,9;0,53;30;5941,5;0,68;28;95,07;0,15;0,5;млн сум;39;Рэнкинг страховых компаний — II квартал 2026 (snsratings.uz).txt
2026-Q2;finance_income;Доходы от финансовой деятельности;суммарные;KAPITAL SUG'URTA AJ;KAPITAL SUG`URTA;0;7633,6;1,32;19;5760,2;0,66;29;-24,54;-0,66;-0,33;млн сум;39;Рэнкинг страховых компаний — II квартал 2026 (snsratings.uz).txt
2026-Q2;finance_income;Доходы от финансовой деятельности;суммарные;O'ZBEKINVEST HAYOT SUG'URTA KOMPANIYASI AJ;O`ZBEKINVEST HAYOT SUG`URTA KOMPANIYASI;1;3153,5;0,55;29;4992,6;0,57;30;58,32;0,02;0,32;млн сум;39;Рэнкинг страховых компаний — II квартал 2026 (snsratings.uz).txt
2026-Q2;finance_income;Доходы от финансовой деятельности;суммарные;ALSKOM AJ;ALSKOM SUG`URTA KOMPANIYASI;0;6276,0;1,09;22;3853,4;0,44;31;-38,6;-0,65;-0,42;млн сум;39;Рэнкинг страховых компаний — II квартал 2026 (snsratings.uz).txt
2026-Q2;finance_income;Доходы от финансовой деятельности;суммарные;AGROS HAYOT AJ;AGROS HAYOT SUG`URTA KOMPANIYASI;1;2542,3;0,44;31;3193,5;0,37;32;25,61;-0,07;0,11;млн сум;39;Рэнкинг страховых компаний — II квартал 2026 (snsratings.uz).txt
2026-Q2;finance_income;Доходы от финансовой деятельности;суммарные;PRESTIGE INSURANCE AJ;PRESTIGE INSURANCE;1;;0,0;35;3074,0;0,35;33;0,0;0,35;0,53;млн сум;39;Рэнкинг страховых компаний — II квартал 2026 (snsratings.uz).txt
2026-Q2;finance_income;Доходы от финансовой деятельности;суммарные;SEMURG SUG'URTA AJ QK;SEMURG INSURANCE;0;10225,8;1,77;14;2891,4;0,33;34;-71,72;-1,44;-1,27;млн сум;39;Рэнкинг страховых компаний — II квартал 2026 (snsratings.uz).txt
2026-Q2;finance_income;Доходы от финансовой деятельности;суммарные;TRUST-INSURANCE AJ;TRUST-INSURANCE;0;2201,0;0,38;32;2858,7;0,33;35;29,88;-0,05;0,11;млн сум;39;Рэнкинг страховых компаний — II квартал 2026 (snsratings.uz).txt
2026-Q2;finance_income;Доходы от финансовой деятельности;суммарные;GLOBAL INSURANCE GROUP AJ;GLOBAL INSURANCE GROUP;0;3653,0;0,63;28;;0,0;36;-100,0;-0,63;-0,63;млн сум;39;Рэнкинг страховых компаний — II квартал 2026 (snsratings.uz).txt
2026-Q2;finance_expenses;Расходы по финансовой деятельности;суммарные;ВСЕГО;ВСЕГО;0;236692,8;;;364753,8;;;54,1;;;млн сум;40;Рэнкинг страховых компаний — II квартал 2026 (snsratings.uz).txt
2026-Q2;finance_expenses;Расходы по финансовой деятельности;суммарные;APEX INSURANCE AJ;APEX INSURANCE;0;80977,2;34,21;1;112417,2;30,82;1;38,83;-3,39;13,28;млн сум;40;Рэнкинг страховых компаний — II квартал 2026 (snsratings.uz).txt
2026-Q2;finance_expenses;Расходы по финансовой деятельности;суммарные;O'ZBEKINVEST EISK AJ;O`ZBEKINVEST;0;55919,8;23,63;2;107609,9;29,5;2;92,44;5,87;21,84;млн сум;40;Рэнкинг страховых компаний — II квартал 2026 (snsratings.uz).txt
2026-Q2;finance_expenses;Расходы по финансовой деятельности;суммарные;ALFA INVEST SUG'URTA KOMPANIYASI AJ;ALFA INVEST SUG`URTA KOMPANIYASI;0;16907,9;7,14;4;31361,2;8,6;3;85,48;1,46;6,11;млн сум;40;Рэнкинг страховых компаний — II квартал 2026 (snsratings.uz).txt
2026-Q2;finance_expenses;Расходы по финансовой деятельности;суммарные;GROSS SUG'URTA KOMPANIYASI AJ;GROSS SUG`URTA KOMPANIYASI;0;15055,7;6,36;5;22326,3;6,12;4;48,29;-0,24;3,07;млн сум;40;Рэнкинг страховых компаний — II квартал 2026 (snsratings.uz).txt
2026-Q2;finance_expenses;Расходы по финансовой деятельности;суммарные;MOSAIC INSURANCE GROUP AJ QK;MOSAIC INSURANCE GROUP;0;10786,1;4,56;6;20062,3;5,5;5;86,0;0,94;3,92;млн сум;40;Рэнкинг страховых компаний — II квартал 2026 (snsratings.uz).txt
2026-Q2;finance_expenses;Расходы по финансовой деятельности;суммарные;KAFOLAT SUG'URTA KOMPANIYASI AJ;KAFOLAT SUG`URTA KOMPANIYASI;0;23095,7;9,76;3;17631,0;4,83;6;-23,66;-4,93;-2,31;млн сум;40;Рэнкинг страховых компаний — II квартал 2026 (snsratings.uz).txt
2026-Q2;finance_expenses;Расходы по финансовой деятельности;суммарные;APEX LIFE INSURANCE AJ;APEX LIFE INSURANCE;1;881,4;0,37;16;11564,9;3,17;7;1212,11;2,8;4,51;млн сум;40;Рэнкинг страховых компаний — II квартал 2026 (snsratings.uz).txt
2026-Q2;finance_expenses;Расходы по финансовой деятельности;суммарные;EUROASIA INSURANCE AJ QK;EUROASIA INSURANCE;0;8857,7;3,74;7;10020,5;2,75;8;13,13;-0,99;0,49;млн сум;40;Рэнкинг страховых компаний — II квартал 2026 (snsratings.uz).txt
2026-Q2;finance_expenses;Расходы по финансовой деятельности;суммарные;QUANTUM INSURANCE AJ;QUANTUM INSURANCE;0;2215,0;0,94;10;4634,6;1,27;9;109,24;0,33;1,02;млн сум;40;Рэнкинг страховых компаний — II квартал 2026 (snsratings.uz).txt
2026-Q2;finance_expenses;Расходы по финансовой деятельности;суммарные;ASIA INSURANCE SUG'URTA KOMPANIYASI AJ;ASIA INSURANCE SUG`URTA KOMPANIYASI;0;1551,5;0,66;12;3987,4;1,09;10;157,0;0,43;1,03;млн сум;40;Рэнкинг страховых компаний — II квартал 2026 (snsratings.uz).txt
2026-Q2;finance_expenses;Расходы по финансовой деятельности;суммарные;TRUST-INSURANCE AJ;TRUST-INSURANCE;0;426,8;0,18;20;3759,0;1,03;11;780,74;0,85;1,41;млн сум;40;Рэнкинг страховых компаний — II квартал 2026 (snsratings.uz).txt
2026-Q2;finance_expenses;Расходы по финансовой деятельности;суммарные;TEMIRYO'L SUG'URTA AJ;TEMIRYO`L SUG`URTA;0;4332,7;1,83;9;3720,4;1,02;12;-14,13;-0,81;-0,26;млн сум;40;Рэнкинг страховых компаний — II квартал 2026 (snsratings.uz).txt
2026-Q2;finance_expenses;Расходы по финансовой деятельности;суммарные;O'ZAGROSUG'URTA AJ;O`ZAGROSUG`URTA;0;1298,2;0,55;14;2617,3;0,72;13;101,61;0,17;0,56;млн сум;40;Рэнкинг страховых компаний — II квартал 2026 (snsratings.uz).txt
2026-Q2;finance_expenses;Расходы по финансовой деятельности;суммарные;KAFIL SUG'URTA AJ;KAFIL-SUG`URTA;0;1782,1;0,75;11;2153,6;0,59;14;20,85;-0,16;0,16;млн сум;40;Рэнкинг страховых компаний — II квартал 2026 (snsratings.uz).txt
2026-Q2;finance_expenses;Расходы по финансовой деятельности;суммарные;IMPEX-INSURANCE AJ;IMPEX-INSURANCE;0;701,4;0,3;18;2054,9;0,56;15;192,97;0,26;0,57;млн сум;40;Рэнкинг страховых компаний — II квартал 2026 (snsratings.uz).txt
2026-Q2;finance_expenses;Расходы по финансовой деятельности;суммарные;SQB INSURANCE SUG'URTA KOMPANIYASI AJ;SQB INSURANCE SUG`URTA KOMPANIYASI;0;1495,5;0,63;13;1935,7;0,53;16;29,43;-0,1;0,19;млн сум;40;Рэнкинг страховых компаний — II квартал 2026 (snsratings.uz).txt
2026-Q2;finance_expenses;Расходы по финансовой деятельности;суммарные;SEMURG SUG'URTA AJ QK;SEMURG INSURANCE;0;7331,1;3,1;8;1614,4;0,44;17;-77,98;-2,66;-2,42;млн сум;40;Рэнкинг страховых компаний — II квартал 2026 (snsratings.uz).txt
2026-Q2;finance_expenses;Расходы по финансовой деятельности;суммарные;ISHONCH SUG'URTA KOMPANIYASI AJ;ISHONCH SUG`URTA KOMPANIYASI;0;483,1;0,2;19;1564,5;0,43;18;223,85;0,23;0,46;млн сум;40;Рэнкинг страховых компаний — II квартал 2026 (snsratings.uz).txt
2026-Q2;finance_expenses;Расходы по финансовой деятельности;суммарные;INSON AJ;INSON;0;838,5;0,35;17;1056,0;0,29;19;25,94;-0,06;0,09;млн сум;40;Рэнкинг страховых компаний — II квартал 2026 (snsratings.uz).txt
2026-Q2;finance_expenses;Расходы по финансовой деятельности;суммарные;PRESTIGE INSURANCE AJ;PRESTIGE INSURANCE;1;;0,0;33;944,5;0,26;20;0,0;0,26;0,4;млн сум;40;Рэнкинг страховых компаний — II квартал 2026 (snsratings.uz).txt
2026-Q2;finance_expenses;Расходы по финансовой деятельности;суммарные;KAPITAL SUG'URTA AJ;KAPITAL SUG`URTA;0;1202,3;0,51;15;592,4;0,16;21;-50,73;-0,35;-0,26;млн сум;40;Рэнкинг страховых компаний — II квартал 2026 (snsratings.uz).txt
2026-Q2;finance_expenses;Расходы по финансовой деятельности;суммарные;NEO INSURANCE CORP AJ;NEO INSURANCE CORP;0;124,9;0,05;21;414,5;0,11;22;231,87;0,06;0,12;млн сум;40;Рэнкинг страховых компаний — II квартал 2026 (snsratings.uz).txt
2026-Q2;finance_expenses;Расходы по финансовой деятельности;суммарные;ALFA LIFE INSURANCE AJ;ALFA LIFE INSURANCE;1;103,2;0,04;22;172,1;0,05;23;66,76;0,01;0,03;млн сум;40;Рэнкинг страховых компаний — II квартал 2026 (snsratings.uz).txt
2026-Q2;finance_expenses;Расходы по финансовой деятельности;суммарные;IMKON SUG'URTA AJ;IMKON-SUG`URTA;0;23,8;0,01;28;142,5;0,04;24;498,74;0,03;0,05;млн сум;40;Рэнкинг страховых компаний — II квартал 2026 (snsratings.uz).txt
2026-Q2;finance_expenses;Расходы по финансовой деятельности;суммарные;ALSKOM AJ;ALSKOM SUG`URTA KOMPANIYASI;0;58,5;0,02;23;128,0;0,04;25;118,8;0,02;0,03;млн сум;40;Рэнкинг страховых компаний — II квартал 2026 (snsratings.uz).txt
2026-Q2;finance_expenses;Расходы по финансовой деятельности;суммарные;INFINITY INSURANCE AJ;INFINITY INSURANCE;0;47,6;0,02;26;127,6;0,03;26;168,07;0,01;0,03;млн сум;40;Рэнкинг страховых компаний — II квартал 2026 (snsratings.uz).txt
2026-Q2;finance_expenses;Расходы по финансовой деятельности;суммарные;MY-INSURANCE AJ;MY-INSURANCE;0;53,7;0,02;25;67,1;0,02;27;24,95;0,0;0,01;млн сум;40;Рэнкинг страховых компаний — II квартал 2026 (snsratings.uz).txt
2026-Q2;finance_expenses;Расходы по финансовой деятельности;суммарные;O'ZBEKINVEST HAYOT SUG'URTA KOMPANIYASI AJ;O`ZBEKINVEST HAYOT SUG`URTA KOMPANIYASI;1;19,8;0,01;29;22,4;0,01;28;13,13;0,0;0,0;млн сум;40;Рэнкинг страховых компаний — II квартал 2026 (snsratings.uz).txt
2026-Q2;finance_expenses;Расходы по финансовой деятельности;суммарные;HAMKOR SUG'URTA AJ;HAMKOR SUG`URTA;0;15,6;0,01;30;13,7;0,0;29;-12,18;-0,01;0,0;млн сум;40;Рэнкинг страховых компаний — II квартал 2026 (snsratings.uz).txt
2026-Q2;finance_expenses;Расходы по финансовой деятельности;суммарные;KAFOLAT HAYOT INSURANCE AJ;KAFOLAT HAYOT INSURANCE;1;2,1;0,0;32;10,9;0,0;30;419,05;0,0;0,0;млн сум;40;Рэнкинг страховых компаний — II квартал 2026 (snsratings.uz).txt
2026-Q2;finance_expenses;Расходы по финансовой деятельности;суммарные;O'ZBEKISTON QAYTA SUG'URTA KOMPANIYASI MQST AJ;O`ZBEKISTON QAYTA SUG`URTA KOMPANIYASI;0;;0,0;33;10,1;0,0;31;0,0;0,0;0,0;млн сум;40;Рэнкинг страховых компаний — II квартал 2026 (snsratings.uz).txt
2026-Q2;finance_expenses;Расходы по финансовой деятельности;суммарные;TBC SUG'URTA AJ;TBC SUG`URTA;1;;0,0;33;8,9;0,0;32;0,0;0,0;0,0;млн сум;40;Рэнкинг страховых компаний — II квартал 2026 (snsratings.uz).txt
2026-Q2;finance_expenses;Расходы по финансовой деятельности;суммарные;ARIA SUG'URTA TASHKILOTI AJ;ARIA SUG`URTA TASHKILOTI;0;43,0;0,02;27;7,5;0,0;33;-82,56;-0,02;-0,01;млн сум;40;Рэнкинг страховых компаний — II квартал 2026 (snsratings.uz).txt
2026-Q2;finance_expenses;Расходы по финансовой деятельности;суммарные;XALQ SUG'URTA AJ;XALQ SUG`URTA;0;4,2;0,0;31;0,5;0,0;34;-88,1;0,0;0,0;млн сум;40;Рэнкинг страховых компаний — II квартал 2026 (snsratings.uz).txt
2026-Q2;finance_expenses;Расходы по финансовой деятельности;суммарные;GLOBAL INSURANCE GROUP AJ;GLOBAL INSURANCE GROUP;0;56,7;0,02;24;;0,0;35;-100,0;-0,02;-0,02;млн сум;40;Рэнкинг страховых компаний — II квартал 2026 (snsratings.uz).txt
2026-Q2;finance_expenses;Расходы по финансовой деятельности;суммарные;AGROS HAYOT AJ;AGROS HAYOT SUG`URTA KOMPANIYASI;1;;0,0;33;;0,0;35;0,0;0,0;0,0;млн сум;40;Рэнкинг страховых компаний — II квартал 2026 (snsratings.uz).txt
2026-Q2;net_finance_income;Чистые доходы по финансовой деятельности;суммарные;ВСЕГО;ВСЕГО;0;339620,7;;;508649,7;;;49,77;;;млн сум;41;Рэнкинг страховых компаний — II квартал 2026 (snsratings.uz).txt
2026-Q2;net_finance_income;Чистые доходы по финансовой деятельности;суммарные;APEX INSURANCE AJ;APEX INSURANCE;0;13861,8;4,08;8;83347,2;16,39;1;501,27;12,31;20,46;млн сум;41;Рэнкинг страховых компаний — II квартал 2026 (snsratings.uz).txt
2026-Q2;net_finance_income;Чистые доходы по финансовой деятельности;суммарные;O'ZBEKINVEST EISK AJ;O`ZBEKINVEST;0;54979,4;16,19;1;64260,6;12,63;2;16,88;-3,56;2,73;млн сум;41;Рэнкинг страховых компаний — II квартал 2026 (snsratings.uz).txt
2026-Q2;net_finance_income;Чистые доходы по финансовой деятельности;суммарные;GROSS SUG'URTA KOMPANIYASI AJ;GROSS SUG`URTA KOMPANIYASI;0;26906,9;7,92;3;35581,8;7,0;3;32,24;-0,92;2,55;млн сум;41;Рэнкинг страховых компаний — II квартал 2026 (snsratings.uz).txt
2026-Q2;net_finance_income;Чистые доходы по финансовой деятельности;суммарные;SQB INSURANCE SUG'URTA KOMPANIYASI AJ;SQB INSURANCE SUG`URTA KOMPANIYASI;0;28799,4;8,48;2;32230,5;6,34;4;11,91;-2,14;1,01;млн сум;41;Рэнкинг страховых компаний — II квартал 2026 (snsratings.uz).txt
2026-Q2;net_finance_income;Чистые доходы по финансовой деятельности;суммарные;MY-INSURANCE AJ;MY-INSURANCE;0;21432,1;6,31;6;28491,4;5,6;5;32,94;-0,71;2,08;млн сум;41;Рэнкинг страховых компаний — II квартал 2026 (snsratings.uz).txt
2026-Q2;net_finance_income;Чистые доходы по финансовой деятельности;суммарные;IMKON SUG'URTA AJ;IMKON-SUG`URTA;0;22977,0;6,77;4;26544,1;5,22;6;15,52;-1,55;1,05;млн сум;41;Рэнкинг страховых компаний — II квартал 2026 (snsratings.uz).txt
2026-Q2;net_finance_income;Чистые доходы по финансовой деятельности;суммарные;XALQ SUG'URTA AJ;XALQ SUG`URTA;0;21722,5;6,4;5;23844,2;4,69;7;9,77;-1,71;0,62;млн сум;41;Рэнкинг страховых компаний — II квартал 2026 (snsratings.uz).txt
2026-Q2;net_finance_income;Чистые доходы по финансовой деятельности;суммарные;EUROASIA INSURANCE AJ QK;EUROASIA INSURANCE;0;844,8;0,25;33;17944,2;3,53;8;2024,08;3,28;5,03;млн сум;41;Рэнкинг страховых компаний — II квартал 2026 (snsratings.uz).txt
2026-Q2;net_finance_income;Чистые доходы по финансовой деятельности;суммарные;TEMIRYO'L SUG'URTA AJ;TEMIRYO`L SUG`URTA;0;12551,1;3,7;9;14904,3;2,93;9;18,75;-0,77;0,69;млн сум;41;Рэнкинг страховых компаний — II квартал 2026 (snsratings.uz).txt
2026-Q2;net_finance_income;Чистые доходы по финансовой деятельности;суммарные;KAFOLAT SUG'URTA KOMPANIYASI AJ;KAFOLAT SUG`URTA KOMPANIYASI;0;2063,0;0,61;29;13888,1;2,73;10;573,2;2,12;3,48;млн сум;41;Рэнкинг страховых компаний — II квартал 2026 (snsratings.uz).txt
2026-Q2;net_finance_income;Чистые доходы по финансовой деятельности;суммарные;APEX LIFE INSURANCE AJ;APEX LIFE INSURANCE;1;12414,9;3,66;11;13702,9;2,69;11;10,37;-0,97;0,38;млн сум;41;Рэнкинг страховых компаний — II квартал 2026 (snsratings.uz).txt
2026-Q2;net_finance_income;Чистые доходы по финансовой деятельности;суммарные;HAMKOR SUG'URTA AJ;HAMKOR SUG`URTA;0;12456,1;3,67;10;13439,6;2,64;12;7,9;-1,03;0,29;млн сум;41;Рэнкинг страховых компаний — II квартал 2026 (snsratings.uz).txt
2026-Q2;net_finance_income;Чистые доходы по финансовой деятельности;суммарные;QUANTUM INSURANCE AJ;QUANTUM INSURANCE;0;9595,4;2,83;12;13048,1;2,57;13;35,98;-0,26;1,02;млн сум;41;Рэнкинг страховых компаний — II квартал 2026 (snsratings.uz).txt
2026-Q2;net_finance_income;Чистые доходы по финансовой деятельности;суммарные;NEO INSURANCE CORP AJ;NEO INSURANCE CORP;0;4883,6;1,44;22;10713,6;2,11;14;119,38;0,67;1,72;млн сум;41;Рэнкинг страховых компаний — II квартал 2026 (snsratings.uz).txt
2026-Q2;net_finance_income;Чистые доходы по финансовой деятельности;суммарные;TBC SUG'URTA AJ;TBC SUG`URTA;1;1966,8;0,58;30;10476,7;2,06;15;432,68;1,48;2,51;млн сум;41;Рэнкинг страховых компаний — II квартал 2026 (snsratings.uz).txt
2026-Q2;net_finance_income;Чистые доходы по финансовой деятельности;суммарные;ARIA SUG'URTA TASHKILOTI AJ;ARIA SUG`URTA TASHKILOTI;0;4934,6;1,45;21;8789,4;1,73;16;78,12;0,28;1,14;млн сум;41;Рэнкинг страховых компаний — II квартал 2026 (snsratings.uz).txt
2026-Q2;net_finance_income;Чистые доходы по финансовой деятельности;суммарные;KAFIL SUG'URTA AJ;KAFIL-SUG`URTA;0;6205,4;1,83;18;8461,9;1,66;17;36,36;-0,17;0,66;млн сум;41;Рэнкинг страховых компаний — II квартал 2026 (snsratings.uz).txt
2026-Q2;net_finance_income;Чистые доходы по финансовой деятельности;суммарные;ALFA INVEST SUG'URTA KOMPANIYASI AJ;ALFA INVEST SUG`URTA KOMPANIYASI;0;16275,8;4,79;7;8257,2;1,62;18;-49,27;-3,17;-2,36;млн сум;41;Рэнкинг страховых компаний — II квартал 2026 (snsratings.uz).txt
2026-Q2;net_finance_income;Чистые доходы по финансовой деятельности;суммарные;INFINITY INSURANCE AJ;INFINITY INSURANCE;0;7794,3;2,3;13;7806,3;1,53;19;0,15;-0,77;0,0;млн сум;41;Рэнкинг страховых компаний — II квартал 2026 (snsratings.uz).txt
2026-Q2;net_finance_income;Чистые доходы по финансовой деятельности;суммарные;O'ZBEKISTON QAYTA SUG'URTA KOMPANIYASI MQST AJ;O`ZBEKISTON QAYTA SUG`URTA KOMPANIYASI;0;;0,0;34;7686,8;1,51;20;0,0;1,51;2,26;млн сум;41;Рэнкинг страховых компаний — II квартал 2026 (snsratings.uz).txt
2026-Q2;net_finance_income;Чистые доходы по финансовой деятельности;суммарные;KAFOLAT HAYOT INSURANCE AJ;KAFOLAT HAYOT INSURANCE;1;5196,0;1,53;20;7171,7;1,41;21;38,02;-0,12;0,58;млн сум;41;Рэнкинг страховых компаний — II квартал 2026 (snsratings.uz).txt
2026-Q2;net_finance_income;Чистые доходы по финансовой деятельности;суммарные;INSON AJ;INSON;0;6339,3;1,87;15;6776,8;1,33;22;6,9;-0,54;0,13;млн сум;41;Рэнкинг страховых компаний — II квартал 2026 (snsratings.uz).txt
2026-Q2;net_finance_income;Чистые доходы по финансовой деятельности;суммарные;ALFA LIFE INSURANCE AJ;ALFA LIFE INSURANCE;1;5914,8;1,74;19;6556,9;1,29;23;10,86;-0,45;0,19;млн сум;41;Рэнкинг страховых компаний — II квартал 2026 (snsratings.uz).txt
2026-Q2;net_finance_income;Чистые доходы по финансовой деятельности;суммарные;O'ZAGROSUG'URTA AJ;O`ZAGROSUG`URTA;0;6254,3;1,84;16;6125,4;1,2;24;-2,06;-0,64;-0,04;млн сум;41;Рэнкинг страховых компаний — II квартал 2026 (snsratings.uz).txt
2026-Q2;net_finance_income;Чистые доходы по финансовой деятельности;суммарные;IMPEX-INSURANCE AJ;IMPEX-INSURANCE;0;1487,5;0,44;32;5955,9;1,17;25;300,4;0,73;1,32;млн сум;41;Рэнкинг страховых компаний — II квартал 2026 (snsratings.uz).txt
2026-Q2;net_finance_income;Чистые доходы по финансовой деятельности;суммарные;ASIA INSURANCE SUG'URTA KOMPANIYASI AJ;ASIA INSURANCE SUG`URTA KOMPANIYASI;0;3357,6;0,99;24;5558,3;1,09;26;65,54;0,1;0,65;млн сум;41;Рэнкинг страховых компаний — II квартал 2026 (snsratings.uz).txt
2026-Q2;net_finance_income;Чистые доходы по финансовой деятельности;суммарные;KAPITAL SUG'URTA AJ;KAPITAL SUG`URTA;0;6431,3;1,89;14;5167,8;1,02;27;-19,65;-0,87;-0,37;млн сум;41;Рэнкинг страховых компаний — II квартал 2026 (snsratings.uz).txt
2026-Q2;net_finance_income;Чистые доходы по финансовой деятельности;суммарные;O'ZBEKINVEST HAYOT SUG'URTA KOMPANIYASI AJ;O`ZBEKINVEST HAYOT SUG`URTA KOMPANIYASI;1;3133,7;0,92;25;4970,2;0,98;28;58,6;0,06;0,54;млн сум;41;Рэнкинг страховых компаний — II квартал 2026 (snsratings.uz).txt
2026-Q2;net_finance_income;Чистые доходы по финансовой деятельности;суммарные;ISHONCH SUG'URTA KOMPANIYASI AJ;ISHONCH SUG`URTA KOMPANIYASI;0;2562,8;0,75;27;4377,0;0,86;29;70,79;0,11;0,53;млн сум;41;Рэнкинг страховых компаний — II квартал 2026 (snsratings.uz).txt
2026-Q2;net_finance_income;Чистые доходы по финансовой деятельности;суммарные;ALSKOM AJ;ALSKOM SUG`URTA KOMPANIYASI;0;6217,5;1,83;17;3725,4;0,73;30;-40,08;-1,1;-0,73;млн сум;41;Рэнкинг страховых компаний — II квартал 2026 (snsratings.uz).txt
2026-Q2;net_finance_income;Чистые доходы по финансовой деятельности;суммарные;AGROS HAYOT AJ;AGROS HAYOT SUG`URTA KOMPANIYASI;1;2542,3;0,75;28;3193,5;0,63;31;25,61;-0,12;0,19;млн сум;41;Рэнкинг страховых компаний — II квартал 2026 (snsratings.uz).txt
2026-Q2;net_finance_income;Чистые доходы по финансовой деятельности;суммарные;MOSAIC INSURANCE GROUP AJ QK;MOSAIC INSURANCE GROUP;0;-746,5;-0,22;36;3145,7;0,62;32;521,39;0,84;1,15;млн сум;41;Рэнкинг страховых компаний — II квартал 2026 (snsratings.uz).txt
2026-Q2;net_finance_income;Чистые доходы по финансовой деятельности;суммарные;PRESTIGE INSURANCE AJ;PRESTIGE INSURANCE;1;;0,0;34;2129,5;0,42;33;0,0;0,42;0,63;млн сум;41;Рэнкинг страховых компаний — II квартал 2026 (snsratings.uz).txt
2026-Q2;net_finance_income;Чистые доходы по финансовой деятельности;суммарные;SEMURG SUG'URTA AJ QK;SEMURG INSURANCE;0;2894,7;0,85;26;1277,0;0,25;34;-55,88;-0,6;-0,48;млн сум;41;Рэнкинг страховых компаний — II квартал 2026 (snsratings.uz).txt
2026-Q2;net_finance_income;Чистые доходы по финансовой деятельности;суммарные;GLOBAL INSURANCE GROUP AJ;GLOBAL INSURANCE GROUP;0;3596,3;1,06;23;;0,0;35;-100,0;-1,06;-1,06;млн сум;41;Рэнкинг страховых компаний — II квартал 2026 (snsratings.uz).txt
2026-Q2;net_finance_income;Чистые доходы по финансовой деятельности;суммарные;TRUST-INSURANCE AJ;TRUST-INSURANCE;0;1774,2;0,52;31;-900,3;-0,18;36;-150,74;-0,7;-0,79;млн сум;41;Рэнкинг страховых компаний — II квартал 2026 (snsratings.uz).txt
2026-Q2;profit_before_tax;Прибыль (убыток) до уплаты налога на прибыль;суммарные;ВСЕГО;ВСЕГО;0;373852,3;;;602568,4;;;61,18;;;млн сум;42;Рэнкинг страховых компаний — II квартал 2026 (snsratings.uz).txt
2026-Q2;profit_before_tax;Прибыль (убыток) до уплаты налога на прибыль;суммарные;APEX INSURANCE AJ;APEX INSURANCE;0;149889,8;40,09;1;182504,7;30,29;1;21,76;-9,8;8,72;млн сум;42;Рэнкинг страховых компаний — II квартал 2026 (snsratings.uz).txt
2026-Q2;profit_before_tax;Прибыль (убыток) до уплаты налога на прибыль;суммарные;EUROASIA INSURANCE AJ QK;EUROASIA INSURANCE;0;31188,9;8,34;3;124677,8;20,69;2;299,75;12,35;25,01;млн сум;42;Рэнкинг страховых компаний — II квартал 2026 (snsratings.uz).txt
2026-Q2;profit_before_tax;Прибыль (убыток) до уплаты налога на прибыль;суммарные;MOSAIC INSURANCE GROUP AJ QK;MOSAIC INSURANCE GROUP;0;22490,9;6,02;4;39258,0;6,52;3;74,55;0,5;4,48;млн сум;42;Рэнкинг страховых компаний — II квартал 2026 (snsratings.uz).txt
2026-Q2;profit_before_tax;Прибыль (убыток) до уплаты налога на прибыль;суммарные;O'ZBEKINVEST EISK AJ;O`ZBEKINVEST;0;32709,7;8,75;2;36169,7;6,0;4;10,58;-2,75;0,93;млн сум;42;Рэнкинг страховых компаний — II квартал 2026 (snsratings.uz).txt
2026-Q2;profit_before_tax;Прибыль (убыток) до уплаты налога на прибыль;суммарные;TBC SUG'URTA AJ;TBC SUG`URTA;1;1405,9;0,38;23;24256,0;4,03;5;1625,3;3,65;6,11;млн сум;42;Рэнкинг страховых компаний — II квартал 2026 (snsratings.uz).txt
2026-Q2;profit_before_tax;Прибыль (убыток) до уплаты налога на прибыль;суммарные;KAFOLAT SUG'URTA KOMPANIYASI AJ;KAFOLAT SUG`URTA KOMPANIYASI;0;14896,0;3,98;6;20134,4;3,34;6;35,17;-0,64;1,4;млн сум;42;Рэнкинг страховых компаний — II квартал 2026 (snsratings.uz).txt
2026-Q2;profit_before_tax;Прибыль (убыток) до уплаты налога на прибыль;суммарные;XALQ SUG'URTA AJ;XALQ SUG`URTA;0;7627,9;2,04;12;19439,1;3,23;7;154,84;1,19;3,16;млн сум;42;Рэнкинг страховых компаний — II квартал 2026 (snsratings.uz).txt
2026-Q2;profit_before_tax;Прибыль (убыток) до уплаты налога на прибыль;суммарные;GROSS SUG'URTA KOMPANIYASI AJ;GROSS SUG`URTA KOMPANIYASI;0;8066,5;2,16;11;17608,8;2,92;8;118,3;0,76;2,55;млн сум;42;Рэнкинг страховых компаний — II квартал 2026 (snsratings.uz).txt
2026-Q2;profit_before_tax;Прибыль (убыток) до уплаты налога на прибыль;суммарные;IMKON SUG'URTA AJ;IMKON-SUG`URTA;0;6859,5;1,83;14;17013,0;2,82;9;148,02;0,99;2,72;млн сум;42;Рэнкинг страховых компаний — II квартал 2026 (snsratings.uz).txt
2026-Q2;profit_before_tax;Прибыль (убыток) до уплаты налога на прибыль;суммарные;TEMIRYO'L SUG'URTA AJ;TEMIRYO`L SUG`URTA;0;766,7;0,21;27;16618,1;2,76;10;2067,48;2,55;4,24;млн сум;42;Рэнкинг страховых компаний — II квартал 2026 (snsratings.uz).txt
2026-Q2;profit_before_tax;Прибыль (убыток) до уплаты налога на прибыль;суммарные;KAFIL SUG'URTA AJ;KAFIL-SUG`URTA;0;10685,3;2,86;10;16357,6;2,71;11;53,09;-0,15;1,52;млн сум;42;Рэнкинг страховых компаний — II квартал 2026 (snsratings.uz).txt
2026-Q2;profit_before_tax;Прибыль (убыток) до уплаты налога на прибыль;суммарные;NEO INSURANCE CORP AJ;NEO INSURANCE CORP;0;742,8;0,2;28;16323,3;2,71;12;2097,54;2,51;4,17;млн сум;42;Рэнкинг страховых компаний — II квартал 2026 (snsratings.uz).txt
2026-Q2;profit_before_tax;Прибыль (убыток) до уплаты налога на прибыль;суммарные;SQB INSURANCE SUG'URTA KOMPANIYASI AJ;SQB INSURANCE SUG`URTA KOMPANIYASI;0;14621,2;3,91;8;14647,9;2,43;13;0,18;-1,48;0,01;млн сум;42;Рэнкинг страховых компаний — II квартал 2026 (snsratings.uz).txt
2026-Q2;profit_before_tax;Прибыль (убыток) до уплаты налога на прибыль;суммарные;HAMKOR SUG'URTA AJ;HAMKOR SUG`URTA;0;14725,8;3,94;7;13348,0;2,22;14;-9,36;-1,72;-0,37;млн сум;42;Рэнкинг страховых компаний — II квартал 2026 (snsratings.uz).txt
2026-Q2;profit_before_tax;Прибыль (убыток) до уплаты налога на прибыль;суммарные;MY-INSURANCE AJ;MY-INSURANCE;0;12721,5;3,4;9;9037,5;1,5;15;-28,96;-1,9;-0,99;млн сум;42;Рэнкинг страховых компаний — II квартал 2026 (snsratings.uz).txt
2026-Q2;profit_before_tax;Прибыль (убыток) до уплаты налога на прибыль;суммарные;O'ZBEKISTON QAYTA SUG'URTA KOMPANIYASI MQST AJ;O`ZBEKISTON QAYTA SUG`URTA KOMPANIYASI;0;;0,0;33;5724,5;0,95;16;0,0;0,95;1,53;млн сум;42;Рэнкинг страховых компаний — II квартал 2026 (snsratings.uz).txt
2026-Q2;profit_before_tax;Прибыль (убыток) до уплаты налога на прибыль;суммарные;SEMURG SUG'URTA AJ QK;SEMURG INSURANCE;0;414,9;0,11;31;5483,4;0,91;17;1221,62;0,8;1,36;млн сум;42;Рэнкинг страховых компаний — II квартал 2026 (snsratings.uz).txt
2026-Q2;profit_before_tax;Прибыль (убыток) до уплаты налога на прибыль;суммарные;INFINITY INSURANCE AJ;INFINITY INSURANCE;0;4382,4;1,17;16;5015,6;0,83;18;14,45;-0,34;0,17;млн сум;42;Рэнкинг страховых компаний — II квартал 2026 (snsratings.uz).txt
2026-Q2;profit_before_tax;Прибыль (убыток) до уплаты налога на прибыль;суммарные;ALFA INVEST SUG'URTA KOMPANIYASI AJ;ALFA INVEST SUG`URTA KOMPANIYASI;0;794,2;0,21;26;4474,2;0,74;19;463,36;0,53;0,98;млн сум;42;Рэнкинг страховых компаний — II квартал 2026 (snsratings.uz).txt
2026-Q2;profit_before_tax;Прибыль (убыток) до уплаты налога на прибыль;суммарные;KAPITAL SUG'URTA AJ;KAPITAL SUG`URTA;0;3216,5;0,86;19;4376,9;0,73;20;36,08;-0,13;0,31;млн сум;42;Рэнкинг страховых компаний — II квартал 2026 (snsratings.uz).txt
2026-Q2;profit_before_tax;Прибыль (убыток) до уплаты налога на прибыль;суммарные;ARIA SUG'URTA TASHKILOTI AJ;ARIA SUG`URTA TASHKILOTI;0;2569,8;0,69;20;4305,2;0,71;21;67,53;0,02;0,46;млн сум;42;Рэнкинг страховых компаний — II квартал 2026 (snsratings.uz).txt
2026-Q2;profit_before_tax;Прибыль (убыток) до уплаты налога на прибыль;суммарные;O'ZBEKINVEST HAYOT SUG'URTA KOMPANIYASI AJ;O`ZBEKINVEST HAYOT SUG`URTA KOMPANIYASI;1;2059,9;0,55;21;2762,7;0,46;22;34,12;-0,09;0,19;млн сум;42;Рэнкинг страховых компаний — II квартал 2026 (snsratings.uz).txt
2026-Q2;profit_before_tax;Прибыль (убыток) до уплаты налога на прибыль;суммарные;KAFOLAT HAYOT INSURANCE AJ;KAFOLAT HAYOT INSURANCE;1;794,9;0,21;25;2308,9;0,38;23;190,46;0,17;0,4;млн сум;42;Рэнкинг страховых компаний — II квартал 2026 (snsratings.uz).txt
2026-Q2;profit_before_tax;Прибыль (убыток) до уплаты налога на прибыль;суммарные;INSON AJ;INSON;0;849,4;0,23;24;1822,4;0,3;24;114,55;0,07;0,26;млн сум;42;Рэнкинг страховых компаний — II квартал 2026 (snsratings.uz).txt
2026-Q2;profit_before_tax;Прибыль (убыток) до уплаты налога на прибыль;суммарные;APEX LIFE INSURANCE AJ;APEX LIFE INSURANCE;1;185,2;0,05;32;1423,7;0,24;25;668,74;0,19;0,33;млн сум;42;Рэнкинг страховых компаний — II квартал 2026 (snsratings.uz).txt
2026-Q2;profit_before_tax;Прибыль (убыток) до уплаты налога на прибыль;суммарные;QUANTUM INSURANCE AJ;QUANTUM INSURANCE;0;7376,1;1,97;13;1286,6;0,21;26;-82,56;-1,76;-1,63;млн сум;42;Рэнкинг страховых компаний — II квартал 2026 (snsratings.uz).txt
2026-Q2;profit_before_tax;Прибыль (убыток) до уплаты налога на прибыль;суммарные;ALFA LIFE INSURANCE AJ;ALFA LIFE INSURANCE;1;1721,9;0,46;22;1007,7;0,17;27;-41,48;-0,29;-0,19;млн сум;42;Рэнкинг страховых компаний — II квартал 2026 (snsratings.uz).txt
2026-Q2;profit_before_tax;Прибыль (убыток) до уплаты налога на прибыль;суммарные;IMPEX-INSURANCE AJ;IMPEX-INSURANCE;0;4911,5;1,31;15;765,7;0,13;28;-84,41;-1,18;-1,11;млн сум;42;Рэнкинг страховых компаний — II квартал 2026 (snsratings.uz).txt
2026-Q2;profit_before_tax;Прибыль (убыток) до уплаты налога на прибыль;суммарные;ISHONCH SUG'URTA KOMPANIYASI AJ;ISHONCH SUG`URTA KOMPANIYASI;0;609,4;0,16;29;633,7;0,11;29;3,99;-0,05;0,01;млн сум;42;Рэнкинг страховых компаний — II квартал 2026 (snsratings.uz).txt
2026-Q2;profit_before_tax;Прибыль (убыток) до уплаты налога на прибыль;суммарные;ASIA INSURANCE SUG'URTA KOMPANIYASI AJ;ASIA INSURANCE SUG`URTA KOMPANIYASI;0;-10415,7;-2,79;36;625,3;0,1;30;106,0;2,89;2,95;млн сум;42;Рэнкинг страховых компаний — II квартал 2026 (snsratings.uz).txt
2026-Q2;profit_before_tax;Прибыль (убыток) до уплаты налога на прибыль;суммарные;O'ZAGROSUG'URTA AJ;O`ZAGROSUG`URTA;0;4378,2;1,17;17;577,6;0,1;31;-86,81;-1,07;-1,02;млн сум;42;Рэнкинг страховых компаний — II квартал 2026 (snsratings.uz).txt
2026-Q2;profit_before_tax;Прибыль (убыток) до уплаты налога на прибыль;суммарные;TRUST-INSURANCE AJ;TRUST-INSURANCE;0;532,6;0,14;30;290,8;0,05;32;-45,4;-0,09;-0,06;млн сум;42;Рэнкинг страховых компаний — II квартал 2026 (snsratings.uz).txt
2026-Q2;profit_before_tax;Прибыль (убыток) до уплаты налога на прибыль;суммарные;AGROS HAYOT AJ;AGROS HAYOT SUG`URTA KOMPANIYASI;1;-45,4;-0,01;35;91,8;0,02;33;302,2;0,03;0,04;млн сум;42;Рэнкинг страховых компаний — II квартал 2026 (snsratings.uz).txt
2026-Q2;profit_before_tax;Прибыль (убыток) до уплаты налога на прибыль;суммарные;GLOBAL INSURANCE GROUP AJ;GLOBAL INSURANCE GROUP;0;4187,0;1,12;18;;0,0;34;-100,0;-1,12;-1,12;млн сум;42;Рэнкинг страховых компаний — II квартал 2026 (snsratings.uz).txt
2026-Q2;profit_before_tax;Прибыль (убыток) до уплаты налога на прибыль;суммарные;ALSKOM AJ;ALSKOM SUG`URTA KOMPANIYASI;0;15931,1;4,26;5;-2211,7;-0,37;35;-113,88;-4,63;-4,85;млн сум;42;Рэнкинг страховых компаний — II квартал 2026 (snsratings.uz).txt
2026-Q2;profit_before_tax;Прибыль (убыток) до уплаты налога на прибыль;суммарные;PRESTIGE INSURANCE AJ;PRESTIGE INSURANCE;1;;0,0;33;-5590,5;-0,93;36;0,0;-0,93;-1,5;млн сум;42;Рэнкинг страховых компаний — II квартал 2026 (snsratings.uz).txt
2026-Q2;income_tax;Налог на прибыль;суммарные;ВСЕГО;ВСЕГО;0;58507,2;;;95965,1;;;64,02;;;млн сум;43;Рэнкинг страховых компаний — II квартал 2026 (snsratings.uz).txt
2026-Q2;income_tax;Налог на прибыль;суммарные;APEX INSURANCE AJ;APEX INSURANCE;0;24088,2;41,17;1;28644,7;29,85;1;18,92;-11,32;7,79;млн сум;43;Рэнкинг страховых компаний — II квартал 2026 (snsratings.uz).txt
2026-Q2;income_tax;Налог на прибыль;суммарные;EUROASIA INSURANCE AJ QK;EUROASIA INSURANCE;0;5209,0;8,9;2;19553,8;20,38;2;275,38;11,48;24,52;млн сум;43;Рэнкинг страховых компаний — II квартал 2026 (snsratings.uz).txt
2026-Q2;income_tax;Налог на прибыль;суммарные;MOSAIC INSURANCE GROUP AJ QK;MOSAIC INSURANCE GROUP;0;3376,7;5,77;3;5906,5;6,15;3;74,92;0,38;4,32;млн сум;43;Рэнкинг страховых компаний — II квартал 2026 (snsratings.uz).txt
2026-Q2;income_tax;Налог на прибыль;суммарные;O'ZBEKINVEST EISK AJ;O`ZBEKINVEST;0;3306,7;5,65;4;4359,0;4,54;4;31,82;-1,11;1,8;млн сум;43;Рэнкинг страховых компаний — II квартал 2026 (snsratings.uz).txt
2026-Q2;income_tax;Налог на прибыль;суммарные;KAFOLAT SUG'URTA KOMPANIYASI AJ;KAFOLAT SUG`URTA KOMPANIYASI;0;2900,9;4,96;5;4192,5;4,37;5;44,52;-0,59;2,21;млн сум;43;Рэнкинг страховых компаний — II квартал 2026 (snsratings.uz).txt
2026-Q2;income_tax;Налог на прибыль;суммарные;XALQ SUG'URTA AJ;XALQ SUG`URTA;0;1571,7;2,69;10;4016,8;4,19;6;155,57;1,5;4,18;млн сум;43;Рэнкинг страховых компаний — II квартал 2026 (snsratings.uz).txt
2026-Q2;income_tax;Налог на прибыль;суммарные;TBC SUG'URTA AJ;TBC SUG`URTA;1;212,0;0,36;22;3753,9;3,91;7;1670,71;3,55;6,05;млн сум;43;Рэнкинг страховых компаний — II квартал 2026 (snsratings.uz).txt
2026-Q2;income_tax;Налог на прибыль;суммарные;IMKON SUG'URTA AJ;IMKON-SUG`URTA;0;1136,1;1,94;12;3381,4;3,52;8;197,63;1,58;3,84;млн сум;43;Рэнкинг страховых компаний — II квартал 2026 (snsratings.uz).txt
2026-Q2;income_tax;Налог на прибыль;суммарные;GROSS SUG'URTA KOMPANIYASI AJ;GROSS SUG`URTA KOMPANIYASI;0;1084,1;1,85;14;2892,9;3,01;9;166,85;1,16;3,09;млн сум;43;Рэнкинг страховых компаний — II квартал 2026 (snsratings.uz).txt
2026-Q2;income_tax;Налог на прибыль;суммарные;TEMIRYO'L SUG'URTA AJ;TEMIRYO`L SUG`URTA;0;135,5;0,23;24;2537,3;2,64;10;1772,55;2,41;4,11;млн сум;43;Рэнкинг страховых компаний — II квартал 2026 (snsratings.uz).txt
2026-Q2;income_tax;Налог на прибыль;суммарные;NEO INSURANCE CORP AJ;NEO INSURANCE CORP;0;263,6;0,45;21;2517,5;2,62;11;855,05;2,17;3,85;млн сум;43;Рэнкинг страховых компаний — II квартал 2026 (snsratings.uz).txt
2026-Q2;income_tax;Налог на прибыль;суммарные;KAFIL SUG'URTA AJ;KAFIL-SUG`URTA;0;1447,6;2,47;11;2286,2;2,38;12;57,93;-0,09;1,43;млн сум;43;Рэнкинг страховых компаний — II квартал 2026 (snsratings.uz).txt
2026-Q2;income_tax;Налог на прибыль;суммарные;SQB INSURANCE SUG'URTA KOMPANIYASI AJ;SQB INSURANCE SUG`URTA KOMPANIYASI;0;2214,4;3,78;7;2206,7;2,3;13;-0,35;-1,48;-0,01;млн сум;43;Рэнкинг страховых компаний — II квартал 2026 (snsratings.uz).txt
2026-Q2;income_tax;Налог на прибыль;суммарные;HAMKOR SUG'URTA AJ;HAMKOR SUG`URTA;0;2210,2;3,78;8;2010,8;2,1;14;-9,02;-1,68;-0,34;млн сум;43;Рэнкинг страховых компаний — II квартал 2026 (snsratings.uz).txt
2026-Q2;income_tax;Налог на прибыль;суммарные;MY-INSURANCE AJ;MY-INSURANCE;0;1908,2;3,26;9;1355,6;1,41;15;-28,96;-1,85;-0,94;млн сум;43;Рэнкинг страховых компаний — II квартал 2026 (snsratings.uz).txt
2026-Q2;income_tax;Налог на прибыль;суммарные;KAPITAL SUG'URTA AJ;KAPITAL SUG`URTA;0;729,4;1,25;16;1093,2;1,14;16;49,88;-0,11;0,62;млн сум;43;Рэнкинг страховых компаний — II квартал 2026 (snsratings.uz).txt
2026-Q2;income_tax;Налог на прибыль;суммарные;O'ZBEKISTON QAYTA SUG'URTA KOMPANIYASI MQST AJ;O`ZBEKISTON QAYTA SUG`URTA KOMPANIYASI;0;;0,0;28;858,7;0,89;17;0,0;0,89;1,47;млн сум;43;Рэнкинг страховых компаний — II квартал 2026 (snsratings.uz).txt
2026-Q2;income_tax;Налог на прибыль;суммарные;INFINITY INSURANCE AJ;INFINITY INSURANCE;0;641,3;1,1;17;754,7;0,79;18;17,68;-0,31;0,19;млн сум;43;Рэнкинг страховых компаний — II квартал 2026 (snsratings.uz).txt
2026-Q2;income_tax;Налог на прибыль;суммарные;ARIA SUG'URTA TASHKILOTI AJ;ARIA SUG`URTA TASHKILOTI;0;372,6;0,64;19;647,0;0,67;19;73,64;0,03;0,47;млн сум;43;Рэнкинг страховых компаний — II квартал 2026 (snsratings.uz).txt
2026-Q2;income_tax;Налог на прибыль;суммарные;ASIA INSURANCE SUG'URTA KOMPANIYASI AJ;ASIA INSURANCE SUG`URTA KOMPANIYASI;0;;0,0;28;575,6;0,6;20;0,0;0,6;0,98;млн сум;43;Рэнкинг страховых компаний — II квартал 2026 (snsratings.uz).txt
2026-Q2;income_tax;Налог на прибыль;суммарные;O'ZBEKINVEST HAYOT SUG'URTA KOMPANIYASI AJ;O`ZBEKINVEST HAYOT SUG`URTA KOMPANIYASI;1;311,0;0,53;20;413,2;0,43;21;32,86;-0,1;0,17;млн сум;43;Рэнкинг страховых компаний — II квартал 2026 (snsratings.uz).txt
2026-Q2;income_tax;Налог на прибыль;суммарные;KAFOLAT HAYOT INSURANCE AJ;KAFOLAT HAYOT INSURANCE;1;140,6;0,24;23;359,2;0,37;22;155,48;0,13;0,37;млн сум;43;Рэнкинг страховых компаний — II квартал 2026 (snsratings.uz).txt
2026-Q2;income_tax;Налог на прибыль;суммарные;INSON AJ;INSON;0;;0,0;28;336,9;0,35;23;0,0;0,35;0,58;млн сум;43;Рэнкинг страховых компаний — II квартал 2026 (snsratings.uz).txt
2026-Q2;income_tax;Налог на прибыль;суммарные;O'ZAGROSUG'URTA AJ;O`ZAGROSUG`URTA;0;877,0;1,5;15;283,3;0,3;24;-67,7;-1,2;-1,01;млн сум;43;Рэнкинг страховых компаний — II квартал 2026 (snsratings.uz).txt
2026-Q2;income_tax;Налог на прибыль;суммарные;APEX LIFE INSURANCE AJ;APEX LIFE INSURANCE;1;74,0;0,13;26;272,6;0,28;25;268,38;0,15;0,34;млн сум;43;Рэнкинг страховых компаний — II квартал 2026 (snsratings.uz).txt
2026-Q2;income_tax;Налог на прибыль;суммарные;IMPEX-INSURANCE AJ;IMPEX-INSURANCE;0;;0,0;28;255,5;0,27;26;0,0;0,27;0,44;млн сум;43;Рэнкинг страховых компаний — II квартал 2026 (snsratings.uz).txt
2026-Q2;income_tax;Налог на прибыль;суммарные;ALFA LIFE INSURANCE AJ;ALFA LIFE INSURANCE;1;;0,0;28;233,0;0,24;27;0,0;0,24;0,4;млн сум;43;Рэнкинг страховых компаний — II квартал 2026 (snsratings.uz).txt
2026-Q2;income_tax;Налог на прибыль;суммарные;QUANTUM INSURANCE AJ;QUANTUM INSURANCE;0;1110,9;1,9;13;199,1;0,21;28;-82,08;-1,69;-1,56;млн сум;43;Рэнкинг страховых компаний — II квартал 2026 (snsratings.uz).txt
2026-Q2;income_tax;Налог на прибыль;суммарные;TRUST-INSURANCE AJ;TRUST-INSURANCE;0;79,9;0,14;25;43,6;0,05;29;-45,43;-0,09;-0,06;млн сум;43;Рэнкинг страховых компаний — II квартал 2026 (snsratings.uz).txt
2026-Q2;income_tax;Налог на прибыль;суммарные;AGROS HAYOT AJ;AGROS HAYOT SUG`URTA KOMPANIYASI;1;;0,0;28;23,9;0,02;30;0,0;0,02;0,04;млн сум;43;Рэнкинг страховых компаний — II квартал 2026 (snsratings.uz).txt
2026-Q2;income_tax;Налог на прибыль;суммарные;ALSKOM AJ;ALSKOM SUG`URTA KOMPANIYASI;0;2456,1;4,2;6;;0,0;31;-100,0;-4,2;-4,2;млн сум;43;Рэнкинг страховых компаний — II квартал 2026 (snsratings.uz).txt
2026-Q2;income_tax;Налог на прибыль;суммарные;GLOBAL INSURANCE GROUP AJ;GLOBAL INSURANCE GROUP;0;628,0;1,07;18;;0,0;31;-100,0;-1,07;-1,07;млн сум;43;Рэнкинг страховых компаний — II квартал 2026 (snsratings.uz).txt
2026-Q2;income_tax;Налог на прибыль;суммарные;ISHONCH SUG'URTA KOMPANIYASI AJ;ISHONCH SUG`URTA KOMPANIYASI;0;21,5;0,04;27;;0,0;31;-100,0;-0,04;-0,04;млн сум;43;Рэнкинг страховых компаний — II квартал 2026 (snsratings.uz).txt
2026-Q2;income_tax;Налог на прибыль;суммарные;SEMURG SUG'URTA AJ QK;SEMURG INSURANCE;0;;0,0;28;;0,0;31;0,0;0,0;0,0;млн сум;43;Рэнкинг страховых компаний — II квартал 2026 (snsratings.uz).txt
2026-Q2;income_tax;Налог на прибыль;суммарные;PRESTIGE INSURANCE AJ;PRESTIGE INSURANCE;1;;0,0;28;;0,0;31;0,0;0,0;0,0;млн сум;43;Рэнкинг страховых компаний — II квартал 2026 (snsratings.uz).txt
2026-Q2;income_tax;Налог на прибыль;суммарные;ALFA INVEST SUG'URTA KOMPANIYASI AJ;ALFA INVEST SUG`URTA KOMPANIYASI;0;;0,0;28;;0,0;31;0,0;0,0;0,0;млн сум;43;Рэнкинг страховых компаний — II квартал 2026 (snsratings.uz).txt
2026-Q2;net_profit;Чистая прибыль (убыток) отчетного периода;суммарные;ВСЕГО;ВСЕГО;0;314091,9;;;505276,5;;;60,87;;;млн сум;44;Рэнкинг страховых компаний — II квартал 2026 (snsratings.uz).txt
2026-Q2;net_profit;Чистая прибыль (убыток) отчетного периода;суммарные;APEX INSURANCE AJ;APEX INSURANCE;0;125801,6;40,05;1;153860,0;30,45;1;22,3;-9,6;8,93;млн сум;44;Рэнкинг страховых компаний — II квартал 2026 (snsratings.uz).txt
2026-Q2;net_profit;Чистая прибыль (убыток) отчетного периода;суммарные;EUROASIA INSURANCE AJ QK;EUROASIA INSURANCE;0;25979,9;8,27;3;105124,0;20,81;2;304,64;12,54;25,2;млн сум;44;Рэнкинг страховых компаний — II квартал 2026 (snsratings.uz).txt
2026-Q2;net_profit;Чистая прибыль (убыток) отчетного периода;суммарные;MOSAIC INSURANCE GROUP AJ QK;MOSAIC INSURANCE GROUP;0;19114,2;6,09;4;33351,5;6,6;3;74,49;0,51;4,53;млн сум;44;Рэнкинг страховых компаний — II квартал 2026 (snsratings.uz).txt
2026-Q2;net_profit;Чистая прибыль (убыток) отчетного периода;суммарные;O'ZBEKINVEST EISK AJ;O`ZBEKINVEST;0;29402,9;9,36;2;31810,7;6,3;4;8,19;-3,06;0,77;млн сум;44;Рэнкинг страховых компаний — II квартал 2026 (snsratings.uz).txt
2026-Q2;net_profit;Чистая прибыль (убыток) отчетного периода;суммарные;TBC SUG'URTA AJ;TBC SUG`URTA;1;1193,9;0,38;23;20502,1;4,06;5;1617,24;3,68;6,15;млн сум;44;Рэнкинг страховых компаний — II квартал 2026 (snsratings.uz).txt
2026-Q2;net_profit;Чистая прибыль (убыток) отчетного периода;суммарные;KAFOLAT SUG'URTA KOMPANIYASI AJ;KAFOLAT SUG`URTA KOMPANIYASI;0;11995,1;3,82;8;15941,8;3,16;6;32,9;-0,66;1,26;млн сум;44;Рэнкинг страховых компаний — II квартал 2026 (snsratings.uz).txt
2026-Q2;net_profit;Чистая прибыль (убыток) отчетного периода;суммарные;XALQ SUG'URTA AJ;XALQ SUG`URTA;0;6056,2;1,93;13;15422,3;3,05;7;154,65;1,12;2,98;млн сум;44;Рэнкинг страховых компаний — II квартал 2026 (snsratings.uz).txt
2026-Q2;net_profit;Чистая прибыль (убыток) отчетного периода;суммарные;GROSS SUG'URTA KOMPANIYASI AJ;GROSS SUG`URTA KOMPANIYASI;0;6982,5;2,22;11;14715,9;2,91;8;110,75;0,69;2,46;млн сум;44;Рэнкинг страховых компаний — II квартал 2026 (snsratings.uz).txt
2026-Q2;net_profit;Чистая прибыль (убыток) отчетного периода;суммарные;TEMIRYO'L SUG'URTA AJ;TEMIRYO`L SUG`URTA;0;631,1;0,2;26;14080,8;2,79;9;2131,15;2,59;4,28;млн сум;44;Рэнкинг страховых компаний — II квартал 2026 (snsratings.uz).txt
2026-Q2;net_profit;Чистая прибыль (убыток) отчетного периода;суммарные;KAFIL SUG'URTA AJ;KAFIL-SUG`URTA;0;9237,8;2,94;10;14071,4;2,78;10;52,32;-0,16;1,54;млн сум;44;Рэнкинг страховых компаний — II квартал 2026 (snsratings.uz).txt
2026-Q2;net_profit;Чистая прибыль (убыток) отчетного периода;суммарные;NEO INSURANCE CORP AJ;NEO INSURANCE CORP;0;479,1;0,15;29;13805,9;2,73;11;2781,63;2,58;4,24;млн сум;44;Рэнкинг страховых компаний — II квартал 2026 (snsratings.uz).txt
2026-Q2;net_profit;Чистая прибыль (убыток) отчетного периода;суммарные;IMKON SUG'URTA AJ;IMKON-SUG`URTA;0;5723,4;1,82;14;13631,7;2,7;12;138,17;0,88;2,52;млн сум;44;Рэнкинг страховых компаний — II квартал 2026 (snsratings.uz).txt
2026-Q2;net_profit;Чистая прибыль (убыток) отчетного периода;суммарные;SQB INSURANCE SUG'URTA KOMPANIYASI AJ;SQB INSURANCE SUG`URTA KOMPANIYASI;0;12406,8;3,95;7;12441,2;2,46;13;0,28;-1,49;0,01;млн сум;44;Рэнкинг страховых компаний — II квартал 2026 (snsratings.uz).txt
2026-Q2;net_profit;Чистая прибыль (убыток) отчетного периода;суммарные;HAMKOR SUG'URTA AJ;HAMKOR SUG`URTA;0;12515,6;3,98;6;11337,2;2,24;14;-9,42;-1,74;-0,38;млн сум;44;Рэнкинг страховых компаний — II квартал 2026 (snsratings.uz).txt
2026-Q2;net_profit;Чистая прибыль (убыток) отчетного периода;суммарные;MY-INSURANCE AJ;MY-INSURANCE;0;10813,3;3,44;9;7681,9;1,52;15;-28,96;-1,92;-1,0;млн сум;44;Рэнкинг страховых компаний — II квартал 2026 (snsratings.uz).txt
2026-Q2;net_profit;Чистая прибыль (убыток) отчетного периода;суммарные;O'ZBEKISTON QAYTA SUG'URTA KOMPANIYASI MQST AJ;O`ZBEKISTON QAYTA SUG`URTA KOMPANIYASI;0;;0,0;33;4865,8;0,96;16;0,0;0,96;1,55;млн сум;44;Рэнкинг страховых компаний — II квартал 2026 (snsratings.uz).txt
2026-Q2;net_profit;Чистая прибыль (убыток) отчетного периода;суммарные;SEMURG SUG'URTA AJ QK;SEMURG INSURANCE;0;318,9;0,1;31;4660,9;0,92;17;1361,56;0,82;1,38;млн сум;44;Рэнкинг страховых компаний — II квартал 2026 (snsratings.uz).txt
2026-Q2;net_profit;Чистая прибыль (убыток) отчетного периода;суммарные;INFINITY INSURANCE AJ;INFINITY INSURANCE;0;3741,1;1,19;16;4260,9;0,84;18;13,89;-0,35;0,17;млн сум;44;Рэнкинг страховых компаний — II квартал 2026 (snsratings.uz).txt
2026-Q2;net_profit;Чистая прибыль (убыток) отчетного периода;суммарные;ALFA INVEST SUG'URTA KOMPANIYASI AJ;ALFA INVEST SUG`URTA KOMPANIYASI;0;794,2;0,25;24;3969,9;0,79;19;399,86;0,54;1,01;млн сум;44;Рэнкинг страховых компаний — II квартал 2026 (snsratings.uz).txt
2026-Q2;net_profit;Чистая прибыль (убыток) отчетного периода;суммарные;ARIA SUG'URTA TASHKILOTI AJ;ARIA SUG`URTA TASHKILOTI;0;2197,2;0,7;20;3658,1;0,72;20;66,49;0,02;0,47;млн сум;44;Рэнкинг страховых компаний — II квартал 2026 (snsratings.uz).txt
2026-Q2;net_profit;Чистая прибыль (убыток) отчетного периода;суммарные;KAPITAL SUG'URTA AJ;KAPITAL SUG`URTA;0;2487,1;0,79;19;3283,6;0,65;21;32,03;-0,14;0,25;млн сум;44;Рэнкинг страховых компаний — II квартал 2026 (snsratings.uz).txt
2026-Q2;net_profit;Чистая прибыль (убыток) отчетного периода;суммарные;O'ZBEKINVEST HAYOT SUG'URTA KOMPANIYASI AJ;O`ZBEKINVEST HAYOT SUG`URTA KOMPANIYASI;1;1749,0;0,56;21;2349,5;0,46;22;34,33;-0,1;0,19;млн сум;44;Рэнкинг страховых компаний — II квартал 2026 (snsratings.uz).txt
2026-Q2;net_profit;Чистая прибыль (убыток) отчетного периода;суммарные;KAFOLAT HAYOT INSURANCE AJ;KAFOLAT HAYOT INSURANCE;1;654,3;0,21;25;1949,7;0,39;23;197,98;0,18;0,41;млн сум;44;Рэнкинг страховых компаний — II квартал 2026 (snsratings.uz).txt
2026-Q2;net_profit;Чистая прибыль (убыток) отчетного периода;суммарные;INSON AJ;INSON;0;600,1;0,19;27;1485,5;0,29;24;147,54;0,1;0,28;млн сум;44;Рэнкинг страховых компаний — II квартал 2026 (snsratings.uz).txt
2026-Q2;net_profit;Чистая прибыль (убыток) отчетного периода;суммарные;APEX LIFE INSURANCE AJ;APEX LIFE INSURANCE;1;111,2;0,04;32;1151,2;0,23;25;935,25;0,19;0,33;млн сум;44;Рэнкинг страховых компаний — II квартал 2026 (snsratings.uz).txt
2026-Q2;net_profit;Чистая прибыль (убыток) отчетного периода;суммарные;QUANTUM INSURANCE AJ;QUANTUM INSURANCE;0;6265,1;1,99;12;1087,5;0,22;26;-82,64;-1,77;-1,65;млн сум;44;Рэнкинг страховых компаний — II квартал 2026 (snsratings.uz).txt
2026-Q2;net_profit;Чистая прибыль (убыток) отчетного периода;суммарные;ALFA LIFE INSURANCE AJ;ALFA LIFE INSURANCE;1;1717,3;0,55;22;774,7;0,15;27;-54,89;-0,4;-0,3;млн сум;44;Рэнкинг страховых компаний — II квартал 2026 (snsratings.uz).txt
2026-Q2;net_profit;Чистая прибыль (убыток) отчетного периода;суммарные;ISHONCH SUG'URTA KOMPANIYASI AJ;ISHONCH SUG`URTA KOMPANIYASI;0;587,9;0,19;28;633,7;0,13;28;7,79;-0,06;0,01;млн сум;44;Рэнкинг страховых компаний — II квартал 2026 (snsratings.uz).txt
2026-Q2;net_profit;Чистая прибыль (убыток) отчетного периода;суммарные;IMPEX-INSURANCE AJ;IMPEX-INSURANCE;0;4008,4;1,28;15;510,2;0,1;29;-87,27;-1,18;-1,11;млн сум;44;Рэнкинг страховых компаний — II квартал 2026 (snsratings.uz).txt
2026-Q2;net_profit;Чистая прибыль (убыток) отчетного периода;суммарные;O'ZAGROSUG'URTA AJ;O`ZAGROSUG`URTA;0;3501,2;1,11;18;294,3;0,06;30;-91,59;-1,05;-1,02;млн сум;44;Рэнкинг страховых компаний — II квартал 2026 (snsratings.uz).txt
2026-Q2;net_profit;Чистая прибыль (убыток) отчетного периода;суммарные;TRUST-INSURANCE AJ;TRUST-INSURANCE;0;452,7;0,14;30;247,2;0,05;31;-45,39;-0,09;-0,07;млн сум;44;Рэнкинг страховых компаний — II квартал 2026 (snsratings.uz).txt
2026-Q2;net_profit;Чистая прибыль (убыток) отчетного периода;суммарные;AGROS HAYOT AJ;AGROS HAYOT SUG`URTA KOMPANIYASI;1;-45,4;-0,01;35;67,9;0,01;32;249,56;0,02;0,04;млн сум;44;Рэнкинг страховых компаний — II квартал 2026 (snsratings.uz).txt
2026-Q2;net_profit;Чистая прибыль (убыток) отчетного периода;суммарные;ASIA INSURANCE SUG'URTA KOMPANIYASI AJ;ASIA INSURANCE SUG`URTA KOMPANIYASI;0;-10415,7;-3,32;36;49,7;0,01;33;100,48;3,33;3,33;млн сум;44;Рэнкинг страховых компаний — II квартал 2026 (snsratings.uz).txt
2026-Q2;net_profit;Чистая прибыль (убыток) отчетного периода;суммарные;GLOBAL INSURANCE GROUP AJ;GLOBAL INSURANCE GROUP;0;3558,9;1,13;17;;0,0;34;-100,0;-1,13;-1,13;млн сум;44;Рэнкинг страховых компаний — II квартал 2026 (snsratings.uz).txt
2026-Q2;net_profit;Чистая прибыль (убыток) отчетного периода;суммарные;ALSKOM AJ;ALSKOM SUG`URTA KOMPANIYASI;0;13475,0;4,29;5;-2211,7;-0,44;35;-116,41;-4,73;-4,99;млн сум;44;Рэнкинг страховых компаний — II квартал 2026 (snsratings.uz).txt
2026-Q2;net_profit;Чистая прибыль (убыток) отчетного периода;суммарные;PRESTIGE INSURANCE AJ;PRESTIGE INSURANCE;1;;0,0;33;-5590,5;-1,11;36;0,0;-1,11;-1,78;млн сум;44;Рэнкинг страховых компаний — II квартал 2026 (snsratings.uz).txt
2026-Q2;claims_paid;Страховые выплаты;суммарные;ВСЕГО;ВСЕГО;0;1245376,0;;;2252964,0;;;80,91;;;млн сум;45;Рэнкинг страховых компаний — II квартал 2026 (snsratings.uz).txt
2026-Q2;claims_paid;Страховые выплаты;суммарные;APEX INSURANCE AJ;APEX INSURANCE;0;287188,0;23,06;1;926950,0;41,14;1;222,77;18,08;51,37;млн сум;45;Рэнкинг страховых компаний — II квартал 2026 (snsratings.uz).txt
2026-Q2;claims_paid;Страховые выплаты;суммарные;O'ZBEKINVEST EISK AJ;O`ZBEKINVEST;0;59034,0;4,74;6;283588,0;12,59;2;380,38;7,85;18,03;млн сум;45;Рэнкинг страховых компаний — II квартал 2026 (snsratings.uz).txt
2026-Q2;claims_paid;Страховые выплаты;суммарные;GROSS SUG'URTA KOMPANIYASI AJ;GROSS SUG`URTA KOMPANIYASI;0;97417,0;7,82;3;203869,0;9,05;3;109,27;1,23;8,55;млн сум;45;Рэнкинг страховых компаний — II квартал 2026 (snsratings.uz).txt
2026-Q2;claims_paid;Страховые выплаты;суммарные;KAFOLAT SUG'URTA KOMPANIYASI AJ;KAFOLAT SUG`URTA KOMPANIYASI;0;77617,0;6,23;4;155752,0;6,91;4;100,67;0,68;6,27;млн сум;45;Рэнкинг страховых компаний — II квартал 2026 (snsratings.uz).txt
2026-Q2;claims_paid;Страховые выплаты;суммарные;MY-INSURANCE AJ;MY-INSURANCE;0;181993,0;14,61;2;89898,0;3,99;5;-50,6;-10,62;-7,39;млн сум;45;Рэнкинг страховых компаний — II квартал 2026 (snsratings.uz).txt
2026-Q2;claims_paid;Страховые выплаты;суммарные;APEX LIFE INSURANCE AJ;APEX LIFE INSURANCE;1;46162,0;3,71;9;76052,0;3,38;6;64,75;-0,33;2,4;млн сум;45;Рэнкинг страховых компаний — II квартал 2026 (snsratings.uz).txt
2026-Q2;claims_paid;Страховые выплаты;суммарные;SQB INSURANCE SUG'URTA KOMPANIYASI AJ;SQB INSURANCE SUG`URTA KOMPANIYASI;0;39641,0;3,18;10;49444,0;2,19;7;24,73;-0,99;0,79;млн сум;45;Рэнкинг страховых компаний — II квартал 2026 (snsratings.uz).txt
2026-Q2;claims_paid;Страховые выплаты;суммарные;TRUST-INSURANCE AJ;TRUST-INSURANCE;0;62024,0;4,98;5;49375,0;2,19;8;-20,39;-2,79;-1,02;млн сум;45;Рэнкинг страховых компаний — II квартал 2026 (snsratings.uz).txt
2026-Q2;claims_paid;Страховые выплаты;суммарные;IMPEX-INSURANCE AJ;IMPEX-INSURANCE;0;27422,0;2,2;13;47705,0;2,12;9;73,97;-0,08;1,63;млн сум;45;Рэнкинг страховых компаний — II квартал 2026 (snsratings.uz).txt
2026-Q2;claims_paid;Страховые выплаты;суммарные;ALSKOM AJ;ALSKOM SUG`URTA KOMPANIYASI;0;46754,0;3,75;8;45201,0;2,01;10;-3,32;-1,74;-0,12;млн сум;45;Рэнкинг страховых компаний — II квартал 2026 (snsratings.uz).txt
2026-Q2;claims_paid;Страховые выплаты;суммарные;KAPITAL SUG'URTA AJ;KAPITAL SUG`URTA;0;54014,0;4,34;7;41750,0;1,85;11;-22,71;-2,49;-0,98;млн сум;45;Рэнкинг страховых компаний — II квартал 2026 (snsratings.uz).txt
2026-Q2;claims_paid;Страховые выплаты;суммарные;O'ZAGROSUG'URTA AJ;O`ZAGROSUG`URTA;0;24108,0;1,94;14;36631,0;1,63;12;51,95;-0,31;1,01;млн сум;45;Рэнкинг страховых компаний — II квартал 2026 (snsratings.uz).txt
2026-Q2;claims_paid;Страховые выплаты;суммарные;KAFIL SUG'URTA AJ;KAFIL-SUG`URTA;0;37699,0;3,03;11;34908,0;1,55;13;-7,4;-1,48;-0,22;млн сум;45;Рэнкинг страховых компаний — II квартал 2026 (snsratings.uz).txt
2026-Q2;claims_paid;Страховые выплаты;суммарные;ALFA INVEST SUG'URTA KOMPANIYASI AJ;ALFA INVEST SUG`URTA KOMPANIYASI;0;22285,0;1,79;16;33369,0;1,48;14;49,74;-0,31;0,89;млн сум;45;Рэнкинг страховых компаний — II квартал 2026 (snsratings.uz).txt
2026-Q2;claims_paid;Страховые выплаты;суммарные;INSON AJ;INSON;0;22768,0;1,83;15;28529,0;1,27;15;25,3;-0,56;0,46;млн сум;45;Рэнкинг страховых компаний — II квартал 2026 (snsratings.uz).txt
2026-Q2;claims_paid;Страховые выплаты;суммарные;NEO INSURANCE CORP AJ;NEO INSURANCE CORP;0;18270,0;1,47;17;20253,0;0,9;16;10,85;-0,57;0,16;млн сум;45;Рэнкинг страховых компаний — II квартал 2026 (snsratings.uz).txt
2026-Q2;claims_paid;Страховые выплаты;суммарные;QUANTUM INSURANCE AJ;QUANTUM INSURANCE;0;6677,0;0,54;25;16675,0;0,74;17;149,74;0,2;0,8;млн сум;45;Рэнкинг страховых компаний — II квартал 2026 (snsratings.uz).txt
2026-Q2;claims_paid;Страховые выплаты;суммарные;ASIA INSURANCE SUG'URTA KOMPANIYASI AJ;ASIA INSURANCE SUG`URTA KOMPANIYASI;0;11305,0;0,91;20;16558,0;0,73;18;46,47;-0,18;0,42;млн сум;45;Рэнкинг страховых компаний — II квартал 2026 (snsratings.uz).txt
2026-Q2;claims_paid;Страховые выплаты;суммарные;TEMIRYO'L SUG'URTA AJ;TEMIRYO`L SUG`URTA;0;35804,0;2,87;12;14767,0;0,66;19;-58,76;-2,21;-1,69;млн сум;45;Рэнкинг страховых компаний — II квартал 2026 (snsratings.uz).txt
2026-Q2;claims_paid;Страховые выплаты;суммарные;ISHONCH SUG'URTA KOMPANIYASI AJ;ISHONCH SUG`URTA KOMPANIYASI;0;8677,0;0,7;23;11858,0;0,53;20;36,66;-0,17;0,26;млн сум;45;Рэнкинг страховых компаний — II квартал 2026 (snsratings.uz).txt
2026-Q2;claims_paid;Страховые выплаты;суммарные;XALQ SUG'URTA AJ;XALQ SUG`URTA;0;10992,0;0,88;21;10274,0;0,46;21;-6,53;-0,42;-0,06;млн сум;45;Рэнкинг страховых компаний — II квартал 2026 (snsratings.uz).txt
2026-Q2;claims_paid;Страховые выплаты;суммарные;ALFA LIFE INSURANCE AJ;ALFA LIFE INSURANCE;1;8691,0;0,7;22;9678,0;0,43;22;11,36;-0,27;0,08;млн сум;45;Рэнкинг страховых компаний — II квартал 2026 (snsratings.uz).txt
2026-Q2;claims_paid;Страховые выплаты;суммарные;MOSAIC INSURANCE GROUP AJ QK;MOSAIC INSURANCE GROUP;0;5196,0;0,42;28;9351,0;0,42;23;79,97;0,0;0,33;млн сум;45;Рэнкинг страховых компаний — II квартал 2026 (snsratings.uz).txt
2026-Q2;claims_paid;Страховые выплаты;суммарные;INFINITY INSURANCE AJ;INFINITY INSURANCE;0;6386,0;0,51;26;9095,0;0,4;24;42,42;-0,11;0,22;млн сум;45;Рэнкинг страховых компаний — II квартал 2026 (snsratings.uz).txt
2026-Q2;claims_paid;Страховые выплаты;суммарные;IMKON SUG'URTA AJ;IMKON-SUG`URTA;0;12297,0;0,99;18;7635,0;0,34;25;-37,91;-0,65;-0,37;млн сум;45;Рэнкинг страховых компаний — II квартал 2026 (snsratings.uz).txt
2026-Q2;claims_paid;Страховые выплаты;суммарные;O'ZBEKINVEST HAYOT SUG'URTA KOMPANIYASI AJ;O`ZBEKINVEST HAYOT SUG`URTA KOMPANIYASI;1;6008,0;0,48;27;5825,0;0,26;26;-3,05;-0,22;-0,01;млн сум;45;Рэнкинг страховых компаний — II квартал 2026 (snsratings.uz).txt
2026-Q2;claims_paid;Страховые выплаты;суммарные;EUROASIA INSURANCE AJ QK;EUROASIA INSURANCE;0;6723,0;0,54;24;5228,0;0,23;27;-22,24;-0,31;-0,12;млн сум;45;Рэнкинг страховых компаний — II квартал 2026 (snsratings.uz).txt
2026-Q2;claims_paid;Страховые выплаты;суммарные;SEMURG SUG'URTA AJ QK;SEMURG INSURANCE;0;3378,0;0,27;29;3065,0;0,14;28;-9,27;-0,13;-0,03;млн сум;45;Рэнкинг страховых компаний — II квартал 2026 (snsratings.uz).txt
2026-Q2;claims_paid;Страховые выплаты;суммарные;KAFOLAT HAYOT INSURANCE AJ;KAFOLAT HAYOT INSURANCE;1;2260,0;0,18;31;2836,0;0,13;29;25,49;-0,05;0,05;млн сум;45;Рэнкинг страховых компаний — II квартал 2026 (snsratings.uz).txt
2026-Q2;claims_paid;Страховые выплаты;суммарные;ARIA SUG'URTA TASHKILOTI AJ;ARIA SUG`URTA TASHKILOTI;0;1384,0;0,11;32;2398,0;0,11;30;73,27;0,0;0,08;млн сум;45;Рэнкинг страховых компаний — II квартал 2026 (snsratings.uz).txt
2026-Q2;claims_paid;Страховые выплаты;суммарные;HAMKOR SUG'URTA AJ;HAMKOR SUG`URTA;0;2331,0;0,19;30;2277,0;0,1;31;-2,32;-0,09;0,0;млн сум;45;Рэнкинг страховых компаний — II квартал 2026 (snsratings.uz).txt
2026-Q2;claims_paid;Страховые выплаты;суммарные;AGROS HAYOT AJ;AGROS HAYOT SUG`URTA KOMPANIYASI;1;1337,0;0,11;33;1509,0;0,07;32;12,86;-0,04;0,01;млн сум;45;Рэнкинг страховых компаний — II квартал 2026 (snsratings.uz).txt
2026-Q2;claims_paid;Страховые выплаты;суммарные;TBC SUG'URTA AJ;TBC SUG`URTA;1;;0,0;34;661,0;0,03;33;0,0;0,03;0,05;млн сум;45;Рэнкинг страховых компаний — II квартал 2026 (snsratings.uz).txt
2026-Q2;claims_paid;Страховые выплаты;суммарные;GLOBAL INSURANCE GROUP AJ;GLOBAL INSURANCE GROUP;0;11534,0;0,93;19;;0,0;34;-100,0;-0,93;-0,93;млн сум;45;Рэнкинг страховых компаний — II квартал 2026 (snsratings.uz).txt
2026-Q2;claims_paid;Страховые выплаты;суммарные;PRESTIGE INSURANCE AJ;PRESTIGE INSURANCE;1;;0,0;34;;0,0;34;0,0;0,0;0,0;млн сум;45;Рэнкинг страховых компаний — II квартал 2026 (snsratings.uz).txt
2026-Q2;claims_paid;Страховые выплаты;суммарные;O'ZBEKISTON QAYTA SUG'URTA KOMPANIYASI MQST AJ;O`ZBEKISTON QAYTA SUG`URTA KOMPANIYASI;0;;0,0;34;;0,0;34;0,0;0,0;0,0;млн сум;45;Рэнкинг страховых компаний — II квартал 2026 (snsratings.uz).txt
2026-Q2;insurance_liabilities;Страховые обязательства;суммарные;ВСЕГО;ВСЕГО;0;2978673,3;;;4415039,1;;;48,22;;;млрд сум;46;Рэнкинг страховых компаний — II квартал 2026 (snsratings.uz).txt
2026-Q2;insurance_liabilities;Страховые обязательства;суммарные;APEX INSURANCE AJ;APEX INSURANCE;0;514288,5;17,27;1;917221,3;20,77;1;78,35;3,5;13,53;млрд сум;46;Рэнкинг страховых компаний — II квартал 2026 (snsratings.uz).txt
2026-Q2;insurance_liabilities;Страховые обязательства;суммарные;O'ZBEKINVEST EISK AJ;O`ZBEKINVEST;0;461397,0;15,49;2;710508,4;16,09;2;53,99;0,6;8,36;млрд сум;46;Рэнкинг страховых компаний — II квартал 2026 (snsratings.uz).txt
2026-Q2;insurance_liabilities;Страховые обязательства;суммарные;APEX LIFE INSURANCE AJ;APEX LIFE INSURANCE;1;9565,3;0,32;26;454971,9;10,31;3;4656,48;9,99;14,95;млрд сум;46;Рэнкинг страховых компаний — II квартал 2026 (snsratings.uz).txt
2026-Q2;insurance_liabilities;Страховые обязательства;суммарные;ASIA INSURANCE SUG'URTA KOMPANIYASI AJ;ASIA INSURANCE SUG`URTA KOMPANIYASI;0;40323,3;1,35;18;312592,5;7,08;4;675,22;5,73;9,14;млрд сум;46;Рэнкинг страховых компаний — II квартал 2026 (snsratings.uz).txt
2026-Q2;insurance_liabilities;Страховые обязательства;суммарные;GROSS SUG'URTA KOMPANIYASI AJ;GROSS SUG`URTA KOMPANIYASI;0;294981,3;9,9;3;272947,2;6,18;5;-7,47;-3,72;-0,74;млрд сум;46;Рэнкинг страховых компаний — II квартал 2026 (snsratings.uz).txt
2026-Q2;insurance_liabilities;Страховые обязательства;суммарные;KAFOLAT SUG'URTA KOMPANIYASI AJ;KAFOLAT SUG`URTA KOMPANIYASI;0;143671,5;4,82;5;205423,2;4,65;6;42,98;-0,17;2,07;млрд сум;46;Рэнкинг страховых компаний — II квартал 2026 (snsratings.uz).txt
2026-Q2;insurance_liabilities;Страховые обязательства;суммарные;O'ZAGROSUG'URTA AJ;O`ZAGROSUG`URTA;0;116589,9;3,91;7;157402,7;3,57;7;35,01;-0,34;1,37;млрд сум;46;Рэнкинг страховых компаний — II квартал 2026 (snsratings.uz).txt
2026-Q2;insurance_liabilities;Страховые обязательства;суммарные;SQB INSURANCE SUG'URTA KOMPANIYASI AJ;SQB INSURANCE SUG`URTA KOMPANIYASI;0;136084,7;4,57;6;144860,6;3,28;8;6,45;-1,29;0,29;млрд сум;46;Рэнкинг страховых компаний — II квартал 2026 (snsratings.uz).txt
2026-Q2;insurance_liabilities;Страховые обязательства;суммарные;ALFA INVEST SUG'URTA KOMPANIYASI AJ;ALFA INVEST SUG`URTA KOMPANIYASI;0;96920,3;3,25;12;143584,6;3,25;9;48,15;0,0;1,57;млрд сум;46;Рэнкинг страховых компаний — II квартал 2026 (snsratings.uz).txt
2026-Q2;insurance_liabilities;Страховые обязательства;суммарные;MY-INSURANCE AJ;MY-INSURANCE;0;100284,7;3,37;10;134866,7;3,05;10;34,48;-0,32;1,16;млрд сум;46;Рэнкинг страховых компаний — II квартал 2026 (snsratings.uz).txt
2026-Q2;insurance_liabilities;Страховые обязательства;суммарные;IMPEX-INSURANCE AJ;IMPEX-INSURANCE;0;98469,2;3,31;11;122502,7;2,77;11;24,41;-0,54;0,81;млрд сум;46;Рэнкинг страховых компаний — II квартал 2026 (snsratings.uz).txt
2026-Q2;insurance_liabilities;Страховые обязательства;суммарные;KAFIL SUG'URTA AJ;KAFIL-SUG`URTA;0;103710,9;3,48;9;121682,0;2,76;12;17,33;-0,72;0,6;млрд сум;46;Рэнкинг страховых компаний — II квартал 2026 (snsratings.uz).txt
2026-Q2;insurance_liabilities;Страховые обязательства;суммарные;KAPITAL SUG'URTA AJ;KAPITAL SUG`URTA;0;90747,9;3,05;13;83516,8;1,89;13;-7,97;-1,16;-0,24;млрд сум;46;Рэнкинг страховых компаний — II квартал 2026 (snsratings.uz).txt
2026-Q2;insurance_liabilities;Страховые обязательства;суммарные;NEO INSURANCE CORP AJ;NEO INSURANCE CORP;0;37977,9;1,27;19;71170,4;1,61;14;87,4;0,34;1,11;млрд сум;46;Рэнкинг страховых компаний — II квартал 2026 (snsratings.uz).txt
2026-Q2;insurance_liabilities;Страховые обязательства;суммарные;TRUST-INSURANCE AJ;TRUST-INSURANCE;0;51437,4;1,73;17;69800,0;1,58;15;35,7;-0,15;0,62;млрд сум;46;Рэнкинг страховых компаний — II квартал 2026 (snsratings.uz).txt
2026-Q2;insurance_liabilities;Страховые обязательства;суммарные;MOSAIC INSURANCE GROUP AJ QK;MOSAIC INSURANCE GROUP;0;62970,1;2,11;16;64674,7;1,46;16;2,71;-0,65;0,06;млрд сум;46;Рэнкинг страховых компаний — II квартал 2026 (snsratings.uz).txt
2026-Q2;insurance_liabilities;Страховые обязательства;суммарные;ALSKOM AJ;ALSKOM SUG`URTA KOMPANIYASI;0;82381,1;2,77;14;61029,7;1,38;17;-25,92;-1,39;-0,72;млрд сум;46;Рэнкинг страховых компаний — II квартал 2026 (snsratings.uz).txt
2026-Q2;insurance_liabilities;Страховые обязательства;суммарные;INFINITY INSURANCE AJ;INFINITY INSURANCE;0;35583,2;1,19;20;59857,2;1,36;18;68,22;0,17;0,81;млрд сум;46;Рэнкинг страховых компаний — II квартал 2026 (snsratings.uz).txt
2026-Q2;insurance_liabilities;Страховые обязательства;суммарные;QUANTUM INSURANCE AJ;QUANTUM INSURANCE;0;210656,5;7,07;4;52955,6;1,2;19;-74,86;-5,87;-5,29;млрд сум;46;Рэнкинг страховых компаний — II квартал 2026 (snsratings.uz).txt
2026-Q2;insurance_liabilities;Страховые обязательства;суммарные;INSON AJ;INSON;0;65856,8;2,21;15;51837,4;1,17;20;-21,29;-1,04;-0,47;млрд сум;46;Рэнкинг страховых компаний — II квартал 2026 (snsratings.uz).txt
2026-Q2;insurance_liabilities;Страховые обязательства;суммарные;TEMIRYO'L SUG'URTA AJ;TEMIRYO`L SUG`URTA;0;106771,9;3,58;8;47658,3;1,08;21;-55,36;-2,5;-1,98;млрд сум;46;Рэнкинг страховых компаний — II квартал 2026 (snsratings.uz).txt
2026-Q2;insurance_liabilities;Страховые обязательства;суммарные;EUROASIA INSURANCE AJ QK;EUROASIA INSURANCE;0;7846,7;0,26;27;37169,3;0,84;22;373,7;0,58;0,98;млрд сум;46;Рэнкинг страховых компаний — II квартал 2026 (snsratings.uz).txt
2026-Q2;insurance_liabilities;Страховые обязательства;суммарные;XALQ SUG'URTA AJ;XALQ SUG`URTA;0;28144,5;0,94;22;30219,7;0,68;23;7,37;-0,26;0,07;млрд сум;46;Рэнкинг страховых компаний — II квартал 2026 (snsratings.uz).txt
2026-Q2;insurance_liabilities;Страховые обязательства;суммарные;ISHONCH SUG'URTA KOMPANIYASI AJ;ISHONCH SUG`URTA KOMPANIYASI;0;13423,9;0,45;24;19490,1;0,44;24;45,19;-0,01;0,2;млрд сум;46;Рэнкинг страховых компаний — II квартал 2026 (snsratings.uz).txt
2026-Q2;insurance_liabilities;Страховые обязательства;суммарные;IMKON SUG'URTA AJ;IMKON-SUG`URTA;0;15816,3;0,53;23;17519,2;0,4;25;10,77;-0,13;0,06;млрд сум;46;Рэнкинг страховых компаний — II квартал 2026 (snsratings.uz).txt
2026-Q2;insurance_liabilities;Страховые обязательства;суммарные;HAMKOR SUG'URTA AJ;HAMKOR SUG`URTA;0;2051,8;0,07;30;13653,2;0,31;26;565,42;0,24;0,39;млрд сум;46;Рэнкинг страховых компаний — II квартал 2026 (snsratings.uz).txt
2026-Q2;insurance_liabilities;Страховые обязательства;суммарные;ARIA SUG'URTA TASHKILOTI AJ;ARIA SUG`URTA TASHKILOTI;0;10886,3;0,37;25;12544,4;0,28;27;15,23;-0,09;0,06;млрд сум;46;Рэнкинг страховых компаний — II квартал 2026 (snsratings.uz).txt
2026-Q2;insurance_liabilities;Страховые обязательства;суммарные;SEMURG SUG'URTA AJ QK;SEMURG INSURANCE;0;29323,9;0,98;21;10750,3;0,24;28;-63,34;-0,74;-0,62;млрд сум;46;Рэнкинг страховых компаний — II квартал 2026 (snsratings.uz).txt
2026-Q2;insurance_liabilities;Страховые обязательства;суммарные;O'ZBEKISTON QAYTA SUG'URTA KOMPANIYASI MQST AJ;O`ZBEKISTON QAYTA SUG`URTA KOMPANIYASI;0;;0,0;35;7076,0;0,16;29;0,0;0,16;0,24;млрд сум;46;Рэнкинг страховых компаний — II квартал 2026 (snsratings.uz).txt
2026-Q2;insurance_liabilities;Страховые обязательства;суммарные;ALFA LIFE INSURANCE AJ;ALFA LIFE INSURANCE;1;2721,9;0,09;29;2169,9;0,05;30;-20,28;-0,04;-0,02;млрд сум;46;Рэнкинг страховых компаний — II квартал 2026 (snsratings.uz).txt
2026-Q2;insurance_liabilities;Страховые обязательства;суммарные;TBC SUG'URTA AJ;TBC SUG`URTA;1;542,6;0,02;31;1786,8;0,04;31;229,29;0,02;0,04;млрд сум;46;Рэнкинг страховых компаний — II квартал 2026 (snsratings.uz).txt
2026-Q2;insurance_liabilities;Страховые обязательства;суммарные;PRESTIGE INSURANCE AJ;PRESTIGE INSURANCE;1;;0,0;35;1175,4;0,03;32;0,0;0,03;0,04;млрд сум;46;Рэнкинг страховых компаний — II квартал 2026 (snsratings.uz).txt
2026-Q2;insurance_liabilities;Страховые обязательства;суммарные;AGROS HAYOT AJ;AGROS HAYOT SUG`URTA KOMPANIYASI;1;3,3;0,0;34;169,5;0,0;33;4990,33;0,0;0,01;млрд сум;46;Рэнкинг страховых компаний — II квартал 2026 (snsratings.uz).txt
2026-Q2;insurance_liabilities;Страховые обязательства;суммарные;KAFOLAT HAYOT INSURANCE AJ;KAFOLAT HAYOT INSURANCE;1;314,1;0,01;32;145,7;0,0;34;-53,62;-0,01;-0,01;млрд сум;46;Рэнкинг страховых компаний — II квартал 2026 (snsratings.uz).txt
2026-Q2;insurance_liabilities;Страховые обязательства;суммарные;O'ZBEKINVEST HAYOT SUG'URTA KOMPANIYASI AJ;O`ZBEKINVEST HAYOT SUG`URTA KOMPANIYASI;1;155,7;0,01;33;106,0;0,0;35;-31,94;-0,01;0,0;млрд сум;46;Рэнкинг страховых компаний — II квартал 2026 (snsratings.uz).txt
2026-Q2;insurance_liabilities;Страховые обязательства;суммарные;GLOBAL INSURANCE GROUP AJ;GLOBAL INSURANCE GROUP;0;6773,0;0,23;28;;0,0;36;-100,0;-0,23;-0,23;млрд сум;46;Рэнкинг страховых компаний — II квартал 2026 (snsratings.uz).txt
2026-Q2;contracts_active;Количество действующих договоров;количественные;ВСЕГО;ВСЕГО;0;11373630,0;;;12955594,0;;;13,91;;;кол-во;49;Рэнкинг страховых компаний — II квартал 2026 (snsratings.uz).txt
2026-Q2;contracts_active;Количество действующих договоров;количественные;APEX INSURANCE AJ;APEX INSURANCE;0;1234795,0;10,86;2;1651040,0;12,74;1;33,71;1,88;3,66;кол-во;49;Рэнкинг страховых компаний — II квартал 2026 (snsratings.uz).txt
2026-Q2;contracts_active;Количество действующих договоров;количественные;MY-INSURANCE AJ;MY-INSURANCE;0;1275254,0;11,21;1;1529445,0;11,81;2;19,93;0,6;2,23;кол-во;49;Рэнкинг страховых компаний — II квартал 2026 (snsratings.uz).txt
2026-Q2;contracts_active;Количество действующих договоров;количественные;GROSS SUG'URTA KOMPANIYASI AJ;GROSS SUG`URTA KOMPANIYASI;0;995551,0;8,75;4;1330545,0;10,27;3;33,65;1,52;2,95;кол-во;49;Рэнкинг страховых компаний — II квартал 2026 (snsratings.uz).txt
2026-Q2;contracts_active;Количество действующих договоров;количественные;O'ZBEKINVEST EISK AJ;O`ZBEKINVEST;0;1096062,0;9,64;3;1322828,0;10,21;4;20,69;0,57;1,99;кол-во;49;Рэнкинг страховых компаний — II квартал 2026 (snsratings.uz).txt
2026-Q2;contracts_active;Количество действующих договоров;количественные;KAFOLAT SUG'URTA KOMPANIYASI AJ;KAFOLAT SUG`URTA KOMPANIYASI;0;472122,0;4,15;10;802045,0;6,19;5;69,88;2,04;2,9;кол-во;49;Рэнкинг страховых компаний — II квартал 2026 (snsratings.uz).txt
2026-Q2;contracts_active;Количество действующих договоров;количественные;KAPITAL SUG'URTA AJ;KAPITAL SUG`URTA;0;592757,0;5,21;8;762037,0;5,88;6;28,56;0,67;1,49;кол-во;49;Рэнкинг страховых компаний — II квартал 2026 (snsratings.uz).txt
2026-Q2;contracts_active;Количество действующих договоров;количественные;XALQ SUG'URTA AJ;XALQ SUG`URTA;0;762106,0;6,7;5;683099,0;5,27;7;-10,37;-1,43;-0,69;кол-во;49;Рэнкинг страховых компаний — II квартал 2026 (snsratings.uz).txt
2026-Q2;contracts_active;Количество действующих договоров;количественные;KAFIL SUG'URTA AJ;KAFIL-SUG`URTA;0;568884,0;5,0;9;631001,0;4,87;8;10,92;-0,13;0,55;кол-во;49;Рэнкинг страховых компаний — II квартал 2026 (snsratings.uz).txt
2026-Q2;contracts_active;Количество действующих договоров;количественные;INSON AJ;INSON;0;371211,0;3,26;13;451041,0;3,48;9;21,51;0,22;0,7;кол-во;49;Рэнкинг страховых компаний — II квартал 2026 (snsratings.uz).txt
2026-Q2;contracts_active;Количество действующих договоров;количественные;NEO INSURANCE CORP AJ;NEO INSURANCE CORP;0;406663,0;3,58;11;417982,0;3,23;10;2,78;-0,35;0,1;кол-во;49;Рэнкинг страховых компаний — II квартал 2026 (snsratings.uz).txt
2026-Q2;contracts_active;Количество действующих договоров;количественные;ALFA INVEST SUG'URTA KOMPANIYASI AJ;ALFA INVEST SUG`URTA KOMPANIYASI;0;261070,0;2,3;15;391127,0;3,02;11;49,82;0,72;1,14;кол-во;49;Рэнкинг страховых компаний — II квартал 2026 (snsratings.uz).txt
2026-Q2;contracts_active;Количество действующих договоров;количественные;O'ZAGROSUG'URTA AJ;O`ZAGROSUG`URTA;0;372035,0;3,27;12;382838,0;2,96;12;2,9;-0,31;0,09;кол-во;49;Рэнкинг страховых компаний — II квартал 2026 (snsratings.uz).txt
2026-Q2;contracts_active;Количество действующих договоров;количественные;ALSKOM AJ;ALSKOM SUG`URTA KOMPANIYASI;0;701805,0;6,17;6;377069,0;2,91;13;-46,27;-3,26;-2,86;кол-во;49;Рэнкинг страховых компаний — II квартал 2026 (snsratings.uz).txt
2026-Q2;contracts_active;Количество действующих договоров;количественные;IMKON SUG'URTA AJ;IMKON-SUG`URTA;0;337245,0;2,97;14;374178,0;2,89;14;10,95;-0,08;0,32;кол-во;49;Рэнкинг страховых компаний — II квартал 2026 (snsratings.uz).txt
2026-Q2;contracts_active;Количество действующих договоров;количественные;SQB INSURANCE SUG'URTA KOMPANIYASI AJ;SQB INSURANCE SUG`URTA KOMPANIYASI;0;210530,0;1,85;16;361152,0;2,79;15;71,54;0,94;1,32;кол-во;49;Рэнкинг страховых компаний — II квартал 2026 (snsratings.uz).txt
2026-Q2;contracts_active;Количество действующих договоров;количественные;TRUST-INSURANCE AJ;TRUST-INSURANCE;0;180091,0;1,58;17;248338,0;1,92;16;37,9;0,34;0,6;кол-во;49;Рэнкинг страховых компаний — II квартал 2026 (snsratings.uz).txt
2026-Q2;contracts_active;Количество действующих договоров;количественные;TBC SUG'URTA AJ;TBC SUG`URTA;1;75649,0;0,67;25;204011,0;1,57;17;169,68;0,9;1,13;кол-во;49;Рэнкинг страховых компаний — II квартал 2026 (snsratings.uz).txt
2026-Q2;contracts_active;Количество действующих договоров;количественные;ASIA INSURANCE SUG'URTA KOMPANIYASI AJ;ASIA INSURANCE SUG`URTA KOMPANIYASI;0;155069,0;1,36;18;190047,0;1,47;18;22,56;0,11;0,31;кол-во;49;Рэнкинг страховых компаний — II квартал 2026 (snsratings.uz).txt
2026-Q2;contracts_active;Количество действующих договоров;количественные;INFINITY INSURANCE AJ;INFINITY INSURANCE;0;90005,0;0,79;21;173419,0;1,34;19;92,68;0,55;0,73;кол-во;49;Рэнкинг страховых компаний — II квартал 2026 (snsratings.uz).txt
2026-Q2;contracts_active;Количество действующих договоров;количественные;APEX LIFE INSURANCE AJ;APEX LIFE INSURANCE;1;594815,0;5,23;7;115864,0;0,89;20;-80,52;-4,34;-4,21;кол-во;49;Рэнкинг страховых компаний — II квартал 2026 (snsratings.uz).txt
2026-Q2;contracts_active;Количество действующих договоров;количественные;IMPEX-INSURANCE AJ;IMPEX-INSURANCE;0;118125,0;1,04;20;107052,0;0,83;21;-9,37;-0,21;-0,1;кол-во;49;Рэнкинг страховых компаний — II квартал 2026 (snsratings.uz).txt
2026-Q2;contracts_active;Количество действующих договоров;количественные;QUANTUM INSURANCE AJ;QUANTUM INSURANCE;0;78821,0;0,69;22;98312,0;0,76;22;24,73;0,07;0,17;кол-во;49;Рэнкинг страховых компаний — II квартал 2026 (snsratings.uz).txt
2026-Q2;contracts_active;Количество действующих договоров;количественные;ISHONCH SUG'URTA KOMPANIYASI AJ;ISHONCH SUG`URTA KOMPANIYASI;0;77804,0;0,68;23;88537,0;0,68;23;13,79;0,0;0,09;кол-во;49;Рэнкинг страховых компаний — II квартал 2026 (snsratings.uz).txt
2026-Q2;contracts_active;Количество действующих договоров;количественные;HAMKOR SUG'URTA AJ;HAMKOR SUG`URTA;0;14933,0;0,13;27;62341,0;0,48;24;317,47;0,35;0,42;кол-во;49;Рэнкинг страховых компаний — II квартал 2026 (snsratings.uz).txt
2026-Q2;contracts_active;Количество действующих договоров;количественные;SEMURG SUG'URTA AJ QK;SEMURG INSURANCE;0;148476,0;1,31;19;61927,0;0,48;25;-58,29;-0,83;-0,76;кол-во;49;Рэнкинг страховых компаний — II квартал 2026 (snsratings.uz).txt
2026-Q2;contracts_active;Количество действующих договоров;количественные;TEMIRYO'L SUG'URTA AJ;TEMIRYO`L SUG`URTA;0;68072,0;0,6;26;53402,0;0,41;26;-21,55;-0,19;-0,13;кол-во;49;Рэнкинг страховых компаний — II квартал 2026 (snsratings.uz).txt
2026-Q2;contracts_active;Количество действующих договоров;количественные;EUROASIA INSURANCE AJ QK;EUROASIA INSURANCE;0;7113,0;0,06;31;29701,0;0,23;27;317,56;0,17;0,2;кол-во;49;Рэнкинг страховых компаний — II квартал 2026 (snsratings.uz).txt
2026-Q2;contracts_active;Количество действующих договоров;количественные;ARIA SUG'URTA TASHKILOTI AJ;ARIA SUG`URTA TASHKILOTI;0;7341,0;0,06;30;17987,0;0,14;28;145,02;0,08;0,09;кол-во;49;Рэнкинг страховых компаний — II квартал 2026 (snsratings.uz).txt
2026-Q2;contracts_active;Количество действующих договоров;количественные;ALFA LIFE INSURANCE AJ;ALFA LIFE INSURANCE;1;12522,0;0,11;28;17728,0;0,14;29;41,57;0,03;0,05;кол-во;49;Рэнкинг страховых компаний — II квартал 2026 (snsratings.uz).txt
2026-Q2;contracts_active;Количество действующих договоров;количественные;AGROS HAYOT AJ;AGROS HAYOT SUG`URTA KOMPANIYASI;1;7912,0;0,07;29;9857,0;0,08;30;24,58;0,01;0,02;кол-во;49;Рэнкинг страховых компаний — II квартал 2026 (snsratings.uz).txt
2026-Q2;contracts_active;Количество действующих договоров;количественные;PRESTIGE INSURANCE AJ;PRESTIGE INSURANCE;1;;0,0;35;7070,0;0,05;31;0,0;0,05;0,06;кол-во;49;Рэнкинг страховых компаний — II квартал 2026 (snsratings.uz).txt
2026-Q2;contracts_active;Количество действующих договоров;количественные;MOSAIC INSURANCE GROUP AJ QK;MOSAIC INSURANCE GROUP;0;1181,0;0,01;32;1338,0;0,01;32;13,29;0,0;0,0;кол-во;49;Рэнкинг страховых компаний — II квартал 2026 (snsratings.uz).txt
2026-Q2;contracts_active;Количество действующих договоров;количественные;O'ZBEKINVEST HAYOT SUG'URTA KOMPANIYASI AJ;O`ZBEKINVEST HAYOT SUG`URTA KOMPANIYASI;1;889,0;0,01;33;787,0;0,01;33;-11,47;0,0;0,0;кол-во;49;Рэнкинг страховых компаний — II квартал 2026 (snsratings.uz).txt
2026-Q2;contracts_active;Количество действующих договоров;количественные;KAFOLAT HAYOT INSURANCE AJ;KAFOLAT HAYOT INSURANCE;1;387,0;0,0;34;394,0;0,0;34;1,81;0,0;0,0;кол-во;49;Рэнкинг страховых компаний — II квартал 2026 (snsratings.uz).txt
2026-Q2;contracts_active;Количество действующих договоров;количественные;O'ZBEKISTON QAYTA SUG'URTA KOMPANIYASI MQST AJ;O`ZBEKISTON QAYTA SUG`URTA KOMPANIYASI;0;;0,0;35;55,0;0,0;35;0,0;0,0;0,0;кол-во;49;Рэнкинг страховых компаний — II квартал 2026 (snsratings.uz).txt
2026-Q2;contracts_active;Количество действующих договоров;количественные;GLOBAL INSURANCE GROUP AJ;GLOBAL INSURANCE GROUP;0;76335,0;0,67;24;;0,0;36;-100,0;-0,67;-0,67;кол-во;49;Рэнкинг страховых компаний — II квартал 2026 (snsratings.uz).txt
2026-Q2;contracts_new;Количество заключенных договоров;количественные;ВСЕГО;ВСЕГО;0;6197635,0;;;6349497,0;;;2,45;;;кол-во;50;Рэнкинг страховых компаний — II квартал 2026 (snsratings.uz).txt
2026-Q2;contracts_new;Количество заключенных договоров;количественные;MY-INSURANCE AJ;MY-INSURANCE;0;604262,0;9,75;4;1093257,0;17,22;1;80,92;7,47;7,89;кол-во;50;Рэнкинг страховых компаний — II квартал 2026 (snsratings.uz).txt
2026-Q2;contracts_new;Количество заключенных договоров;количественные;APEX INSURANCE AJ;APEX INSURANCE;0;728875,0;11,76;2;721086,0;11,36;2;-1,07;-0,4;-0,13;кол-во;50;Рэнкинг страховых компаний — II квартал 2026 (snsratings.uz).txt
2026-Q2;contracts_new;Количество заключенных договоров;количественные;O'ZBEKINVEST EISK AJ;O`ZBEKINVEST;0;613772,0;9,9;3;682903,0;10,76;3;11,26;0,86;1,12;кол-во;50;Рэнкинг страховых компаний — II квартал 2026 (snsratings.uz).txt
2026-Q2;contracts_new;Количество заключенных договоров;количественные;GROSS SUG'URTA KOMPANIYASI AJ;GROSS SUG`URTA KOMPANIYASI;0;468076,0;7,55;5;665823,0;10,49;4;42,25;2,94;3,19;кол-во;50;Рэнкинг страховых компаний — II квартал 2026 (snsratings.uz).txt
2026-Q2;contracts_new;Количество заключенных договоров;количественные;KAFOLAT SUG'URTA KOMPANIYASI AJ;KAFOLAT SUG`URTA KOMPANIYASI;0;251191,0;4,05;8;438278,0;6,9;5;74,48;2,85;3,02;кол-во;50;Рэнкинг страховых компаний — II квартал 2026 (snsratings.uz).txt
2026-Q2;contracts_new;Количество заключенных договоров;количественные;KAPITAL SUG'URTA AJ;KAPITAL SUG`URTA;0;433541,0;7,0;6;384250,0;6,05;6;-11,37;-0,95;-0,8;кол-во;50;Рэнкинг страховых компаний — II квартал 2026 (snsratings.uz).txt
2026-Q2;contracts_new;Количество заключенных договоров;количественные;INSON AJ;INSON;0;86507,0;1,4;17;266341,0;4,19;7;207,88;2,79;2,9;кол-во;50;Рэнкинг страховых компаний — II квартал 2026 (snsratings.uz).txt
2026-Q2;contracts_new;Количество заключенных договоров;количественные;NEO INSURANCE CORP AJ;NEO INSURANCE CORP;0;207959,0;3,36;9;234513,0;3,69;8;12,77;0,33;0,43;кол-во;50;Рэнкинг страховых компаний — II квартал 2026 (snsratings.uz).txt
2026-Q2;contracts_new;Количество заключенных договоров;количественные;KAFIL SUG'URTA AJ;KAFIL-SUG`URTA;0;146561,0;2,36;12;200846,0;3,16;9;37,04;0,8;0,88;кол-во;50;Рэнкинг страховых компаний — II квартал 2026 (snsratings.uz).txt
2026-Q2;contracts_new;Количество заключенных договоров;количественные;TEMIRYO'L SUG'URTA AJ;TEMIRYO`L SUG`URTA;0;207590,0;3,35;10;182107,0;2,87;10;-12,28;-0,48;-0,41;кол-во;50;Рэнкинг страховых компаний — II квартал 2026 (snsratings.uz).txt
2026-Q2;contracts_new;Количество заключенных договоров;количественные;O'ZAGROSUG'URTA AJ;O`ZAGROSUG`URTA;0;133871,0;2,16;14;178456,0;2,81;11;33,3;0,65;0,72;кол-во;50;Рэнкинг страховых компаний — II квартал 2026 (snsratings.uz).txt
2026-Q2;contracts_new;Количество заключенных договоров;количественные;ALFA INVEST SUG'URTA KOMPANIYASI AJ;ALFA INVEST SUG`URTA KOMPANIYASI;0;101241,0;1,63;15;168466,0;2,65;12;66,4;1,02;1,08;кол-во;50;Рэнкинг страховых компаний — II квартал 2026 (snsratings.uz).txt
2026-Q2;contracts_new;Количество заключенных договоров;количественные;ALSKOM AJ;ALSKOM SUG`URTA KOMPANIYASI;0;357765,0;5,77;7;166591,0;2,62;13;-53,44;-3,15;-3,08;кол-во;50;Рэнкинг страховых компаний — II квартал 2026 (snsratings.uz).txt
2026-Q2;contracts_new;Количество заключенных договоров;количественные;XALQ SUG'URTA AJ;XALQ SUG`URTA;0;181697,0;2,93;11;164995,0;2,6;14;-9,19;-0,33;-0,27;кол-во;50;Рэнкинг страховых компаний — II квартал 2026 (snsratings.uz).txt
2026-Q2;contracts_new;Количество заключенных договоров;количественные;TBC SUG'URTA AJ;TBC SUG`URTA;1;145955,0;2,36;13;126855,0;2,0;15;-13,09;-0,36;-0,31;кол-во;50;Рэнкинг страховых компаний — II квартал 2026 (snsratings.uz).txt
2026-Q2;contracts_new;Количество заключенных договоров;количественные;SQB INSURANCE SUG'URTA KOMPANIYASI AJ;SQB INSURANCE SUG`URTA KOMPANIYASI;0;60247,0;0,97;21;121339,0;1,91;16;101,4;0,94;0,99;кол-во;50;Рэнкинг страховых компаний — II квартал 2026 (snsratings.uz).txt
2026-Q2;contracts_new;Количество заключенных договоров;количественные;IMKON SUG'URTA AJ;IMKON-SUG`URTA;0;17951,0;0,29;25;119122,0;1,88;17;563,6;1,59;1,63;кол-во;50;Рэнкинг страховых компаний — II квартал 2026 (snsratings.uz).txt
2026-Q2;contracts_new;Количество заключенных договоров;количественные;INFINITY INSURANCE AJ;INFINITY INSURANCE;0;16998,0;0,27;26;106310,0;1,67;18;525,43;1,4;1,44;кол-во;50;Рэнкинг страховых компаний — II квартал 2026 (snsratings.uz).txt
2026-Q2;contracts_new;Количество заключенных договоров;количественные;TRUST-INSURANCE AJ;TRUST-INSURANCE;0;78340,0;1,26;18;68818,0;1,08;19;-12,15;-0,18;-0,15;кол-во;50;Рэнкинг страховых компаний — II квартал 2026 (snsratings.uz).txt
2026-Q2;contracts_new;Количество заключенных договоров;количественные;ASIA INSURANCE SUG'URTA KOMPANIYASI AJ;ASIA INSURANCE SUG`URTA KOMPANIYASI;0;91888,0;1,48;16;67820,0;1,07;20;-26,19;-0,41;-0,39;кол-во;50;Рэнкинг страховых компаний — II квартал 2026 (snsratings.uz).txt
2026-Q2;contracts_new;Количество заключенных договоров;количественные;QUANTUM INSURANCE AJ;QUANTUM INSURANCE;0;54935,0;0,89;22;38058,0;0,6;21;-30,72;-0,29;-0,27;кол-во;50;Рэнкинг страховых компаний — II квартал 2026 (snsratings.uz).txt
2026-Q2;contracts_new;Количество заключенных договоров;количественные;EUROASIA INSURANCE AJ QK;EUROASIA INSURANCE;0;7113,0;0,11;28;29701,0;0,47;22;317,56;0,36;0,36;кол-во;50;Рэнкинг страховых компаний — II квартал 2026 (snsratings.uz).txt
2026-Q2;contracts_new;Количество заключенных договоров;количественные;IMPEX-INSURANCE AJ;IMPEX-INSURANCE;0;63511,0;1,02;20;29140,0;0,46;23;-54,12;-0,56;-0,55;кол-во;50;Рэнкинг страховых компаний — II квартал 2026 (snsratings.uz).txt
2026-Q2;contracts_new;Количество заключенных договоров;количественные;APEX LIFE INSURANCE AJ;APEX LIFE INSURANCE;1;953901,0;15,39;1;22777,0;0,36;24;-97,61;-15,03;-15,02;кол-во;50;Рэнкинг страховых компаний — II квартал 2026 (snsratings.uz).txt
2026-Q2;contracts_new;Количество заключенных договоров;количественные;ISHONCH SUG'URTA KOMPANIYASI AJ;ISHONCH SUG`URTA KOMPANIYASI;0;41934,0;0,68;23;20450,0;0,32;25;-51,23;-0,36;-0,35;кол-во;50;Рэнкинг страховых компаний — II квартал 2026 (snsratings.uz).txt
2026-Q2;contracts_new;Количество заключенных договоров;количественные;ALFA LIFE INSURANCE AJ;ALFA LIFE INSURANCE;1;5057,0;0,08;30;13398,0;0,21;26;164,94;0,13;0,13;кол-во;50;Рэнкинг страховых компаний — II квартал 2026 (snsratings.uz).txt
2026-Q2;contracts_new;Количество заключенных договоров;количественные;HAMKOR SUG'URTA AJ;HAMKOR SUG`URTA;0;14927,0;0,24;27;12546,0;0,2;27;-15,95;-0,04;-0,04;кол-во;50;Рэнкинг страховых компаний — II квартал 2026 (snsratings.uz).txt
2026-Q2;contracts_new;Количество заключенных договоров;количественные;ARIA SUG'URTA TASHKILOTI AJ;ARIA SUG`URTA TASHKILOTI;0;6247,0;0,1;29;11192,0;0,18;28;79,16;0,08;0,08;кол-во;50;Рэнкинг страховых компаний — II квартал 2026 (snsratings.uz).txt
2026-Q2;contracts_new;Количество заключенных договоров;количественные;PRESTIGE INSURANCE AJ;PRESTIGE INSURANCE;1;;0,0;35;7070,0;0,11;29;0,0;0,11;0,11;кол-во;50;Рэнкинг страховых компаний — II квартал 2026 (snsratings.uz).txt
2026-Q2;contracts_new;Количество заключенных договоров;количественные;SEMURG SUG'URTA AJ QK;SEMURG INSURANCE;0;76288,0;1,23;19;3302,0;0,05;30;-95,67;-1,18;-1,18;кол-во;50;Рэнкинг страховых компаний — II квартал 2026 (snsratings.uz).txt
2026-Q2;contracts_new;Количество заключенных договоров;количественные;AGROS HAYOT AJ;AGROS HAYOT SUG`URTA KOMPANIYASI;1;62,0;0,0;34;1765,0;0,03;31;2746,77;0,03;0,03;кол-во;50;Рэнкинг страховых компаний — II квартал 2026 (snsratings.uz).txt
2026-Q2;contracts_new;Количество заключенных договоров;количественные;KAFOLAT HAYOT INSURANCE AJ;KAFOLAT HAYOT INSURANCE;1;654,0;0,01;32;889,0;0,01;32;35,93;0,0;0,0;кол-во;50;Рэнкинг страховых компаний — II квартал 2026 (snsratings.uz).txt
2026-Q2;contracts_new;Количество заключенных договоров;количественные;MOSAIC INSURANCE GROUP AJ QK;MOSAIC INSURANCE GROUP;0;809,0;0,01;31;694,0;0,01;33;-14,22;0,0;0,0;кол-во;50;Рэнкинг страховых компаний — II квартал 2026 (snsratings.uz).txt
2026-Q2;contracts_new;Количество заключенных договоров;количественные;O'ZBEKINVEST HAYOT SUG'URTA KOMPANIYASI AJ;O`ZBEKINVEST HAYOT SUG`URTA KOMPANIYASI;1;259,0;0,0;33;284,0;0,0;34;9,65;0,0;0,0;кол-во;50;Рэнкинг страховых компаний — II квартал 2026 (snsratings.uz).txt
2026-Q2;contracts_new;Количество заключенных договоров;количественные;O'ZBEKISTON QAYTA SUG'URTA KOMPANIYASI MQST AJ;O`ZBEKISTON QAYTA SUG`URTA KOMPANIYASI;0;;0,0;35;55,0;0,0;35;0,0;0,0;0,0;кол-во;50;Рэнкинг страховых компаний — II квартал 2026 (snsratings.uz).txt
2026-Q2;contracts_new;Количество заключенных договоров;количественные;GLOBAL INSURANCE GROUP AJ;GLOBAL INSURANCE GROUP;0;37651,0;0,61;24;;0,0;36;-100,0;-0,61;-0,61;кол-во;50;Рэнкинг страховых компаний — II квартал 2026 (snsratings.uz).txt
2026-Q2;claims_received;Общее количество поступивших претензий;количественные;ВСЕГО;ВСЕГО;0;128953,0;;;170895,0;;;32,53;;;кол-во;51;Рэнкинг страховых компаний — II квартал 2026 (snsratings.uz).txt
2026-Q2;claims_received;Общее количество поступивших претензий;количественные;APEX INSURANCE AJ;APEX INSURANCE;0;10672,0;8,28;4;46308,0;27,1;1;333,92;18,82;27,63;кол-во;51;Рэнкинг страховых компаний — II квартал 2026 (snsratings.uz).txt
2026-Q2;claims_received;Общее количество поступивших претензий;количественные;APEX LIFE INSURANCE AJ;APEX LIFE INSURANCE;1;12169,0;9,44;3;23508,0;13,76;2;93,18;4,32;8,79;кол-во;51;Рэнкинг страховых компаний — II квартал 2026 (snsratings.uz).txt
2026-Q2;claims_received;Общее количество поступивших претензий;количественные;GROSS SUG'URTA KOMPANIYASI AJ;GROSS SUG`URTA KOMPANIYASI;0;12667,0;9,82;2;14307,0;8,37;3;12,95;-1,45;1,27;кол-во;51;Рэнкинг страховых компаний — II квартал 2026 (snsratings.uz).txt
2026-Q2;claims_received;Общее количество поступивших претензий;количественные;KAFOLAT SUG'URTA KOMPANIYASI AJ;KAFOLAT SUG`URTA KOMPANIYASI;0;4712,0;3,65;8;8832,0;5,17;4;87,44;1,52;3,19;кол-во;51;Рэнкинг страховых компаний — II квартал 2026 (snsratings.uz).txt
2026-Q2;claims_received;Общее количество поступивших претензий;количественные;ALFA INVEST SUG'URTA KOMPANIYASI AJ;ALFA INVEST SUG`URTA KOMPANIYASI;0;5699,0;4,42;6;7269,0;4,25;5;27,55;-0,17;1,22;кол-во;51;Рэнкинг страховых компаний — II квартал 2026 (snsratings.uz).txt
2026-Q2;claims_received;Общее количество поступивших претензий;количественные;NEO INSURANCE CORP AJ;NEO INSURANCE CORP;0;3253,0;2,52;12;6957,0;4,07;6;113,86;1,55;2,87;кол-во;51;Рэнкинг страховых компаний — II квартал 2026 (snsratings.uz).txt
2026-Q2;claims_received;Общее количество поступивших претензий;количественные;ALSKOM AJ;ALSKOM SUG`URTA KOMPANIYASI;0;7299,0;5,66;5;6481,0;3,79;7;-11,21;-1,87;-0,63;кол-во;51;Рэнкинг страховых компаний — II квартал 2026 (snsratings.uz).txt
2026-Q2;claims_received;Общее количество поступивших претензий;количественные;ALFA LIFE INSURANCE AJ;ALFA LIFE INSURANCE;1;1908,0;1,48;18;6325,0;3,7;8;231,5;2,22;3,43;кол-во;51;Рэнкинг страховых компаний — II квартал 2026 (snsratings.uz).txt
2026-Q2;claims_received;Общее количество поступивших претензий;количественные;TRUST-INSURANCE AJ;TRUST-INSURANCE;0;405,0;0,31;30;6146,0;3,6;9;1417,53;3,29;4,45;кол-во;51;Рэнкинг страховых компаний — II квартал 2026 (snsratings.uz).txt
2026-Q2;claims_received;Общее количество поступивших претензий;количественные;MOSAIC INSURANCE GROUP AJ QK;MOSAIC INSURANCE GROUP;0;5269,0;4,09;7;5447,0;3,19;10;3,38;-0,9;0,14;кол-во;51;Рэнкинг страховых компаний — II квартал 2026 (snsratings.uz).txt
2026-Q2;claims_received;Общее количество поступивших претензий;количественные;O'ZBEKINVEST EISK AJ;O`ZBEKINVEST;0;2961,0;2,3;13;4022,0;2,35;11;35,83;0,05;0,82;кол-во;51;Рэнкинг страховых компаний — II квартал 2026 (snsratings.uz).txt
2026-Q2;claims_received;Общее количество поступивших претензий;количественные;KAFIL SUG'URTA AJ;KAFIL-SUG`URTA;0;4520,0;3,51;10;3954,0;2,31;12;-12,52;-1,2;-0,44;кол-во;51;Рэнкинг страховых компаний — II квартал 2026 (snsratings.uz).txt
2026-Q2;claims_received;Общее количество поступивших претензий;количественные;INSON AJ;INSON;0;2564,0;1,99;14;3516,0;2,06;13;37,13;0,07;0,74;кол-во;51;Рэнкинг страховых компаний — II квартал 2026 (snsratings.uz).txt
2026-Q2;claims_received;Общее количество поступивших претензий;количественные;MY-INSURANCE AJ;MY-INSURANCE;0;3986,0;3,09;11;3136,0;1,84;14;-21,32;-1,25;-0,66;кол-во;51;Рэнкинг страховых компаний — II квартал 2026 (snsratings.uz).txt
2026-Q2;claims_received;Общее количество поступивших претензий;количественные;ISHONCH SUG'URTA KOMPANIYASI AJ;ISHONCH SUG`URTA KOMPANIYASI;0;1899,0;1,47;19;3134,0;1,83;15;65,03;0,36;0,96;кол-во;51;Рэнкинг страховых компаний — II квартал 2026 (snsratings.uz).txt
2026-Q2;claims_received;Общее количество поступивших претензий;количественные;SQB INSURANCE SUG'URTA KOMPANIYASI AJ;SQB INSURANCE SUG`URTA KOMPANIYASI;0;2013,0;1,56;17;3006,0;1,76;16;49,33;0,2;0,77;кол-во;51;Рэнкинг страховых компаний — II квартал 2026 (snsratings.uz).txt
2026-Q2;claims_received;Общее количество поступивших претензий;количественные;QUANTUM INSURANCE AJ;QUANTUM INSURANCE;0;1010,0;0,78;24;2775,0;1,62;17;174,75;0,84;1,37;кол-во;51;Рэнкинг страховых компаний — II квартал 2026 (snsratings.uz).txt
2026-Q2;claims_received;Общее количество поступивших претензий;количественные;IMKON SUG'URTA AJ;IMKON-SUG`URTA;0;4645,0;3,6;9;2384,0;1,4;18;-48,68;-2,2;-1,75;кол-во;51;Рэнкинг страховых компаний — II квартал 2026 (snsratings.uz).txt
2026-Q2;claims_received;Общее количество поступивших претензий;количественные;KAPITAL SUG'URTA AJ;KAPITAL SUG`URTA;0;27131,0;21,04;1;2191,0;1,28;19;-91,92;-19,76;-19,34;кол-во;51;Рэнкинг страховых компаний — II квартал 2026 (snsratings.uz).txt
2026-Q2;claims_received;Общее количество поступивших претензий;количественные;KAFOLAT HAYOT INSURANCE AJ;KAFOLAT HAYOT INSURANCE;1;1592,0;1,23;20;2157,0;1,26;20;35,49;0,03;0,44;кол-во;51;Рэнкинг страховых компаний — II квартал 2026 (snsratings.uz).txt
2026-Q2;claims_received;Общее количество поступивших претензий;количественные;O'ZAGROSUG'URTA AJ;O`ZAGROSUG`URTA;0;1386,0;1,07;22;1609,0;0,94;21;16,09;-0,13;0,17;кол-во;51;Рэнкинг страховых компаний — II квартал 2026 (snsratings.uz).txt
2026-Q2;claims_received;Общее количество поступивших претензий;количественные;INFINITY INSURANCE AJ;INFINITY INSURANCE;0;990,0;0,77;25;1187,0;0,69;22;19,9;-0,08;0,15;кол-во;51;Рэнкинг страховых компаний — II квартал 2026 (snsratings.uz).txt
2026-Q2;claims_received;Общее количество поступивших претензий;количественные;XALQ SUG'URTA AJ;XALQ SUG`URTA;0;2195,0;1,7;16;1181,0;0,69;23;-46,2;-1,01;-0,79;кол-во;51;Рэнкинг страховых компаний — II квартал 2026 (snsratings.uz).txt
2026-Q2;claims_received;Общее количество поступивших претензий;количественные;ASIA INSURANCE SUG'URTA KOMPANIYASI AJ;ASIA INSURANCE SUG`URTA KOMPANIYASI;0;694,0;0,54;27;1078,0;0,63;24;55,33;0,09;0,3;кол-во;51;Рэнкинг страховых компаний — II квартал 2026 (snsratings.uz).txt
2026-Q2;claims_received;Общее количество поступивших претензий;количественные;O'ZBEKINVEST HAYOT SUG'URTA KOMPANIYASI AJ;O`ZBEKINVEST HAYOT SUG`URTA KOMPANIYASI;1;1064,0;0,83;23;976,0;0,57;25;-8,27;-0,26;-0,07;кол-во;51;Рэнкинг страховых компаний — II квартал 2026 (snsratings.uz).txt
2026-Q2;claims_received;Общее количество поступивших претензий;количественные;IMPEX-INSURANCE AJ;IMPEX-INSURANCE;0;785,0;0,61;26;669,0;0,39;26;-14,78;-0,22;-0,09;кол-во;51;Рэнкинг страховых компаний — II квартал 2026 (snsratings.uz).txt
2026-Q2;claims_received;Общее количество поступивших претензий;количественные;TEMIRYO'L SUG'URTA AJ;TEMIRYO`L SUG`URTA;0;2524,0;1,96;15;639,0;0,37;27;-74,68;-1,59;-1,46;кол-во;51;Рэнкинг страховых компаний — II квартал 2026 (snsratings.uz).txt
2026-Q2;claims_received;Общее количество поступивших претензий;количественные;ARIA SUG'URTA TASHKILOTI AJ;ARIA SUG`URTA TASHKILOTI;0;452,0;0,35;29;554,0;0,32;28;22,57;-0,03;0,08;кол-во;51;Рэнкинг страховых компаний — II квартал 2026 (snsratings.uz).txt
2026-Q2;claims_received;Общее количество поступивших претензий;количественные;EUROASIA INSURANCE AJ QK;EUROASIA INSURANCE;0;308,0;0,24;31;520,0;0,3;29;68,83;0,06;0,16;кол-во;51;Рэнкинг страховых компаний — II квартал 2026 (snsratings.uz).txt
2026-Q2;claims_received;Общее количество поступивших претензий;количественные;HAMKOR SUG'URTA AJ;HAMKOR SUG`URTA;0;211,0;0,16;32;229,0;0,13;30;8,53;-0,03;0,01;кол-во;51;Рэнкинг страховых компаний — II квартал 2026 (snsratings.uz).txt
2026-Q2;claims_received;Общее количество поступивших претензий;количественные;SEMURG SUG'URTA AJ QK;SEMURG INSURANCE;0;458,0;0,36;28;196,0;0,11;31;-57,21;-0,25;-0,2;кол-во;51;Рэнкинг страховых компаний — II квартал 2026 (snsratings.uz).txt
2026-Q2;claims_received;Общее количество поступивших претензий;количественные;TBC SUG'URTA AJ;TBC SUG`URTA;1;;0,0;34;172,0;0,1;32;0,0;0,1;0,13;кол-во;51;Рэнкинг страховых компаний — II квартал 2026 (snsratings.uz).txt
2026-Q2;claims_received;Общее количество поступивших претензий;количественные;AGROS HAYOT AJ;AGROS HAYOT SUG`URTA KOMPANIYASI;1;30,0;0,02;33;30,0;0,02;33;0,0;0,0;0,0;кол-во;51;Рэнкинг страховых компаний — II квартал 2026 (snsratings.uz).txt
2026-Q2;claims_received;Общее количество поступивших претензий;количественные;GLOBAL INSURANCE GROUP AJ;GLOBAL INSURANCE GROUP;0;1482,0;1,15;21;;0,0;34;-100,0;-1,15;-1,15;кол-во;51;Рэнкинг страховых компаний — II квартал 2026 (snsratings.uz).txt
2026-Q2;claims_received;Общее количество поступивших претензий;количественные;PRESTIGE INSURANCE AJ;PRESTIGE INSURANCE;1;;0,0;34;;0,0;34;0,0;0,0;0,0;кол-во;51;Рэнкинг страховых компаний — II квартал 2026 (snsratings.uz).txt
2026-Q2;claims_received;Общее количество поступивших претензий;количественные;O'ZBEKISTON QAYTA SUG'URTA KOMPANIYASI MQST AJ;O`ZBEKISTON QAYTA SUG`URTA KOMPANIYASI;0;;0,0;34;;0,0;34;0,0;0,0;0,0;кол-во;51;Рэнкинг страховых компаний — II квартал 2026 (snsratings.uz).txt
2026-Q2;claims_settled;Количество урегулированных страховых претензий;количественные;ВСЕГО;ВСЕГО;0;123542,0;;;165675,0;;;34,1;;;кол-во;52;Рэнкинг страховых компаний — II квартал 2026 (snsratings.uz).txt
2026-Q2;claims_settled;Количество урегулированных страховых претензий;количественные;APEX INSURANCE AJ;APEX INSURANCE;0;10441,0;8,45;4;46221,0;27,9;1;342,69;19,45;28,96;кол-во;52;Рэнкинг страховых компаний — II квартал 2026 (snsratings.uz).txt
2026-Q2;claims_settled;Количество урегулированных страховых претензий;количественные;APEX LIFE INSURANCE AJ;APEX LIFE INSURANCE;1;12160,0;9,84;3;23507,0;14,19;2;93,31;4,35;9,18;кол-во;52;Рэнкинг страховых компаний — II квартал 2026 (snsratings.uz).txt
2026-Q2;claims_settled;Количество урегулированных страховых претензий;количественные;GROSS SUG'URTA KOMPANIYASI AJ;GROSS SUG`URTA KOMPANIYASI;0;12618,0;10,21;2;14195,0;8,57;3;12,5;-1,64;1,28;кол-во;52;Рэнкинг страховых компаний — II квартал 2026 (snsratings.uz).txt
2026-Q2;claims_settled;Количество урегулированных страховых претензий;количественные;KAFOLAT SUG'URTA KOMPANIYASI AJ;KAFOLAT SUG`URTA KOMPANIYASI;0;4589,0;3,71;9;8721,0;5,26;4;90,04;1,55;3,34;кол-во;52;Рэнкинг страховых компаний — II квартал 2026 (snsratings.uz).txt
2026-Q2;claims_settled;Количество урегулированных страховых претензий;количественные;ALFA INVEST SUG'URTA KOMPANIYASI AJ;ALFA INVEST SUG`URTA KOMPANIYASI;0;5589,0;4,52;6;7208,0;4,35;5;28,97;-0,17;1,31;кол-во;52;Рэнкинг страховых компаний — II квартал 2026 (snsratings.uz).txt
2026-Q2;claims_settled;Количество урегулированных страховых претензий;количественные;NEO INSURANCE CORP AJ;NEO INSURANCE CORP;0;3089,0;2,5;12;6573,0;3,97;6;112,79;1,47;2,82;кол-во;52;Рэнкинг страховых компаний — II квартал 2026 (snsratings.uz).txt
2026-Q2;claims_settled;Количество урегулированных страховых претензий;количественные;ALSKOM AJ;ALSKOM SUG`URTA KOMPANIYASI;0;7280,0;5,89;5;6445,0;3,89;7;-11,47;-2,0;-0,68;кол-во;52;Рэнкинг страховых компаний — II квартал 2026 (snsratings.uz).txt
2026-Q2;claims_settled;Количество урегулированных страховых претензий;количественные;ALFA LIFE INSURANCE AJ;ALFA LIFE INSURANCE;1;1908,0;1,54;17;6325,0;3,82;8;231,5;2,28;3,58;кол-во;52;Рэнкинг страховых компаний — II квартал 2026 (snsratings.uz).txt
2026-Q2;claims_settled;Количество урегулированных страховых претензий;количественные;MOSAIC INSURANCE GROUP AJ QK;MOSAIC INSURANCE GROUP;0;5259,0;4,26;7;5425,0;3,27;9;3,16;-0,99;0,13;кол-во;52;Рэнкинг страховых компаний — II квартал 2026 (snsratings.uz).txt
2026-Q2;claims_settled;Количество урегулированных страховых претензий;количественные;TRUST-INSURANCE AJ;TRUST-INSURANCE;0;349,0;0,28;30;5136,0;3,1;10;1371,63;2,82;3,87;кол-во;52;Рэнкинг страховых компаний — II квартал 2026 (snsratings.uz).txt
2026-Q2;claims_settled;Количество урегулированных страховых претензий;количественные;KAFIL SUG'URTA AJ;KAFIL-SUG`URTA;0;4461,0;3,61;10;3914,0;2,36;11;-12,26;-1,25;-0,44;кол-во;52;Рэнкинг страховых компаний — II квартал 2026 (snsratings.uz).txt
2026-Q2;claims_settled;Количество урегулированных страховых претензий;количественные;INSON AJ;INSON;0;2484,0;2,01;13;3407,0;2,06;12;37,16;0,05;0,75;кол-во;52;Рэнкинг страховых компаний — II квартал 2026 (snsratings.uz).txt
2026-Q2;claims_settled;Количество урегулированных страховых претензий;количественные;SQB INSURANCE SUG'URTA KOMPANIYASI AJ;SQB INSURANCE SUG`URTA KOMPANIYASI;0;2013,0;1,63;16;2988,0;1,8;13;48,44;0,17;0,79;кол-во;52;Рэнкинг страховых компаний — II квартал 2026 (snsratings.uz).txt
2026-Q2;claims_settled;Количество урегулированных страховых претензий;количественные;O'ZBEKINVEST EISK AJ;O`ZBEKINVEST;0;2418,0;1,96;14;2988,0;1,8;13;23,57;-0,16;0,46;кол-во;52;Рэнкинг страховых компаний — II квартал 2026 (snsratings.uz).txt
2026-Q2;claims_settled;Количество урегулированных страховых претензий;количественные;ISHONCH SUG'URTA KOMPANIYASI AJ;ISHONCH SUG`URTA KOMPANIYASI;0;1665,0;1,35;18;2838,0;1,71;15;70,45;0,36;0,95;кол-во;52;Рэнкинг страховых компаний — II квартал 2026 (snsratings.uz).txt
2026-Q2;claims_settled;Количество урегулированных страховых претензий;количественные;MY-INSURANCE AJ;MY-INSURANCE;0;3577,0;2,9;11;2833,0;1,71;16;-20,8;-1,19;-0,6;кол-во;52;Рэнкинг страховых компаний — II квартал 2026 (snsratings.uz).txt
2026-Q2;claims_settled;Количество урегулированных страховых претензий;количественные;QUANTUM INSURANCE AJ;QUANTUM INSURANCE;0;978,0;0,79;23;2730,0;1,65;17;179,14;0,86;1,42;кол-во;52;Рэнкинг страховых компаний — II квартал 2026 (snsratings.uz).txt
2026-Q2;claims_settled;Количество урегулированных страховых претензий;количественные;IMKON SUG'URTA AJ;IMKON-SUG`URTA;0;4631,0;3,75;8;2367,0;1,43;18;-48,89;-2,32;-1,83;кол-во;52;Рэнкинг страховых компаний — II квартал 2026 (snsratings.uz).txt
2026-Q2;claims_settled;Количество урегулированных страховых претензий;количественные;KAFOLAT HAYOT INSURANCE AJ;KAFOLAT HAYOT INSURANCE;1;1592,0;1,29;19;2157,0;1,3;19;35,49;0,01;0,46;кол-во;52;Рэнкинг страховых компаний — II квартал 2026 (snsratings.uz).txt
2026-Q2;claims_settled;Количество урегулированных страховых претензий;количественные;KAPITAL SUG'URTA AJ;KAPITAL SUG`URTA;0;26240,0;21,24;1;1661,0;1,0;20;-93,67;-20,24;-19,9;кол-во;52;Рэнкинг страховых компаний — II квартал 2026 (snsratings.uz).txt
2026-Q2;claims_settled;Количество урегулированных страховых претензий;количественные;O'ZAGROSUG'URTA AJ;O`ZAGROSUG`URTA;0;1317,0;1,07;21;1346,0;0,81;21;2,2;-0,26;0,02;кол-во;52;Рэнкинг страховых компаний — II квартал 2026 (snsratings.uz).txt
2026-Q2;claims_settled;Количество урегулированных страховых претензий;количественные;INFINITY INSURANCE AJ;INFINITY INSURANCE;0;934,0;0,76;24;1185,0;0,72;22;26,87;-0,04;0,2;кол-во;52;Рэнкинг страховых компаний — II квартал 2026 (snsratings.uz).txt
2026-Q2;claims_settled;Количество урегулированных страховых претензий;количественные;XALQ SUG'URTA AJ;XALQ SUG`URTA;0;2105,0;1,7;15;1081,0;0,65;23;-48,65;-1,05;-0,83;кол-во;52;Рэнкинг страховых компаний — II квартал 2026 (snsratings.uz).txt
2026-Q2;claims_settled;Количество урегулированных страховых претензий;количественные;O'ZBEKINVEST HAYOT SUG'URTA KOMPANIYASI AJ;O`ZBEKINVEST HAYOT SUG`URTA KOMPANIYASI;1;1064,0;0,86;22;976,0;0,59;24;-8,27;-0,27;-0,07;кол-во;52;Рэнкинг страховых компаний — II квартал 2026 (snsratings.uz).txt
2026-Q2;claims_settled;Количество урегулированных страховых претензий;количественные;ASIA INSURANCE SUG'URTA KOMPANIYASI AJ;ASIA INSURANCE SUG`URTA KOMPANIYASI;0;540,0;0,44;27;912,0;0,55;25;68,89;0,11;0,3;кол-во;52;Рэнкинг страховых компаний — II квартал 2026 (snsratings.uz).txt
2026-Q2;claims_settled;Количество урегулированных страховых претензий;количественные;ARIA SUG'URTA TASHKILOTI AJ;ARIA SUG`URTA TASHKILOTI;0;431,0;0,35;28;542,0;0,33;26;25,75;-0,02;0,09;кол-во;52;Рэнкинг страховых компаний — II квартал 2026 (snsratings.uz).txt
2026-Q2;claims_settled;Количество урегулированных страховых претензий;количественные;EUROASIA INSURANCE AJ QK;EUROASIA INSURANCE;0;290,0;0,23;31;490,0;0,3;27;68,97;0,07;0,16;кол-во;52;Рэнкинг страховых компаний — II квартал 2026 (snsratings.uz).txt
2026-Q2;claims_settled;Количество урегулированных страховых претензий;количественные;IMPEX-INSURANCE AJ;IMPEX-INSURANCE;0;776,0;0,63;25;473,0;0,29;28;-39,05;-0,34;-0,25;кол-во;52;Рэнкинг страховых компаний — II квартал 2026 (snsratings.uz).txt
2026-Q2;claims_settled;Количество урегулированных страховых претензий;количественные;TEMIRYO'L SUG'URTA AJ;TEMIRYO`L SUG`URTA;0;776,0;0,63;25;466,0;0,28;29;-39,95;-0,35;-0,25;кол-во;52;Рэнкинг страховых компаний — II квартал 2026 (snsratings.uz).txt
2026-Q2;claims_settled;Количество урегулированных страховых претензий;количественные;HAMKOR SUG'URTA AJ;HAMKOR SUG`URTA;0;171,0;0,14;32;222,0;0,13;30;29,82;-0,01;0,04;кол-во;52;Рэнкинг страховых компаний — II квартал 2026 (snsratings.uz).txt
2026-Q2;claims_settled;Количество урегулированных страховых претензий;количественные;SEMURG SUG'URTA AJ QK;SEMURG INSURANCE;0;420,0;0,34;29;189,0;0,11;31;-55,0;-0,23;-0,19;кол-во;52;Рэнкинг страховых компаний — II квартал 2026 (snsratings.uz).txt
2026-Q2;claims_settled;Количество урегулированных страховых претензий;количественные;TBC SUG'URTA AJ;TBC SUG`URTA;1;;0,0;34;124,0;0,07;32;0,0;0,07;0,1;кол-во;52;Рэнкинг страховых компаний — II квартал 2026 (snsratings.uz).txt
2026-Q2;claims_settled;Количество урегулированных страховых претензий;количественные;AGROS HAYOT AJ;AGROS HAYOT SUG`URTA KOMPANIYASI;1;30,0;0,02;33;30,0;0,02;33;0,0;0,0;0,0;кол-во;52;Рэнкинг страховых компаний — II квартал 2026 (snsratings.uz).txt
2026-Q2;claims_settled;Количество урегулированных страховых претензий;количественные;GLOBAL INSURANCE GROUP AJ;GLOBAL INSURANCE GROUP;0;1347,0;1,09;20;;0,0;34;-100,0;-1,09;-1,09;кол-во;52;Рэнкинг страховых компаний — II квартал 2026 (snsratings.uz).txt
2026-Q2;claims_settled;Количество урегулированных страховых претензий;количественные;PRESTIGE INSURANCE AJ;PRESTIGE INSURANCE;1;;0,0;34;;0,0;34;0,0;0,0;0,0;кол-во;52;Рэнкинг страховых компаний — II квартал 2026 (snsratings.uz).txt
2026-Q2;claims_settled;Количество урегулированных страховых претензий;количественные;O'ZBEKISTON QAYTA SUG'URTA KOMPANIYASI MQST AJ;O`ZBEKISTON QAYTA SUG`URTA KOMPANIYASI;0;;0,0;34;;0,0;34;0,0;0,0;0,0;кол-во;52;Рэнкинг страховых компаний — II квартал 2026 (snsratings.uz).txt
2026-Q2;claims_paid_count;Количество выплаченных претензий;количественные;ВСЕГО;ВСЕГО;0;121005,0;;;162121,0;;;33,98;;;кол-во;53;Рэнкинг страховых компаний — II квартал 2026 (snsratings.uz).txt
2026-Q2;claims_paid_count;Количество выплаченных претензий;количественные;APEX INSURANCE AJ;APEX INSURANCE;0;9892,0;8,17;4;45641,0;28,15;1;361,39;19,98;29,54;кол-во;53;Рэнкинг страховых компаний — II квартал 2026 (snsratings.uz).txt
2026-Q2;claims_paid_count;Количество выплаченных претензий;количественные;APEX LIFE INSURANCE AJ;APEX LIFE INSURANCE;1;12160,0;10,05;3;23507,0;14,5;2;93,31;4,45;9,38;кол-во;53;Рэнкинг страховых компаний — II квартал 2026 (snsratings.uz).txt
2026-Q2;claims_paid_count;Количество выплаченных претензий;количественные;GROSS SUG'URTA KOMPANIYASI AJ;GROSS SUG`URTA KOMPANIYASI;0;12510,0;10,34;2;14077,0;8,68;3;12,53;-1,66;1,29;кол-во;53;Рэнкинг страховых компаний — II квартал 2026 (snsratings.uz).txt
2026-Q2;claims_paid_count;Количество выплаченных претензий;количественные;KAFOLAT SUG'URTA KOMPANIYASI AJ;KAFOLAT SUG`URTA KOMPANIYASI;0;4507,0;3,72;9;8539,0;5,27;4;89,46;1,55;3,33;кол-во;53;Рэнкинг страховых компаний — II квартал 2026 (snsratings.uz).txt
2026-Q2;claims_paid_count;Количество выплаченных претензий;количественные;ALFA INVEST SUG'URTA KOMPANIYASI AJ;ALFA INVEST SUG`URTA KOMPANIYASI;0;5415,0;4,48;6;6739,0;4,16;5;24,45;-0,32;1,09;кол-во;53;Рэнкинг страховых компаний — II квартал 2026 (snsratings.uz).txt
2026-Q2;claims_paid_count;Количество выплаченных претензий;количественные;NEO INSURANCE CORP AJ;NEO INSURANCE CORP;0;2968,0;2,45;12;6435,0;3,97;6;116,81;1,52;2,87;кол-во;53;Рэнкинг страховых компаний — II квартал 2026 (snsratings.uz).txt
2026-Q2;claims_paid_count;Количество выплаченных претензий;количественные;ALSKOM AJ;ALSKOM SUG`URTA KOMPANIYASI;0;7249,0;5,99;5;6408,0;3,95;7;-11,6;-2,04;-0,7;кол-во;53;Рэнкинг страховых компаний — II квартал 2026 (snsratings.uz).txt
2026-Q2;claims_paid_count;Количество выплаченных претензий;количественные;ALFA LIFE INSURANCE AJ;ALFA LIFE INSURANCE;1;1907,0;1,58;17;6324,0;3,9;8;231,62;2,32;3,65;кол-во;53;Рэнкинг страховых компаний — II квартал 2026 (snsratings.uz).txt
2026-Q2;claims_paid_count;Количество выплаченных претензий;количественные;MOSAIC INSURANCE GROUP AJ QK;MOSAIC INSURANCE GROUP;0;5258,0;4,35;7;5425,0;3,35;9;3,18;-1,0;0,14;кол-во;53;Рэнкинг страховых компаний — II квартал 2026 (snsratings.uz).txt
2026-Q2;claims_paid_count;Количество выплаченных претензий;количественные;TRUST-INSURANCE AJ;TRUST-INSURANCE;0;333,0;0,28;30;4302,0;2,65;10;1191,89;2,37;3,28;кол-во;53;Рэнкинг страховых компаний — II квартал 2026 (snsratings.uz).txt
2026-Q2;claims_paid_count;Количество выплаченных претензий;количественные;KAFIL SUG'URTA AJ;KAFIL-SUG`URTA;0;4304,0;3,56;10;3817,0;2,35;11;-11,32;-1,21;-0,4;кол-во;53;Рэнкинг страховых компаний — II квартал 2026 (snsratings.uz).txt
2026-Q2;claims_paid_count;Количество выплаченных претензий;количественные;INSON AJ;INSON;0;2341,0;1,93;13;3353,0;2,07;12;43,23;0,14;0,84;кол-во;53;Рэнкинг страховых компаний — II квартал 2026 (snsratings.uz).txt
2026-Q2;claims_paid_count;Количество выплаченных претензий;количественные;SQB INSURANCE SUG'URTA KOMPANIYASI AJ;SQB INSURANCE SUG`URTA KOMPANIYASI;0;1995,0;1,65;16;2936,0;1,81;13;47,17;0,16;0,78;кол-во;53;Рэнкинг страховых компаний — II квартал 2026 (snsratings.uz).txt
2026-Q2;claims_paid_count;Количество выплаченных претензий;количественные;ISHONCH SUG'URTA KOMPANIYASI AJ;ISHONCH SUG`URTA KOMPANIYASI;0;1661,0;1,37;18;2834,0;1,75;14;70,62;0,38;0,97;кол-во;53;Рэнкинг страховых компаний — II квартал 2026 (snsratings.uz).txt
2026-Q2;claims_paid_count;Количество выплаченных претензий;количественные;O'ZBEKINVEST EISK AJ;O`ZBEKINVEST;0;2319,0;1,92;14;2821,0;1,74;15;21,65;-0,18;0,41;кол-во;53;Рэнкинг страховых компаний — II квартал 2026 (snsratings.uz).txt
2026-Q2;claims_paid_count;Количество выплаченных претензий;количественные;MY-INSURANCE AJ;MY-INSURANCE;0;3532,0;2,92;11;2718,0;1,68;16;-23,05;-1,24;-0,67;кол-во;53;Рэнкинг страховых компаний — II квартал 2026 (snsratings.uz).txt
2026-Q2;claims_paid_count;Количество выплаченных претензий;количественные;QUANTUM INSURANCE AJ;QUANTUM INSURANCE;0;960,0;0,79;23;2708,0;1,67;17;182,08;0,88;1,44;кол-во;53;Рэнкинг страховых компаний — II квартал 2026 (snsratings.uz).txt
2026-Q2;claims_paid_count;Количество выплаченных претензий;количественные;IMKON SUG'URTA AJ;IMKON-SUG`URTA;0;4621,0;3,82;8;2315,0;1,43;18;-49,9;-2,39;-1,91;кол-во;53;Рэнкинг страховых компаний — II квартал 2026 (snsratings.uz).txt
2026-Q2;claims_paid_count;Количество выплаченных претензий;количественные;KAFOLAT HAYOT INSURANCE AJ;KAFOLAT HAYOT INSURANCE;1;1592,0;1,32;19;2157,0;1,33;19;35,49;0,01;0,47;кол-во;53;Рэнкинг страховых компаний — II квартал 2026 (snsratings.uz).txt
2026-Q2;claims_paid_count;Количество выплаченных претензий;количественные;KAPITAL SUG'URTA AJ;KAPITAL SUG`URTA;0;26077,0;21,55;1;1632,0;1,01;20;-93,74;-20,54;-20,2;кол-во;53;Рэнкинг страховых компаний — II квартал 2026 (snsratings.uz).txt
2026-Q2;claims_paid_count;Количество выплаченных претензий;количественные;O'ZAGROSUG'URTA AJ;O`ZAGROSUG`URTA;0;1264,0;1,04;21;1292,0;0,8;21;2,22;-0,24;0,02;кол-во;53;Рэнкинг страховых компаний — II квартал 2026 (snsratings.uz).txt
2026-Q2;claims_paid_count;Количество выплаченных претензий;количественные;INFINITY INSURANCE AJ;INFINITY INSURANCE;0;876,0;0,72;24;1163,0;0,72;22;32,76;0,0;0,24;кол-во;53;Рэнкинг страховых компаний — II квартал 2026 (snsratings.uz).txt
2026-Q2;claims_paid_count;Количество выплаченных претензий;количественные;O'ZBEKINVEST HAYOT SUG'URTA KOMPANIYASI AJ;O`ZBEKINVEST HAYOT SUG`URTA KOMPANIYASI;1;1064,0;0,88;22;976,0;0,6;23;-8,27;-0,28;-0,07;кол-во;53;Рэнкинг страховых компаний — II квартал 2026 (snsratings.uz).txt
2026-Q2;claims_paid_count;Количество выплаченных претензий;количественные;XALQ SUG'URTA AJ;XALQ SUG`URTA;0;2007,0;1,66;15;956,0;0,59;24;-52,37;-1,07;-0,87;кол-во;53;Рэнкинг страховых компаний — II квартал 2026 (snsratings.uz).txt
2026-Q2;claims_paid_count;Количество выплаченных претензий;количественные;ASIA INSURANCE SUG'URTA KOMPANIYASI AJ;ASIA INSURANCE SUG`URTA KOMPANIYASI;0;463,0;0,38;27;813,0;0,5;25;75,59;0,12;0,29;кол-во;53;Рэнкинг страховых компаний — II квартал 2026 (snsratings.uz).txt
2026-Q2;claims_paid_count;Количество выплаченных претензий;количественные;ARIA SUG'URTA TASHKILOTI AJ;ARIA SUG`URTA TASHKILOTI;0;412,0;0,34;28;497,0;0,31;26;20,63;-0,03;0,07;кол-во;53;Рэнкинг страховых компаний — II квартал 2026 (snsratings.uz).txt
2026-Q2;claims_paid_count;Количество выплаченных претензий;количественные;IMPEX-INSURANCE AJ;IMPEX-INSURANCE;0;525,0;0,43;26;461,0;0,28;27;-12,19;-0,15;-0,05;кол-во;53;Рэнкинг страховых компаний — II квартал 2026 (snsratings.uz).txt
2026-Q2;claims_paid_count;Количество выплаченных претензий;количественные;EUROASIA INSURANCE AJ QK;EUROASIA INSURANCE;0;195,0;0,16;31;453,0;0,28;28;132,31;0,12;0,21;кол-во;53;Рэнкинг страховых компаний — II квартал 2026 (snsratings.uz).txt
2026-Q2;claims_paid_count;Количество выплаченных претензий;количественные;TEMIRYO'L SUG'URTA AJ;TEMIRYO`L SUG`URTA;0;721,0;0,6;25;425,0;0,26;29;-41,05;-0,34;-0,24;кол-во;53;Рэнкинг страховых компаний — II квартал 2026 (snsratings.uz).txt
2026-Q2;claims_paid_count;Количество выплаченных претензий;количественные;HAMKOR SUG'URTA AJ;HAMKOR SUG`URTA;0;109,0;0,09;32;166,0;0,1;30;52,29;0,01;0,05;кол-во;53;Рэнкинг страховых компаний — II квартал 2026 (snsratings.uz).txt
2026-Q2;claims_paid_count;Количество выплаченных претензий;количественные;SEMURG SUG'URTA AJ QK;SEMURG INSURANCE;0;399,0;0,33;29;147,0;0,09;31;-63,16;-0,24;-0,21;кол-во;53;Рэнкинг страховых компаний — II квартал 2026 (snsratings.uz).txt
2026-Q2;claims_paid_count;Количество выплаченных претензий;количественные;TBC SUG'URTA AJ;TBC SUG`URTA;1;;0,0;34;54,0;0,03;32;0,0;0,03;0,04;кол-во;53;Рэнкинг страховых компаний — II квартал 2026 (snsratings.uz).txt
2026-Q2;claims_paid_count;Количество выплаченных претензий;количественные;AGROS HAYOT AJ;AGROS HAYOT SUG`URTA KOMPANIYASI;1;30,0;0,02;33;30,0;0,02;33;0,0;0,0;0,0;кол-во;53;Рэнкинг страховых компаний — II квартал 2026 (snsratings.uz).txt
2026-Q2;claims_paid_count;Количество выплаченных претензий;количественные;GLOBAL INSURANCE GROUP AJ;GLOBAL INSURANCE GROUP;0;1339,0;1,11;20;;0,0;34;-100,0;-1,11;-1,11;кол-во;53;Рэнкинг страховых компаний — II квартал 2026 (snsratings.uz).txt
2026-Q2;claims_paid_count;Количество выплаченных претензий;количественные;PRESTIGE INSURANCE AJ;PRESTIGE INSURANCE;1;;0,0;34;;0,0;34;0,0;0,0;0,0;кол-во;53;Рэнкинг страховых компаний — II квартал 2026 (snsratings.uz).txt
2026-Q2;claims_paid_count;Количество выплаченных претензий;количественные;O'ZBEKISTON QAYTA SUG'URTA KOMPANIYASI MQST AJ;O`ZBEKISTON QAYTA SUG`URTA KOMPANIYASI;0;;0,0;34;;0,0;34;0,0;0,0;0,0;кол-во;53;Рэнкинг страховых компаний — II квартал 2026 (snsratings.uz).txt
2026-Q2;claims_refused;Количество отказанных претензий;количественные;ВСЕГО;ВСЕГО;0;2537,0;;;3554,0;;;40,09;;;кол-во;54;Рэнкинг страховых компаний — II квартал 2026 (snsratings.uz).txt
2026-Q2;claims_refused;Количество отказанных претензий;количественные;TRUST-INSURANCE AJ;TRUST-INSURANCE;0;16,0;0,63;24;834,0;23,47;1;5112,5;22,84;32,24;кол-во;54;Рэнкинг страховых компаний — II квартал 2026 (snsratings.uz).txt
2026-Q2;claims_refused;Количество отказанных претензий;количественные;APEX INSURANCE AJ;APEX INSURANCE;0;549,0;21,64;1;580,0;16,32;2;5,65;-5,32;1,22;кол-во;54;Рэнкинг страховых компаний — II квартал 2026 (snsratings.uz).txt
2026-Q2;claims_refused;Количество отказанных претензий;количественные;ALFA INVEST SUG'URTA KOMPANIYASI AJ;ALFA INVEST SUG`URTA KOMPANIYASI;0;174,0;6,86;3;469,0;13,2;3;169,54;6,34;11,63;кол-во;54;Рэнкинг страховых компаний — II квартал 2026 (snsratings.uz).txt
2026-Q2;claims_refused;Количество отказанных претензий;количественные;KAFOLAT SUG'URTA KOMPANIYASI AJ;KAFOLAT SUG`URTA KOMPANIYASI;0;82,0;3,23;12;182,0;5,12;4;121,95;1,89;3,94;кол-во;54;Рэнкинг страховых компаний — II квартал 2026 (snsratings.uz).txt
2026-Q2;claims_refused;Количество отказанных претензий;количественные;O'ZBEKINVEST EISK AJ;O`ZBEKINVEST;0;99,0;3,9;9;167,0;4,7;5;68,69;0,8;2,68;кол-во;54;Рэнкинг страховых компаний — II квартал 2026 (snsratings.uz).txt
2026-Q2;claims_refused;Количество отказанных претензий;количественные;NEO INSURANCE CORP AJ;NEO INSURANCE CORP;0;121,0;4,77;7;138,0;3,88;6;14,05;-0,89;0,67;кол-во;54;Рэнкинг страховых компаний — II квартал 2026 (snsratings.uz).txt
2026-Q2;claims_refused;Количество отказанных претензий;количественные;XALQ SUG'URTA AJ;XALQ SUG`URTA;0;98,0;3,86;10;125,0;3,52;7;27,55;-0,34;1,06;кол-во;54;Рэнкинг страховых компаний — II квартал 2026 (snsratings.uz).txt
2026-Q2;claims_refused;Количество отказанных претензий;количественные;GROSS SUG'URTA KOMPANIYASI AJ;GROSS SUG`URTA KOMPANIYASI;0;108,0;4,26;8;118,0;3,32;8;9,26;-0,94;0,39;кол-во;54;Рэнкинг страховых компаний — II квартал 2026 (snsratings.uz).txt
2026-Q2;claims_refused;Количество отказанных претензий;количественные;MY-INSURANCE AJ;MY-INSURANCE;0;45,0;1,77;18;115,0;3,24;9;155,56;1,47;2,76;кол-во;54;Рэнкинг страховых компаний — II квартал 2026 (snsratings.uz).txt
2026-Q2;claims_refused;Количество отказанных претензий;количественные;ASIA INSURANCE SUG'URTA KOMPANIYASI AJ;ASIA INSURANCE SUG`URTA KOMPANIYASI;0;77,0;3,04;13;99,0;2,79;10;28,57;-0,25;0,87;кол-во;54;Рэнкинг страховых компаний — II квартал 2026 (snsratings.uz).txt
2026-Q2;claims_refused;Количество отказанных претензий;количественные;KAFIL SUG'URTA AJ;KAFIL-SUG`URTA;0;157,0;6,19;5;97,0;2,73;11;-38,22;-3,46;-2,36;кол-во;54;Рэнкинг страховых компаний — II квартал 2026 (snsratings.uz).txt
2026-Q2;claims_refused;Количество отказанных претензий;количественные;TBC SUG'URTA AJ;TBC SUG`URTA;1;;0,0;30;70,0;1,97;12;0,0;1,97;2,76;кол-во;54;Рэнкинг страховых компаний — II квартал 2026 (snsratings.uz).txt
2026-Q2;claims_refused;Количество отказанных претензий;количественные;HAMKOR SUG'URTA AJ;HAMKOR SUG`URTA;0;62,0;2,44;14;56,0;1,58;13;-9,68;-0,86;-0,24;кол-во;54;Рэнкинг страховых компаний — II квартал 2026 (snsratings.uz).txt
2026-Q2;claims_refused;Количество отказанных претензий;количественные;O'ZAGROSUG'URTA AJ;O`ZAGROSUG`URTA;0;53,0;2,09;17;54,0;1,52;14;1,89;-0,57;0,04;кол-во;54;Рэнкинг страховых компаний — II квартал 2026 (snsratings.uz).txt
2026-Q2;claims_refused;Количество отказанных претензий;количественные;INSON AJ;INSON;0;143,0;5,64;6;54,0;1,52;14;-62,24;-4,12;-3,51;кол-во;54;Рэнкинг страховых компаний — II квартал 2026 (snsratings.uz).txt
2026-Q2;claims_refused;Количество отказанных претензий;количественные;SQB INSURANCE SUG'URTA KOMPANIYASI AJ;SQB INSURANCE SUG`URTA KOMPANIYASI;0;18,0;0,71;22;52,0;1,46;16;188,89;0,75;1,34;кол-во;54;Рэнкинг страховых компаний — II квартал 2026 (snsratings.uz).txt
2026-Q2;claims_refused;Количество отказанных претензий;количественные;IMKON SUG'URTA AJ;IMKON-SUG`URTA;0;10,0;0,39;25;52,0;1,46;16;420,0;1,07;1,66;кол-во;54;Рэнкинг страховых компаний — II квартал 2026 (snsratings.uz).txt
2026-Q2;claims_refused;Количество отказанных претензий;количественные;ARIA SUG'URTA TASHKILOTI AJ;ARIA SUG`URTA TASHKILOTI;0;19,0;0,75;21;45,0;1,27;18;136,84;0,52;1,02;кол-во;54;Рэнкинг страховых компаний — II квартал 2026 (snsratings.uz).txt
2026-Q2;claims_refused;Количество отказанных претензий;количественные;SEMURG SUG'URTA AJ QK;SEMURG INSURANCE;0;21,0;0,83;20;42,0;1,18;19;100,0;0,35;0,83;кол-во;54;Рэнкинг страховых компаний — II квартал 2026 (snsratings.uz).txt
2026-Q2;claims_refused;Количество отказанных претензий;количественные;TEMIRYO'L SUG'URTA AJ;TEMIRYO`L SUG`URTA;0;55,0;2,17;16;41,0;1,15;20;-25,45;-1,02;-0,55;кол-во;54;Рэнкинг страховых компаний — II квартал 2026 (snsratings.uz).txt
2026-Q2;claims_refused;Количество отказанных претензий;количественные;EUROASIA INSURANCE AJ QK;EUROASIA INSURANCE;0;95,0;3,74;11;37,0;1,04;21;-61,05;-2,7;-2,29;кол-во;54;Рэнкинг страховых компаний — II квартал 2026 (snsratings.uz).txt
2026-Q2;claims_refused;Количество отказанных претензий;количественные;ALSKOM AJ;ALSKOM SUG`URTA KOMPANIYASI;0;31,0;1,22;19;37,0;1,04;21;19,35;-0,18;0,24;кол-во;54;Рэнкинг страховых компаний — II квартал 2026 (snsratings.uz).txt
2026-Q2;claims_refused;Количество отказанных претензий;количественные;KAPITAL SUG'URTA AJ;KAPITAL SUG`URTA;0;163,0;6,42;4;29,0;0,82;23;-82,21;-5,6;-5,28;кол-во;54;Рэнкинг страховых компаний — II квартал 2026 (snsratings.uz).txt
2026-Q2;claims_refused;Количество отказанных претензий;количественные;QUANTUM INSURANCE AJ;QUANTUM INSURANCE;0;18,0;0,71;22;22,0;0,62;24;22,22;-0,09;0,16;кол-во;54;Рэнкинг страховых компаний — II квартал 2026 (snsratings.uz).txt
2026-Q2;claims_refused;Количество отказанных претензий;количественные;INFINITY INSURANCE AJ;INFINITY INSURANCE;0;58,0;2,29;15;22,0;0,62;24;-62,07;-1,67;-1,42;кол-во;54;Рэнкинг страховых компаний — II квартал 2026 (snsratings.uz).txt
2026-Q2;claims_refused;Количество отказанных претензий;количественные;IMPEX-INSURANCE AJ;IMPEX-INSURANCE;0;251,0;9,89;2;12,0;0,34;26;-95,22;-9,55;-9,42;кол-во;54;Рэнкинг страховых компаний — II квартал 2026 (snsratings.uz).txt
2026-Q2;claims_refused;Количество отказанных претензий;количественные;ISHONCH SUG'URTA KOMPANIYASI AJ;ISHONCH SUG`URTA KOMPANIYASI;0;4,0;0,16;27;4,0;0,11;27;0,0;-0,05;0,0;кол-во;54;Рэнкинг страховых компаний — II квартал 2026 (snsratings.uz).txt
2026-Q2;claims_refused;Количество отказанных претензий;количественные;ALFA LIFE INSURANCE AJ;ALFA LIFE INSURANCE;1;1,0;0,04;28;1,0;0,03;28;0,0;-0,01;0,0;кол-во;54;Рэнкинг страховых компаний — II квартал 2026 (snsratings.uz).txt
2026-Q2;claims_refused;Количество отказанных претензий;количественные;GLOBAL INSURANCE GROUP AJ;GLOBAL INSURANCE GROUP;0;8,0;0,32;26;;0,0;29;-100,0;-0,32;-0,32;кол-во;54;Рэнкинг страховых компаний — II квартал 2026 (snsratings.uz).txt
2026-Q2;claims_refused;Количество отказанных претензий;количественные;MOSAIC INSURANCE GROUP AJ QK;MOSAIC INSURANCE GROUP;0;1,0;0,04;28;;0,0;29;-100,0;-0,04;-0,04;кол-во;54;Рэнкинг страховых компаний — II квартал 2026 (snsratings.uz).txt
2026-Q2;claims_refused;Количество отказанных претензий;количественные;PRESTIGE INSURANCE AJ;PRESTIGE INSURANCE;1;;0,0;30;;0,0;29;0,0;0,0;0,0;кол-во;54;Рэнкинг страховых компаний — II квартал 2026 (snsratings.uz).txt
2026-Q2;claims_refused;Количество отказанных претензий;количественные;O'ZBEKISTON QAYTA SUG'URTA KOMPANIYASI MQST AJ;O`ZBEKISTON QAYTA SUG`URTA KOMPANIYASI;0;;0,0;30;;0,0;29;0,0;0,0;0,0;кол-во;54;Рэнкинг страховых компаний — II квартал 2026 (snsratings.uz).txt
2026-Q2;claims_refused;Количество отказанных претензий;количественные;O'ZBEKINVEST HAYOT SUG'URTA KOMPANIYASI AJ;O`ZBEKINVEST HAYOT SUG`URTA KOMPANIYASI;1;;0,0;30;;0,0;29;0,0;0,0;0,0;кол-во;54;Рэнкинг страховых компаний — II квартал 2026 (snsratings.uz).txt
2026-Q2;claims_refused;Количество отказанных претензий;количественные;KAFOLAT HAYOT INSURANCE AJ;KAFOLAT HAYOT INSURANCE;1;;0,0;30;;0,0;29;0,0;0,0;0,0;кол-во;54;Рэнкинг страховых компаний — II квартал 2026 (snsratings.uz).txt
2026-Q2;claims_refused;Количество отказанных претензий;количественные;APEX LIFE INSURANCE AJ;APEX LIFE INSURANCE;1;;0,0;30;;0,0;29;0,0;0,0;0,0;кол-во;54;Рэнкинг страховых компаний — II квартал 2026 (snsratings.uz).txt
2026-Q2;claims_refused;Количество отказанных претензий;количественные;AGROS HAYOT AJ;AGROS HAYOT SUG`URTA KOMPANIYASI;1;;0,0;30;;0,0;29;0,0;0,0;0,0;кол-во;54;Рэнкинг страховых компаний — II квартал 2026 (snsratings.uz).txt
2026-Q2;claims_unsettled;Количество неурегулированных страховых претензий;количественные;ВСЕГО;ВСЕГО;0;5411,0;;;5220,0;;;-3,53;;;кол-во;55;Рэнкинг страховых компаний — II квартал 2026 (snsratings.uz).txt
2026-Q2;claims_unsettled;Количество неурегулированных страховых претензий;количественные;AGROS HAYOT AJ;AGROS HAYOT SUG`URTA KOMPANIYASI;1;;0,0;1;;0,0;1;0,0;0,0;0,0;кол-во;55;Рэнкинг страховых компаний — II квартал 2026 (snsratings.uz).txt
2026-Q2;claims_unsettled;Количество неурегулированных страховых претензий;количественные;ALFA LIFE INSURANCE AJ;ALFA LIFE INSURANCE;1;;0,0;1;;0,0;1;0,0;0,0;0,0;кол-во;55;Рэнкинг страховых компаний — II квартал 2026 (snsratings.uz).txt
2026-Q2;claims_unsettled;Количество неурегулированных страховых претензий;количественные;KAFOLAT HAYOT INSURANCE AJ;KAFOLAT HAYOT INSURANCE;1;;0,0;1;;0,0;1;0,0;0,0;0,0;кол-во;55;Рэнкинг страховых компаний — II квартал 2026 (snsratings.uz).txt
2026-Q2;claims_unsettled;Количество неурегулированных страховых претензий;количественные;O'ZBEKINVEST HAYOT SUG'URTA KOMPANIYASI AJ;O`ZBEKINVEST HAYOT SUG`URTA KOMPANIYASI;1;;0,0;1;;0,0;1;0,0;0,0;0,0;кол-во;55;Рэнкинг страховых компаний — II квартал 2026 (snsratings.uz).txt
2026-Q2;claims_unsettled;Количество неурегулированных страховых претензий;количественные;O'ZBEKISTON QAYTA SUG'URTA KOMPANIYASI MQST AJ;O`ZBEKISTON QAYTA SUG`URTA KOMPANIYASI;0;;0,0;1;;0,0;1;0,0;0,0;0,0;кол-во;55;Рэнкинг страховых компаний — II квартал 2026 (snsratings.uz).txt
2026-Q2;claims_unsettled;Количество неурегулированных страховых претензий;количественные;PRESTIGE INSURANCE AJ;PRESTIGE INSURANCE;1;;0,0;1;;0,0;1;0,0;0,0;0,0;кол-во;55;Рэнкинг страховых компаний — II квартал 2026 (snsratings.uz).txt
2026-Q2;claims_unsettled;Количество неурегулированных страховых претензий;количественные;GLOBAL INSURANCE GROUP AJ;GLOBAL INSURANCE GROUP;0;135,0;2,49;28;;0,0;1;-100,0;-2,49;-2,49;кол-во;55;Рэнкинг страховых компаний — II квартал 2026 (snsratings.uz).txt
2026-Q2;claims_unsettled;Количество неурегулированных страховых претензий;количественные;APEX LIFE INSURANCE AJ;APEX LIFE INSURANCE;1;9,0;0,17;9;1,0;0,02;8;-88,89;-0,15;-0,15;кол-во;55;Рэнкинг страховых компаний — II квартал 2026 (snsratings.uz).txt
2026-Q2;claims_unsettled;Количество неурегулированных страховых претензий;количественные;INFINITY INSURANCE AJ;INFINITY INSURANCE;0;56,0;1,03;20;2,0;0,04;9;-96,43;-0,99;-1,0;кол-во;55;Рэнкинг страховых компаний — II квартал 2026 (snsratings.uz).txt
2026-Q2;claims_unsettled;Количество неурегулированных страховых претензий;количественные;HAMKOR SUG'URTA AJ;HAMKOR SUG`URTA;0;40,0;0,74;18;7,0;0,13;10;-82,5;-0,61;-0,61;кол-во;55;Рэнкинг страховых компаний — II квартал 2026 (snsratings.uz).txt
2026-Q2;claims_unsettled;Количество неурегулированных страховых претензий;количественные;SEMURG SUG'URTA AJ QK;SEMURG INSURANCE;0;38,0;0,7;17;7,0;0,13;10;-81,58;-0,57;-0,57;кол-во;55;Рэнкинг страховых компаний — II квартал 2026 (snsratings.uz).txt
2026-Q2;claims_unsettled;Количество неурегулированных страховых претензий;количественные;ARIA SUG'URTA TASHKILOTI AJ;ARIA SUG`URTA TASHKILOTI;0;21,0;0,39;15;12,0;0,23;12;-42,86;-0,16;-0,17;кол-во;55;Рэнкинг страховых компаний — II квартал 2026 (snsratings.uz).txt
2026-Q2;claims_unsettled;Количество неурегулированных страховых претензий;количественные;IMKON SUG'URTA AJ;IMKON-SUG`URTA;0;14,0;0,26;12;17,0;0,33;13;21,43;0,07;0,06;кол-во;55;Рэнкинг страховых компаний — II квартал 2026 (snsratings.uz).txt
2026-Q2;claims_unsettled;Количество неурегулированных страховых претензий;количественные;SQB INSURANCE SUG'URTA KOMPANIYASI AJ;SQB INSURANCE SUG`URTA KOMPANIYASI;0;;0,0;1;18,0;0,34;14;0,0;0,34;0,33;кол-во;55;Рэнкинг страховых компаний — II квартал 2026 (snsratings.uz).txt
2026-Q2;claims_unsettled;Количество неурегулированных страховых претензий;количественные;MOSAIC INSURANCE GROUP AJ QK;MOSAIC INSURANCE GROUP;0;10,0;0,18;11;22,0;0,42;15;120,0;0,24;0,22;кол-во;55;Рэнкинг страховых компаний — II квартал 2026 (snsratings.uz).txt
2026-Q2;claims_unsettled;Количество неурегулированных страховых претензий;количественные;EUROASIA INSURANCE AJ QK;EUROASIA INSURANCE;0;18,0;0,33;13;30,0;0,57;16;66,67;0,24;0,22;кол-во;55;Рэнкинг страховых компаний — II квартал 2026 (snsratings.uz).txt
2026-Q2;claims_unsettled;Количество неурегулированных страховых претензий;количественные;ALSKOM AJ;ALSKOM SUG`URTA KOMPANIYASI;0;19,0;0,35;14;36,0;0,69;17;89,47;0,34;0,31;кол-во;55;Рэнкинг страховых компаний — II квартал 2026 (snsratings.uz).txt
2026-Q2;claims_unsettled;Количество неурегулированных страховых претензий;количественные;KAFIL SUG'URTA AJ;KAFIL-SUG`URTA;0;59,0;1,09;22;40,0;0,77;18;-32,2;-0,32;-0,35;кол-во;55;Рэнкинг страховых компаний — II квартал 2026 (snsratings.uz).txt
2026-Q2;claims_unsettled;Количество неурегулированных страховых претензий;количественные;QUANTUM INSURANCE AJ;QUANTUM INSURANCE;0;32,0;0,59;16;45,0;0,86;19;40,63;0,27;0,24;кол-во;55;Рэнкинг страховых компаний — II квартал 2026 (snsratings.uz).txt
2026-Q2;claims_unsettled;Количество неурегулированных страховых претензий;количественные;TBC SUG'URTA AJ;TBC SUG`URTA;1;;0,0;1;48,0;0,92;20;0,0;0,92;0,89;кол-во;55;Рэнкинг страховых компаний — II квартал 2026 (snsratings.uz).txt
2026-Q2;claims_unsettled;Количество неурегулированных страховых претензий;количественные;ALFA INVEST SUG'URTA KOMPANIYASI AJ;ALFA INVEST SUG`URTA KOMPANIYASI;0;110,0;2,03;26;61,0;1,17;21;-44,55;-0,86;-0,91;кол-во;55;Рэнкинг страховых компаний — II квартал 2026 (snsratings.uz).txt
2026-Q2;claims_unsettled;Количество неурегулированных страховых претензий;количественные;APEX INSURANCE AJ;APEX INSURANCE;0;231,0;4,27;31;87,0;1,67;22;-62,34;-2,6;-2,66;кол-во;55;Рэнкинг страховых компаний — II квартал 2026 (snsratings.uz).txt
2026-Q2;claims_unsettled;Количество неурегулированных страховых претензий;количественные;XALQ SUG'URTA AJ;XALQ SUG`URTA;0;90,0;1,66;25;100,0;1,92;23;11,11;0,26;0,18;кол-во;55;Рэнкинг страховых компаний — II квартал 2026 (snsratings.uz).txt
2026-Q2;claims_unsettled;Количество неурегулированных страховых претензий;количественные;INSON AJ;INSON;0;80,0;1,48;24;109,0;2,09;24;36,25;0,61;0,54;кол-во;55;Рэнкинг страховых компаний — II квартал 2026 (snsratings.uz).txt
2026-Q2;claims_unsettled;Количество неурегулированных страховых претензий;количественные;KAFOLAT SUG'URTA KOMPANIYASI AJ;KAFOLAT SUG`URTA KOMPANIYASI;0;123,0;2,27;27;111,0;2,13;25;-9,76;-0,14;-0,22;кол-во;55;Рэнкинг страховых компаний — II квартал 2026 (snsratings.uz).txt
2026-Q2;claims_unsettled;Количество неурегулированных страховых претензий;количественные;GROSS SUG'URTA KOMPANIYASI AJ;GROSS SUG`URTA KOMPANIYASI;0;49,0;0,91;19;112,0;2,15;26;128,57;1,24;1,16;кол-во;55;Рэнкинг страховых компаний — II квартал 2026 (snsratings.uz).txt
2026-Q2;claims_unsettled;Количество неурегулированных страховых претензий;количественные;ASIA INSURANCE SUG'URTA KOMPANIYASI AJ;ASIA INSURANCE SUG`URTA KOMPANIYASI;0;154,0;2,85;29;166,0;3,18;27;7,79;0,33;0,22;кол-во;55;Рэнкинг страховых компаний — II квартал 2026 (snsratings.uz).txt
2026-Q2;claims_unsettled;Количество неурегулированных страховых претензий;количественные;TEMIRYO'L SUG'URTA AJ;TEMIRYO`L SUG`URTA;0;1748,0;32,3;36;173,0;3,31;28;-90,1;-28,99;-29,11;кол-во;55;Рэнкинг страховых компаний — II квартал 2026 (snsratings.uz).txt
2026-Q2;claims_unsettled;Количество неурегулированных страховых претензий;количественные;IMPEX-INSURANCE AJ;IMPEX-INSURANCE;0;9,0;0,17;9;196,0;3,75;29;2077,78;3,58;3,46;кол-во;55;Рэнкинг страховых компаний — II квартал 2026 (snsratings.uz).txt
2026-Q2;claims_unsettled;Количество неурегулированных страховых претензий;количественные;O'ZAGROSUG'URTA AJ;O`ZAGROSUG`URTA;0;69,0;1,28;23;263,0;5,04;30;281,16;3,76;3,59;кол-во;55;Рэнкинг страховых компаний — II квартал 2026 (snsratings.uz).txt
2026-Q2;claims_unsettled;Количество неурегулированных страховых претензий;количественные;ISHONCH SUG'URTA KOMPANIYASI AJ;ISHONCH SUG`URTA KOMPANIYASI;0;234,0;4,32;32;296,0;5,67;31;26,5;1,35;1,15;кол-во;55;Рэнкинг страховых компаний — II квартал 2026 (snsratings.uz).txt
2026-Q2;claims_unsettled;Количество неурегулированных страховых претензий;количественные;MY-INSURANCE AJ;MY-INSURANCE;0;409,0;7,56;33;303,0;5,8;32;-25,92;-1,76;-1,96;кол-во;55;Рэнкинг страховых компаний — II квартал 2026 (snsratings.uz).txt
2026-Q2;claims_unsettled;Количество неурегулированных страховых претензий;количественные;NEO INSURANCE CORP AJ;NEO INSURANCE CORP;0;164,0;3,03;30;384,0;7,36;33;134,15;4,33;4,07;кол-во;55;Рэнкинг страховых компаний — II квартал 2026 (snsratings.uz).txt
2026-Q2;claims_unsettled;Количество неурегулированных страховых претензий;количественные;KAPITAL SUG'URTA AJ;KAPITAL SUG`URTA;0;891,0;16,47;35;530,0;10,15;34;-40,52;-6,32;-6,67;кол-во;55;Рэнкинг страховых компаний — II квартал 2026 (snsratings.uz).txt
2026-Q2;claims_unsettled;Количество неурегулированных страховых претензий;количественные;TRUST-INSURANCE AJ;TRUST-INSURANCE;0;56,0;1,03;20;1010,0;19,35;35;1703,57;18,32;17,63;кол-во;55;Рэнкинг страховых компаний — II квартал 2026 (snsratings.uz).txt
2026-Q2;claims_unsettled;Количество неурегулированных страховых претензий;количественные;O'ZBEKINVEST EISK AJ;O`ZBEKINVEST;0;543,0;10,04;34;1034,0;19,81;36;90,42;9,77;9,07;кол-во;55;Рэнкинг страховых компаний — II квартал 2026 (snsratings.uz).txt
2026-Q2;branches;Количество территориальных подразделений;количественные;ВСЕГО;ВСЕГО;0;1777,0;;;1896,0;;;6,7;;;кол-во;56;Рэнкинг страховых компаний — II квартал 2026 (snsratings.uz).txt
2026-Q2;branches;Количество территориальных подразделений;количественные;O'ZBEKINVEST EISK AJ;O`ZBEKINVEST;0;227,0;12,77;1;224,0;11,81;1;-1,32;-0,96;-0,17;кол-во;56;Рэнкинг страховых компаний — II квартал 2026 (snsratings.uz).txt
2026-Q2;branches;Количество территориальных подразделений;количественные;KAFOLAT SUG'URTA KOMPANIYASI AJ;KAFOLAT SUG`URTA KOMPANIYASI;0;205,0;11,54;2;222,0;11,71;2;8,29;0,17;0,96;кол-во;56;Рэнкинг страховых компаний — II квартал 2026 (snsratings.uz).txt
2026-Q2;branches;Количество территориальных подразделений;количественные;O'ZAGROSUG'URTA AJ;O`ZAGROSUG`URTA;0;196,0;11,03;3;196,0;10,34;3;0,0;-0,69;0,0;кол-во;56;Рэнкинг страховых компаний — II квартал 2026 (snsratings.uz).txt
2026-Q2;branches;Количество территориальных подразделений;количественные;APEX INSURANCE AJ;APEX INSURANCE;0;149,0;8,38;4;174,0;9,18;4;16,78;0,8;1,41;кол-во;56;Рэнкинг страховых компаний — II квартал 2026 (snsratings.uz).txt
2026-Q2;branches;Количество территориальных подразделений;количественные;MY-INSURANCE AJ;MY-INSURANCE;0;95,0;5,35;5;98,0;5,17;5;3,16;-0,18;0,17;кол-во;56;Рэнкинг страховых компаний — II квартал 2026 (snsratings.uz).txt
2026-Q2;branches;Количество территориальных подразделений;количественные;ALSKOM AJ;ALSKOM SUG`URTA KOMPANIYASI;0;93,0;5,23;6;96,0;5,06;6;3,23;-0,17;0,17;кол-во;56;Рэнкинг страховых компаний — II квартал 2026 (snsratings.uz).txt
2026-Q2;branches;Количество территориальных подразделений;количественные;NEO INSURANCE CORP AJ;NEO INSURANCE CORP;0;78,0;4,39;8;87,0;4,59;7;11,54;0,2;0,51;кол-во;56;Рэнкинг страховых компаний — II квартал 2026 (snsratings.uz).txt
2026-Q2;branches;Количество территориальных подразделений;количественные;KAFIL SUG'URTA AJ;KAFIL-SUG`URTA;0;85,0;4,78;7;85,0;4,48;8;0,0;-0,3;0,0;кол-во;56;Рэнкинг страховых компаний — II квартал 2026 (snsratings.uz).txt
2026-Q2;branches;Количество территориальных подразделений;количественные;GROSS SUG'URTA KOMPANIYASI AJ;GROSS SUG`URTA KOMPANIYASI;0;63,0;3,55;10;83,0;4,38;9;31,75;0,83;1,13;кол-во;56;Рэнкинг страховых компаний — II квартал 2026 (snsratings.uz).txt
2026-Q2;branches;Количество территориальных подразделений;количественные;IMPEX-INSURANCE AJ;IMPEX-INSURANCE;0;71,0;4,0;9;71,0;3,74;10;0,0;-0,26;0,0;кол-во;56;Рэнкинг страховых компаний — II квартал 2026 (snsratings.uz).txt
2026-Q2;branches;Количество территориальных подразделений;количественные;ASIA INSURANCE SUG'URTA KOMPANIYASI AJ;ASIA INSURANCE SUG`URTA KOMPANIYASI;0;35,0;1,97;15;64,0;3,38;11;82,86;1,41;1,63;кол-во;56;Рэнкинг страховых компаний — II квартал 2026 (snsratings.uz).txt
2026-Q2;branches;Количество территориальных подразделений;количественные;INSON AJ;INSON;0;57,0;3,21;11;57,0;3,01;12;0,0;-0,2;0,0;кол-во;56;Рэнкинг страховых компаний — II квартал 2026 (snsratings.uz).txt
2026-Q2;branches;Количество территориальных подразделений;количественные;KAPITAL SUG'URTA AJ;KAPITAL SUG`URTA;0;52,0;2,93;12;54,0;2,85;13;3,85;-0,08;0,11;кол-во;56;Рэнкинг страховых компаний — II квартал 2026 (snsratings.uz).txt
2026-Q2;branches;Количество территориальных подразделений;количественные;SEMURG SUG'URTA AJ QK;SEMURG INSURANCE;0;38,0;2,14;14;53,0;2,8;14;39,47;0,66;0,84;кол-во;56;Рэнкинг страховых компаний — II квартал 2026 (snsratings.uz).txt
2026-Q2;branches;Количество территориальных подразделений;количественные;TRUST-INSURANCE AJ;TRUST-INSURANCE;0;41,0;2,31;13;43,0;2,27;15;4,88;-0,04;0,11;кол-во;56;Рэнкинг страховых компаний — II квартал 2026 (snsratings.uz).txt
2026-Q2;branches;Количество территориальных подразделений;количественные;INFINITY INSURANCE AJ;INFINITY INSURANCE;0;30,0;1,69;16;30,0;1,58;16;0,0;-0,11;0,0;кол-во;56;Рэнкинг страховых компаний — II квартал 2026 (snsratings.uz).txt
2026-Q2;branches;Количество территориальных подразделений;количественные;XALQ SUG'URTA AJ;XALQ SUG`URTA;0;28,0;1,58;18;29,0;1,53;17;3,57;-0,05;0,06;кол-во;56;Рэнкинг страховых компаний — II квартал 2026 (snsratings.uz).txt
2026-Q2;branches;Количество территориальных подразделений;количественные;TEMIRYO'L SUG'URTA AJ;TEMIRYO`L SUG`URTA;0;29,0;1,63;17;29,0;1,53;17;0,0;-0,1;0,0;кол-во;56;Рэнкинг страховых компаний — II квартал 2026 (snsratings.uz).txt
2026-Q2;branches;Количество территориальных подразделений;количественные;IMKON SUG'URTA AJ;IMKON-SUG`URTA;0;26,0;1,46;19;26,0;1,37;19;0,0;-0,09;0,0;кол-во;56;Рэнкинг страховых компаний — II квартал 2026 (snsratings.uz).txt
2026-Q2;branches;Количество территориальных подразделений;количественные;ALFA INVEST SUG'URTA KOMPANIYASI AJ;ALFA INVEST SUG`URTA KOMPANIYASI;0;22,0;1,24;21;23,0;1,21;20;4,55;-0,03;0,06;кол-во;56;Рэнкинг страховых компаний — II квартал 2026 (snsratings.uz).txt
2026-Q2;branches;Количество территориальных подразделений;количественные;APEX LIFE INSURANCE AJ;APEX LIFE INSURANCE;1;23,0;1,29;20;17,0;0,9;21;-26,09;-0,39;-0,34;кол-во;56;Рэнкинг страховых компаний — II квартал 2026 (snsratings.uz).txt
2026-Q2;branches;Количество территориальных подразделений;количественные;ISHONCH SUG'URTA KOMPANIYASI AJ;ISHONCH SUG`URTA KOMPANIYASI;0;16,0;0,9;23;16,0;0,84;22;0,0;-0,06;0,0;кол-во;56;Рэнкинг страховых компаний — II квартал 2026 (snsratings.uz).txt
2026-Q2;branches;Количество территориальных подразделений;количественные;HAMKOR SUG'URTA AJ;HAMKOR SUG`URTA;0;21,0;1,18;22;15,0;0,79;23;-28,57;-0,39;-0,34;кол-во;56;Рэнкинг страховых компаний — II квартал 2026 (snsratings.uz).txt
2026-Q2;branches;Количество территориальных подразделений;количественные;ALFA LIFE INSURANCE AJ;ALFA LIFE INSURANCE;1;15,0;0,84;24;15,0;0,79;23;0,0;-0,05;0,0;кол-во;56;Рэнкинг страховых компаний — II квартал 2026 (snsratings.uz).txt
2026-Q2;branches;Количество территориальных подразделений;количественные;SQB INSURANCE SUG'URTA KOMPANIYASI AJ;SQB INSURANCE SUG`URTA KOMPANIYASI;0;14,0;0,79;26;14,0;0,74;25;0,0;-0,05;0,0;кол-во;56;Рэнкинг страховых компаний — II квартал 2026 (snsratings.uz).txt
2026-Q2;branches;Количество территориальных подразделений;количественные;O'ZBEKINVEST HAYOT SUG'URTA KOMPANIYASI AJ;O`ZBEKINVEST HAYOT SUG`URTA KOMPANIYASI;1;7,0;0,39;30;14,0;0,74;25;100,0;0,35;0,39;кол-во;56;Рэнкинг страховых компаний — II квартал 2026 (snsratings.uz).txt
2026-Q2;branches;Количество территориальных подразделений;количественные;KAFOLAT HAYOT INSURANCE AJ;KAFOLAT HAYOT INSURANCE;1;14,0;0,79;26;14,0;0,74;25;0,0;-0,05;0,0;кол-во;56;Рэнкинг страховых компаний — II квартал 2026 (snsratings.uz).txt
2026-Q2;branches;Количество территориальных подразделений;количественные;QUANTUM INSURANCE AJ;QUANTUM INSURANCE;0;15,0;0,84;24;14,0;0,74;25;-6,67;-0,1;-0,06;кол-во;56;Рэнкинг страховых компаний — II квартал 2026 (snsratings.uz).txt
2026-Q2;branches;Количество территориальных подразделений;количественные;EUROASIA INSURANCE AJ QK;EUROASIA INSURANCE;0;14,0;0,79;26;14,0;0,74;25;0,0;-0,05;0,0;кол-во;56;Рэнкинг страховых компаний — II квартал 2026 (snsratings.uz).txt
2026-Q2;branches;Количество территориальных подразделений;количественные;AGROS HAYOT AJ;AGROS HAYOT SUG`URTA KOMPANIYASI;1;14,0;0,79;26;14,0;0,74;25;0,0;-0,05;0,0;кол-во;56;Рэнкинг страховых компаний — II квартал 2026 (snsratings.uz).txt
2026-Q2;branches;Количество территориальных подразделений;количественные;TBC SUG'URTA AJ;TBC SUG`URTA;1;1,0;0,06;31;1,0;0,05;31;0,0;-0,01;0,0;кол-во;56;Рэнкинг страховых компаний — II квартал 2026 (snsratings.uz).txt
2026-Q2;branches;Количество территориальных подразделений;количественные;PRESTIGE INSURANCE AJ;PRESTIGE INSURANCE;1;;0,0;35;1,0;0,05;31;0,0;0,05;0,06;кол-во;56;Рэнкинг страховых компаний — II квартал 2026 (snsratings.uz).txt
2026-Q2;branches;Количество территориальных подразделений;количественные;O'ZBEKISTON QAYTA SUG'URTA KOMPANIYASI MQST AJ;O`ZBEKISTON QAYTA SUG`URTA KOMPANIYASI;0;;0,0;35;1,0;0,05;31;0,0;0,05;0,06;кол-во;56;Рэнкинг страховых компаний — II квартал 2026 (snsratings.uz).txt
2026-Q2;branches;Количество территориальных подразделений;количественные;MOSAIC INSURANCE GROUP AJ QK;MOSAIC INSURANCE GROUP;0;1,0;0,06;31;1,0;0,05;31;0,0;-0,01;0,0;кол-во;56;Рэнкинг страховых компаний — II квартал 2026 (snsratings.uz).txt
2026-Q2;branches;Количество территориальных подразделений;количественные;ARIA SUG'URTA TASHKILOTI AJ;ARIA SUG`URTA TASHKILOTI;0;1,0;0,06;31;1,0;0,05;31;0,0;-0,01;0,0;кол-во;56;Рэнкинг страховых компаний — II квартал 2026 (snsratings.uz).txt
2026-Q2;branches;Количество территориальных подразделений;количественные;GLOBAL INSURANCE GROUP AJ;GLOBAL INSURANCE GROUP;0;1,0;0,06;31;;0,0;36;-100,0;-0,06;-0,06;кол-во;56;Рэнкинг страховых компаний — II квартал 2026 (snsratings.uz).txt
2026-Q2;st_investments_to_investments;Краткосрочные инвестиции / Всего инвестиции;относительные;ВСЕГО;ВСЕГО;0;63,45;;;52,98;;;;-10,47;;%;59;Рэнкинг страховых компаний — II квартал 2026 (snsratings.uz).txt
2026-Q2;st_investments_to_investments;Краткосрочные инвестиции / Всего инвестиции;относительные;NEO INSURANCE CORP AJ;NEO INSURANCE CORP;0;100,0;;1;100,0;;1;;0,0;;%;59;Рэнкинг страховых компаний — II квартал 2026 (snsratings.uz).txt
2026-Q2;st_investments_to_investments;Краткосрочные инвестиции / Всего инвестиции;относительные;MOSAIC INSURANCE GROUP AJ QK;MOSAIC INSURANCE GROUP;0;100,0;;1;100,0;;1;;0,0;;%;59;Рэнкинг страховых компаний — II квартал 2026 (snsratings.uz).txt
2026-Q2;st_investments_to_investments;Краткосрочные инвестиции / Всего инвестиции;относительные;ALFA LIFE INSURANCE AJ;ALFA LIFE INSURANCE;1;69,05;;17;100,0;;1;;30,95;;%;59;Рэнкинг страховых компаний — II квартал 2026 (snsratings.uz).txt
2026-Q2;st_investments_to_investments;Краткосрочные инвестиции / Всего инвестиции;относительные;QUANTUM INSURANCE AJ;QUANTUM INSURANCE;0;99,87;;4;99,9;;4;;0,03;;%;59;Рэнкинг страховых компаний — II квартал 2026 (snsratings.uz).txt
2026-Q2;st_investments_to_investments;Краткосрочные инвестиции / Всего инвестиции;относительные;PRESTIGE INSURANCE AJ;PRESTIGE INSURANCE;1;0,0;;31;99,85;;5;;99,85;;%;59;Рэнкинг страховых компаний — II квартал 2026 (snsratings.uz).txt
2026-Q2;st_investments_to_investments;Краткосрочные инвестиции / Всего инвестиции;относительные;TEMIRYO'L SUG'URTA AJ;TEMIRYO`L SUG`URTA;0;98,88;;5;99,11;;6;;0,23;;%;59;Рэнкинг страховых компаний — II квартал 2026 (snsratings.uz).txt
2026-Q2;st_investments_to_investments;Краткосрочные инвестиции / Всего инвестиции;относительные;ASIA INSURANCE SUG'URTA KOMPANIYASI AJ;ASIA INSURANCE SUG`URTA KOMPANIYASI;0;74,08;;16;99,08;;7;;25,0;;%;59;Рэнкинг страховых компаний — II квартал 2026 (snsratings.uz).txt
2026-Q2;st_investments_to_investments;Краткосрочные инвестиции / Всего инвестиции;относительные;APEX LIFE INSURANCE AJ;APEX LIFE INSURANCE;1;96,41;;6;97,49;;8;;1,08;;%;59;Рэнкинг страховых компаний — II квартал 2026 (snsratings.uz).txt
2026-Q2;st_investments_to_investments;Краткосрочные инвестиции / Всего инвестиции;относительные;GROSS SUG'URTA KOMPANIYASI AJ;GROSS SUG`URTA KOMPANIYASI;0;89,96;;9;94,99;;9;;5,03;;%;59;Рэнкинг страховых компаний — II квартал 2026 (snsratings.uz).txt
2026-Q2;st_investments_to_investments;Краткосрочные инвестиции / Всего инвестиции;относительные;IMPEX-INSURANCE AJ;IMPEX-INSURANCE;0;87,97;;10;94,32;;10;;6,35;;%;59;Рэнкинг страховых компаний — II квартал 2026 (snsratings.uz).txt
2026-Q2;st_investments_to_investments;Краткосрочные инвестиции / Всего инвестиции;относительные;MY-INSURANCE AJ;MY-INSURANCE;0;92,84;;7;94,0;;11;;1,16;;%;59;Рэнкинг страховых компаний — II квартал 2026 (snsratings.uz).txt
2026-Q2;st_investments_to_investments;Краткосрочные инвестиции / Всего инвестиции;относительные;EUROASIA INSURANCE AJ QK;EUROASIA INSURANCE;0;92,5;;8;90,2;;12;;-2,3;;%;59;Рэнкинг страховых компаний — II квартал 2026 (snsratings.uz).txt
2026-Q2;st_investments_to_investments;Краткосрочные инвестиции / Всего инвестиции;относительные;KAFIL SUG'URTA AJ;KAFIL-SUG`URTA;0;86,69;;11;90,03;;13;;3,34;;%;59;Рэнкинг страховых компаний — II квартал 2026 (snsratings.uz).txt
2026-Q2;st_investments_to_investments;Краткосрочные инвестиции / Всего инвестиции;относительные;INSON AJ;INSON;0;85,76;;13;89,03;;14;;3,27;;%;59;Рэнкинг страховых компаний — II квартал 2026 (snsratings.uz).txt
2026-Q2;st_investments_to_investments;Краткосрочные инвестиции / Всего инвестиции;относительные;XALQ SUG'URTA AJ;XALQ SUG`URTA;0;77,94;;14;80,63;;15;;2,69;;%;59;Рэнкинг страховых компаний — II квартал 2026 (snsratings.uz).txt
2026-Q2;st_investments_to_investments;Краткосрочные инвестиции / Всего инвестиции;относительные;ALSKOM AJ;ALSKOM SUG`URTA KOMPANIYASI;0;66,01;;18;70,21;;16;;4,2;;%;59;Рэнкинг страховых компаний — II квартал 2026 (snsratings.uz).txt
2026-Q2;st_investments_to_investments;Краткосрочные инвестиции / Всего инвестиции;относительные;TRUST-INSURANCE AJ;TRUST-INSURANCE;0;100,0;;1;69,01;;17;;-30,99;;%;59;Рэнкинг страховых компаний — II квартал 2026 (snsratings.uz).txt
2026-Q2;st_investments_to_investments;Краткосрочные инвестиции / Всего инвестиции;относительные;SEMURG SUG'URTA AJ QK;SEMURG INSURANCE;0;86,55;;12;68,73;;18;;-17,82;;%;59;Рэнкинг страховых компаний — II квартал 2026 (snsratings.uz).txt
2026-Q2;st_investments_to_investments;Краткосрочные инвестиции / Всего инвестиции;относительные;O'ZBEKINVEST EISK AJ;O`ZBEKINVEST;0;61,49;;22;61,82;;19;;0,33;;%;59;Рэнкинг страховых компаний — II квартал 2026 (snsratings.uz).txt
2026-Q2;st_investments_to_investments;Краткосрочные инвестиции / Всего инвестиции;относительные;IMKON SUG'URTA AJ;IMKON-SUG`URTA;0;75,67;;15;60,04;;20;;-15,63;;%;59;Рэнкинг страховых компаний — II квартал 2026 (snsratings.uz).txt
2026-Q2;st_investments_to_investments;Краткосрочные инвестиции / Всего инвестиции;относительные;ALFA INVEST SUG'URTA KOMPANIYASI AJ;ALFA INVEST SUG`URTA KOMPANIYASI;0;56,41;;24;59,19;;21;;2,78;;%;59;Рэнкинг страховых компаний — II квартал 2026 (snsratings.uz).txt
2026-Q2;st_investments_to_investments;Краткосрочные инвестиции / Всего инвестиции;относительные;AGROS HAYOT AJ;AGROS HAYOT SUG`URTA KOMPANIYASI;1;47,64;;25;55,53;;22;;7,89;;%;59;Рэнкинг страховых компаний — II квартал 2026 (snsratings.uz).txt
2026-Q2;st_investments_to_investments;Краткосрочные инвестиции / Всего инвестиции;относительные;INFINITY INSURANCE AJ;INFINITY INSURANCE;0;23,03;;30;54,7;;23;;31,67;;%;59;Рэнкинг страховых компаний — II квартал 2026 (snsratings.uz).txt
2026-Q2;st_investments_to_investments;Краткосрочные инвестиции / Всего инвестиции;относительные;O'ZBEKINVEST HAYOT SUG'URTA KOMPANIYASI AJ;O`ZBEKINVEST HAYOT SUG`URTA KOMPANIYASI;1;57,89;;23;53,96;;24;;-3,93;;%;59;Рэнкинг страховых компаний — II квартал 2026 (snsratings.uz).txt
2026-Q2;st_investments_to_investments;Краткосрочные инвестиции / Всего инвестиции;относительные;KAPITAL SUG'URTA AJ;KAPITAL SUG`URTA;0;65,73;;19;45,54;;25;;-20,19;;%;59;Рэнкинг страховых компаний — II квартал 2026 (snsratings.uz).txt
2026-Q2;st_investments_to_investments;Краткосрочные инвестиции / Всего инвестиции;относительные;SQB INSURANCE SUG'URTA KOMPANIYASI AJ;SQB INSURANCE SUG`URTA KOMPANIYASI;0;62,62;;21;41,64;;26;;-20,98;;%;59;Рэнкинг страховых компаний — II квартал 2026 (snsratings.uz).txt
2026-Q2;st_investments_to_investments;Краткосрочные инвестиции / Всего инвестиции;относительные;O'ZAGROSUG'URTA AJ;O`ZAGROSUG`URTA;0;43,41;;27;38,0;;27;;-5,41;;%;59;Рэнкинг страховых компаний — II квартал 2026 (snsratings.uz).txt
2026-Q2;st_investments_to_investments;Краткосрочные инвестиции / Всего инвестиции;относительные;ARIA SUG'URTA TASHKILOTI AJ;ARIA SUG`URTA TASHKILOTI;0;47,62;;26;37,2;;28;;-10,42;;%;59;Рэнкинг страховых компаний — II квартал 2026 (snsratings.uz).txt
2026-Q2;st_investments_to_investments;Краткосрочные инвестиции / Всего инвестиции;относительные;HAMKOR SUG'URTA AJ;HAMKOR SUG`URTA;0;64,93;;20;36,29;;29;;-28,64;;%;59;Рэнкинг страховых компаний — II квартал 2026 (snsratings.uz).txt
2026-Q2;st_investments_to_investments;Краткосрочные инвестиции / Всего инвестиции;относительные;APEX INSURANCE AJ;APEX INSURANCE;0;40,07;;28;9,3;;30;;-30,77;;%;59;Рэнкинг страховых компаний — II квартал 2026 (snsratings.uz).txt
2026-Q2;st_investments_to_investments;Краткосрочные инвестиции / Всего инвестиции;относительные;TBC SUG'URTA AJ;TBC SUG`URTA;1;23,69;;29;0,0;;31;;-23,69;;%;59;Рэнкинг страховых компаний — II квартал 2026 (snsratings.uz).txt
2026-Q2;st_investments_to_investments;Краткосрочные инвестиции / Всего инвестиции;относительные;O'ZBEKISTON QAYTA SUG'URTA KOMPANIYASI MQST AJ;O`ZBEKISTON QAYTA SUG`URTA KOMPANIYASI;0;0,0;;31;0,0;;31;;0,0;;%;59;Рэнкинг страховых компаний — II квартал 2026 (snsratings.uz).txt
2026-Q2;st_investments_to_investments;Краткосрочные инвестиции / Всего инвестиции;относительные;KAFOLAT SUG'URTA KOMPANIYASI AJ;KAFOLAT SUG`URTA KOMPANIYASI;0;0,0;;31;0,0;;31;;0,0;;%;59;Рэнкинг страховых компаний — II квартал 2026 (snsratings.uz).txt
2026-Q2;st_investments_to_investments;Краткосрочные инвестиции / Всего инвестиции;относительные;KAFOLAT HAYOT INSURANCE AJ;KAFOLAT HAYOT INSURANCE;1;0,0;;31;0,0;;31;;0,0;;%;59;Рэнкинг страховых компаний — II квартал 2026 (snsratings.uz).txt
2026-Q2;st_investments_to_investments;Краткосрочные инвестиции / Всего инвестиции;относительные;ISHONCH SUG'URTA KOMPANIYASI AJ;ISHONCH SUG`URTA KOMPANIYASI;0;0,0;;31;0,0;;31;;0,0;;%;59;Рэнкинг страховых компаний — II квартал 2026 (snsratings.uz).txt
2026-Q2;st_investments_to_investments;Краткосрочные инвестиции / Всего инвестиции;относительные;GLOBAL INSURANCE GROUP AJ;GLOBAL INSURANCE GROUP;0;0,0;;31;0,0;;31;;0,0;;%;59;Рэнкинг страховых компаний — II квартал 2026 (snsratings.uz).txt
2026-Q2;lt_investments_to_investments;Долгосрочные инвестиции / Всего инвестиции;относительные;ВСЕГО;ВСЕГО;0;36,55;;;47,02;;;;10,47;;%;60;Рэнкинг страховых компаний — II квартал 2026 (snsratings.uz).txt
2026-Q2;lt_investments_to_investments;Долгосрочные инвестиции / Всего инвестиции;относительные;TBC SUG'URTA AJ;TBC SUG`URTA;1;76,31;;6;100,0;;1;;23,69;;%;60;Рэнкинг страховых компаний — II квартал 2026 (snsratings.uz).txt
2026-Q2;lt_investments_to_investments;Долгосрочные инвестиции / Всего инвестиции;относительные;O'ZBEKISTON QAYTA SUG'URTA KOMPANIYASI MQST AJ;O`ZBEKISTON QAYTA SUG`URTA KOMPANIYASI;0;0,0;;32;100,0;;1;;100,0;;%;60;Рэнкинг страховых компаний — II квартал 2026 (snsratings.uz).txt
2026-Q2;lt_investments_to_investments;Долгосрочные инвестиции / Всего инвестиции;относительные;KAFOLAT SUG'URTA KOMPANIYASI AJ;KAFOLAT SUG`URTA KOMPANIYASI;0;100,0;;1;100,0;;1;;0,0;;%;60;Рэнкинг страховых компаний — II квартал 2026 (snsratings.uz).txt
2026-Q2;lt_investments_to_investments;Долгосрочные инвестиции / Всего инвестиции;относительные;KAFOLAT HAYOT INSURANCE AJ;KAFOLAT HAYOT INSURANCE;1;100,0;;1;100,0;;1;;0,0;;%;60;Рэнкинг страховых компаний — II квартал 2026 (snsratings.uz).txt
2026-Q2;lt_investments_to_investments;Долгосрочные инвестиции / Всего инвестиции;относительные;ISHONCH SUG'URTA KOMPANIYASI AJ;ISHONCH SUG`URTA KOMPANIYASI;0;100,0;;1;100,0;;1;;0,0;;%;60;Рэнкинг страховых компаний — II квартал 2026 (snsratings.uz).txt
2026-Q2;lt_investments_to_investments;Долгосрочные инвестиции / Всего инвестиции;относительные;APEX INSURANCE AJ;APEX INSURANCE;0;59,93;;7;90,7;;6;;30,77;;%;60;Рэнкинг страховых компаний — II квартал 2026 (snsratings.uz).txt
2026-Q2;lt_investments_to_investments;Долгосрочные инвестиции / Всего инвестиции;относительные;HAMKOR SUG'URTA AJ;HAMKOR SUG`URTA;0;35,07;;15;63,71;;7;;28,64;;%;60;Рэнкинг страховых компаний — II квартал 2026 (snsratings.uz).txt
2026-Q2;lt_investments_to_investments;Долгосрочные инвестиции / Всего инвестиции;относительные;ARIA SUG'URTA TASHKILOTI AJ;ARIA SUG`URTA TASHKILOTI;0;52,38;;9;62,8;;8;;10,42;;%;60;Рэнкинг страховых компаний — II квартал 2026 (snsratings.uz).txt
2026-Q2;lt_investments_to_investments;Долгосрочные инвестиции / Всего инвестиции;относительные;O'ZAGROSUG'URTA AJ;O`ZAGROSUG`URTA;0;56,59;;8;62,0;;9;;5,41;;%;60;Рэнкинг страховых компаний — II квартал 2026 (snsratings.uz).txt
2026-Q2;lt_investments_to_investments;Долгосрочные инвестиции / Всего инвестиции;относительные;SQB INSURANCE SUG'URTA KOMPANIYASI AJ;SQB INSURANCE SUG`URTA KOMPANIYASI;0;37,38;;14;58,36;;10;;20,98;;%;60;Рэнкинг страховых компаний — II квартал 2026 (snsratings.uz).txt
2026-Q2;lt_investments_to_investments;Долгосрочные инвестиции / Всего инвестиции;относительные;KAPITAL SUG'URTA AJ;KAPITAL SUG`URTA;0;34,27;;16;54,46;;11;;20,19;;%;60;Рэнкинг страховых компаний — II квартал 2026 (snsratings.uz).txt
2026-Q2;lt_investments_to_investments;Долгосрочные инвестиции / Всего инвестиции;относительные;O'ZBEKINVEST HAYOT SUG'URTA KOMPANIYASI AJ;O`ZBEKINVEST HAYOT SUG`URTA KOMPANIYASI;1;42,11;;12;46,04;;12;;3,93;;%;60;Рэнкинг страховых компаний — II квартал 2026 (snsratings.uz).txt
2026-Q2;lt_investments_to_investments;Долгосрочные инвестиции / Всего инвестиции;относительные;INFINITY INSURANCE AJ;INFINITY INSURANCE;0;76,97;;5;45,3;;13;;-31,67;;%;60;Рэнкинг страховых компаний — II квартал 2026 (snsratings.uz).txt
2026-Q2;lt_investments_to_investments;Долгосрочные инвестиции / Всего инвестиции;относительные;AGROS HAYOT AJ;AGROS HAYOT SUG`URTA KOMPANIYASI;1;52,36;;10;44,47;;14;;-7,89;;%;60;Рэнкинг страховых компаний — II квартал 2026 (snsratings.uz).txt
2026-Q2;lt_investments_to_investments;Долгосрочные инвестиции / Всего инвестиции;относительные;ALFA INVEST SUG'URTA KOMPANIYASI AJ;ALFA INVEST SUG`URTA KOMPANIYASI;0;43,59;;11;40,81;;15;;-2,78;;%;60;Рэнкинг страховых компаний — II квартал 2026 (snsratings.uz).txt
2026-Q2;lt_investments_to_investments;Долгосрочные инвестиции / Всего инвестиции;относительные;IMKON SUG'URTA AJ;IMKON-SUG`URTA;0;24,33;;20;39,96;;16;;15,63;;%;60;Рэнкинг страховых компаний — II квартал 2026 (snsratings.uz).txt
2026-Q2;lt_investments_to_investments;Долгосрочные инвестиции / Всего инвестиции;относительные;O'ZBEKINVEST EISK AJ;O`ZBEKINVEST;0;38,51;;13;38,18;;17;;-0,33;;%;60;Рэнкинг страховых компаний — II квартал 2026 (snsratings.uz).txt
2026-Q2;lt_investments_to_investments;Долгосрочные инвестиции / Всего инвестиции;относительные;SEMURG SUG'URTA AJ QK;SEMURG INSURANCE;0;13,45;;23;31,27;;18;;17,82;;%;60;Рэнкинг страховых компаний — II квартал 2026 (snsratings.uz).txt
2026-Q2;lt_investments_to_investments;Долгосрочные инвестиции / Всего инвестиции;относительные;TRUST-INSURANCE AJ;TRUST-INSURANCE;0;0,0;;32;30,99;;19;;30,99;;%;60;Рэнкинг страховых компаний — II квартал 2026 (snsratings.uz).txt
2026-Q2;lt_investments_to_investments;Долгосрочные инвестиции / Всего инвестиции;относительные;ALSKOM AJ;ALSKOM SUG`URTA KOMPANIYASI;0;33,99;;17;29,79;;20;;-4,2;;%;60;Рэнкинг страховых компаний — II квартал 2026 (snsratings.uz).txt
2026-Q2;lt_investments_to_investments;Долгосрочные инвестиции / Всего инвестиции;относительные;XALQ SUG'URTA AJ;XALQ SUG`URTA;0;22,06;;21;19,37;;21;;-2,69;;%;60;Рэнкинг страховых компаний — II квартал 2026 (snsratings.uz).txt
2026-Q2;lt_investments_to_investments;Долгосрочные инвестиции / Всего инвестиции;относительные;INSON AJ;INSON;0;14,24;;22;10,97;;22;;-3,27;;%;60;Рэнкинг страховых компаний — II квартал 2026 (snsratings.uz).txt
2026-Q2;lt_investments_to_investments;Долгосрочные инвестиции / Всего инвестиции;относительные;KAFIL SUG'URTA AJ;KAFIL-SUG`URTA;0;13,31;;24;9,97;;23;;-3,34;;%;60;Рэнкинг страховых компаний — II квартал 2026 (snsratings.uz).txt
2026-Q2;lt_investments_to_investments;Долгосрочные инвестиции / Всего инвестиции;относительные;EUROASIA INSURANCE AJ QK;EUROASIA INSURANCE;0;7,5;;27;9,8;;24;;2,3;;%;60;Рэнкинг страховых компаний — II квартал 2026 (snsratings.uz).txt
2026-Q2;lt_investments_to_investments;Долгосрочные инвестиции / Всего инвестиции;относительные;MY-INSURANCE AJ;MY-INSURANCE;0;7,16;;28;6,0;;25;;-1,16;;%;60;Рэнкинг страховых компаний — II квартал 2026 (snsratings.uz).txt
2026-Q2;lt_investments_to_investments;Долгосрочные инвестиции / Всего инвестиции;относительные;IMPEX-INSURANCE AJ;IMPEX-INSURANCE;0;12,03;;25;5,68;;26;;-6,35;;%;60;Рэнкинг страховых компаний — II квартал 2026 (snsratings.uz).txt
2026-Q2;lt_investments_to_investments;Долгосрочные инвестиции / Всего инвестиции;относительные;GROSS SUG'URTA KOMPANIYASI AJ;GROSS SUG`URTA KOMPANIYASI;0;10,04;;26;5,01;;27;;-5,03;;%;60;Рэнкинг страховых компаний — II квартал 2026 (snsratings.uz).txt
2026-Q2;lt_investments_to_investments;Долгосрочные инвестиции / Всего инвестиции;относительные;APEX LIFE INSURANCE AJ;APEX LIFE INSURANCE;1;3,59;;29;2,51;;28;;-1,08;;%;60;Рэнкинг страховых компаний — II квартал 2026 (snsratings.uz).txt
2026-Q2;lt_investments_to_investments;Долгосрочные инвестиции / Всего инвестиции;относительные;ASIA INSURANCE SUG'URTA KOMPANIYASI AJ;ASIA INSURANCE SUG`URTA KOMPANIYASI;0;25,92;;19;0,92;;29;;-25,0;;%;60;Рэнкинг страховых компаний — II квартал 2026 (snsratings.uz).txt
2026-Q2;lt_investments_to_investments;Долгосрочные инвестиции / Всего инвестиции;относительные;TEMIRYO'L SUG'URTA AJ;TEMIRYO`L SUG`URTA;0;1,12;;30;0,89;;30;;-0,23;;%;60;Рэнкинг страховых компаний — II квартал 2026 (snsratings.uz).txt
2026-Q2;lt_investments_to_investments;Долгосрочные инвестиции / Всего инвестиции;относительные;PRESTIGE INSURANCE AJ;PRESTIGE INSURANCE;1;0,0;;32;0,15;;31;;0,15;;%;60;Рэнкинг страховых компаний — II квартал 2026 (snsratings.uz).txt
2026-Q2;lt_investments_to_investments;Долгосрочные инвестиции / Всего инвестиции;относительные;QUANTUM INSURANCE AJ;QUANTUM INSURANCE;0;0,13;;31;0,1;;32;;-0,03;;%;60;Рэнкинг страховых компаний — II квартал 2026 (snsratings.uz).txt
2026-Q2;lt_investments_to_investments;Долгосрочные инвестиции / Всего инвестиции;относительные;NEO INSURANCE CORP AJ;NEO INSURANCE CORP;0;0,0;;32;0,0;;33;;0,0;;%;60;Рэнкинг страховых компаний — II квартал 2026 (snsratings.uz).txt
2026-Q2;lt_investments_to_investments;Долгосрочные инвестиции / Всего инвестиции;относительные;MOSAIC INSURANCE GROUP AJ QK;MOSAIC INSURANCE GROUP;0;0,0;;32;0,0;;33;;0,0;;%;60;Рэнкинг страховых компаний — II квартал 2026 (snsratings.uz).txt
2026-Q2;lt_investments_to_investments;Долгосрочные инвестиции / Всего инвестиции;относительные;GLOBAL INSURANCE GROUP AJ;GLOBAL INSURANCE GROUP;0;100,0;;1;0,0;;33;;-100,0;;%;60;Рэнкинг страховых компаний — II квартал 2026 (snsratings.uz).txt
2026-Q2;lt_investments_to_investments;Долгосрочные инвестиции / Всего инвестиции;относительные;ALFA LIFE INSURANCE AJ;ALFA LIFE INSURANCE;1;30,95;;18;0,0;;33;;-30,95;;%;60;Рэнкинг страховых компаний — II квартал 2026 (snsratings.uz).txt
2026-Q2;investments_to_assets;Всего инвестиции / Всего активы;относительные;ВСЕГО;ВСЕГО;0;49,92;;;51,88;;;;1,96;;%;61;Рэнкинг страховых компаний — II квартал 2026 (snsratings.uz).txt
2026-Q2;investments_to_assets;Всего инвестиции / Всего активы;относительные;TBC SUG'URTA AJ;TBC SUG`URTA;1;97,04;;1;97,49;;1;;0,45;;%;61;Рэнкинг страховых компаний — II квартал 2026 (snsratings.uz).txt
2026-Q2;investments_to_assets;Всего инвестиции / Всего активы;относительные;AGROS HAYOT AJ;AGROS HAYOT SUG`URTA KOMPANIYASI;1;87,83;;6;96,38;;2;;8,55;;%;61;Рэнкинг страховых компаний — II квартал 2026 (snsratings.uz).txt
2026-Q2;investments_to_assets;Всего инвестиции / Всего активы;относительные;HAMKOR SUG'URTA AJ;HAMKOR SUG`URTA;0;96,78;;3;95,46;;3;;-1,32;;%;61;Рэнкинг страховых компаний — II квартал 2026 (snsratings.uz).txt
2026-Q2;investments_to_assets;Всего инвестиции / Всего активы;относительные;IMKON SUG'URTA AJ;IMKON-SUG`URTA;0;96,92;;2;95,09;;4;;-1,83;;%;61;Рэнкинг страховых компаний — II квартал 2026 (snsratings.uz).txt
2026-Q2;investments_to_assets;Всего инвестиции / Всего активы;относительные;ARIA SUG'URTA TASHKILOTI AJ;ARIA SUG`URTA TASHKILOTI;0;84,97;;8;92,59;;5;;7,62;;%;61;Рэнкинг страховых компаний — II квартал 2026 (snsratings.uz).txt
2026-Q2;investments_to_assets;Всего инвестиции / Всего активы;относительные;XALQ SUG'URTA AJ;XALQ SUG`URTA;0;87,86;;5;91,41;;6;;3,55;;%;61;Рэнкинг страховых компаний — II квартал 2026 (snsratings.uz).txt
2026-Q2;investments_to_assets;Всего инвестиции / Всего активы;относительные;O'ZBEKINVEST HAYOT SUG'URTA KOMPANIYASI AJ;O`ZBEKINVEST HAYOT SUG`URTA KOMPANIYASI;1;86,0;;7;89,94;;7;;3,94;;%;61;Рэнкинг страховых компаний — II квартал 2026 (snsratings.uz).txt
2026-Q2;investments_to_assets;Всего инвестиции / Всего активы;относительные;SQB INSURANCE SUG'URTA KOMPANIYASI AJ;SQB INSURANCE SUG`URTA KOMPANIYASI;0;87,97;;4;84,56;;8;;-3,41;;%;61;Рэнкинг страховых компаний — II квартал 2026 (snsratings.uz).txt
2026-Q2;investments_to_assets;Всего инвестиции / Всего активы;относительные;KAFOLAT HAYOT INSURANCE AJ;KAFOLAT HAYOT INSURANCE;1;79,01;;9;83,01;;9;;4,0;;%;61;Рэнкинг страховых компаний — II квартал 2026 (snsratings.uz).txt
2026-Q2;investments_to_assets;Всего инвестиции / Всего активы;относительные;QUANTUM INSURANCE AJ;QUANTUM INSURANCE;0;70,41;;10;80,56;;10;;10,15;;%;61;Рэнкинг страховых компаний — II квартал 2026 (snsratings.uz).txt
2026-Q2;investments_to_assets;Всего инвестиции / Всего активы;относительные;ALFA LIFE INSURANCE AJ;ALFA LIFE INSURANCE;1;62,43;;15;77,41;;11;;14,98;;%;61;Рэнкинг страховых компаний — II квартал 2026 (snsratings.uz).txt
2026-Q2;investments_to_assets;Всего инвестиции / Всего активы;относительные;GROSS SUG'URTA KOMPANIYASI AJ;GROSS SUG`URTA KOMPANIYASI;0;70,19;;12;69,19;;12;;-1,0;;%;61;Рэнкинг страховых компаний — II квартал 2026 (snsratings.uz).txt
2026-Q2;investments_to_assets;Всего инвестиции / Всего активы;относительные;O'ZBEKISTON QAYTA SUG'URTA KOMPANIYASI MQST AJ;O`ZBEKISTON QAYTA SUG`URTA KOMPANIYASI;0;0,0;;35;67,39;;13;;67,39;;%;61;Рэнкинг страховых компаний — II квартал 2026 (snsratings.uz).txt
2026-Q2;investments_to_assets;Всего инвестиции / Всего активы;относительные;TEMIRYO'L SUG'URTA AJ;TEMIRYO`L SUG`URTA;0;69,2;;13;66,69;;14;;-2,51;;%;61;Рэнкинг страховых компаний — II квартал 2026 (snsratings.uz).txt
2026-Q2;investments_to_assets;Всего инвестиции / Всего активы;относительные;NEO INSURANCE CORP AJ;NEO INSURANCE CORP;0;48,07;;22;58,95;;15;;10,88;;%;61;Рэнкинг страховых компаний — II квартал 2026 (snsratings.uz).txt
2026-Q2;investments_to_assets;Всего инвестиции / Всего активы;относительные;ALFA INVEST SUG'URTA KOMPANIYASI AJ;ALFA INVEST SUG`URTA KOMPANIYASI;0;45,58;;23;57,45;;16;;11,87;;%;61;Рэнкинг страховых компаний — II квартал 2026 (snsratings.uz).txt
2026-Q2;investments_to_assets;Всего инвестиции / Всего активы;относительные;O'ZBEKINVEST EISK AJ;O`ZBEKINVEST;0;62,94;;14;57,29;;17;;-5,65;;%;61;Рэнкинг страховых компаний — II квартал 2026 (snsratings.uz).txt
2026-Q2;investments_to_assets;Всего инвестиции / Всего активы;относительные;MY-INSURANCE AJ;MY-INSURANCE;0;51,77;;20;57,27;;18;;5,5;;%;61;Рэнкинг страховых компаний — II квартал 2026 (snsratings.uz).txt
2026-Q2;investments_to_assets;Всего инвестиции / Всего активы;относительные;KAFIL SUG'URTA AJ;KAFIL-SUG`URTA;0;52,22;;19;56,31;;19;;4,09;;%;61;Рэнкинг страховых компаний — II квартал 2026 (snsratings.uz).txt
2026-Q2;investments_to_assets;Всего инвестиции / Всего активы;относительные;INFINITY INSURANCE AJ;INFINITY INSURANCE;0;53,87;;18;49,13;;20;;-4,74;;%;61;Рэнкинг страховых компаний — II квартал 2026 (snsratings.uz).txt
2026-Q2;investments_to_assets;Всего инвестиции / Всего активы;относительные;SEMURG SUG'URTA AJ QK;SEMURG INSURANCE;0;30,39;;30;48,08;;21;;17,69;;%;61;Рэнкинг страховых компаний — II квартал 2026 (snsratings.uz).txt
2026-Q2;investments_to_assets;Всего инвестиции / Всего активы;относительные;APEX INSURANCE AJ;APEX INSURANCE;0;30,44;;29;46,95;;22;;16,51;;%;61;Рэнкинг страховых компаний — II квартал 2026 (snsratings.uz).txt
2026-Q2;investments_to_assets;Всего инвестиции / Всего активы;относительные;O'ZAGROSUG'URTA AJ;O`ZAGROSUG`URTA;0;38,71;;27;44,94;;23;;6,23;;%;61;Рэнкинг страховых компаний — II квартал 2026 (snsratings.uz).txt
2026-Q2;investments_to_assets;Всего инвестиции / Всего активы;относительные;ISHONCH SUG'URTA KOMPANIYASI AJ;ISHONCH SUG`URTA KOMPANIYASI;0;50,06;;21;43,84;;24;;-6,22;;%;61;Рэнкинг страховых компаний — II квартал 2026 (snsratings.uz).txt
2026-Q2;investments_to_assets;Всего инвестиции / Всего активы;относительные;ALSKOM AJ;ALSKOM SUG`URTA KOMPANIYASI;0;39,23;;25;41,55;;25;;2,32;;%;61;Рэнкинг страховых компаний — II квартал 2026 (snsratings.uz).txt
2026-Q2;investments_to_assets;Всего инвестиции / Всего активы;относительные;APEX LIFE INSURANCE AJ;APEX LIFE INSURANCE;1;70,35;;11;38,32;;26;;-32,03;;%;61;Рэнкинг страховых компаний — II квартал 2026 (snsratings.uz).txt
2026-Q2;investments_to_assets;Всего инвестиции / Всего активы;относительные;ASIA INSURANCE SUG'URTA KOMPANIYASI AJ;ASIA INSURANCE SUG`URTA KOMPANIYASI;0;54,04;;17;37,95;;27;;-16,09;;%;61;Рэнкинг страховых компаний — II квартал 2026 (snsratings.uz).txt
2026-Q2;investments_to_assets;Всего инвестиции / Всего активы;относительные;KAFOLAT SUG'URTA KOMPANIYASI AJ;KAFOLAT SUG`URTA KOMPANIYASI;0;28,17;;32;36,54;;28;;8,37;;%;61;Рэнкинг страховых компаний — II квартал 2026 (snsratings.uz).txt
2026-Q2;investments_to_assets;Всего инвестиции / Всего активы;относительные;INSON AJ;INSON;0;54,29;;16;36,13;;29;;-18,16;;%;61;Рэнкинг страховых компаний — II квартал 2026 (snsratings.uz).txt
2026-Q2;investments_to_assets;Всего инвестиции / Всего активы;относительные;TRUST-INSURANCE AJ;TRUST-INSURANCE;0;38,79;;26;35,73;;30;;-3,06;;%;61;Рэнкинг страховых компаний — II квартал 2026 (snsratings.uz).txt
2026-Q2;investments_to_assets;Всего инвестиции / Всего активы;относительные;KAPITAL SUG'URTA AJ;KAPITAL SUG`URTA;0;37,3;;28;33,83;;31;;-3,47;;%;61;Рэнкинг страховых компаний — II квартал 2026 (snsratings.uz).txt
2026-Q2;investments_to_assets;Всего инвестиции / Всего активы;относительные;IMPEX-INSURANCE AJ;IMPEX-INSURANCE;0;23,02;;33;27,98;;32;;4,96;;%;61;Рэнкинг страховых компаний — II квартал 2026 (snsratings.uz).txt
2026-Q2;investments_to_assets;Всего инвестиции / Всего активы;относительные;PRESTIGE INSURANCE AJ;PRESTIGE INSURANCE;1;0,0;;35;27,16;;33;;27,16;;%;61;Рэнкинг страховых компаний — II квартал 2026 (snsratings.uz).txt
2026-Q2;investments_to_assets;Всего инвестиции / Всего активы;относительные;EUROASIA INSURANCE AJ QK;EUROASIA INSURANCE;0;45,57;;24;26,35;;34;;-19,22;;%;61;Рэнкинг страховых компаний — II квартал 2026 (snsratings.uz).txt
2026-Q2;investments_to_assets;Всего инвестиции / Всего активы;относительные;MOSAIC INSURANCE GROUP AJ QK;MOSAIC INSURANCE GROUP;0;28,3;;31;18,75;;35;;-9,55;;%;61;Рэнкинг страховых компаний — II квартал 2026 (snsratings.uz).txt
2026-Q2;investments_to_assets;Всего инвестиции / Всего активы;относительные;GLOBAL INSURANCE GROUP AJ;GLOBAL INSURANCE GROUP;0;11,16;;34;0,0;;36;;-11,16;;%;61;Рэнкинг страховых компаний — II квартал 2026 (snsratings.uz).txt
2026-Q2;fixed_assets_to_assets;Основные средства / Всего активы;относительные;ВСЕГО;ВСЕГО;0;16,45;;;14,33;;;;-2,12;;%;62;Рэнкинг страховых компаний — II квартал 2026 (snsratings.uz).txt
2026-Q2;fixed_assets_to_assets;Основные средства / Всего активы;относительные;APEX INSURANCE AJ;APEX INSURANCE;0;38,73;;2;32,0;;1;;-6,73;;%;62;Рэнкинг страховых компаний — II квартал 2026 (snsratings.uz).txt
2026-Q2;fixed_assets_to_assets;Основные средства / Всего активы;относительные;ASIA INSURANCE SUG'URTA KOMPANIYASI AJ;ASIA INSURANCE SUG`URTA KOMPANIYASI;0;27,03;;5;31,67;;2;;4,64;;%;62;Рэнкинг страховых компаний — II квартал 2026 (snsratings.uz).txt
2026-Q2;fixed_assets_to_assets;Основные средства / Всего активы;относительные;INFINITY INSURANCE AJ;INFINITY INSURANCE;0;32,37;;3;30,62;;3;;-1,75;;%;62;Рэнкинг страховых компаний — II квартал 2026 (snsratings.uz).txt
2026-Q2;fixed_assets_to_assets;Основные средства / Всего активы;относительные;PRESTIGE INSURANCE AJ;PRESTIGE INSURANCE;1;0,0;;34;28,77;;4;;28,77;;%;62;Рэнкинг страховых компаний — II квартал 2026 (snsratings.uz).txt
2026-Q2;fixed_assets_to_assets;Основные средства / Всего активы;относительные;O'ZAGROSUG'URTA AJ;O`ZAGROSUG`URTA;0;19,31;;10;22,44;;5;;3,13;;%;62;Рэнкинг страховых компаний — II квартал 2026 (snsratings.uz).txt
2026-Q2;fixed_assets_to_assets;Основные средства / Всего активы;относительные;KAFIL SUG'URTA AJ;KAFIL-SUG`URTA;0;22,75;;6;21,58;;6;;-1,17;;%;62;Рэнкинг страховых компаний — II квартал 2026 (snsratings.uz).txt
2026-Q2;fixed_assets_to_assets;Основные средства / Всего активы;относительные;NEO INSURANCE CORP AJ;NEO INSURANCE CORP;0;40,38;;1;19,55;;7;;-20,83;;%;62;Рэнкинг страховых компаний — II квартал 2026 (snsratings.uz).txt
2026-Q2;fixed_assets_to_assets;Основные средства / Всего активы;относительные;MY-INSURANCE AJ;MY-INSURANCE;0;19,6;;9;18,64;;8;;-0,96;;%;62;Рэнкинг страховых компаний — II квартал 2026 (snsratings.uz).txt
2026-Q2;fixed_assets_to_assets;Основные средства / Всего активы;относительные;ALSKOM AJ;ALSKOM SUG`URTA KOMPANIYASI;0;19,79;;8;18,55;;9;;-1,24;;%;62;Рэнкинг страховых компаний — II квартал 2026 (snsratings.uz).txt
2026-Q2;fixed_assets_to_assets;Основные средства / Всего активы;относительные;TRUST-INSURANCE AJ;TRUST-INSURANCE;0;22,2;;7;16,52;;10;;-5,68;;%;62;Рэнкинг страховых компаний — II квартал 2026 (snsratings.uz).txt
2026-Q2;fixed_assets_to_assets;Основные средства / Всего активы;относительные;ISHONCH SUG'URTA KOMPANIYASI AJ;ISHONCH SUG`URTA KOMPANIYASI;0;18,15;;12;16,07;;11;;-2,08;;%;62;Рэнкинг страховых компаний — II квартал 2026 (snsratings.uz).txt
2026-Q2;fixed_assets_to_assets;Основные средства / Всего активы;относительные;ALFA LIFE INSURANCE AJ;ALFA LIFE INSURANCE;1;18,94;;11;15,33;;12;;-3,61;;%;62;Рэнкинг страховых компаний — II квартал 2026 (snsratings.uz).txt
2026-Q2;fixed_assets_to_assets;Основные средства / Всего активы;относительные;KAPITAL SUG'URTA AJ;KAPITAL SUG`URTA;0;27,14;;4;15,29;;13;;-11,85;;%;62;Рэнкинг страховых компаний — II квартал 2026 (snsratings.uz).txt
2026-Q2;fixed_assets_to_assets;Основные средства / Всего активы;относительные;ALFA INVEST SUG'URTA KOMPANIYASI AJ;ALFA INVEST SUG`URTA KOMPANIYASI;0;6,79;;19;14,08;;14;;7,29;;%;62;Рэнкинг страховых компаний — II квартал 2026 (snsratings.uz).txt
2026-Q2;fixed_assets_to_assets;Основные средства / Всего активы;относительные;KAFOLAT HAYOT INSURANCE AJ;KAFOLAT HAYOT INSURANCE;1;13,54;;15;9,77;;15;;-3,77;;%;62;Рэнкинг страховых компаний — II квартал 2026 (snsratings.uz).txt
2026-Q2;fixed_assets_to_assets;Основные средства / Всего активы;относительные;IMPEX-INSURANCE AJ;IMPEX-INSURANCE;0;13,02;;16;7,51;;16;;-5,51;;%;62;Рэнкинг страховых компаний — II квартал 2026 (snsratings.uz).txt
2026-Q2;fixed_assets_to_assets;Основные средства / Всего активы;относительные;TEMIRYO'L SUG'URTA AJ;TEMIRYO`L SUG`URTA;0;9,34;;18;6,97;;17;;-2,37;;%;62;Рэнкинг страховых компаний — II квартал 2026 (snsratings.uz).txt
2026-Q2;fixed_assets_to_assets;Основные средства / Всего активы;относительные;EUROASIA INSURANCE AJ QK;EUROASIA INSURANCE;0;15,22;;14;6,58;;18;;-8,64;;%;62;Рэнкинг страховых компаний — II квартал 2026 (snsratings.uz).txt
2026-Q2;fixed_assets_to_assets;Основные средства / Всего активы;относительные;KAFOLAT SUG'URTA KOMPANIYASI AJ;KAFOLAT SUG`URTA KOMPANIYASI;0;5,43;;21;6,37;;19;;0,94;;%;62;Рэнкинг страховых компаний — II квартал 2026 (snsratings.uz).txt
2026-Q2;fixed_assets_to_assets;Основные средства / Всего активы;относительные;APEX LIFE INSURANCE AJ;APEX LIFE INSURANCE;1;5,99;;20;4,52;;20;;-1,47;;%;62;Рэнкинг страховых компаний — II квартал 2026 (snsratings.uz).txt
2026-Q2;fixed_assets_to_assets;Основные средства / Всего активы;относительные;SEMURG SUG'URTA AJ QK;SEMURG INSURANCE;0;16,47;;13;4,0;;21;;-12,47;;%;62;Рэнкинг страховых компаний — II квартал 2026 (snsratings.uz).txt
2026-Q2;fixed_assets_to_assets;Основные средства / Всего активы;относительные;INSON AJ;INSON;0;4,9;;22;3,77;;22;;-1,13;;%;62;Рэнкинг страховых компаний — II квартал 2026 (snsratings.uz).txt
2026-Q2;fixed_assets_to_assets;Основные средства / Всего активы;относительные;GROSS SUG'URTA KOMPANIYASI AJ;GROSS SUG`URTA KOMPANIYASI;0;3,32;;23;3,18;;23;;-0,14;;%;62;Рэнкинг страховых компаний — II квартал 2026 (snsratings.uz).txt
2026-Q2;fixed_assets_to_assets;Основные средства / Всего активы;относительные;XALQ SUG'URTA AJ;XALQ SUG`URTA;0;1,67;;24;1,45;;24;;-0,22;;%;62;Рэнкинг страховых компаний — II квартал 2026 (snsratings.uz).txt
2026-Q2;fixed_assets_to_assets;Основные средства / Всего активы;относительные;ARIA SUG'URTA TASHKILOTI AJ;ARIA SUG`URTA TASHKILOTI;0;1,43;;26;1,33;;25;;-0,1;;%;62;Рэнкинг страховых компаний — II квартал 2026 (snsratings.uz).txt
2026-Q2;fixed_assets_to_assets;Основные средства / Всего активы;относительные;O'ZBEKINVEST EISK AJ;O`ZBEKINVEST;0;1,49;;25;1,19;;26;;-0,3;;%;62;Рэнкинг страховых компаний — II квартал 2026 (snsratings.uz).txt
2026-Q2;fixed_assets_to_assets;Основные средства / Всего активы;относительные;IMKON SUG'URTA AJ;IMKON-SUG`URTA;0;0,9;;30;0,9;;27;;0,0;;%;62;Рэнкинг страховых компаний — II квартал 2026 (snsratings.uz).txt
2026-Q2;fixed_assets_to_assets;Основные средства / Всего активы;относительные;QUANTUM INSURANCE AJ;QUANTUM INSURANCE;0;0,93;;28;0,84;;28;;-0,09;;%;62;Рэнкинг страховых компаний — II квартал 2026 (snsratings.uz).txt
2026-Q2;fixed_assets_to_assets;Основные средства / Всего активы;относительные;O'ZBEKINVEST HAYOT SUG'URTA KOMPANIYASI AJ;O`ZBEKINVEST HAYOT SUG`URTA KOMPANIYASI;1;1,37;;27;0,82;;30;;-0,55;;%;62;Рэнкинг страховых компаний — II квартал 2026 (snsratings.uz).txt
2026-Q2;fixed_assets_to_assets;Основные средства / Всего активы;относительные;AGROS HAYOT AJ;AGROS HAYOT SUG`URTA KOMPANIYASI;1;0,91;;29;0,83;;29;;-0,08;;%;62;Рэнкинг страховых компаний — II квартал 2026 (snsratings.uz).txt
2026-Q2;fixed_assets_to_assets;Основные средства / Всего активы;относительные;SQB INSURANCE SUG'URTA KOMPANIYASI AJ;SQB INSURANCE SUG`URTA KOMPANIYASI;0;0,86;;31;0,76;;31;;-0,1;;%;62;Рэнкинг страховых компаний — II квартал 2026 (snsratings.uz).txt
2026-Q2;fixed_assets_to_assets;Основные средства / Всего активы;относительные;O'ZBEKISTON QAYTA SUG'URTA KOMPANIYASI MQST AJ;O`ZBEKISTON QAYTA SUG`URTA KOMPANIYASI;0;0,0;;34;0,46;;32;;0,46;;%;62;Рэнкинг страховых компаний — II квартал 2026 (snsratings.uz).txt
2026-Q2;fixed_assets_to_assets;Основные средства / Всего активы;относительные;HAMKOR SUG'URTA AJ;HAMKOR SUG`URTA;0;0,54;;32;0,31;;33;;-0,23;;%;62;Рэнкинг страховых компаний — II квартал 2026 (snsratings.uz).txt
2026-Q2;fixed_assets_to_assets;Основные средства / Всего активы;относительные;MOSAIC INSURANCE GROUP AJ QK;MOSAIC INSURANCE GROUP;0;0,19;;33;0,14;;34;;-0,05;;%;62;Рэнкинг страховых компаний — II квартал 2026 (snsratings.uz).txt
2026-Q2;fixed_assets_to_assets;Основные средства / Всего активы;относительные;TBC SUG'URTA AJ;TBC SUG`URTA;1;0,0;;34;0,02;;35;;0,02;;%;62;Рэнкинг страховых компаний — II квартал 2026 (snsratings.uz).txt
2026-Q2;fixed_assets_to_assets;Основные средства / Всего активы;относительные;GLOBAL INSURANCE GROUP AJ;GLOBAL INSURANCE GROUP;0;12,2;;17;0,0;;36;;-12,2;;%;62;Рэнкинг страховых компаний — II квартал 2026 (snsratings.uz).txt
2026-Q2;st_receivables_to_assets;Краткосрочная дебиторская задолженность / Всего активы;относительные;ВСЕГО;ВСЕГО;0;25,75;;;25,56;;;;-0,19;;%;63;Рэнкинг страховых компаний — II квартал 2026 (snsratings.uz).txt
2026-Q2;st_receivables_to_assets;Краткосрочная дебиторская задолженность / Всего активы;относительные;EUROASIA INSURANCE AJ QK;EUROASIA INSURANCE;0;38,51;;7;64,28;;1;;25,77;;%;63;Рэнкинг страховых компаний — II квартал 2026 (snsratings.uz).txt
2026-Q2;st_receivables_to_assets;Краткосрочная дебиторская задолженность / Всего активы;относительные;KAFOLAT SUG'URTA KOMPANIYASI AJ;KAFOLAT SUG`URTA KOMPANIYASI;0;61,66;;1;50,6;;2;;-11,06;;%;63;Рэнкинг страховых компаний — II квартал 2026 (snsratings.uz).txt
2026-Q2;st_receivables_to_assets;Краткосрочная дебиторская задолженность / Всего активы;относительные;IMPEX-INSURANCE AJ;IMPEX-INSURANCE;0;51,39;;2;47,25;;3;;-4,14;;%;63;Рэнкинг страховых компаний — II квартал 2026 (snsratings.uz).txt
2026-Q2;st_receivables_to_assets;Краткосрочная дебиторская задолженность / Всего активы;относительные;MOSAIC INSURANCE GROUP AJ QK;MOSAIC INSURANCE GROUP;0;47,78;;3;45,01;;4;;-2,77;;%;63;Рэнкинг страховых компаний — II квартал 2026 (snsratings.uz).txt
2026-Q2;st_receivables_to_assets;Краткосрочная дебиторская задолженность / Всего активы;относительные;SEMURG SUG'URTA AJ QK;SEMURG INSURANCE;0;46,23;;4;40,77;;5;;-5,46;;%;63;Рэнкинг страховых компаний — II квартал 2026 (snsratings.uz).txt
2026-Q2;st_receivables_to_assets;Краткосрочная дебиторская задолженность / Всего активы;относительные;O'ZBEKINVEST EISK AJ;O`ZBEKINVEST;0;32,83;;8;38,05;;6;;5,22;;%;63;Рэнкинг страховых компаний — II квартал 2026 (snsratings.uz).txt
2026-Q2;st_receivables_to_assets;Краткосрочная дебиторская задолженность / Всего активы;относительные;APEX LIFE INSURANCE AJ;APEX LIFE INSURANCE;1;20,1;;14;37,94;;7;;17,84;;%;63;Рэнкинг страховых компаний — II квартал 2026 (snsratings.uz).txt
2026-Q2;st_receivables_to_assets;Краткосрочная дебиторская задолженность / Всего активы;относительные;O'ZAGROSUG'URTA AJ;O`ZAGROSUG`URTA;0;40,05;;5;30,83;;8;;-9,22;;%;63;Рэнкинг страховых компаний — II квартал 2026 (snsratings.uz).txt
2026-Q2;st_receivables_to_assets;Краткосрочная дебиторская задолженность / Всего активы;относительные;INSON AJ;INSON;0;25,76;;11;30,82;;9;;5,06;;%;63;Рэнкинг страховых компаний — II квартал 2026 (snsratings.uz).txt
2026-Q2;st_receivables_to_assets;Краткосрочная дебиторская задолженность / Всего активы;относительные;TRUST-INSURANCE AJ;TRUST-INSURANCE;0;30,86;;9;27,47;;10;;-3,39;;%;63;Рэнкинг страховых компаний — II квартал 2026 (snsratings.uz).txt
2026-Q2;st_receivables_to_assets;Краткосрочная дебиторская задолженность / Всего активы;относительные;ASIA INSURANCE SUG'URTA KOMPANIYASI AJ;ASIA INSURANCE SUG`URTA KOMPANIYASI;0;13,43;;21;26,44;;11;;13,01;;%;63;Рэнкинг страховых компаний — II квартал 2026 (snsratings.uz).txt
2026-Q2;st_receivables_to_assets;Краткосрочная дебиторская задолженность / Всего активы;относительные;TEMIRYO'L SUG'URTA AJ;TEMIRYO`L SUG`URTA;0;17,07;;17;23,05;;12;;5,98;;%;63;Рэнкинг страховых компаний — II квартал 2026 (snsratings.uz).txt
2026-Q2;st_receivables_to_assets;Краткосрочная дебиторская задолженность / Всего активы;относительные;KAPITAL SUG'URTA AJ;KAPITAL SUG`URTA;0;4,66;;29;22,76;;13;;18,1;;%;63;Рэнкинг страховых компаний — II квартал 2026 (snsratings.uz).txt
2026-Q2;st_receivables_to_assets;Краткосрочная дебиторская задолженность / Всего активы;относительные;ISHONCH SUG'URTA KOMPANIYASI AJ;ISHONCH SUG`URTA KOMPANIYASI;0;15,22;;18;19,97;;14;;4,75;;%;63;Рэнкинг страховых компаний — II квартал 2026 (snsratings.uz).txt
2026-Q2;st_receivables_to_assets;Краткосрочная дебиторская задолженность / Всего активы;относительные;MY-INSURANCE AJ;MY-INSURANCE;0;19,81;;15;19,91;;15;;0,1;;%;63;Рэнкинг страховых компаний — II квартал 2026 (snsratings.uz).txt
2026-Q2;st_receivables_to_assets;Краткосрочная дебиторская задолженность / Всего активы;относительные;KAFIL SUG'URTA AJ;KAFIL-SUG`URTA;0;19,77;;16;19,12;;16;;-0,65;;%;63;Рэнкинг страховых компаний — II квартал 2026 (snsratings.uz).txt
2026-Q2;st_receivables_to_assets;Краткосрочная дебиторская задолженность / Всего активы;относительные;ALFA INVEST SUG'URTA KOMPANIYASI AJ;ALFA INVEST SUG`URTA KOMPANIYASI;0;39,75;;6;18,39;;17;;-21,36;;%;63;Рэнкинг страховых компаний — II квартал 2026 (snsratings.uz).txt
2026-Q2;st_receivables_to_assets;Краткосрочная дебиторская задолженность / Всего активы;относительные;PRESTIGE INSURANCE AJ;PRESTIGE INSURANCE;1;0,0;;35;18,19;;18;;18,19;;%;63;Рэнкинг страховых компаний — II квартал 2026 (snsratings.uz).txt
2026-Q2;st_receivables_to_assets;Краткосрочная дебиторская задолженность / Всего активы;относительные;GROSS SUG'URTA KOMPANIYASI AJ;GROSS SUG`URTA KOMPANIYASI;0;20,3;;13;17,72;;19;;-2,58;;%;63;Рэнкинг страховых компаний — II квартал 2026 (snsratings.uz).txt
2026-Q2;st_receivables_to_assets;Краткосрочная дебиторская задолженность / Всего активы;относительные;QUANTUM INSURANCE AJ;QUANTUM INSURANCE;0;26,99;;10;17,21;;20;;-9,78;;%;63;Рэнкинг страховых компаний — II квартал 2026 (snsratings.uz).txt
2026-Q2;st_receivables_to_assets;Краткосрочная дебиторская задолженность / Всего активы;относительные;ALSKOM AJ;ALSKOM SUG`URTA KOMPANIYASI;0;14,13;;20;16,12;;21;;1,99;;%;63;Рэнкинг страховых компаний — II квартал 2026 (snsratings.uz).txt
2026-Q2;st_receivables_to_assets;Краткосрочная дебиторская задолженность / Всего активы;относительные;APEX INSURANCE AJ;APEX INSURANCE;0;20,93;;12;15,45;;22;;-5,48;;%;63;Рэнкинг страховых компаний — II квартал 2026 (snsratings.uz).txt
2026-Q2;st_receivables_to_assets;Краткосрочная дебиторская задолженность / Всего активы;относительные;SQB INSURANCE SUG'URTA KOMPANIYASI AJ;SQB INSURANCE SUG`URTA KOMPANIYASI;0;9,64;;24;12,43;;23;;2,79;;%;63;Рэнкинг страховых компаний — II квартал 2026 (snsratings.uz).txt
2026-Q2;st_receivables_to_assets;Краткосрочная дебиторская задолженность / Всего активы;относительные;NEO INSURANCE CORP AJ;NEO INSURANCE CORP;0;8,23;;26;9,02;;24;;0,79;;%;63;Рэнкинг страховых компаний — II квартал 2026 (snsratings.uz).txt
2026-Q2;st_receivables_to_assets;Краткосрочная дебиторская задолженность / Всего активы;относительные;INFINITY INSURANCE AJ;INFINITY INSURANCE;0;6,23;;28;8,59;;25;;2,36;;%;63;Рэнкинг страховых компаний — II квартал 2026 (snsratings.uz).txt
2026-Q2;st_receivables_to_assets;Краткосрочная дебиторская задолженность / Всего активы;относительные;O'ZBEKINVEST HAYOT SUG'URTA KOMPANIYASI AJ;O`ZBEKINVEST HAYOT SUG`URTA KOMPANIYASI;1;11,42;;22;8,19;;26;;-3,23;;%;63;Рэнкинг страховых компаний — II квартал 2026 (snsratings.uz).txt
2026-Q2;st_receivables_to_assets;Краткосрочная дебиторская задолженность / Всего активы;относительные;XALQ SUG'URTA AJ;XALQ SUG`URTA;0;8,8;;25;6,5;;27;;-2,3;;%;63;Рэнкинг страховых компаний — II квартал 2026 (snsratings.uz).txt
2026-Q2;st_receivables_to_assets;Краткосрочная дебиторская задолженность / Всего активы;относительные;KAFOLAT HAYOT INSURANCE AJ;KAFOLAT HAYOT INSURANCE;1;6,85;;27;6,04;;28;;-0,81;;%;63;Рэнкинг страховых компаний — II квартал 2026 (snsratings.uz).txt
2026-Q2;st_receivables_to_assets;Краткосрочная дебиторская задолженность / Всего активы;относительные;O'ZBEKISTON QAYTA SUG'URTA KOMPANIYASI MQST AJ;O`ZBEKISTON QAYTA SUG`URTA KOMPANIYASI;0;0,0;;35;4,51;;29;;4,51;;%;63;Рэнкинг страховых компаний — II квартал 2026 (snsratings.uz).txt
2026-Q2;st_receivables_to_assets;Краткосрочная дебиторская задолженность / Всего активы;относительные;ALFA LIFE INSURANCE AJ;ALFA LIFE INSURANCE;1;14,4;;19;3,76;;30;;-10,64;;%;63;Рэнкинг страховых компаний — II квартал 2026 (snsratings.uz).txt
2026-Q2;st_receivables_to_assets;Краткосрочная дебиторская задолженность / Всего активы;относительные;ARIA SUG'URTA TASHKILOTI AJ;ARIA SUG`URTA TASHKILOTI;0;1,45;;32;3,68;;31;;2,23;;%;63;Рэнкинг страховых компаний — II квартал 2026 (snsratings.uz).txt
2026-Q2;st_receivables_to_assets;Краткосрочная дебиторская задолженность / Всего активы;относительные;IMKON SUG'URTA AJ;IMKON-SUG`URTA;0;1,51;;31;3,34;;32;;1,83;;%;63;Рэнкинг страховых компаний — II квартал 2026 (snsratings.uz).txt
2026-Q2;st_receivables_to_assets;Краткосрочная дебиторская задолженность / Всего активы;относительные;AGROS HAYOT AJ;AGROS HAYOT SUG`URTA KOMPANIYASI;1;10,19;;23;1,65;;33;;-8,54;;%;63;Рэнкинг страховых компаний — II квартал 2026 (snsratings.uz).txt
2026-Q2;st_receivables_to_assets;Краткосрочная дебиторская задолженность / Всего активы;относительные;HAMKOR SUG'URTA AJ;HAMKOR SUG`URTA;0;0,94;;33;0,74;;34;;-0,2;;%;63;Рэнкинг страховых компаний — II квартал 2026 (snsratings.uz).txt
2026-Q2;st_receivables_to_assets;Краткосрочная дебиторская задолженность / Всего активы;относительные;TBC SUG'URTA AJ;TBC SUG`URTA;1;0,64;;34;0,2;;35;;-0,44;;%;63;Рэнкинг страховых компаний — II квартал 2026 (snsratings.uz).txt
2026-Q2;st_receivables_to_assets;Краткосрочная дебиторская задолженность / Всего активы;относительные;GLOBAL INSURANCE GROUP AJ;GLOBAL INSURANCE GROUP;0;1,57;;30;0,0;;36;;-1,57;;%;63;Рэнкинг страховых компаний — II квартал 2026 (snsratings.uz).txt
2026-Q2;ins_receivables_to_st_receivables;Дебиторы по страховым операциям / Краткосрочная дебиторская задолженность;относительные;ВСЕГО;ВСЕГО;0;58,81;;;55,07;;;;-3,74;;%;64;Рэнкинг страховых компаний — II квартал 2026 (snsratings.uz).txt
2026-Q2;ins_receivables_to_st_receivables;Дебиторы по страховым операциям / Краткосрочная дебиторская задолженность;относительные;O'ZBEKISTON QAYTA SUG'URTA KOMPANIYASI MQST AJ;O`ZBEKISTON QAYTA SUG`URTA KOMPANIYASI;0;0,0;;33;99,54;;1;;99,54;;%;64;Рэнкинг страховых компаний — II квартал 2026 (snsratings.uz).txt
2026-Q2;ins_receivables_to_st_receivables;Дебиторы по страховым операциям / Краткосрочная дебиторская задолженность;относительные;MOSAIC INSURANCE GROUP AJ QK;MOSAIC INSURANCE GROUP;0;98,75;;1;99,32;;2;;0,57;;%;64;Рэнкинг страховых компаний — II квартал 2026 (snsratings.uz).txt
2026-Q2;ins_receivables_to_st_receivables;Дебиторы по страховым операциям / Краткосрочная дебиторская задолженность;относительные;O'ZBEKINVEST EISK AJ;O`ZBEKINVEST;0;95,25;;3;97,21;;3;;1,96;;%;64;Рэнкинг страховых компаний — II квартал 2026 (snsratings.uz).txt
2026-Q2;ins_receivables_to_st_receivables;Дебиторы по страховым операциям / Краткосрочная дебиторская задолженность;относительные;KAFOLAT SUG'URTA KOMPANIYASI AJ;KAFOLAT SUG`URTA KOMPANIYASI;0;97,61;;2;91,46;;4;;-6,15;;%;64;Рэнкинг страховых компаний — II квартал 2026 (snsratings.uz).txt
2026-Q2;ins_receivables_to_st_receivables;Дебиторы по страховым операциям / Краткосрочная дебиторская задолженность;относительные;TEMIRYO'L SUG'URTA AJ;TEMIRYO`L SUG`URTA;0;79,62;;6;89,41;;5;;9,79;;%;64;Рэнкинг страховых компаний — II квартал 2026 (snsratings.uz).txt
2026-Q2;ins_receivables_to_st_receivables;Дебиторы по страховым операциям / Краткосрочная дебиторская задолженность;относительные;O'ZAGROSUG'URTA AJ;O`ZAGROSUG`URTA;0;92,41;;4;87,7;;6;;-4,71;;%;64;Рэнкинг страховых компаний — II квартал 2026 (snsratings.uz).txt
2026-Q2;ins_receivables_to_st_receivables;Дебиторы по страховым операциям / Краткосрочная дебиторская задолженность;относительные;APEX LIFE INSURANCE AJ;APEX LIFE INSURANCE;1;2,21;;27;86,29;;7;;84,08;;%;64;Рэнкинг страховых компаний — II квартал 2026 (snsratings.uz).txt
2026-Q2;ins_receivables_to_st_receivables;Дебиторы по страховым операциям / Краткосрочная дебиторская задолженность;относительные;GROSS SUG'URTA KOMPANIYASI AJ;GROSS SUG`URTA KOMPANIYASI;0;82,85;;5;75,23;;8;;-7,62;;%;64;Рэнкинг страховых компаний — II квартал 2026 (snsratings.uz).txt
2026-Q2;ins_receivables_to_st_receivables;Дебиторы по страховым операциям / Краткосрочная дебиторская задолженность;относительные;QUANTUM INSURANCE AJ;QUANTUM INSURANCE;0;45,73;;12;72,43;;9;;26,7;;%;64;Рэнкинг страховых компаний — II квартал 2026 (snsratings.uz).txt
2026-Q2;ins_receivables_to_st_receivables;Дебиторы по страховым операциям / Краткосрочная дебиторская задолженность;относительные;SQB INSURANCE SUG'URTA KOMPANIYASI AJ;SQB INSURANCE SUG`URTA KOMPANIYASI;0;68,52;;9;71,68;;10;;3,16;;%;64;Рэнкинг страховых компаний — II квартал 2026 (snsratings.uz).txt
2026-Q2;ins_receivables_to_st_receivables;Дебиторы по страховым операциям / Краткосрочная дебиторская задолженность;относительные;NEO INSURANCE CORP AJ;NEO INSURANCE CORP;0;71,19;;7;56,28;;11;;-14,91;;%;64;Рэнкинг страховых компаний — II квартал 2026 (snsratings.uz).txt
2026-Q2;ins_receivables_to_st_receivables;Дебиторы по страховым операциям / Краткосрочная дебиторская задолженность;относительные;KAPITAL SUG'URTA AJ;KAPITAL SUG`URTA;0;35,69;;14;42,03;;12;;6,34;;%;64;Рэнкинг страховых компаний — II квартал 2026 (snsratings.uz).txt
2026-Q2;ins_receivables_to_st_receivables;Дебиторы по страховым операциям / Краткосрочная дебиторская задолженность;относительные;ASIA INSURANCE SUG'URTA KOMPANIYASI AJ;ASIA INSURANCE SUG`URTA KOMPANIYASI;0;50,24;;11;38,62;;13;;-11,62;;%;64;Рэнкинг страховых компаний — II квартал 2026 (snsratings.uz).txt
2026-Q2;ins_receivables_to_st_receivables;Дебиторы по страховым операциям / Краткосрочная дебиторская задолженность;относительные;IMPEX-INSURANCE AJ;IMPEX-INSURANCE;0;34,29;;15;38,56;;14;;4,27;;%;64;Рэнкинг страховых компаний — II квартал 2026 (snsratings.uz).txt
2026-Q2;ins_receivables_to_st_receivables;Дебиторы по страховым операциям / Краткосрочная дебиторская задолженность;относительные;ALFA INVEST SUG'URTA KOMPANIYASI AJ;ALFA INVEST SUG`URTA KOMPANIYASI;0;9,86;;20;37,61;;15;;27,75;;%;64;Рэнкинг страховых компаний — II квартал 2026 (snsratings.uz).txt
2026-Q2;ins_receivables_to_st_receivables;Дебиторы по страховым операциям / Краткосрочная дебиторская задолженность;относительные;ALFA LIFE INSURANCE AJ;ALFA LIFE INSURANCE;1;55,47;;10;32,37;;16;;-23,1;;%;64;Рэнкинг страховых компаний — II квартал 2026 (snsratings.uz).txt
2026-Q2;ins_receivables_to_st_receivables;Дебиторы по страховым операциям / Краткосрочная дебиторская задолженность;относительные;AGROS HAYOT AJ;AGROS HAYOT SUG`URTA KOMPANIYASI;1;4,84;;22;28,58;;17;;23,74;;%;64;Рэнкинг страховых компаний — II квартал 2026 (snsratings.uz).txt
2026-Q2;ins_receivables_to_st_receivables;Дебиторы по страховым операциям / Краткосрочная дебиторская задолженность;относительные;EUROASIA INSURANCE AJ QK;EUROASIA INSURANCE;0;68,9;;8;24,44;;18;;-44,46;;%;64;Рэнкинг страховых компаний — II квартал 2026 (snsratings.uz).txt
2026-Q2;ins_receivables_to_st_receivables;Дебиторы по страховым операциям / Краткосрочная дебиторская задолженность;относительные;INSON AJ;INSON;0;24,72;;17;23,86;;19;;-0,86;;%;64;Рэнкинг страховых компаний — II квартал 2026 (snsratings.uz).txt
2026-Q2;ins_receivables_to_st_receivables;Дебиторы по страховым операциям / Краткосрочная дебиторская задолженность;относительные;KAFIL SUG'URTA AJ;KAFIL-SUG`URTA;0;40,2;;13;20,19;;20;;-20,01;;%;64;Рэнкинг страховых компаний — II квартал 2026 (snsratings.uz).txt
2026-Q2;ins_receivables_to_st_receivables;Дебиторы по страховым операциям / Краткосрочная дебиторская задолженность;относительные;INFINITY INSURANCE AJ;INFINITY INSURANCE;0;15,74;;19;18,06;;21;;2,32;;%;64;Рэнкинг страховых компаний — II квартал 2026 (snsratings.uz).txt
2026-Q2;ins_receivables_to_st_receivables;Дебиторы по страховым операциям / Краткосрочная дебиторская задолженность;относительные;TRUST-INSURANCE AJ;TRUST-INSURANCE;0;3,68;;25;12,13;;22;;8,45;;%;64;Рэнкинг страховых компаний — II квартал 2026 (snsratings.uz).txt
2026-Q2;ins_receivables_to_st_receivables;Дебиторы по страховым операциям / Краткосрочная дебиторская задолженность;относительные;MY-INSURANCE AJ;MY-INSURANCE;0;2,95;;26;6,16;;23;;3,21;;%;64;Рэнкинг страховых компаний — II квартал 2026 (snsratings.uz).txt
2026-Q2;ins_receivables_to_st_receivables;Дебиторы по страховым операциям / Краткосрочная дебиторская задолженность;относительные;PRESTIGE INSURANCE AJ;PRESTIGE INSURANCE;1;0,0;;33;5,26;;24;;5,26;;%;64;Рэнкинг страховых компаний — II квартал 2026 (snsratings.uz).txt
2026-Q2;ins_receivables_to_st_receivables;Дебиторы по страховым операциям / Краткосрочная дебиторская задолженность;относительные;SEMURG SUG'URTA AJ QK;SEMURG INSURANCE;0;29,75;;16;2,86;;25;;-26,89;;%;64;Рэнкинг страховых компаний — II квартал 2026 (snsratings.uz).txt
2026-Q2;ins_receivables_to_st_receivables;Дебиторы по страховым операциям / Краткосрочная дебиторская задолженность;относительные;APEX INSURANCE AJ;APEX INSURANCE;0;19,41;;18;2,27;;26;;-17,14;;%;64;Рэнкинг страховых компаний — II квартал 2026 (snsratings.uz).txt
2026-Q2;ins_receivables_to_st_receivables;Дебиторы по страховым операциям / Краткосрочная дебиторская задолженность;относительные;XALQ SUG'URTA AJ;XALQ SUG`URTA;0;6,06;;21;1,93;;27;;-4,13;;%;64;Рэнкинг страховых компаний — II квартал 2026 (snsratings.uz).txt
2026-Q2;ins_receivables_to_st_receivables;Дебиторы по страховым операциям / Краткосрочная дебиторская задолженность;относительные;ISHONCH SUG'URTA KOMPANIYASI AJ;ISHONCH SUG`URTA KOMPANIYASI;0;1,84;;28;0,68;;28;;-1,16;;%;64;Рэнкинг страховых компаний — II квартал 2026 (snsratings.uz).txt
2026-Q2;ins_receivables_to_st_receivables;Дебиторы по страховым операциям / Краткосрочная дебиторская задолженность;относительные;IMKON SUG'URTA AJ;IMKON-SUG`URTA;0;0,12;;32;0,67;;29;;0,55;;%;64;Рэнкинг страховых компаний — II квартал 2026 (snsratings.uz).txt
2026-Q2;ins_receivables_to_st_receivables;Дебиторы по страховым операциям / Краткосрочная дебиторская задолженность;относительные;KAFOLAT HAYOT INSURANCE AJ;KAFOLAT HAYOT INSURANCE;1;0,0;;33;0,39;;30;;0,39;;%;64;Рэнкинг страховых компаний — II квартал 2026 (snsratings.uz).txt
2026-Q2;ins_receivables_to_st_receivables;Дебиторы по страховым операциям / Краткосрочная дебиторская задолженность;относительные;TBC SUG'URTA AJ;TBC SUG`URTA;1;0,75;;29;0,0;;32;;-0,75;;%;64;Рэнкинг страховых компаний — II квартал 2026 (snsratings.uz).txt
2026-Q2;ins_receivables_to_st_receivables;Дебиторы по страховым операциям / Краткосрочная дебиторская задолженность;относительные;O'ZBEKINVEST HAYOT SUG'URTA KOMPANIYASI AJ;O`ZBEKINVEST HAYOT SUG`URTA KOMPANIYASI;1;0,29;;31;0,0;;32;;-0,29;;%;64;Рэнкинг страховых компаний — II квартал 2026 (snsratings.uz).txt
2026-Q2;ins_receivables_to_st_receivables;Дебиторы по страховым операциям / Краткосрочная дебиторская задолженность;относительные;ARIA SUG'URTA TASHKILOTI AJ;ARIA SUG`URTA TASHKILOTI;0;4,79;;23;0,02;;31;;-4,77;;%;64;Рэнкинг страховых компаний — II квартал 2026 (snsratings.uz).txt
2026-Q2;ins_receivables_to_st_receivables;Дебиторы по страховым операциям / Краткосрочная дебиторская задолженность;относительные;HAMKOR SUG'URTA AJ;HAMKOR SUG`URTA;0;4,17;;24;0,0;;32;;-4,17;;%;64;Рэнкинг страховых компаний — II квартал 2026 (snsratings.uz).txt
2026-Q2;ins_receivables_to_st_receivables;Дебиторы по страховым операциям / Краткосрочная дебиторская задолженность;относительные;GLOBAL INSURANCE GROUP AJ;GLOBAL INSURANCE GROUP;0;0,0;;33;0,0;;32;;0,0;;%;64;Рэнкинг страховых компаний — II квартал 2026 (snsratings.uz).txt
2026-Q2;ins_receivables_to_st_receivables;Дебиторы по страховым операциям / Краткосрочная дебиторская задолженность;относительные;ALSKOM AJ;ALSKOM SUG`URTA KOMPANIYASI;0;0,44;;30;0,0;;32;;-0,44;;%;64;Рэнкинг страховых компаний — II квартал 2026 (snsratings.uz).txt
2026-Q2;cash_to_assets;Денежные средства / Всего активы;относительные;ВСЕГО;ВСЕГО;0;5,72;;;5,52;;;;-0,2;;%;65;Рэнкинг страховых компаний — II квартал 2026 (snsratings.uz).txt
2026-Q2;cash_to_assets;Денежные средства / Всего активы;относительные;MOSAIC INSURANCE GROUP AJ QK;MOSAIC INSURANCE GROUP;0;23,73;;2;36,09;;1;;12,36;;%;65;Рэнкинг страховых компаний — II квартал 2026 (snsratings.uz).txt
2026-Q2;cash_to_assets;Денежные средства / Всего активы;относительные;O'ZBEKISTON QAYTA SUG'URTA KOMPANIYASI MQST AJ;O`ZBEKISTON QAYTA SUG`URTA KOMPANIYASI;0;0,0;;35;27,63;;2;;27,63;;%;65;Рэнкинг страховых компаний — II квартал 2026 (snsratings.uz).txt
2026-Q2;cash_to_assets;Денежные средства / Всего активы;относительные;KAPITAL SUG'URTA AJ;KAPITAL SUG`URTA;0;26,04;;1;19,66;;3;;-6,38;;%;65;Рэнкинг страховых компаний — II квартал 2026 (snsratings.uz).txt
2026-Q2;cash_to_assets;Денежные средства / Всего активы;относительные;APEX LIFE INSURANCE AJ;APEX LIFE INSURANCE;1;2,77;;14;18,98;;4;;16,21;;%;65;Рэнкинг страховых компаний — II квартал 2026 (snsratings.uz).txt
2026-Q2;cash_to_assets;Денежные средства / Всего активы;относительные;GROSS SUG'URTA KOMPANIYASI AJ;GROSS SUG`URTA KOMPANIYASI;0;5,95;;8;9,71;;5;;3,76;;%;65;Рэнкинг страховых компаний — II квартал 2026 (snsratings.uz).txt
2026-Q2;cash_to_assets;Денежные средства / Всего активы;относительные;INSON AJ;INSON;0;1,13;;25;7,91;;6;;6,78;;%;65;Рэнкинг страховых компаний — II квартал 2026 (snsratings.uz).txt
2026-Q2;cash_to_assets;Денежные средства / Всего активы;относительные;SEMURG SUG'URTA AJ QK;SEMURG INSURANCE;0;6,9;;7;7,14;;7;;0,24;;%;65;Рэнкинг страховых компаний — II квартал 2026 (snsratings.uz).txt
2026-Q2;cash_to_assets;Денежные средства / Всего активы;относительные;APEX INSURANCE AJ;APEX INSURANCE;0;9,72;;4;5,51;;8;;-4,21;;%;65;Рэнкинг страховых компаний — II квартал 2026 (snsratings.uz).txt
2026-Q2;cash_to_assets;Денежные средства / Всего активы;относительные;ALFA INVEST SUG'URTA KOMPANIYASI AJ;ALFA INVEST SUG`URTA KOMPANIYASI;0;1,49;;21;3,71;;9;;2,22;;%;65;Рэнкинг страховых компаний — II квартал 2026 (snsratings.uz).txt
2026-Q2;cash_to_assets;Денежные средства / Всего активы;относительные;KAFOLAT SUG'URTA KOMPANIYASI AJ;KAFOLAT SUG`URTA KOMPANIYASI;0;4,25;;12;3,61;;10;;-0,64;;%;65;Рэнкинг страховых компаний — II квартал 2026 (snsratings.uz).txt
2026-Q2;cash_to_assets;Денежные средства / Всего активы;относительные;HAMKOR SUG'URTA AJ;HAMKOR SUG`URTA;0;1,7;;18;3,45;;11;;1,75;;%;65;Рэнкинг страховых компаний — II квартал 2026 (snsratings.uz).txt
2026-Q2;cash_to_assets;Денежные средства / Всего активы;относительные;ALSKOM AJ;ALSKOM SUG`URTA KOMPANIYASI;0;7,25;;5;3,18;;12;;-4,07;;%;65;Рэнкинг страховых компаний — II квартал 2026 (snsratings.uz).txt
2026-Q2;cash_to_assets;Денежные средства / Всего активы;относительные;TRUST-INSURANCE AJ;TRUST-INSURANCE;0;0,8;;28;3,13;;13;;2,33;;%;65;Рэнкинг страховых компаний — II квартал 2026 (snsratings.uz).txt
2026-Q2;cash_to_assets;Денежные средства / Всего активы;относительные;TEMIRYO'L SUG'URTA AJ;TEMIRYO`L SUG`URTA;0;4,04;;13;3,05;;14;;-0,99;;%;65;Рэнкинг страховых компаний — II квартал 2026 (snsratings.uz).txt
2026-Q2;cash_to_assets;Денежные средства / Всего активы;относительные;O'ZBEKINVEST EISK AJ;O`ZBEKINVEST;0;2,3;;15;3,05;;15;;0,75;;%;65;Рэнкинг страховых компаний — II квартал 2026 (snsratings.uz).txt
2026-Q2;cash_to_assets;Денежные средства / Всего активы;относительные;PRESTIGE INSURANCE AJ;PRESTIGE INSURANCE;1;0,0;;35;2,94;;16;;2,94;;%;65;Рэнкинг страховых компаний — II квартал 2026 (snsratings.uz).txt
2026-Q2;cash_to_assets;Денежные средства / Всего активы;относительные;EUROASIA INSURANCE AJ QK;EUROASIA INSURANCE;0;0,65;;30;2,79;;17;;2,14;;%;65;Рэнкинг страховых компаний — II квартал 2026 (snsratings.uz).txt
2026-Q2;cash_to_assets;Денежные средства / Всего активы;относительные;KAFIL SUG'URTA AJ;KAFIL-SUG`URTA;0;4,75;;11;2,67;;18;;-2,08;;%;65;Рэнкинг страховых компаний — II квартал 2026 (snsratings.uz).txt
2026-Q2;cash_to_assets;Денежные средства / Всего активы;относительные;ARIA SUG'URTA TASHKILOTI AJ;ARIA SUG`URTA TASHKILOTI;0;12,15;;3;2,39;;19;;-9,76;;%;65;Рэнкинг страховых компаний — II квартал 2026 (snsratings.uz).txt
2026-Q2;cash_to_assets;Денежные средства / Всего активы;относительные;TBC SUG'URTA AJ;TBC SUG`URTA;1;2,22;;16;2,28;;20;;0,06;;%;65;Рэнкинг страховых компаний — II квартал 2026 (snsratings.uz).txt
2026-Q2;cash_to_assets;Денежные средства / Всего активы;относительные;SQB INSURANCE SUG'URTA KOMPANIYASI AJ;SQB INSURANCE SUG`URTA KOMPANIYASI;0;1,51;;20;2,22;;21;;0,71;;%;65;Рэнкинг страховых компаний — II квартал 2026 (snsratings.uz).txt
2026-Q2;cash_to_assets;Денежные средства / Всего активы;относительные;NEO INSURANCE CORP AJ;NEO INSURANCE CORP;0;1,79;;17;1,63;;22;;-0,16;;%;65;Рэнкинг страховых компаний — II квартал 2026 (snsratings.uz).txt
2026-Q2;cash_to_assets;Денежные средства / Всего активы;относительные;MY-INSURANCE AJ;MY-INSURANCE;0;7,07;;6;1,35;;23;;-5,72;;%;65;Рэнкинг страховых компаний — II квартал 2026 (snsratings.uz).txt
2026-Q2;cash_to_assets;Денежные средства / Всего активы;относительные;QUANTUM INSURANCE AJ;QUANTUM INSURANCE;0;1,58;;19;1,33;;24;;-0,25;;%;65;Рэнкинг страховых компаний — II квартал 2026 (snsratings.uz).txt
2026-Q2;cash_to_assets;Денежные средства / Всего активы;относительные;IMPEX-INSURANCE AJ;IMPEX-INSURANCE;0;1,41;;22;1,32;;25;;-0,09;;%;65;Рэнкинг страховых компаний — II квартал 2026 (snsratings.uz).txt
2026-Q2;cash_to_assets;Денежные средства / Всего активы;относительные;ALFA LIFE INSURANCE AJ;ALFA LIFE INSURANCE;1;1,22;;23;1,06;;26;;-0,16;;%;65;Рэнкинг страховых компаний — II квартал 2026 (snsratings.uz).txt
2026-Q2;cash_to_assets;Денежные средства / Всего активы;относительные;INFINITY INSURANCE AJ;INFINITY INSURANCE;0;1,2;;24;1,02;;27;;-0,18;;%;65;Рэнкинг страховых компаний — II квартал 2026 (snsratings.uz).txt
2026-Q2;cash_to_assets;Денежные средства / Всего активы;относительные;O'ZBEKINVEST HAYOT SUG'URTA KOMPANIYASI AJ;O`ZBEKINVEST HAYOT SUG`URTA KOMPANIYASI;1;0,71;;29;0,79;;29;;0,08;;%;65;Рэнкинг страховых компаний — II квартал 2026 (snsratings.uz).txt
2026-Q2;cash_to_assets;Денежные средства / Всего активы;относительные;ASIA INSURANCE SUG'URTA KOMPANIYASI AJ;ASIA INSURANCE SUG`URTA KOMPANIYASI;0;5,5;;9;0,8;;28;;-4,7;;%;65;Рэнкинг страховых компаний — II квартал 2026 (snsratings.uz).txt
2026-Q2;cash_to_assets;Денежные средства / Всего активы;относительные;ISHONCH SUG'URTA KOMPANIYASI AJ;ISHONCH SUG`URTA KOMPANIYASI;0;0,86;;26;0,77;;30;;-0,09;;%;65;Рэнкинг страховых компаний — II квартал 2026 (snsratings.uz).txt
2026-Q2;cash_to_assets;Денежные средства / Всего активы;относительные;KAFOLAT HAYOT INSURANCE AJ;KAFOLAT HAYOT INSURANCE;1;0,51;;33;0,69;;31;;0,18;;%;65;Рэнкинг страховых компаний — II квартал 2026 (snsratings.uz).txt
2026-Q2;cash_to_assets;Денежные средства / Всего активы;относительные;O'ZAGROSUG'URTA AJ;O`ZAGROSUG`URTA;0;0,81;;27;0,64;;32;;-0,17;;%;65;Рэнкинг страховых компаний — II квартал 2026 (snsratings.uz).txt
2026-Q2;cash_to_assets;Денежные средства / Всего активы;относительные;XALQ SUG'URTA AJ;XALQ SUG`URTA;0;0,54;;32;0,57;;33;;0,03;;%;65;Рэнкинг страховых компаний — II квартал 2026 (snsratings.uz).txt
2026-Q2;cash_to_assets;Денежные средства / Всего активы;относительные;IMKON SUG'URTA AJ;IMKON-SUG`URTA;0;0,59;;31;0,47;;34;;-0,12;;%;65;Рэнкинг страховых компаний — II квартал 2026 (snsratings.uz).txt
2026-Q2;cash_to_assets;Денежные средства / Всего активы;относительные;AGROS HAYOT AJ;AGROS HAYOT SUG`URTA KOMPANIYASI;1;0,08;;34;0,21;;35;;0,13;;%;65;Рэнкинг страховых компаний — II квартал 2026 (snsratings.uz).txt
2026-Q2;cash_to_assets;Денежные средства / Всего активы;относительные;GLOBAL INSURANCE GROUP AJ;GLOBAL INSURANCE GROUP;0;5,33;;10;0,0;;36;;-5,33;;%;65;Рэнкинг страховых компаний — II квартал 2026 (snsratings.uz).txt
2026-Q2;capital_to_assets;Совокупный капитал / Всего активы;относительные;ВСЕГО;ВСЕГО;0;33,29;;;35,41;;;;2,12;;%;66;Рэнкинг страховых компаний — II квартал 2026 (snsratings.uz).txt
2026-Q2;capital_to_assets;Совокупный капитал / Всего активы;относительные;AGROS HAYOT AJ;AGROS HAYOT SUG`URTA KOMPANIYASI;1;69,3;;1;75,98;;1;;6,68;;%;66;Рэнкинг страховых компаний — II квартал 2026 (snsratings.uz).txt
2026-Q2;capital_to_assets;Совокупный капитал / Всего активы;относительные;O'ZBEKINVEST HAYOT SUG'URTA KOMPANIYASI AJ;O`ZBEKINVEST HAYOT SUG`URTA KOMPANIYASI;1;55,26;;5;67,98;;2;;12,72;;%;66;Рэнкинг страховых компаний — II квартал 2026 (snsratings.uz).txt
2026-Q2;capital_to_assets;Совокупный капитал / Всего активы;относительные;O'ZBEKISTON QAYTA SUG'URTA KOMPANIYASI MQST AJ;O`ZBEKISTON QAYTA SUG`URTA KOMPANIYASI;0;0,0;;35;66,46;;3;;66,46;;%;66;Рэнкинг страховых компаний — II квартал 2026 (snsratings.uz).txt
2026-Q2;capital_to_assets;Совокупный капитал / Всего активы;относительные;HAMKOR SUG'URTA AJ;HAMKOR SUG`URTA;0;48,81;;11;61,09;;4;;12,28;;%;66;Рэнкинг страховых компаний — II квартал 2026 (snsratings.uz).txt
2026-Q2;capital_to_assets;Совокупный капитал / Всего активы;относительные;MOSAIC INSURANCE GROUP AJ QK;MOSAIC INSURANCE GROUP;0;50,77;;7;60,2;;5;;9,43;;%;66;Рэнкинг страховых компаний — II квартал 2026 (snsratings.uz).txt
2026-Q2;capital_to_assets;Совокупный капитал / Всего активы;относительные;EUROASIA INSURANCE AJ QK;EUROASIA INSURANCE;0;34,19;;22;59,65;;6;;25,46;;%;66;Рэнкинг страховых компаний — II квартал 2026 (snsratings.uz).txt
2026-Q2;capital_to_assets;Совокупный капитал / Всего активы;относительные;TBC SUG'URTA AJ;TBC SUG`URTA;1;51,9;;6;55,97;;7;;4,07;;%;66;Рэнкинг страховых компаний — II квартал 2026 (snsratings.uz).txt
2026-Q2;capital_to_assets;Совокупный капитал / Всего активы;относительные;ALFA LIFE INSURANCE AJ;ALFA LIFE INSURANCE;1;58,03;;2;54,02;;8;;-4,01;;%;66;Рэнкинг страховых компаний — II квартал 2026 (snsratings.uz).txt
2026-Q2;capital_to_assets;Совокупный капитал / Всего активы;относительные;SEMURG SUG'URTA AJ QK;SEMURG INSURANCE;0;37,93;;17;50,95;;9;;13,02;;%;66;Рэнкинг страховых компаний — II квартал 2026 (snsratings.uz).txt
2026-Q2;capital_to_assets;Совокупный капитал / Всего активы;относительные;KAFOLAT HAYOT INSURANCE AJ;KAFOLAT HAYOT INSURANCE;1;48,98;;10;48,11;;10;;-0,87;;%;66;Рэнкинг страховых компаний — II квартал 2026 (snsratings.uz).txt
2026-Q2;capital_to_assets;Совокупный капитал / Всего активы;относительные;QUANTUM INSURANCE AJ;QUANTUM INSURANCE;0;56,04;;4;47,24;;11;;-8,8;;%;66;Рэнкинг страховых компаний — II квартал 2026 (snsratings.uz).txt
2026-Q2;capital_to_assets;Совокупный капитал / Всего активы;относительные;NEO INSURANCE CORP AJ;NEO INSURANCE CORP;0;49,7;;9;46,64;;12;;-3,06;;%;66;Рэнкинг страховых компаний — II квартал 2026 (snsratings.uz).txt
2026-Q2;capital_to_assets;Совокупный капитал / Всего активы;относительные;O'ZAGROSUG'URTA AJ;O`ZAGROSUG`URTA;0;33,86;;23;44,4;;13;;10,54;;%;66;Рэнкинг страховых компаний — II квартал 2026 (snsratings.uz).txt
2026-Q2;capital_to_assets;Совокупный капитал / Всего активы;относительные;INFINITY INSURANCE AJ;INFINITY INSURANCE;0;50,66;;8;40,47;;14;;-10,19;;%;66;Рэнкинг страховых компаний — II квартал 2026 (snsratings.uz).txt
2026-Q2;capital_to_assets;Совокупный капитал / Всего активы;относительные;IMKON SUG'URTA AJ;IMKON-SUG`URTA;0;28,45;;29;39,81;;15;;11,36;;%;66;Рэнкинг страховых компаний — II квартал 2026 (snsratings.uz).txt
2026-Q2;capital_to_assets;Совокупный капитал / Всего активы;относительные;ARIA SUG'URTA TASHKILOTI AJ;ARIA SUG`URTA TASHKILOTI;0;38,98;;16;39,34;;16;;0,36;;%;66;Рэнкинг страховых компаний — II квартал 2026 (snsratings.uz).txt
2026-Q2;capital_to_assets;Совокупный капитал / Всего активы;относительные;TEMIRYO'L SUG'URTA AJ;TEMIRYO`L SUG`URTA;0;40,72;;14;38,45;;17;;-2,27;;%;66;Рэнкинг страховых компаний — II квартал 2026 (snsratings.uz).txt
2026-Q2;capital_to_assets;Совокупный капитал / Всего активы;относительные;IMPEX-INSURANCE AJ;IMPEX-INSURANCE;0;45,96;;12;38,28;;18;;-7,68;;%;66;Рэнкинг страховых компаний — II квартал 2026 (snsratings.uz).txt
2026-Q2;capital_to_assets;Совокупный капитал / Всего активы;относительные;APEX LIFE INSURANCE AJ;APEX LIFE INSURANCE;1;56,07;;3;37,89;;19;;-18,18;;%;66;Рэнкинг страховых компаний — II квартал 2026 (snsratings.uz).txt
2026-Q2;capital_to_assets;Совокупный капитал / Всего активы;относительные;KAFIL SUG'URTA AJ;KAFIL-SUG`URTA;0;33,31;;25;36,31;;20;;3,0;;%;66;Рэнкинг страховых компаний — II квартал 2026 (snsratings.uz).txt
2026-Q2;capital_to_assets;Совокупный капитал / Всего активы;относительные;KAFOLAT SUG'URTA KOMPANIYASI AJ;KAFOLAT SUG`URTA KOMPANIYASI;0;36,07;;19;35,99;;21;;-0,08;;%;66;Рэнкинг страховых компаний — II квартал 2026 (snsratings.uz).txt
2026-Q2;capital_to_assets;Совокупный капитал / Всего активы;относительные;XALQ SUG'URTA AJ;XALQ SUG`URTA;0;34,33;;21;35,65;;22;;1,32;;%;66;Рэнкинг страховых компаний — II квартал 2026 (snsratings.uz).txt
2026-Q2;capital_to_assets;Совокупный капитал / Всего активы;относительные;TRUST-INSURANCE AJ;TRUST-INSURANCE;0;40,89;;13;35,6;;23;;-5,29;;%;66;Рэнкинг страховых компаний — II квартал 2026 (snsratings.uz).txt
2026-Q2;capital_to_assets;Совокупный капитал / Всего активы;относительные;INSON AJ;INSON;0;33,41;;24;34,91;;24;;1,5;;%;66;Рэнкинг страховых компаний — II квартал 2026 (snsratings.uz).txt
2026-Q2;capital_to_assets;Совокупный капитал / Всего активы;относительные;O'ZBEKINVEST EISK AJ;O`ZBEKINVEST;0;36,99;;18;33,27;;25;;-3,72;;%;66;Рэнкинг страховых компаний — II квартал 2026 (snsratings.uz).txt
2026-Q2;capital_to_assets;Совокупный капитал / Всего активы;относительные;ISHONCH SUG'URTA KOMPANIYASI AJ;ISHONCH SUG`URTA KOMPANIYASI;0;34,47;;20;32,97;;26;;-1,5;;%;66;Рэнкинг страховых компаний — II квартал 2026 (snsratings.uz).txt
2026-Q2;capital_to_assets;Совокупный капитал / Всего активы;относительные;ASIA INSURANCE SUG'URTA KOMPANIYASI AJ;ASIA INSURANCE SUG`URTA KOMPANIYASI;0;32,22;;26;32,86;;27;;0,64;;%;66;Рэнкинг страховых компаний — II квартал 2026 (snsratings.uz).txt
2026-Q2;capital_to_assets;Совокупный капитал / Всего активы;относительные;APEX INSURANCE AJ;APEX INSURANCE;0;28,24;;30;30,42;;28;;2,18;;%;66;Рэнкинг страховых компаний — II квартал 2026 (snsratings.uz).txt
2026-Q2;capital_to_assets;Совокупный капитал / Всего активы;относительные;SQB INSURANCE SUG'URTA KOMPANIYASI AJ;SQB INSURANCE SUG`URTA KOMPANIYASI;0;28,85;;28;27,58;;29;;-1,27;;%;66;Рэнкинг страховых компаний — II квартал 2026 (snsratings.uz).txt
2026-Q2;capital_to_assets;Совокупный капитал / Всего активы;относительные;KAPITAL SUG'URTA AJ;KAPITAL SUG`URTA;0;22,98;;31;26,98;;30;;4,0;;%;66;Рэнкинг страховых компаний — II квартал 2026 (snsratings.uz).txt
2026-Q2;capital_to_assets;Совокупный капитал / Всего активы;относительные;PRESTIGE INSURANCE AJ;PRESTIGE INSURANCE;1;0,0;;35;26,77;;31;;26,77;;%;66;Рэнкинг страховых компаний — II квартал 2026 (snsratings.uz).txt
2026-Q2;capital_to_assets;Совокупный капитал / Всего активы;относительные;ALSKOM AJ;ALSKOM SUG`URTA KOMPANIYASI;0;29,76;;27;26,2;;32;;-3,56;;%;66;Рэнкинг страховых компаний — II квартал 2026 (snsratings.uz).txt
2026-Q2;capital_to_assets;Совокупный капитал / Всего активы;относительные;GROSS SUG'URTA KOMPANIYASI AJ;GROSS SUG`URTA KOMPANIYASI;0;20,81;;33;25,67;;33;;4,86;;%;66;Рэнкинг страховых компаний — II квартал 2026 (snsratings.uz).txt
2026-Q2;capital_to_assets;Совокупный капитал / Всего активы;относительные;ALFA INVEST SUG'URTA KOMPANIYASI AJ;ALFA INVEST SUG`URTA KOMPANIYASI;0;17,44;;34;23,26;;34;;5,82;;%;66;Рэнкинг страховых компаний — II квартал 2026 (snsratings.uz).txt
2026-Q2;capital_to_assets;Совокупный капитал / Всего активы;относительные;MY-INSURANCE AJ;MY-INSURANCE;0;21,12;;32;23,05;;35;;1,93;;%;66;Рэнкинг страховых компаний — II квартал 2026 (snsratings.uz).txt
2026-Q2;capital_to_assets;Совокупный капитал / Всего активы;относительные;GLOBAL INSURANCE GROUP AJ;GLOBAL INSURANCE GROUP;0;39,2;;15;0,0;;36;;-39,2;;%;66;Рэнкинг страховых компаний — II квартал 2026 (snsratings.uz).txt
2026-Q2;share_capital_to_capital;Акционерный капитал / Совокупный капитал;относительные;ВСЕГО;ВСЕГО;0;73,15;;;71,37;;;;-1,78;;%;67;Рэнкинг страховых компаний — II квартал 2026 (snsratings.uz).txt
2026-Q2;share_capital_to_capital;Акционерный капитал / Совокупный капитал;относительные;IMKON SUG'URTA AJ;IMKON-SUG`URTA;0;79,84;;7;71,04;;1;;-8,8;;%;67;Рэнкинг страховых компаний — II квартал 2026 (snsratings.uz).txt
2026-Q2;share_capital_to_capital;Акционерный капитал / Совокупный капитал;относительные;ALFA INVEST SUG'URTA KOMPANIYASI AJ;ALFA INVEST SUG`URTA KOMPANIYASI;0;73,34;;1;70,71;;2;;-2,63;;%;67;Рэнкинг страховых компаний — II квартал 2026 (snsratings.uz).txt
2026-Q2;share_capital_to_capital;Акционерный капитал / Совокупный капитал;относительные;O'ZAGROSUG'URTA AJ;O`ZAGROSUG`URTA;0;78,94;;6;73,79;;3;;-5,15;;%;67;Рэнкинг страховых компаний — II квартал 2026 (snsratings.uz).txt
2026-Q2;share_capital_to_capital;Акционерный капитал / Совокупный капитал;относительные;TEMIRYO'L SUG'URTA AJ;TEMIRYO`L SUG`URTA;0;71,58;;3;65,99;;4;;-5,59;;%;67;Рэнкинг страховых компаний — II квартал 2026 (snsratings.uz).txt
2026-Q2;share_capital_to_capital;Акционерный капитал / Совокупный капитал;относительные;KAPITAL SUG'URTA AJ;KAPITAL SUG`URTA;0;52,69;;22;65,61;;5;;12,92;;%;67;Рэнкинг страховых компаний — II квартал 2026 (snsratings.uz).txt
2026-Q2;share_capital_to_capital;Акционерный капитал / Совокупный капитал;относительные;MOSAIC INSURANCE GROUP AJ QK;MOSAIC INSURANCE GROUP;0;73,8;;2;63,98;;6;;-9,82;;%;67;Рэнкинг страховых компаний — II квартал 2026 (snsratings.uz).txt
2026-Q2;share_capital_to_capital;Акционерный капитал / Совокупный капитал;относительные;KAFOLAT SUG'URTA KOMPANIYASI AJ;KAFOLAT SUG`URTA KOMPANIYASI;0;86,67;;14;79,04;;7;;-7,63;;%;67;Рэнкинг страховых компаний — II квартал 2026 (snsratings.uz).txt
2026-Q2;share_capital_to_capital;Акционерный капитал / Совокупный капитал;относительные;XALQ SUG'URTA AJ;XALQ SUG`URTA;0;89,05;;19;80,57;;8;;-8,48;;%;67;Рэнкинг страховых компаний — II квартал 2026 (snsratings.uz).txt
2026-Q2;share_capital_to_capital;Акционерный капитал / Совокупный капитал;относительные;ARIA SUG'URTA TASHKILOTI AJ;ARIA SUG`URTA TASHKILOTI;0;87,83;;16;82,02;;9;;-5,81;;%;67;Рэнкинг страховых компаний — II квартал 2026 (snsratings.uz).txt
2026-Q2;share_capital_to_capital;Акционерный капитал / Совокупный капитал;относительные;APEX INSURANCE AJ;APEX INSURANCE;0;78,61;;5;82,2;;10;;3,59;;%;67;Рэнкинг страховых компаний — II квартал 2026 (snsratings.uz).txt
2026-Q2;share_capital_to_capital;Акционерный капитал / Совокупный капитал;относительные;ASIA INSURANCE SUG'URTA KOMPANIYASI AJ;ASIA INSURANCE SUG`URTA KOMPANIYASI;0;109,55;;29;60,53;;11;;-49,02;;%;67;Рэнкинг страховых компаний — II квартал 2026 (snsratings.uz).txt
2026-Q2;share_capital_to_capital;Акционерный капитал / Совокупный капитал;относительные;KAFIL SUG'URTA AJ;KAFIL-SUG`URTA;0;83,58;;11;82,31;;12;;-1,27;;%;67;Рэнкинг страховых компаний — II квартал 2026 (snsratings.uz).txt
2026-Q2;share_capital_to_capital;Акционерный капитал / Совокупный капитал;относительные;IMPEX-INSURANCE AJ;IMPEX-INSURANCE;0;80,96;;9;83,02;;13;;2,06;;%;67;Рэнкинг страховых компаний — II квартал 2026 (snsratings.uz).txt
2026-Q2;share_capital_to_capital;Акционерный капитал / Совокупный капитал;относительные;GROSS SUG'URTA KOMPANIYASI AJ;GROSS SUG`URTA KOMPANIYASI;0;80,06;;8;84,65;;14;;4,59;;%;67;Рэнкинг страховых компаний — II квартал 2026 (snsratings.uz).txt
2026-Q2;share_capital_to_capital;Акционерный капитал / Совокупный капитал;относительные;ALSKOM AJ;ALSKOM SUG`URTA KOMPANIYASI;0;53,73;;21;84,75;;15;;31,02;;%;67;Рэнкинг страховых компаний — II квартал 2026 (snsratings.uz).txt
2026-Q2;share_capital_to_capital;Акционерный капитал / Совокупный капитал;относительные;NEO INSURANCE CORP AJ;NEO INSURANCE CORP;0;112,64;;31;84,85;;16;;-27,79;;%;67;Рэнкинг страховых компаний — II квартал 2026 (snsratings.uz).txt
2026-Q2;share_capital_to_capital;Акционерный капитал / Совокупный капитал;относительные;SQB INSURANCE SUG'URTA KOMPANIYASI AJ;SQB INSURANCE SUG`URTA KOMPANIYASI;0;83,8;;12;85,66;;17;;1,86;;%;67;Рэнкинг страховых компаний — II квартал 2026 (snsratings.uz).txt
2026-Q2;share_capital_to_capital;Акционерный капитал / Совокупный капитал;относительные;ISHONCH SUG'URTA KOMPANIYASI AJ;ISHONCH SUG`URTA KOMPANIYASI;0;89,03;;18;87,65;;18;;-1,38;;%;67;Рэнкинг страховых компаний — II квартал 2026 (snsratings.uz).txt
2026-Q2;share_capital_to_capital;Акционерный капитал / Совокупный капитал;относительные;HAMKOR SUG'URTA AJ;HAMKOR SUG`URTA;0;58,05;;17;54,59;;19;;-3,46;;%;67;Рэнкинг страховых компаний — II квартал 2026 (snsratings.uz).txt
2026-Q2;share_capital_to_capital;Акционерный капитал / Совокупный капитал;относительные;O'ZBEKINVEST HAYOT SUG'URTA KOMPANIYASI AJ;O`ZBEKINVEST HAYOT SUG`URTA KOMPANIYASI;1;95,31;;25;88,67;;20;;-6,64;;%;67;Рэнкинг страховых компаний — II квартал 2026 (snsratings.uz).txt
2026-Q2;share_capital_to_capital;Акционерный капитал / Совокупный капитал;относительные;QUANTUM INSURANCE AJ;QUANTUM INSURANCE;0;85,78;;13;89,84;;21;;4,06;;%;67;Рэнкинг страховых компаний — II квартал 2026 (snsratings.uz).txt
2026-Q2;share_capital_to_capital;Акционерный капитал / Совокупный капитал;относительные;INSON AJ;INSON;0;94,95;;24;90,04;;22;;-4,91;;%;67;Рэнкинг страховых компаний — II квартал 2026 (snsratings.uz).txt
2026-Q2;share_capital_to_capital;Акционерный капитал / Совокупный капитал;относительные;ALFA LIFE INSURANCE AJ;ALFA LIFE INSURANCE;1;89,53;;20;90,08;;23;;0,55;;%;67;Рэнкинг страховых компаний — II квартал 2026 (snsratings.uz).txt
2026-Q2;share_capital_to_capital;Акционерный капитал / Совокупный капитал;относительные;O'ZBEKISTON QAYTA SUG'URTA KOMPANIYASI MQST AJ;O`ZBEKISTON QAYTA SUG`URTA KOMPANIYASI;0;0,0;;33;91,44;;24;;91,44;;%;67;Рэнкинг страховых компаний — II квартал 2026 (snsratings.uz).txt
2026-Q2;share_capital_to_capital;Акционерный капитал / Совокупный капитал;относительные;MY-INSURANCE AJ;MY-INSURANCE;0;58,94;;15;48,75;;25;;-10,19;;%;67;Рэнкинг страховых компаний — II квартал 2026 (snsratings.uz).txt
2026-Q2;share_capital_to_capital;Акционерный капитал / Совокупный капитал;относительные;INFINITY INSURANCE AJ;INFINITY INSURANCE;0;94,42;;23;96,07;;26;;1,65;;%;67;Рэнкинг страховых компаний — II квартал 2026 (snsratings.uz).txt
2026-Q2;share_capital_to_capital;Акционерный капитал / Совокупный капитал;относительные;EUROASIA INSURANCE AJ QK;EUROASIA INSURANCE;0;76,09;;4;45,58;;27;;-30,51;;%;67;Рэнкинг страховых компаний — II квартал 2026 (snsratings.uz).txt
2026-Q2;share_capital_to_capital;Акционерный капитал / Совокупный капитал;относительные;APEX LIFE INSURANCE AJ;APEX LIFE INSURANCE;1;97,56;;27;97,22;;28;;-0,34;;%;67;Рэнкинг страховых компаний — II квартал 2026 (snsratings.uz).txt
2026-Q2;share_capital_to_capital;Акционерный капитал / Совокупный капитал;относительные;TRUST-INSURANCE AJ;TRUST-INSURANCE;0;103,11;;28;99,51;;29;;-3,6;;%;67;Рэнкинг страховых компаний — II квартал 2026 (snsratings.uz).txt
2026-Q2;share_capital_to_capital;Акционерный капитал / Совокупный капитал;относительные;TBC SUG'URTA AJ;TBC SUG`URTA;1;97,47;;26;34,56;;30;;-62,91;;%;67;Рэнкинг страховых компаний — II квартал 2026 (snsratings.uz).txt
2026-Q2;share_capital_to_capital;Акционерный капитал / Совокупный капитал;относительные;O'ZBEKINVEST EISK AJ;O`ZBEKINVEST;0;34,7;;30;33,93;;31;;-0,77;;%;67;Рэнкинг страховых компаний — II квартал 2026 (snsratings.uz).txt
2026-Q2;share_capital_to_capital;Акционерный капитал / Совокупный капитал;относительные;SEMURG SUG'URTA AJ QK;SEMURG INSURANCE;0;121,22;;32;115,47;;32;;-5,75;;%;67;Рэнкинг страховых компаний — II квартал 2026 (snsratings.uz).txt
2026-Q2;share_capital_to_capital;Акционерный капитал / Совокупный капитал;относительные;KAFOLAT HAYOT INSURANCE AJ;KAFOLAT HAYOT INSURANCE;1;147,77;;35;132,7;;33;;-15,07;;%;67;Рэнкинг страховых компаний — II квартал 2026 (snsratings.uz).txt
2026-Q2;share_capital_to_capital;Акционерный капитал / Совокупный капитал;относительные;GLOBAL INSURANCE GROUP AJ;GLOBAL INSURANCE GROUP;0;82,67;;10;0,0;;34;;-82,67;;%;67;Рэнкинг страховых компаний — II квартал 2026 (snsratings.uz).txt
2026-Q2;share_capital_to_capital;Акционерный капитал / Совокупный капитал;относительные;AGROS HAYOT AJ;AGROS HAYOT SUG`URTA KOMPANIYASI;1;189,67;;36;177,45;;35;;-12,22;;%;67;Рэнкинг страховых компаний — II квартал 2026 (snsratings.uz).txt
2026-Q2;share_capital_to_capital;Акционерный капитал / Совокупный капитал;относительные;PRESTIGE INSURANCE AJ;PRESTIGE INSURANCE;1;0,0;;33;220,33;;36;;220,33;;%;67;Рэнкинг страховых компаний — II квартал 2026 (snsratings.uz).txt
2026-Q2;retained_to_capital;Нераспределенная прибыль (непокрытый убыток) / Совокупный капитал;относительные;ВСЕГО;ВСЕГО;0;8,15;;;9,62;;;;1,47;;%;68;Рэнкинг страховых компаний — II квартал 2026 (snsratings.uz).txt
2026-Q2;retained_to_capital;Нераспределенная прибыль (непокрытый убыток) / Совокупный капитал;относительные;TBC SUG'URTA AJ;TBC SUG`URTA;1;2,53;;24;63,54;;1;;61,01;;%;68;Рэнкинг страховых компаний — II квартал 2026 (snsratings.uz).txt
2026-Q2;retained_to_capital;Нераспределенная прибыль (непокрытый убыток) / Совокупный капитал;относительные;HAMKOR SUG'URTA AJ;HAMKOR SUG`URTA;0;36,75;;1;41,46;;2;;4,71;;%;68;Рэнкинг страховых компаний — II квартал 2026 (snsratings.uz).txt
2026-Q2;retained_to_capital;Нераспределенная прибыль (непокрытый убыток) / Совокупный капитал;относительные;MOSAIC INSURANCE GROUP AJ QK;MOSAIC INSURANCE GROUP;0;25,47;;3;34,92;;3;;9,45;;%;68;Рэнкинг страховых компаний — II квартал 2026 (snsratings.uz).txt
2026-Q2;retained_to_capital;Нераспределенная прибыль (непокрытый убыток) / Совокупный капитал;относительные;MY-INSURANCE AJ;MY-INSURANCE;0;10,32;;11;23,91;;4;;13,59;;%;68;Рэнкинг страховых компаний — II квартал 2026 (snsratings.uz).txt
2026-Q2;retained_to_capital;Нераспределенная прибыль (непокрытый убыток) / Совокупный капитал;относительные;ALFA INVEST SUG'URTA KOMPANIYASI AJ;ALFA INVEST SUG`URTA KOMPANIYASI;0;21,96;;4;23,27;;5;;1,31;;%;68;Рэнкинг страховых компаний — II квартал 2026 (snsratings.uz).txt
2026-Q2;retained_to_capital;Нераспределенная прибыль (непокрытый убыток) / Совокупный капитал;относительные;IMKON SUG'URTA AJ;IMKON-SUG`URTA;0;9,77;;12;19,77;;6;;10,0;;%;68;Рэнкинг страховых компаний — II квартал 2026 (snsratings.uz).txt
2026-Q2;retained_to_capital;Нераспределенная прибыль (непокрытый убыток) / Совокупный капитал;относительные;TEMIRYO'L SUG'URTA AJ;TEMIRYO`L SUG`URTA;0;11,04;;9;19,58;;7;;8,54;;%;68;Рэнкинг страховых компаний — II квартал 2026 (snsratings.uz).txt
2026-Q2;retained_to_capital;Нераспределенная прибыль (непокрытый убыток) / Совокупный капитал;относительные;EUROASIA INSURANCE AJ QK;EUROASIA INSURANCE;0;5,24;;19;18,54;;8;;13,3;;%;68;Рэнкинг страховых компаний — II квартал 2026 (snsratings.uz).txt
2026-Q2;retained_to_capital;Нераспределенная прибыль (непокрытый убыток) / Совокупный капитал;относительные;XALQ SUG'URTA AJ;XALQ SUG`URTA;0;6,74;;17;15,53;;9;;8,79;;%;68;Рэнкинг страховых компаний — II квартал 2026 (snsratings.uz).txt
2026-Q2;retained_to_capital;Нераспределенная прибыль (непокрытый убыток) / Совокупный капитал;относительные;ARIA SUG'URTA TASHKILOTI AJ;ARIA SUG`URTA TASHKILOTI;0;8,77;;14;15,36;;10;;6,59;;%;68;Рэнкинг страховых компаний — II квартал 2026 (snsratings.uz).txt
2026-Q2;retained_to_capital;Нераспределенная прибыль (непокрытый убыток) / Совокупный капитал;относительные;KAFOLAT SUG'URTA KOMPANIYASI AJ;KAFOLAT SUG`URTA KOMPANIYASI;0;4,82;;20;12,08;;11;;7,26;;%;68;Рэнкинг страховых компаний — II квартал 2026 (snsratings.uz).txt
2026-Q2;retained_to_capital;Нераспределенная прибыль (непокрытый убыток) / Совокупный капитал;относительные;IMPEX-INSURANCE AJ;IMPEX-INSURANCE;0;10,8;;10;11,3;;12;;0,5;;%;68;Рэнкинг страховых компаний — II квартал 2026 (snsratings.uz).txt
2026-Q2;retained_to_capital;Нераспределенная прибыль (непокрытый убыток) / Совокупный капитал;относительные;SQB INSURANCE SUG'URTA KOMPANIYASI AJ;SQB INSURANCE SUG`URTA KOMPANIYASI;0;13,0;;8;10,67;;13;;-2,33;;%;68;Рэнкинг страховых компаний — II квартал 2026 (snsratings.uz).txt
2026-Q2;retained_to_capital;Нераспределенная прибыль (непокрытый убыток) / Совокупный капитал;относительные;O'ZBEKINVEST HAYOT SUG'URTA KOMPANIYASI AJ;O`ZBEKINVEST HAYOT SUG`URTA KOMPANIYASI;1;2,17;;26;9,87;;14;;7,7;;%;68;Рэнкинг страховых компаний — II квартал 2026 (snsratings.uz).txt
2026-Q2;retained_to_capital;Нераспределенная прибыль (непокрытый убыток) / Совокупный капитал;относительные;GROSS SUG'URTA KOMPANIYASI AJ;GROSS SUG`URTA KOMPANIYASI;0;13,08;;7;9,23;;15;;-3,85;;%;68;Рэнкинг страховых компаний — II квартал 2026 (snsratings.uz).txt
2026-Q2;retained_to_capital;Нераспределенная прибыль (непокрытый убыток) / Совокупный капитал;относительные;KAFIL SUG'URTA AJ;KAFIL-SUG`URTA;0;6,32;;18;9,14;;16;;2,82;;%;68;Рэнкинг страховых компаний — II квартал 2026 (snsratings.uz).txt
2026-Q2;retained_to_capital;Нераспределенная прибыль (непокрытый убыток) / Совокупный капитал;относительные;O'ZBEKINVEST EISK AJ;O`ZBEKINVEST;0;7,67;;16;8,94;;17;;1,27;;%;68;Рэнкинг страховых компаний — II квартал 2026 (snsratings.uz).txt
2026-Q2;retained_to_capital;Нераспределенная прибыль (непокрытый убыток) / Совокупный капитал;относительные;O'ZBEKISTON QAYTA SUG'URTA KOMPANIYASI MQST AJ;O`ZBEKISTON QAYTA SUG`URTA KOMPANIYASI;0;0,0;;29;8,41;;18;;8,41;;%;68;Рэнкинг страховых компаний — II квартал 2026 (snsratings.uz).txt
2026-Q2;retained_to_capital;Нераспределенная прибыль (непокрытый убыток) / Совокупный капитал;относительные;NEO INSURANCE CORP AJ;NEO INSURANCE CORP;0;-25,6;;34;8,39;;19;;33,99;;%;68;Рэнкинг страховых компаний — II квартал 2026 (snsratings.uz).txt
2026-Q2;retained_to_capital;Нераспределенная прибыль (непокрытый убыток) / Совокупный капитал;относительные;INSON AJ;INSON;0;2,02;;27;7,78;;20;;5,76;;%;68;Рэнкинг страховых компаний — II квартал 2026 (snsratings.uz).txt
2026-Q2;retained_to_capital;Нераспределенная прибыль (непокрытый убыток) / Совокупный капитал;относительные;APEX INSURANCE AJ;APEX INSURANCE;0;14,5;;5;7,34;;21;;-7,16;;%;68;Рэнкинг страховых компаний — II квартал 2026 (snsratings.uz).txt
2026-Q2;retained_to_capital;Нераспределенная прибыль (непокрытый убыток) / Совокупный капитал;относительные;O'ZAGROSUG'URTA AJ;O`ZAGROSUG`URTA;0;8,1;;15;6,65;;22;;-1,45;;%;68;Рэнкинг страховых компаний — II квартал 2026 (snsratings.uz).txt
2026-Q2;retained_to_capital;Нераспределенная прибыль (непокрытый убыток) / Совокупный капитал;относительные;ALFA LIFE INSURANCE AJ;ALFA LIFE INSURANCE;1;4,2;;22;4,07;;23;;-0,13;;%;68;Рэнкинг страховых компаний — II квартал 2026 (snsratings.uz).txt
2026-Q2;retained_to_capital;Нераспределенная прибыль (непокрытый убыток) / Совокупный капитал;относительные;ISHONCH SUG'URTA KOMPANIYASI AJ;ISHONCH SUG`URTA KOMPANIYASI;0;1,15;;28;3,82;;24;;2,67;;%;68;Рэнкинг страховых компаний — II квартал 2026 (snsratings.uz).txt
2026-Q2;retained_to_capital;Нераспределенная прибыль (непокрытый убыток) / Совокупный капитал;относительные;KAPITAL SUG'URTA AJ;KAPITAL SUG`URTA;0;3,28;;23;3,55;;25;;0,27;;%;68;Рэнкинг страховых компаний — II квартал 2026 (snsratings.uz).txt
2026-Q2;retained_to_capital;Нераспределенная прибыль (непокрытый убыток) / Совокупный капитал;относительные;QUANTUM INSURANCE AJ;QUANTUM INSURANCE;0;8,84;;13;3,46;;26;;-5,38;;%;68;Рэнкинг страховых компаний — II квартал 2026 (snsratings.uz).txt
2026-Q2;retained_to_capital;Нераспределенная прибыль (непокрытый убыток) / Совокупный капитал;относительные;INFINITY INSURANCE AJ;INFINITY INSURANCE;0;4,7;;21;3,05;;27;;-1,65;;%;68;Рэнкинг страховых компаний — II квартал 2026 (snsratings.uz).txt
2026-Q2;retained_to_capital;Нераспределенная прибыль (непокрытый убыток) / Совокупный капитал;относительные;APEX LIFE INSURANCE AJ;APEX LIFE INSURANCE;1;2,27;;25;2,64;;28;;0,37;;%;68;Рэнкинг страховых компаний — II квартал 2026 (snsratings.uz).txt
2026-Q2;retained_to_capital;Нераспределенная прибыль (непокрытый убыток) / Совокупный капитал;относительные;TRUST-INSURANCE AJ;TRUST-INSURANCE;0;-3,11;;31;0,49;;29;;3,6;;%;68;Рэнкинг страховых компаний — II квартал 2026 (snsratings.uz).txt
2026-Q2;retained_to_capital;Нераспределенная прибыль (непокрытый убыток) / Совокупный капитал;относительные;GLOBAL INSURANCE GROUP AJ;GLOBAL INSURANCE GROUP;0;14,06;;6;0,0;;30;;-14,06;;%;68;Рэнкинг страховых компаний — II квартал 2026 (snsratings.uz).txt
2026-Q2;retained_to_capital;Нераспределенная прибыль (непокрытый убыток) / Совокупный капитал;относительные;ALSKOM AJ;ALSKOM SUG`URTA KOMPANIYASI;0;32,55;;2;-1,88;;31;;-34,43;;%;68;Рэнкинг страховых компаний — II квартал 2026 (snsratings.uz).txt
2026-Q2;retained_to_capital;Нераспределенная прибыль (непокрытый убыток) / Совокупный капитал;относительные;SEMURG SUG'URTA AJ QK;SEMURG INSURANCE;0;-21,27;;32;-15,51;;32;;5,76;;%;68;Рэнкинг страховых компаний — II квартал 2026 (snsratings.uz).txt
2026-Q2;retained_to_capital;Нераспределенная прибыль (непокрытый убыток) / Совокупный капитал;относительные;ASIA INSURANCE SUG'URTA KOMPANIYASI AJ;ASIA INSURANCE SUG`URTA KOMPANIYASI;0;-21,66;;33;-21,79;;33;;-0,13;;%;68;Рэнкинг страховых компаний — II квартал 2026 (snsratings.uz).txt
2026-Q2;retained_to_capital;Нераспределенная прибыль (непокрытый убыток) / Совокупный капитал;относительные;KAFOLAT HAYOT INSURANCE AJ;KAFOLAT HAYOT INSURANCE;1;-47,88;;35;-32,78;;34;;15,1;;%;68;Рэнкинг страховых компаний — II квартал 2026 (snsratings.uz).txt
2026-Q2;retained_to_capital;Нераспределенная прибыль (непокрытый убыток) / Совокупный капитал;относительные;AGROS HAYOT AJ;AGROS HAYOT SUG`URTA KOMPANIYASI;1;-91,97;;36;-79,45;;35;;12,52;;%;68;Рэнкинг страховых компаний — II квартал 2026 (snsratings.uz).txt
2026-Q2;retained_to_capital;Нераспределенная прибыль (непокрытый убыток) / Совокупный капитал;относительные;PRESTIGE INSURANCE AJ;PRESTIGE INSURANCE;1;0,0;;29;-120,33;;36;;-120,33;;%;68;Рэнкинг страховых компаний — II квартал 2026 (snsratings.uz).txt
2026-Q2;current_liabilities_to_passives;Текущие обязательства / Всего пассивы;относительные;ВСЕГО;ВСЕГО;0;18,29;;;20,51;;;;2,22;;%;69;Рэнкинг страховых компаний — II квартал 2026 (snsratings.uz).txt
2026-Q2;current_liabilities_to_passives;Текущие обязательства / Всего пассивы;относительные;ASIA INSURANCE SUG'URTA KOMPANIYASI AJ;ASIA INSURANCE SUG`URTA KOMPANIYASI;0;8,23;;16;35,41;;1;;27,18;;%;69;Рэнкинг страховых компаний — II квартал 2026 (snsratings.uz).txt
2026-Q2;current_liabilities_to_passives;Текущие обязательства / Всего пассивы;относительные;APEX INSURANCE AJ;APEX INSURANCE;0;30,68;;2;34,86;;2;;4,18;;%;69;Рэнкинг страховых компаний — II квартал 2026 (snsratings.uz).txt
2026-Q2;current_liabilities_to_passives;Текущие обязательства / Всего пассивы;относительные;KAPITAL SUG'URTA AJ;KAPITAL SUG`URTA;0;24,17;;4;33,93;;3;;9,76;;%;69;Рэнкинг страховых компаний — II квартал 2026 (snsratings.uz).txt
2026-Q2;current_liabilities_to_passives;Текущие обязательства / Всего пассивы;относительные;O'ZBEKINVEST EISK AJ;O`ZBEKINVEST;0;17,47;;9;31,67;;4;;14,2;;%;69;Рэнкинг страховых компаний — II квартал 2026 (snsratings.uz).txt
2026-Q2;current_liabilities_to_passives;Текущие обязательства / Всего пассивы;относительные;O'ZBEKISTON QAYTA SUG'URTA KOMPANIYASI MQST AJ;O`ZBEKISTON QAYTA SUG`URTA KOMPANIYASI;0;0,0;;35;29,94;;5;;29,94;;%;69;Рэнкинг страховых компаний — II квартал 2026 (snsratings.uz).txt
2026-Q2;current_liabilities_to_passives;Текущие обязательства / Всего пассивы;относительные;IMPEX-INSURANCE AJ;IMPEX-INSURANCE;0;23,42;;5;27,77;;6;;4,35;;%;69;Рэнкинг страховых компаний — II квартал 2026 (snsratings.uz).txt
2026-Q2;current_liabilities_to_passives;Текущие обязательства / Всего пассивы;относительные;TEMIRYO'L SUG'URTA AJ;TEMIRYO`L SUG`URTA;0;21,6;;6;26,81;;7;;5,21;;%;69;Рэнкинг страховых компаний — II квартал 2026 (snsratings.uz).txt
2026-Q2;current_liabilities_to_passives;Текущие обязательства / Всего пассивы;относительные;O'ZAGROSUG'URTA AJ;O`ZAGROSUG`URTA;0;29,0;;3;24,17;;8;;-4,83;;%;69;Рэнкинг страховых компаний — II квартал 2026 (snsratings.uz).txt
2026-Q2;current_liabilities_to_passives;Текущие обязательства / Всего пассивы;относительные;TRUST-INSURANCE AJ;TRUST-INSURANCE;0;2,78;;27;20,8;;9;;18,02;;%;69;Рэнкинг страховых компаний — II квартал 2026 (snsratings.uz).txt
2026-Q2;current_liabilities_to_passives;Текущие обязательства / Всего пассивы;относительные;ALSKOM AJ;ALSKOM SUG`URTA KOMPANIYASI;0;9,8;;13;20,47;;10;;10,67;;%;69;Рэнкинг страховых компаний — II квартал 2026 (snsratings.uz).txt
2026-Q2;current_liabilities_to_passives;Текущие обязательства / Всего пассивы;относительные;KAFOLAT SUG'URTA KOMPANIYASI AJ;KAFOLAT SUG`URTA KOMPANIYASI;0;34,69;;1;15,68;;11;;-19,01;;%;69;Рэнкинг страховых компаний — II квартал 2026 (snsratings.uz).txt
2026-Q2;current_liabilities_to_passives;Текущие обязательства / Всего пассивы;относительные;GROSS SUG'URTA KOMPANIYASI AJ;GROSS SUG`URTA KOMPANIYASI;0;19,07;;7;12,57;;12;;-6,5;;%;69;Рэнкинг страховых компаний — II квартал 2026 (snsratings.uz).txt
2026-Q2;current_liabilities_to_passives;Текущие обязательства / Всего пассивы;относительные;INSON AJ;INSON;0;5,07;;20;10,1;;13;;5,03;;%;69;Рэнкинг страховых компаний — II квартал 2026 (snsratings.uz).txt
2026-Q2;current_liabilities_to_passives;Текущие обязательства / Всего пассивы;относительные;KAFIL SUG'URTA AJ;KAFIL-SUG`URTA;0;15,08;;10;9,08;;14;;-6,0;;%;69;Рэнкинг страховых компаний — II квартал 2026 (snsratings.uz).txt
2026-Q2;current_liabilities_to_passives;Текущие обязательства / Всего пассивы;относительные;QUANTUM INSURANCE AJ;QUANTUM INSURANCE;0;7,88;;17;8,69;;15;;0,81;;%;69;Рэнкинг страховых компаний — II квартал 2026 (snsratings.uz).txt
2026-Q2;current_liabilities_to_passives;Текущие обязательства / Всего пассивы;относительные;SQB INSURANCE SUG'URTA KOMPANIYASI AJ;SQB INSURANCE SUG`URTA KOMPANIYASI;0;7,71;;18;8,38;;16;;0,67;;%;69;Рэнкинг страховых компаний — II квартал 2026 (snsratings.uz).txt
2026-Q2;current_liabilities_to_passives;Текущие обязательства / Всего пассивы;относительные;EUROASIA INSURANCE AJ QK;EUROASIA INSURANCE;0;4,18;;24;6,48;;17;;2,3;;%;69;Рэнкинг страховых компаний — II квартал 2026 (snsratings.uz).txt
2026-Q2;current_liabilities_to_passives;Текущие обязательства / Всего пассивы;относительные;SEMURG SUG'URTA AJ QK;SEMURG INSURANCE;0;8,73;;14;5,56;;18;;-3,17;;%;69;Рэнкинг страховых компаний — II квартал 2026 (snsratings.uz).txt
2026-Q2;current_liabilities_to_passives;Текущие обязательства / Всего пассивы;относительные;IMKON SUG'URTA AJ;IMKON-SUG`URTA;0;18,03;;8;4,66;;19;;-13,37;;%;69;Рэнкинг страховых компаний — II квартал 2026 (snsratings.uz).txt
2026-Q2;current_liabilities_to_passives;Текущие обязательства / Всего пассивы;относительные;APEX LIFE INSURANCE AJ;APEX LIFE INSURANCE;1;11,13;;12;3,88;;20;;-7,25;;%;69;Рэнкинг страховых компаний — II квартал 2026 (snsratings.uz).txt
2026-Q2;current_liabilities_to_passives;Текущие обязательства / Всего пассивы;относительные;XALQ SUG'URTA AJ;XALQ SUG`URTA;0;5,45;;19;3,68;;21;;-1,77;;%;69;Рэнкинг страховых компаний — II квартал 2026 (snsratings.uz).txt
2026-Q2;current_liabilities_to_passives;Текущие обязательства / Всего пассивы;относительные;PRESTIGE INSURANCE AJ;PRESTIGE INSURANCE;1;0,0;;35;3,09;;22;;3,09;;%;69;Рэнкинг страховых компаний — II квартал 2026 (snsratings.uz).txt
2026-Q2;current_liabilities_to_passives;Текущие обязательства / Всего пассивы;относительные;TBC SUG'URTA AJ;TBC SUG`URTA;1;4,76;;21;2,99;;23;;-1,77;;%;69;Рэнкинг страховых компаний — II квартал 2026 (snsratings.uz).txt
2026-Q2;current_liabilities_to_passives;Текущие обязательства / Всего пассивы;относительные;ALFA LIFE INSURANCE AJ;ALFA LIFE INSURANCE;1;4,7;;22;2,75;;24;;-1,95;;%;69;Рэнкинг страховых компаний — II квартал 2026 (snsratings.uz).txt
2026-Q2;current_liabilities_to_passives;Текущие обязательства / Всего пассивы;относительные;NEO INSURANCE CORP AJ;NEO INSURANCE CORP;0;4,67;;23;2,68;;25;;-1,99;;%;69;Рэнкинг страховых компаний — II квартал 2026 (snsratings.uz).txt
2026-Q2;current_liabilities_to_passives;Текущие обязательства / Всего пассивы;относительные;ALFA INVEST SUG'URTA KOMPANIYASI AJ;ALFA INVEST SUG`URTA KOMPANIYASI;0;4,04;;25;2,48;;26;;-1,56;;%;69;Рэнкинг страховых компаний — II квартал 2026 (snsratings.uz).txt
2026-Q2;current_liabilities_to_passives;Текущие обязательства / Всего пассивы;относительные;INFINITY INSURANCE AJ;INFINITY INSURANCE;0;2,94;;26;2,29;;27;;-0,65;;%;69;Рэнкинг страховых компаний — II квартал 2026 (snsratings.uz).txt
2026-Q2;current_liabilities_to_passives;Текущие обязательства / Всего пассивы;относительные;MY-INSURANCE AJ;MY-INSURANCE;0;2,19;;29;1,99;;28;;-0,2;;%;69;Рэнкинг страховых компаний — II квартал 2026 (snsratings.uz).txt
2026-Q2;current_liabilities_to_passives;Текущие обязательства / Всего пассивы;относительные;AGROS HAYOT AJ;AGROS HAYOT SUG`URTA KOMPANIYASI;1;2,05;;30;1,9;;29;;-0,15;;%;69;Рэнкинг страховых компаний — II квартал 2026 (snsratings.uz).txt
2026-Q2;current_liabilities_to_passives;Текущие обязательства / Всего пассивы;относительные;O'ZBEKINVEST HAYOT SUG'URTA KOMPANIYASI AJ;O`ZBEKINVEST HAYOT SUG`URTA KOMPANIYASI;1;1,52;;32;1,73;;30;;0,21;;%;69;Рэнкинг страховых компаний — II квартал 2026 (snsratings.uz).txt
2026-Q2;current_liabilities_to_passives;Текущие обязательства / Всего пассивы;относительные;MOSAIC INSURANCE GROUP AJ QK;MOSAIC INSURANCE GROUP;0;8,29;;15;1,66;;31;;-6,63;;%;69;Рэнкинг страховых компаний — II квартал 2026 (snsratings.uz).txt
2026-Q2;current_liabilities_to_passives;Текущие обязательства / Всего пассивы;относительные;ISHONCH SUG'URTA KOMPANIYASI AJ;ISHONCH SUG`URTA KOMPANIYASI;0;2,43;;28;1,6;;32;;-0,83;;%;69;Рэнкинг страховых компаний — II квартал 2026 (snsratings.uz).txt
2026-Q2;current_liabilities_to_passives;Текущие обязательства / Всего пассивы;относительные;ARIA SUG'URTA TASHKILOTI AJ;ARIA SUG`URTA TASHKILOTI;0;1,57;;31;1,07;;33;;-0,5;;%;69;Рэнкинг страховых компаний — II квартал 2026 (snsratings.uz).txt
2026-Q2;current_liabilities_to_passives;Текущие обязательства / Всего пассивы;относительные;HAMKOR SUG'URTA AJ;HAMKOR SUG`URTA;0;13,91;;11;0,73;;34;;-13,18;;%;69;Рэнкинг страховых компаний — II квартал 2026 (snsratings.uz).txt
2026-Q2;current_liabilities_to_passives;Текущие обязательства / Всего пассивы;относительные;KAFOLAT HAYOT INSURANCE AJ;KAFOLAT HAYOT INSURANCE;1;0,07;;34;0,53;;35;;0,46;;%;69;Рэнкинг страховых компаний — II квартал 2026 (snsratings.uz).txt
2026-Q2;current_liabilities_to_passives;Текущие обязательства / Всего пассивы;относительные;GLOBAL INSURANCE GROUP AJ;GLOBAL INSURANCE GROUP;0;0,62;;33;0,0;;36;;-0,62;;%;69;Рэнкинг страховых компаний — II квартал 2026 (snsratings.uz).txt
2026-Q2;ins_current_liabilities_to_current;Текущие обязательства по страховым операциям / Текущие обязательства;относительные;ВСЕГО;ВСЕГО;0;64,73;;;48,76;;;;-15,97;;%;70;Рэнкинг страховых компаний — II квартал 2026 (snsratings.uz).txt
2026-Q2;ins_current_liabilities_to_current;Текущие обязательства по страховым операциям / Текущие обязательства;относительные;TEMIRYO'L SUG'URTA AJ;TEMIRYO`L SUG`URTA;0;99,37;;1;97,53;;1;;-1,84;;%;70;Рэнкинг страховых компаний — II квартал 2026 (snsratings.uz).txt
2026-Q2;ins_current_liabilities_to_current;Текущие обязательства по страховым операциям / Текущие обязательства;относительные;MOSAIC INSURANCE GROUP AJ QK;MOSAIC INSURANCE GROUP;0;94,14;;5;97,49;;2;;3,35;;%;70;Рэнкинг страховых компаний — II квартал 2026 (snsratings.uz).txt
2026-Q2;ins_current_liabilities_to_current;Текущие обязательства по страховым операциям / Текущие обязательства;относительные;ASIA INSURANCE SUG'URTA KOMPANIYASI AJ;ASIA INSURANCE SUG`URTA KOMPANIYASI;0;58,31;;14;96,9;;3;;38,59;;%;70;Рэнкинг страховых компаний — II квартал 2026 (snsratings.uz).txt
2026-Q2;ins_current_liabilities_to_current;Текущие обязательства по страховым операциям / Текущие обязательства;относительные;O'ZBEKINVEST EISK AJ;O`ZBEKINVEST;0;96,52;;2;94,11;;4;;-2,41;;%;70;Рэнкинг страховых компаний — II квартал 2026 (snsratings.uz).txt
2026-Q2;ins_current_liabilities_to_current;Текущие обязательства по страховым операциям / Текущие обязательства;относительные;PRESTIGE INSURANCE AJ;PRESTIGE INSURANCE;1;0,0;;34;89,89;;5;;89,89;;%;70;Рэнкинг страховых компаний — II квартал 2026 (snsratings.uz).txt
2026-Q2;ins_current_liabilities_to_current;Текущие обязательства по страховым операциям / Текущие обязательства;относительные;TBC SUG'URTA AJ;TBC SUG`URTA;1;79,9;;11;89,39;;6;;9,49;;%;70;Рэнкинг страховых компаний — II квартал 2026 (snsratings.uz).txt
2026-Q2;ins_current_liabilities_to_current;Текущие обязательства по страховым операциям / Текущие обязательства;относительные;QUANTUM INSURANCE AJ;QUANTUM INSURANCE;0;88,76;;7;88,77;;7;;0,01;;%;70;Рэнкинг страховых компаний — II квартал 2026 (snsratings.uz).txt
2026-Q2;ins_current_liabilities_to_current;Текущие обязательства по страховым операциям / Текущие обязательства;относительные;O'ZAGROSUG'URTA AJ;O`ZAGROSUG`URTA;0;92,63;;6;85,79;;8;;-6,84;;%;70;Рэнкинг страховых компаний — II квартал 2026 (snsratings.uz).txt
2026-Q2;ins_current_liabilities_to_current;Текущие обязательства по страховым операциям / Текущие обязательства;относительные;APEX LIFE INSURANCE AJ;APEX LIFE INSURANCE;1;85,42;;9;76,69;;9;;-8,73;;%;70;Рэнкинг страховых компаний — II квартал 2026 (snsratings.uz).txt
2026-Q2;ins_current_liabilities_to_current;Текущие обязательства по страховым операциям / Текущие обязательства;относительные;GROSS SUG'URTA KOMPANIYASI AJ;GROSS SUG`URTA KOMPANIYASI;0;94,27;;4;75,5;;10;;-18,77;;%;70;Рэнкинг страховых компаний — II квартал 2026 (snsratings.uz).txt
2026-Q2;ins_current_liabilities_to_current;Текущие обязательства по страховым операциям / Текущие обязательства;относительные;KAFIL SUG'URTA AJ;KAFIL-SUG`URTA;0;40,15;;19;56,45;;11;;16,3;;%;70;Рэнкинг страховых компаний — II квартал 2026 (snsratings.uz).txt
2026-Q2;ins_current_liabilities_to_current;Текущие обязательства по страховым операциям / Текущие обязательства;относительные;IMPEX-INSURANCE AJ;IMPEX-INSURANCE;0;86,13;;8;54,53;;12;;-31,6;;%;70;Рэнкинг страховых компаний — II квартал 2026 (snsratings.uz).txt
2026-Q2;ins_current_liabilities_to_current;Текущие обязательства по страховым операциям / Текущие обязательства;относительные;KAFOLAT SUG'URTA KOMPANIYASI AJ;KAFOLAT SUG`URTA KOMPANIYASI;0;96,28;;3;50,8;;13;;-45,48;;%;70;Рэнкинг страховых компаний — II квартал 2026 (snsratings.uz).txt
2026-Q2;ins_current_liabilities_to_current;Текущие обязательства по страховым операциям / Текущие обязательства;относительные;ALFA INVEST SUG'URTA KOMPANIYASI AJ;ALFA INVEST SUG`URTA KOMPANIYASI;0;65,87;;12;45,96;;14;;-19,91;;%;70;Рэнкинг страховых компаний — II квартал 2026 (snsratings.uz).txt
2026-Q2;ins_current_liabilities_to_current;Текущие обязательства по страховым операциям / Текущие обязательства;относительные;SQB INSURANCE SUG'URTA KOMPANIYASI AJ;SQB INSURANCE SUG`URTA KOMPANIYASI;0;62,98;;13;41,47;;15;;-21,51;;%;70;Рэнкинг страховых компаний — II квартал 2026 (snsratings.uz).txt
2026-Q2;ins_current_liabilities_to_current;Текущие обязательства по страховым операциям / Текущие обязательства;относительные;NEO INSURANCE CORP AJ;NEO INSURANCE CORP;0;53,44;;16;35,79;;16;;-17,65;;%;70;Рэнкинг страховых компаний — II квартал 2026 (snsratings.uz).txt
2026-Q2;ins_current_liabilities_to_current;Текущие обязательства по страховым операциям / Текущие обязательства;относительные;ISHONCH SUG'URTA KOMPANIYASI AJ;ISHONCH SUG`URTA KOMPANIYASI;0;13,79;;25;27,6;;17;;13,81;;%;70;Рэнкинг страховых компаний — II квартал 2026 (snsratings.uz).txt
2026-Q2;ins_current_liabilities_to_current;Текущие обязательства по страховым операциям / Текущие обязательства;относительные;ALFA LIFE INSURANCE AJ;ALFA LIFE INSURANCE;1;18,06;;24;26,32;;18;;8,26;;%;70;Рэнкинг страховых компаний — II квартал 2026 (snsratings.uz).txt
2026-Q2;ins_current_liabilities_to_current;Текущие обязательства по страховым операциям / Текущие обязательства;относительные;EUROASIA INSURANCE AJ QK;EUROASIA INSURANCE;0;30,36;;21;25,11;;19;;-5,25;;%;70;Рэнкинг страховых компаний — II квартал 2026 (snsratings.uz).txt
2026-Q2;ins_current_liabilities_to_current;Текущие обязательства по страховым операциям / Текущие обязательства;относительные;IMKON SUG'URTA AJ;IMKON-SUG`URTA;0;4,72;;29;21,62;;20;;16,9;;%;70;Рэнкинг страховых компаний — II квартал 2026 (snsratings.uz).txt
2026-Q2;ins_current_liabilities_to_current;Текущие обязательства по страховым операциям / Текущие обязательства;относительные;MY-INSURANCE AJ;MY-INSURANCE;0;8,91;;27;21,38;;21;;12,47;;%;70;Рэнкинг страховых компаний — II квартал 2026 (snsratings.uz).txt
2026-Q2;ins_current_liabilities_to_current;Текущие обязательства по страховым операциям / Текущие обязательства;относительные;INFINITY INSURANCE AJ;INFINITY INSURANCE;0;31,27;;20;21,06;;22;;-10,21;;%;70;Рэнкинг страховых компаний — II квартал 2026 (snsratings.uz).txt
2026-Q2;ins_current_liabilities_to_current;Текущие обязательства по страховым операциям / Текущие обязательства;относительные;APEX INSURANCE AJ;APEX INSURANCE;0;47,4;;18;20,26;;23;;-27,14;;%;70;Рэнкинг страховых компаний — II квартал 2026 (snsratings.uz).txt
2026-Q2;ins_current_liabilities_to_current;Текущие обязательства по страховым операциям / Текущие обязательства;относительные;INSON AJ;INSON;0;25,71;;22;17,4;;24;;-8,31;;%;70;Рэнкинг страховых компаний — II квартал 2026 (snsratings.uz).txt
2026-Q2;ins_current_liabilities_to_current;Текущие обязательства по страховым операциям / Текущие обязательства;относительные;HAMKOR SUG'URTA AJ;HAMKOR SUG`URTA;0;2,83;;31;15,18;;25;;12,35;;%;70;Рэнкинг страховых компаний — II квартал 2026 (snsratings.uz).txt
2026-Q2;ins_current_liabilities_to_current;Текущие обязательства по страховым операциям / Текущие обязательства;относительные;KAPITAL SUG'URTA AJ;KAPITAL SUG`URTA;0;2,29;;32;14,43;;26;;12,14;;%;70;Рэнкинг страховых компаний — II квартал 2026 (snsratings.uz).txt
2026-Q2;ins_current_liabilities_to_current;Текущие обязательства по страховым операциям / Текущие обязательства;относительные;ARIA SUG'URTA TASHKILOTI AJ;ARIA SUG`URTA TASHKILOTI;0;57,2;;15;13,21;;27;;-43,99;;%;70;Рэнкинг страховых компаний — II квартал 2026 (snsratings.uz).txt
2026-Q2;ins_current_liabilities_to_current;Текущие обязательства по страховым операциям / Текущие обязательства;относительные;ALSKOM AJ;ALSKOM SUG`URTA KOMPANIYASI;0;24,82;;23;12,09;;28;;-12,73;;%;70;Рэнкинг страховых компаний — II квартал 2026 (snsratings.uz).txt
2026-Q2;ins_current_liabilities_to_current;Текущие обязательства по страховым операциям / Текущие обязательства;относительные;SEMURG SUG'URTA AJ QK;SEMURG INSURANCE;0;83,61;;10;9,69;;29;;-73,92;;%;70;Рэнкинг страховых компаний — II квартал 2026 (snsratings.uz).txt
2026-Q2;ins_current_liabilities_to_current;Текущие обязательства по страховым операциям / Текущие обязательства;относительные;O'ZBEKISTON QAYTA SUG'URTA KOMPANIYASI MQST AJ;O`ZBEKISTON QAYTA SUG`URTA KOMPANIYASI;0;0,0;;34;9,69;;30;;9,69;;%;70;Рэнкинг страховых компаний — II квартал 2026 (snsratings.uz).txt
2026-Q2;ins_current_liabilities_to_current;Текущие обязательства по страховым операциям / Текущие обязательства;относительные;TRUST-INSURANCE AJ;TRUST-INSURANCE;0;51,75;;17;7,2;;31;;-44,55;;%;70;Рэнкинг страховых компаний — II квартал 2026 (snsratings.uz).txt
2026-Q2;ins_current_liabilities_to_current;Текущие обязательства по страховым операциям / Текущие обязательства;относительные;XALQ SUG'URTA AJ;XALQ SUG`URTA;0;4,35;;30;2,85;;32;;-1,5;;%;70;Рэнкинг страховых компаний — II квартал 2026 (snsratings.uz).txt
2026-Q2;ins_current_liabilities_to_current;Текущие обязательства по страховым операциям / Текущие обязательства;относительные;AGROS HAYOT AJ;AGROS HAYOT SUG`URTA KOMPANIYASI;1;8,46;;28;0,46;;33;;-8,0;;%;70;Рэнкинг страховых компаний — II квартал 2026 (snsratings.uz).txt
2026-Q2;ins_current_liabilities_to_current;Текущие обязательства по страховым операциям / Текущие обязательства;относительные;O'ZBEKINVEST HAYOT SUG'URTA KOMPANIYASI AJ;O`ZBEKINVEST HAYOT SUG`URTA KOMPANIYASI;1;1,47;;33;0,41;;34;;-1,06;;%;70;Рэнкинг страховых компаний — II квартал 2026 (snsratings.uz).txt
2026-Q2;ins_current_liabilities_to_current;Текущие обязательства по страховым операциям / Текущие обязательства;относительные;KAFOLAT HAYOT INSURANCE AJ;KAFOLAT HAYOT INSURANCE;1;0,0;;34;0,0;;35;;0,0;;%;70;Рэнкинг страховых компаний — II квартал 2026 (snsratings.uz).txt
2026-Q2;ins_current_liabilities_to_current;Текущие обязательства по страховым операциям / Текущие обязательства;относительные;GLOBAL INSURANCE GROUP AJ;GLOBAL INSURANCE GROUP;0;11,75;;26;0,0;;35;;-11,75;;%;70;Рэнкинг страховых компаний — II квартал 2026 (snsratings.uz).txt
2026-Q2;liabilities_to_passives;Всего обязательства (баланс) / Всего пассивы;относительные;ВСЕГО;ВСЕГО;0;19,73;;;22,56;;;;2,83;;%;71;Рэнкинг страховых компаний — II квартал 2026 (snsratings.uz).txt
2026-Q2;liabilities_to_passives;Всего обязательства (баланс) / Всего пассивы;относительные;PRESTIGE INSURANCE AJ;PRESTIGE INSURANCE;1;0,0;;35;41,92;;1;;41,92;;%;71;Рэнкинг страховых компаний — II квартал 2026 (snsratings.uz).txt
2026-Q2;liabilities_to_passives;Всего обязательства (баланс) / Всего пассивы;относительные;APEX INSURANCE AJ;APEX INSURANCE;0;30,7;;3;40,03;;2;;9,33;;%;71;Рэнкинг страховых компаний — II квартал 2026 (snsratings.uz).txt
2026-Q2;liabilities_to_passives;Всего обязательства (баланс) / Всего пассивы;относительные;KAPITAL SUG'URTA AJ;KAPITAL SUG`URTA;0;26,1;;5;38,23;;3;;12,13;;%;71;Рэнкинг страховых компаний — II квартал 2026 (snsratings.uz).txt
2026-Q2;liabilities_to_passives;Всего обязательства (баланс) / Всего пассивы;относительные;ASIA INSURANCE SUG'URTA KOMPANIYASI AJ;ASIA INSURANCE SUG`URTA KOMPANIYASI;0;8,23;;17;37,05;;4;;28,82;;%;71;Рэнкинг страховых компаний — II квартал 2026 (snsratings.uz).txt
2026-Q2;liabilities_to_passives;Всего обязательства (баланс) / Всего пассивы;относительные;O'ZBEKINVEST EISK AJ;O`ZBEKINVEST;0;17,47;;11;31,67;;5;;14,2;;%;71;Рэнкинг страховых компаний — II квартал 2026 (snsratings.uz).txt
2026-Q2;liabilities_to_passives;Всего обязательства (баланс) / Всего пассивы;относительные;O'ZBEKISTON QAYTA SUG'URTA KOMPANIYASI MQST AJ;O`ZBEKISTON QAYTA SUG`URTA KOMPANIYASI;0;0,0;;35;29,94;;6;;29,94;;%;71;Рэнкинг страховых компаний — II квартал 2026 (snsratings.uz).txt
2026-Q2;liabilities_to_passives;Всего обязательства (баланс) / Всего пассивы;относительные;IMPEX-INSURANCE AJ;IMPEX-INSURANCE;0;23,42;;6;27,77;;7;;4,35;;%;71;Рэнкинг страховых компаний — II квартал 2026 (snsratings.uz).txt
2026-Q2;liabilities_to_passives;Всего обязательства (баланс) / Всего пассивы;относительные;TEMIRYO'L SUG'URTA AJ;TEMIRYO`L SUG`URTA;0;21,6;;7;26,81;;8;;5,21;;%;71;Рэнкинг страховых компаний — II квартал 2026 (snsratings.uz).txt
2026-Q2;liabilities_to_passives;Всего обязательства (баланс) / Всего пассивы;относительные;TRUST-INSURANCE AJ;TRUST-INSURANCE;0;4,34;;27;25,57;;9;;21,23;;%;71;Рэнкинг страховых компаний — II квартал 2026 (snsratings.uz).txt
2026-Q2;liabilities_to_passives;Всего обязательства (баланс) / Всего пассивы;относительные;O'ZAGROSUG'URTA AJ;O`ZAGROSUG`URTA;0;29,09;;4;24,17;;10;;-4,92;;%;71;Рэнкинг страховых компаний — II квартал 2026 (snsratings.uz).txt
2026-Q2;liabilities_to_passives;Всего обязательства (баланс) / Всего пассивы;относительные;ALSKOM AJ;ALSKOM SUG`URTA KOMPANIYASI;0;9,8;;14;20,69;;11;;10,89;;%;71;Рэнкинг страховых компаний — II квартал 2026 (snsratings.uz).txt
2026-Q2;liabilities_to_passives;Всего обязательства (баланс) / Всего пассивы;относительные;KAFOLAT SUG'URTA KOMPANIYASI AJ;KAFOLAT SUG`URTA KOMPANIYASI;0;34,69;;1;17,41;;12;;-17,28;;%;71;Рэнкинг страховых компаний — II квартал 2026 (snsratings.uz).txt
2026-Q2;liabilities_to_passives;Всего обязательства (баланс) / Всего пассивы;относительные;KAFIL SUG'URTA AJ;KAFIL-SUG`URTA;0;19,5;;8;12,89;;13;;-6,61;;%;71;Рэнкинг страховых компаний — II квартал 2026 (snsratings.uz).txt
2026-Q2;liabilities_to_passives;Всего обязательства (баланс) / Всего пассивы;относительные;GROSS SUG'URTA KOMPANIYASI AJ;GROSS SUG`URTA KOMPANIYASI;0;19,07;;9;12,57;;14;;-6,5;;%;71;Рэнкинг страховых компаний — II квартал 2026 (snsratings.uz).txt
2026-Q2;liabilities_to_passives;Всего обязательства (баланс) / Всего пассивы;относительные;INSON AJ;INSON;0;5,07;;23;10,1;;15;;5,03;;%;71;Рэнкинг страховых компаний — II квартал 2026 (snsratings.uz).txt
2026-Q2;liabilities_to_passives;Всего обязательства (баланс) / Всего пассивы;относительные;QUANTUM INSURANCE AJ;QUANTUM INSURANCE;0;7,88;;18;8,69;;16;;0,81;;%;71;Рэнкинг страховых компаний — II квартал 2026 (snsratings.uz).txt
2026-Q2;liabilities_to_passives;Всего обязательства (баланс) / Всего пассивы;относительные;SQB INSURANCE SUG'URTA KOMPANIYASI AJ;SQB INSURANCE SUG`URTA KOMPANIYASI;0;7,71;;19;8,38;;17;;0,67;;%;71;Рэнкинг страховых компаний — II квартал 2026 (snsratings.uz).txt
2026-Q2;liabilities_to_passives;Всего обязательства (баланс) / Всего пассивы;относительные;EUROASIA INSURANCE AJ QK;EUROASIA INSURANCE;0;4,65;;26;6,95;;18;;2,3;;%;71;Рэнкинг страховых компаний — II квартал 2026 (snsratings.uz).txt
2026-Q2;liabilities_to_passives;Всего обязательства (баланс) / Всего пассивы;относительные;SEMURG SUG'URTA AJ QK;SEMURG INSURANCE;0;9,76;;15;6,18;;19;;-3,58;;%;71;Рэнкинг страховых компаний — II квартал 2026 (snsratings.uz).txt
2026-Q2;liabilities_to_passives;Всего обязательства (баланс) / Всего пассивы;относительные;IMKON SUG'URTA AJ;IMKON-SUG`URTA;0;18,3;;10;4,95;;20;;-13,35;;%;71;Рэнкинг страховых компаний — II квартал 2026 (snsratings.uz).txt
2026-Q2;liabilities_to_passives;Всего обязательства (баланс) / Всего пассивы;относительные;ALFA INVEST SUG'URTA KOMPANIYASI AJ;ALFA INVEST SUG`URTA KOMPANIYASI;0;33,8;;2;4,83;;21;;-28,97;;%;71;Рэнкинг страховых компаний — II квартал 2026 (snsratings.uz).txt
2026-Q2;liabilities_to_passives;Всего обязательства (баланс) / Всего пассивы;относительные;ISHONCH SUG'URTA KOMPANIYASI AJ;ISHONCH SUG`URTA KOMPANIYASI;0;5,81;;20;4,41;;22;;-1,4;;%;71;Рэнкинг страховых компаний — II квартал 2026 (snsratings.uz).txt
2026-Q2;liabilities_to_passives;Всего обязательства (баланс) / Всего пассивы;относительные;APEX LIFE INSURANCE AJ;APEX LIFE INSURANCE;1;11,14;;13;3,88;;23;;-7,26;;%;71;Рэнкинг страховых компаний — II квартал 2026 (snsratings.uz).txt
2026-Q2;liabilities_to_passives;Всего обязательства (баланс) / Всего пассивы;относительные;XALQ SUG'URTA AJ;XALQ SUG`URTA;0;5,45;;21;3,68;;24;;-1,77;;%;71;Рэнкинг страховых компаний — II квартал 2026 (snsratings.uz).txt
2026-Q2;liabilities_to_passives;Всего обязательства (баланс) / Всего пассивы;относительные;ALFA LIFE INSURANCE AJ;ALFA LIFE INSURANCE;1;5,32;;22;3,04;;25;;-2,28;;%;71;Рэнкинг страховых компаний — II квартал 2026 (snsratings.uz).txt
2026-Q2;liabilities_to_passives;Всего обязательства (баланс) / Всего пассивы;относительные;TBC SUG'URTA AJ;TBC SUG`URTA;1;4,76;;24;2,99;;26;;-1,77;;%;71;Рэнкинг страховых компаний — II квартал 2026 (snsratings.uz).txt
2026-Q2;liabilities_to_passives;Всего обязательства (баланс) / Всего пассивы;относительные;NEO INSURANCE CORP AJ;NEO INSURANCE CORP;0;4,67;;25;2,68;;27;;-1,99;;%;71;Рэнкинг страховых компаний — II квартал 2026 (snsratings.uz).txt
2026-Q2;liabilities_to_passives;Всего обязательства (баланс) / Всего пассивы;относительные;INFINITY INSURANCE AJ;INFINITY INSURANCE;0;2,94;;28;2,29;;28;;-0,65;;%;71;Рэнкинг страховых компаний — II квартал 2026 (snsratings.uz).txt
2026-Q2;liabilities_to_passives;Всего обязательства (баланс) / Всего пассивы;относительные;MY-INSURANCE AJ;MY-INSURANCE;0;2,19;;29;1,99;;29;;-0,2;;%;71;Рэнкинг страховых компаний — II квартал 2026 (snsratings.uz).txt
2026-Q2;liabilities_to_passives;Всего обязательства (баланс) / Всего пассивы;относительные;AGROS HAYOT AJ;AGROS HAYOT SUG`URTA KOMPANIYASI;1;2,05;;30;1,9;;30;;-0,15;;%;71;Рэнкинг страховых компаний — II квартал 2026 (snsratings.uz).txt
2026-Q2;liabilities_to_passives;Всего обязательства (баланс) / Всего пассивы;относительные;O'ZBEKINVEST HAYOT SUG'URTA KOMPANIYASI AJ;O`ZBEKINVEST HAYOT SUG`URTA KOMPANIYASI;1;1,52;;32;1,73;;31;;0,21;;%;71;Рэнкинг страховых компаний — II квартал 2026 (snsratings.uz).txt
2026-Q2;liabilities_to_passives;Всего обязательства (баланс) / Всего пассивы;относительные;MOSAIC INSURANCE GROUP AJ QK;MOSAIC INSURANCE GROUP;0;8,29;;16;1,66;;32;;-6,63;;%;71;Рэнкинг страховых компаний — II квартал 2026 (snsratings.uz).txt
2026-Q2;liabilities_to_passives;Всего обязательства (баланс) / Всего пассивы;относительные;ARIA SUG'URTA TASHKILOTI AJ;ARIA SUG`URTA TASHKILOTI;0;1,57;;31;1,07;;33;;-0,5;;%;71;Рэнкинг страховых компаний — II квартал 2026 (snsratings.uz).txt
2026-Q2;liabilities_to_passives;Всего обязательства (баланс) / Всего пассивы;относительные;HAMKOR SUG'URTA AJ;HAMKOR SUG`URTA;0;13,91;;12;0,73;;34;;-13,18;;%;71;Рэнкинг страховых компаний — II квартал 2026 (snsratings.uz).txt
2026-Q2;liabilities_to_passives;Всего обязательства (баланс) / Всего пассивы;относительные;KAFOLAT HAYOT INSURANCE AJ;KAFOLAT HAYOT INSURANCE;1;0,07;;34;0,53;;35;;0,46;;%;71;Рэнкинг страховых компаний — II квартал 2026 (snsratings.uz).txt
2026-Q2;liabilities_to_passives;Всего обязательства (баланс) / Всего пассивы;относительные;GLOBAL INSURANCE GROUP AJ;GLOBAL INSURANCE GROUP;0;0,86;;33;0,0;;36;;-0,86;;%;71;Рэнкинг страховых компаний — II квартал 2026 (snsratings.uz).txt
2026-Q2;reserves_net_to_passives;Страховые резервы, чистые / Всего пассивы;относительные;ВСЕГО;ВСЕГО;0;46,98;;;42,03;;;;-4,95;;%;72;Рэнкинг страховых компаний — II квартал 2026 (snsratings.uz).txt
2026-Q2;reserves_net_to_passives;Страховые резервы, чистые / Всего пассивы;относительные;MY-INSURANCE AJ;MY-INSURANCE;0;76,68;;1;74,96;;1;;-1,72;;%;72;Рэнкинг страховых компаний — II квартал 2026 (snsratings.uz).txt
2026-Q2;reserves_net_to_passives;Страховые резервы, чистые / Всего пассивы;относительные;ALFA INVEST SUG'URTA KOMPANIYASI AJ;ALFA INVEST SUG`URTA KOMPANIYASI;0;48,75;;17;71,9;;2;;23,15;;%;72;Рэнкинг страховых компаний — II квартал 2026 (snsratings.uz).txt
2026-Q2;reserves_net_to_passives;Страховые резервы, чистые / Всего пассивы;относительные;SQB INSURANCE SUG'URTA KOMPANIYASI AJ;SQB INSURANCE SUG`URTA KOMPANIYASI;0;63,44;;2;64,04;;3;;0,6;;%;72;Рэнкинг страховых компаний — II квартал 2026 (snsratings.uz).txt
2026-Q2;reserves_net_to_passives;Страховые резервы, чистые / Всего пассивы;относительные;ISHONCH SUG'URTA KOMPANIYASI AJ;ISHONCH SUG`URTA KOMPANIYASI;0;59,72;;9;62,62;;4;;2,9;;%;72;Рэнкинг страховых компаний — II квартал 2026 (snsratings.uz).txt
2026-Q2;reserves_net_to_passives;Страховые резервы, чистые / Всего пассивы;относительные;GROSS SUG'URTA KOMPANIYASI AJ;GROSS SUG`URTA KOMPANIYASI;0;60,12;;7;61,77;;5;;1,65;;%;72;Рэнкинг страховых компаний — II квартал 2026 (snsratings.uz).txt
2026-Q2;reserves_net_to_passives;Страховые резервы, чистые / Всего пассивы;относительные;XALQ SUG'URTA AJ;XALQ SUG`URTA;0;60,22;;6;60,68;;6;;0,46;;%;72;Рэнкинг страховых компаний — II квартал 2026 (snsratings.uz).txt
2026-Q2;reserves_net_to_passives;Страховые резервы, чистые / Всего пассивы;относительные;ARIA SUG'URTA TASHKILOTI AJ;ARIA SUG`URTA TASHKILOTI;0;59,45;;11;59,58;;7;;0,13;;%;72;Рэнкинг страховых компаний — II квартал 2026 (snsratings.uz).txt
2026-Q2;reserves_net_to_passives;Страховые резервы, чистые / Всего пассивы;относительные;APEX LIFE INSURANCE AJ;APEX LIFE INSURANCE;1;32,79;;31;58,23;;8;;25,44;;%;72;Рэнкинг страховых компаний — II квартал 2026 (snsratings.uz).txt
2026-Q2;reserves_net_to_passives;Страховые резервы, чистые / Всего пассивы;относительные;INFINITY INSURANCE AJ;INFINITY INSURANCE;0;46,4;;19;57,25;;9;;10,85;;%;72;Рэнкинг страховых компаний — II квартал 2026 (snsratings.uz).txt
2026-Q2;reserves_net_to_passives;Страховые резервы, чистые / Всего пассивы;относительные;IMKON SUG'URTA AJ;IMKON-SUG`URTA;0;53,25;;13;55,24;;10;;1,99;;%;72;Рэнкинг страховых компаний — II квартал 2026 (snsratings.uz).txt
2026-Q2;reserves_net_to_passives;Страховые резервы, чистые / Всего пассивы;относительные;INSON AJ;INSON;0;61,53;;3;55,0;;11;;-6,53;;%;72;Рэнкинг страховых компаний — II квартал 2026 (snsratings.uz).txt
2026-Q2;reserves_net_to_passives;Страховые резервы, чистые / Всего пассивы;относительные;ALSKOM AJ;ALSKOM SUG`URTA KOMPANIYASI;0;60,44;;5;53,11;;12;;-7,33;;%;72;Рэнкинг страховых компаний — II квартал 2026 (snsratings.uz).txt
2026-Q2;reserves_net_to_passives;Страховые резервы, чистые / Всего пассивы;относительные;KAFOLAT HAYOT INSURANCE AJ;KAFOLAT HAYOT INSURANCE;1;50,94;;15;51,35;;13;;0,41;;%;72;Рэнкинг страховых компаний — II квартал 2026 (snsratings.uz).txt
2026-Q2;reserves_net_to_passives;Страховые резервы, чистые / Всего пассивы;относительные;KAFIL SUG'URTA AJ;KAFIL-SUG`URTA;0;47,19;;18;50,8;;14;;3,61;;%;72;Рэнкинг страховых компаний — II квартал 2026 (snsratings.uz).txt
2026-Q2;reserves_net_to_passives;Страховые резервы, чистые / Всего пассивы;относительные;NEO INSURANCE CORP AJ;NEO INSURANCE CORP;0;45,63;;20;50,68;;15;;5,05;;%;72;Рэнкинг страховых компаний — II квартал 2026 (snsratings.uz).txt
2026-Q2;reserves_net_to_passives;Страховые резервы, чистые / Всего пассивы;относительные;KAFOLAT SUG'URTA KOMPANIYASI AJ;KAFOLAT SUG`URTA KOMPANIYASI;0;29,25;;33;46,6;;16;;17,35;;%;72;Рэнкинг страховых компаний — II квартал 2026 (snsratings.uz).txt
2026-Q2;reserves_net_to_passives;Страховые резервы, чистые / Всего пассивы;относительные;QUANTUM INSURANCE AJ;QUANTUM INSURANCE;0;36,08;;30;44,07;;17;;7,99;;%;72;Рэнкинг страховых компаний — II квартал 2026 (snsratings.uz).txt
2026-Q2;reserves_net_to_passives;Страховые резервы, чистые / Всего пассивы;относительные;ALFA LIFE INSURANCE AJ;ALFA LIFE INSURANCE;1;36,65;;29;42,94;;18;;6,29;;%;72;Рэнкинг страховых компаний — II квартал 2026 (snsratings.uz).txt
2026-Q2;reserves_net_to_passives;Страховые резервы, чистые / Всего пассивы;относительные;SEMURG SUG'URTA AJ QK;SEMURG INSURANCE;0;52,31;;14;42,87;;19;;-9,44;;%;72;Рэнкинг страховых компаний — II квартал 2026 (snsratings.uz).txt
2026-Q2;reserves_net_to_passives;Страховые резервы, чистые / Всего пассивы;относительные;TBC SUG'URTA AJ;TBC SUG`URTA;1;43,34;;22;41,04;;20;;-2,3;;%;72;Рэнкинг страховых компаний — II квартал 2026 (snsratings.uz).txt
2026-Q2;reserves_net_to_passives;Страховые резервы, чистые / Всего пассивы;относительные;TRUST-INSURANCE AJ;TRUST-INSURANCE;0;54,77;;12;38,83;;21;;-15,94;;%;72;Рэнкинг страховых компаний — II квартал 2026 (snsratings.uz).txt
2026-Q2;reserves_net_to_passives;Страховые резервы, чистые / Всего пассивы;относительные;HAMKOR SUG'URTA AJ;HAMKOR SUG`URTA;0;37,28;;27;38,18;;22;;0,9;;%;72;Рэнкинг страховых компаний — II квартал 2026 (snsratings.uz).txt
2026-Q2;reserves_net_to_passives;Страховые резервы, чистые / Всего пассивы;относительные;MOSAIC INSURANCE GROUP AJ QK;MOSAIC INSURANCE GROUP;0;40,93;;25;38,15;;23;;-2,78;;%;72;Рэнкинг страховых компаний — II квартал 2026 (snsratings.uz).txt
2026-Q2;reserves_net_to_passives;Страховые резервы, чистые / Всего пассивы;относительные;O'ZBEKINVEST EISK AJ;O`ZBEKINVEST;0;45,55;;21;35,07;;24;;-10,48;;%;72;Рэнкинг страховых компаний — II квартал 2026 (snsratings.uz).txt
2026-Q2;reserves_net_to_passives;Страховые резервы, чистые / Всего пассивы;относительные;KAPITAL SUG'URTA AJ;KAPITAL SUG`URTA;0;50,93;;16;34,79;;25;;-16,14;;%;72;Рэнкинг страховых компаний — II квартал 2026 (snsratings.uz).txt
2026-Q2;reserves_net_to_passives;Страховые резервы, чистые / Всего пассивы;относительные;TEMIRYO'L SUG'URTA AJ;TEMIRYO`L SUG`URTA;0;37,68;;26;34,74;;26;;-2,94;;%;72;Рэнкинг страховых компаний — II квартал 2026 (snsratings.uz).txt
2026-Q2;reserves_net_to_passives;Страховые резервы, чистые / Всего пассивы;относительные;IMPEX-INSURANCE AJ;IMPEX-INSURANCE;0;30,62;;32;33,95;;27;;3,33;;%;72;Рэнкинг страховых компаний — II квартал 2026 (snsratings.uz).txt
2026-Q2;reserves_net_to_passives;Страховые резервы, чистые / Всего пассивы;относительные;EUROASIA INSURANCE AJ QK;EUROASIA INSURANCE;0;61,16;;4;33,41;;28;;-27,75;;%;72;Рэнкинг страховых компаний — II квартал 2026 (snsratings.uz).txt
2026-Q2;reserves_net_to_passives;Страховые резервы, чистые / Всего пассивы;относительные;O'ZAGROSUG'URTA AJ;O`ZAGROSUG`URTA;0;37,05;;28;31,43;;29;;-5,62;;%;72;Рэнкинг страховых компаний — II квартал 2026 (snsratings.uz).txt
2026-Q2;reserves_net_to_passives;Страховые резервы, чистые / Всего пассивы;относительные;PRESTIGE INSURANCE AJ;PRESTIGE INSURANCE;1;0,0;;35;31,31;;30;;31,31;;%;72;Рэнкинг страховых компаний — II квартал 2026 (snsratings.uz).txt
2026-Q2;reserves_net_to_passives;Страховые резервы, чистые / Всего пассивы;относительные;O'ZBEKINVEST HAYOT SUG'URTA KOMPANIYASI AJ;O`ZBEKINVEST HAYOT SUG`URTA KOMPANIYASI;1;43,23;;23;30,29;;31;;-12,94;;%;72;Рэнкинг страховых компаний — II квартал 2026 (snsratings.uz).txt
2026-Q2;reserves_net_to_passives;Страховые резервы, чистые / Всего пассивы;относительные;ASIA INSURANCE SUG'URTA KOMPANIYASI AJ;ASIA INSURANCE SUG`URTA KOMPANIYASI;0;59,55;;10;30,09;;32;;-29,46;;%;72;Рэнкинг страховых компаний — II квартал 2026 (snsratings.uz).txt
2026-Q2;reserves_net_to_passives;Страховые резервы, чистые / Всего пассивы;относительные;APEX INSURANCE AJ;APEX INSURANCE;0;41,06;;24;29,55;;33;;-11,51;;%;72;Рэнкинг страховых компаний — II квартал 2026 (snsratings.uz).txt
2026-Q2;reserves_net_to_passives;Страховые резервы, чистые / Всего пассивы;относительные;AGROS HAYOT AJ;AGROS HAYOT SUG`URTA KOMPANIYASI;1;28,66;;34;22,12;;34;;-6,54;;%;72;Рэнкинг страховых компаний — II квартал 2026 (snsratings.uz).txt
2026-Q2;reserves_net_to_passives;Страховые резервы, чистые / Всего пассивы;относительные;O'ZBEKISTON QAYTA SUG'URTA KOMPANIYASI MQST AJ;O`ZBEKISTON QAYTA SUG`URTA KOMPANIYASI;0;0,0;;35;3,6;;35;;3,6;;%;72;Рэнкинг страховых компаний — II квартал 2026 (snsratings.uz).txt
2026-Q2;reserves_net_to_passives;Страховые резервы, чистые / Всего пассивы;относительные;GLOBAL INSURANCE GROUP AJ;GLOBAL INSURANCE GROUP;0;59,94;;8;0,0;;36;;-59,94;;%;72;Рэнкинг страховых компаний — II квартал 2026 (snsratings.uz).txt
2026-Q2;reserves_to_capital;Страховые резервы, чистые / Совокупный капитал;относительные;ВСЕГО;ВСЕГО;0;141,12;;;118,67;;;;-22,45;;%;73;Рэнкинг страховых компаний — II квартал 2026 (snsratings.uz).txt
2026-Q2;reserves_to_capital;Страховые резервы, чистые / Совокупный капитал;относительные;XALQ SUG'URTA AJ;XALQ SUG`URTA;0;175,42;;1;170,22;;1;;-5,2;;%;73;Рэнкинг страховых компаний — II квартал 2026 (snsratings.uz).txt
2026-Q2;reserves_to_capital;Страховые резервы, чистые / Совокупный капитал;относительные;ISHONCH SUG'URTA KOMPANIYASI AJ;ISHONCH SUG`URTA KOMPANIYASI;0;173,26;;2;189,96;;2;;16,7;;%;73;Рэнкинг страховых компаний — II квартал 2026 (snsratings.uz).txt
2026-Q2;reserves_to_capital;Страховые резервы, чистые / Совокупный капитал;относительные;INSON AJ;INSON;0;184,16;;4;157,56;;3;;-26,6;;%;73;Рэнкинг страховых компаний — II квартал 2026 (snsratings.uz).txt
2026-Q2;reserves_to_capital;Страховые резервы, чистые / Совокупный капитал;относительные;APEX LIFE INSURANCE AJ;APEX LIFE INSURANCE;1;58,47;;32;153,69;;4;;95,22;;%;73;Рэнкинг страховых компаний — II квартал 2026 (snsratings.uz).txt
2026-Q2;reserves_to_capital;Страховые резервы, чистые / Совокупный капитал;относительные;ARIA SUG'URTA TASHKILOTI AJ;ARIA SUG`URTA TASHKILOTI;0;152,5;;8;151,45;;5;;-1,05;;%;73;Рэнкинг страховых компаний — II квартал 2026 (snsratings.uz).txt
2026-Q2;reserves_to_capital;Страховые резервы, чистые / Совокупный капитал;относительные;ALSKOM AJ;ALSKOM SUG`URTA KOMPANIYASI;0;203,09;;9;202,72;;6;;-0,37;;%;73;Рэнкинг страховых компаний — II квартал 2026 (snsratings.uz).txt
2026-Q2;reserves_to_capital;Страховые резервы, чистые / Совокупный капитал;относительные;INFINITY INSURANCE AJ;INFINITY INSURANCE;0;91,58;;21;141,46;;7;;49,88;;%;73;Рэнкинг страховых компаний — II квартал 2026 (snsratings.uz).txt
2026-Q2;reserves_to_capital;Страховые резервы, чистые / Совокупный капитал;относительные;KAFIL SUG'URTA AJ;KAFIL-SUG`URTA;0;141,65;;11;139,9;;8;;-1,75;;%;73;Рэнкинг страховых компаний — II квартал 2026 (snsratings.uz).txt
2026-Q2;reserves_to_capital;Страховые резервы, чистые / Совокупный капитал;относительные;IMKON SUG'URTA AJ;IMKON-SUG`URTA;0;187,14;;6;138,78;;9;;-48,36;;%;73;Рэнкинг страховых компаний — II квартал 2026 (snsratings.uz).txt
2026-Q2;reserves_to_capital;Страховые резервы, чистые / Совокупный капитал;относительные;KAFOLAT SUG'URTA KOMPANIYASI AJ;KAFOLAT SUG`URTA KOMPANIYASI;0;81,09;;23;129,51;;10;;48,42;;%;73;Рэнкинг страховых компаний — II квартал 2026 (snsratings.uz).txt
2026-Q2;reserves_to_capital;Страховые резервы, чистые / Совокупный капитал;относительные;KAPITAL SUG'URTA AJ;KAPITAL SUG`URTA;0;221,65;;15;128,92;;11;;-92,73;;%;73;Рэнкинг страховых компаний — II квартал 2026 (snsratings.uz).txt
2026-Q2;reserves_to_capital;Страховые резервы, чистые / Совокупный капитал;относительные;SQB INSURANCE SUG'URTA KOMPANIYASI AJ;SQB INSURANCE SUG`URTA KOMPANIYASI;0;219,94;;14;232,18;;12;;12,24;;%;73;Рэнкинг страховых компаний — II квартал 2026 (snsratings.uz).txt
2026-Q2;reserves_to_capital;Страховые резервы, чистые / Совокупный капитал;относительные;PRESTIGE INSURANCE AJ;PRESTIGE INSURANCE;1;0,0;;34;116,98;;13;;116,98;;%;73;Рэнкинг страховых компаний — II квартал 2026 (snsratings.uz).txt
2026-Q2;reserves_to_capital;Страховые резервы, чистые / Совокупный капитал;относительные;GROSS SUG'URTA KOMPANIYASI AJ;GROSS SUG`URTA KOMPANIYASI;0;288,83;;31;240,62;;14;;-48,21;;%;73;Рэнкинг страховых компаний — II квартал 2026 (snsratings.uz).txt
2026-Q2;reserves_to_capital;Страховые резервы, чистые / Совокупный капитал;относительные;TRUST-INSURANCE AJ;TRUST-INSURANCE;0;133,97;;13;109,08;;15;;-24,89;;%;73;Рэнкинг страховых компаний — II квартал 2026 (snsratings.uz).txt
2026-Q2;reserves_to_capital;Страховые резервы, чистые / Совокупный капитал;относительные;NEO INSURANCE CORP AJ;NEO INSURANCE CORP;0;91,82;;20;108,68;;16;;16,86;;%;73;Рэнкинг страховых компаний — II квартал 2026 (snsratings.uz).txt
2026-Q2;reserves_to_capital;Страховые резервы, чистые / Совокупный капитал;относительные;KAFOLAT HAYOT INSURANCE AJ;KAFOLAT HAYOT INSURANCE;1;104,0;;18;106,74;;17;;2,74;;%;73;Рэнкинг страховых компаний — II квартал 2026 (snsratings.uz).txt
2026-Q2;reserves_to_capital;Страховые резервы, чистые / Совокупный капитал;относительные;O'ZBEKINVEST EISK AJ;O`ZBEKINVEST;0;123,14;;16;105,41;;18;;-17,73;;%;73;Рэнкинг страховых компаний — II квартал 2026 (snsratings.uz).txt
2026-Q2;reserves_to_capital;Страховые резервы, чистые / Совокупный капитал;относительные;APEX INSURANCE AJ;APEX INSURANCE;0;145,37;;10;97,17;;19;;-48,2;;%;73;Рэнкинг страховых компаний — II квартал 2026 (snsratings.uz).txt
2026-Q2;reserves_to_capital;Страховые резервы, чистые / Совокупный капитал;относительные;QUANTUM INSURANCE AJ;QUANTUM INSURANCE;0;64,37;;29;93,29;;20;;28,92;;%;73;Рэнкинг страховых компаний — II квартал 2026 (snsratings.uz).txt
2026-Q2;reserves_to_capital;Страховые резервы, чистые / Совокупный капитал;относительные;ASIA INSURANCE SUG'URTA KOMPANIYASI AJ;ASIA INSURANCE SUG`URTA KOMPANIYASI;0;184,81;;5;91,55;;21;;-93,26;;%;73;Рэнкинг страховых компаний — II квартал 2026 (snsratings.uz).txt
2026-Q2;reserves_to_capital;Страховые резервы, чистые / Совокупный капитал;относительные;TEMIRYO'L SUG'URTA AJ;TEMIRYO`L SUG`URTA;0;92,52;;19;90,36;;22;;-2,16;;%;73;Рэнкинг страховых компаний — II квартал 2026 (snsratings.uz).txt
2026-Q2;reserves_to_capital;Страховые резервы, чистые / Совокупный капитал;относительные;IMPEX-INSURANCE AJ;IMPEX-INSURANCE;0;66,63;;28;88,7;;23;;22,07;;%;73;Рэнкинг страховых компаний — II квартал 2026 (snsratings.uz).txt
2026-Q2;reserves_to_capital;Страховые резервы, чистые / Совокупный капитал;относительные;SEMURG SUG'URTA AJ QK;SEMURG INSURANCE;0;137,92;;12;84,13;;24;;-53,79;;%;73;Рэнкинг страховых компаний — II квартал 2026 (snsratings.uz).txt
2026-Q2;reserves_to_capital;Страховые резервы, чистые / Совокупный капитал;относительные;ALFA LIFE INSURANCE AJ;ALFA LIFE INSURANCE;1;63,15;;30;79,48;;25;;16,33;;%;73;Рэнкинг страховых компаний — II квартал 2026 (snsratings.uz).txt
2026-Q2;reserves_to_capital;Страховые резервы, чистые / Совокупный капитал;относительные;TBC SUG'URTA AJ;TBC SUG`URTA;1;83,49;;22;73,32;;26;;-10,17;;%;73;Рэнкинг страховых компаний — II квартал 2026 (snsratings.uz).txt
2026-Q2;reserves_to_capital;Страховые резервы, чистые / Совокупный капитал;относительные;O'ZAGROSUG'URTA AJ;O`ZAGROSUG`URTA;0;109,4;;17;70,79;;27;;-38,61;;%;73;Рэнкинг страховых компаний — II квартал 2026 (snsratings.uz).txt
2026-Q2;reserves_to_capital;Страховые резервы, чистые / Совокупный капитал;относительные;MOSAIC INSURANCE GROUP AJ QK;MOSAIC INSURANCE GROUP;0;80,62;;24;63,37;;28;;-17,25;;%;73;Рэнкинг страховых компаний — II квартал 2026 (snsratings.uz).txt
2026-Q2;reserves_to_capital;Страховые резервы, чистые / Совокупный капитал;относительные;HAMKOR SUG'URTA AJ;HAMKOR SUG`URTA;0;76,37;;26;62,5;;29;;-13,87;;%;73;Рэнкинг страховых компаний — II квартал 2026 (snsratings.uz).txt
2026-Q2;reserves_to_capital;Страховые резервы, чистые / Совокупный капитал;относительные;EUROASIA INSURANCE AJ QK;EUROASIA INSURANCE;0;178,87;;3;56,01;;30;;-122,86;;%;73;Рэнкинг страховых компаний — II квартал 2026 (snsratings.uz).txt
2026-Q2;reserves_to_capital;Страховые резервы, чистые / Совокупный капитал;относительные;O'ZBEKINVEST HAYOT SUG'URTA KOMPANIYASI AJ;O`ZBEKINVEST HAYOT SUG`URTA KOMPANIYASI;1;78,23;;25;44,55;;31;;-33,68;;%;73;Рэнкинг страховых компаний — II квартал 2026 (snsratings.uz).txt
2026-Q2;reserves_to_capital;Страховые резервы, чистые / Совокупный капитал;относительные;ALFA INVEST SUG'URTA KOMPANIYASI AJ;ALFA INVEST SUG`URTA KOMPANIYASI;0;279,53;;27;309,12;;32;;29,59;;%;73;Рэнкинг страховых компаний — II квартал 2026 (snsratings.uz).txt
2026-Q2;reserves_to_capital;Страховые резервы, чистые / Совокупный капитал;относительные;AGROS HAYOT AJ;AGROS HAYOT SUG`URTA KOMPANIYASI;1;41,36;;33;29,11;;33;;-12,25;;%;73;Рэнкинг страховых компаний — II квартал 2026 (snsratings.uz).txt
2026-Q2;reserves_to_capital;Страховые резервы, чистые / Совокупный капитал;относительные;MY-INSURANCE AJ;MY-INSURANCE;0;363,02;;36;325,16;;34;;-37,86;;%;73;Рэнкинг страховых компаний — II квартал 2026 (snsratings.uz).txt
2026-Q2;reserves_to_capital;Страховые резервы, чистые / Совокупный капитал;относительные;O'ZBEKISTON QAYTA SUG'URTA KOMPANIYASI MQST AJ;O`ZBEKISTON QAYTA SUG`URTA KOMPANIYASI;0;0,0;;34;5,41;;35;;5,41;;%;73;Рэнкинг страховых компаний — II квартал 2026 (snsratings.uz).txt
2026-Q2;reserves_to_capital;Страховые резервы, чистые / Совокупный капитал;относительные;GLOBAL INSURANCE GROUP AJ;GLOBAL INSURANCE GROUP;0;152,91;;7;0,0;;36;;-152,91;;%;73;Рэнкинг страховых компаний — II квартал 2026 (snsratings.uz).txt
2026-Q2;reserves_gross_to_premiums;Страховые резервы, брутто / Всего премии, брутто;относительные;ВСЕГО;ВСЕГО;0;150,07;;;144,74;;;;-5,33;;%;74;Рэнкинг страховых компаний — II квартал 2026 (snsratings.uz).txt
2026-Q2;reserves_gross_to_premiums;Страховые резервы, брутто / Всего премии, брутто;относительные;AGROS HAYOT AJ;AGROS HAYOT SUG`URTA KOMPANIYASI;1;484,42;;4;1218,3;;1;;733,88;;%;74;Рэнкинг страховых компаний — II квартал 2026 (snsratings.uz).txt
2026-Q2;reserves_gross_to_premiums;Страховые резервы, брутто / Всего премии, брутто;относительные;KAFOLAT HAYOT INSURANCE AJ;KAFOLAT HAYOT INSURANCE;1;358,24;;7;666,01;;2;;307,77;;%;74;Рэнкинг страховых компаний — II квартал 2026 (snsratings.uz).txt
2026-Q2;reserves_gross_to_premiums;Страховые резервы, брутто / Всего премии, брутто;относительные;XALQ SUG'URTA AJ;XALQ SUG`URTA;0;632,75;;2;599,18;;3;;-33,57;;%;74;Рэнкинг страховых компаний — II квартал 2026 (snsratings.uz).txt
2026-Q2;reserves_gross_to_premiums;Страховые резервы, брутто / Всего премии, брутто;относительные;SEMURG SUG'URTA AJ QK;SEMURG INSURANCE;0;135,44;;20;453,54;;4;;318,1;;%;74;Рэнкинг страховых компаний — II квартал 2026 (snsratings.uz).txt
2026-Q2;reserves_gross_to_premiums;Страховые резервы, брутто / Всего премии, брутто;относительные;O'ZBEKINVEST HAYOT SUG'URTA KOMPANIYASI AJ;O`ZBEKINVEST HAYOT SUG`URTA KOMPANIYASI;1;483,84;;5;381,91;;5;;-101,93;;%;74;Рэнкинг страховых компаний — II квартал 2026 (snsratings.uz).txt
2026-Q2;reserves_gross_to_premiums;Страховые резервы, брутто / Всего премии, брутто;относительные;IMKON SUG'URTA AJ;IMKON-SUG`URTA;0;1076,52;;1;352,62;;6;;-723,9;;%;74;Рэнкинг страховых компаний — II квартал 2026 (snsratings.uz).txt
2026-Q2;reserves_gross_to_premiums;Страховые резервы, брутто / Всего премии, брутто;относительные;HAMKOR SUG'URTA AJ;HAMKOR SUG`URTA;0;492,81;;3;341,71;;7;;-151,1;;%;74;Рэнкинг страховых компаний — II квартал 2026 (snsratings.uz).txt
2026-Q2;reserves_gross_to_premiums;Страховые резервы, брутто / Всего премии, брутто;относительные;SQB INSURANCE SUG'URTA KOMPANIYASI AJ;SQB INSURANCE SUG`URTA KOMPANIYASI;0;380,24;;6;292,8;;8;;-87,44;;%;74;Рэнкинг страховых компаний — II квартал 2026 (snsratings.uz).txt
2026-Q2;reserves_gross_to_premiums;Страховые резервы, брутто / Всего премии, брутто;относительные;ISHONCH SUG'URTA KOMPANIYASI AJ;ISHONCH SUG`URTA KOMPANIYASI;0;195,91;;13;276,58;;9;;80,67;;%;74;Рэнкинг страховых компаний — II квартал 2026 (snsratings.uz).txt
2026-Q2;reserves_gross_to_premiums;Страховые резервы, брутто / Всего премии, брутто;относительные;O'ZAGROSUG'URTA AJ;O`ZAGROSUG`URTA;0;146,1;;18;275,97;;10;;129,87;;%;74;Рэнкинг страховых компаний — II квартал 2026 (snsratings.uz).txt
2026-Q2;reserves_gross_to_premiums;Страховые резервы, брутто / Всего премии, брутто;относительные;QUANTUM INSURANCE AJ;QUANTUM INSURANCE;0;189,24;;14;267,11;;11;;77,87;;%;74;Рэнкинг страховых компаний — II квартал 2026 (snsratings.uz).txt
2026-Q2;reserves_gross_to_premiums;Страховые резервы, брутто / Всего премии, брутто;относительные;ALFA INVEST SUG'URTA KOMPANIYASI AJ;ALFA INVEST SUG`URTA KOMPANIYASI;0;197,43;;12;227,14;;12;;29,71;;%;74;Рэнкинг страховых компаний — II квартал 2026 (snsratings.uz).txt
2026-Q2;reserves_gross_to_premiums;Страховые резервы, брутто / Всего премии, брутто;относительные;MOSAIC INSURANCE GROUP AJ QK;MOSAIC INSURANCE GROUP;0;292,02;;9;221,2;;13;;-70,82;;%;74;Рэнкинг страховых компаний — II квартал 2026 (snsratings.uz).txt
2026-Q2;reserves_gross_to_premiums;Страховые резервы, брутто / Всего премии, брутто;относительные;O'ZBEKINVEST EISK AJ;O`ZBEKINVEST;0;284,12;;11;213,74;;14;;-70,38;;%;74;Рэнкинг страховых компаний — II квартал 2026 (snsratings.uz).txt
2026-Q2;reserves_gross_to_premiums;Страховые резервы, брутто / Всего премии, брутто;относительные;ARIA SUG'URTA TASHKILOTI AJ;ARIA SUG`URTA TASHKILOTI;0;174,21;;15;184,92;;15;;10,71;;%;74;Рэнкинг страховых компаний — II квартал 2026 (snsratings.uz).txt
2026-Q2;reserves_gross_to_premiums;Страховые резервы, брутто / Всего премии, брутто;относительные;INFINITY INSURANCE AJ;INFINITY INSURANCE;0;286,13;;10;173,86;;16;;-112,27;;%;74;Рэнкинг страховых компаний — II квартал 2026 (snsratings.uz).txt
2026-Q2;reserves_gross_to_premiums;Страховые резервы, брутто / Всего премии, брутто;относительные;TBC SUG'URTA AJ;TBC SUG`URTA;1;67,82;;31;158,54;;17;;90,72;;%;74;Рэнкинг страховых компаний — II квартал 2026 (snsratings.uz).txt
2026-Q2;reserves_gross_to_premiums;Страховые резервы, брутто / Всего премии, брутто;относительные;TEMIRYO'L SUG'URTA AJ;TEMIRYO`L SUG`URTA;0;109,45;;28;157,03;;18;;47,58;;%;74;Рэнкинг страховых компаний — II квартал 2026 (snsratings.uz).txt
2026-Q2;reserves_gross_to_premiums;Страховые резервы, брутто / Всего премии, брутто;относительные;INSON AJ;INSON;0;155,61;;16;155,75;;19;;0,14;;%;74;Рэнкинг страховых компаний — II квартал 2026 (snsratings.uz).txt
2026-Q2;reserves_gross_to_premiums;Страховые резервы, брутто / Всего премии, брутто;относительные;KAFOLAT SUG'URTA KOMPANIYASI AJ;KAFOLAT SUG`URTA KOMPANIYASI;0;312,5;;8;135,84;;20;;-176,66;;%;74;Рэнкинг страховых компаний — II квартал 2026 (snsratings.uz).txt
2026-Q2;reserves_gross_to_premiums;Страховые резервы, брутто / Всего премии, брутто;относительные;ALFA LIFE INSURANCE AJ;ALFA LIFE INSURANCE;1;143,52;;19;135,79;;21;;-7,73;;%;74;Рэнкинг страховых компаний — II квартал 2026 (snsratings.uz).txt
2026-Q2;reserves_gross_to_premiums;Страховые резервы, брутто / Всего премии, брутто;относительные;APEX INSURANCE AJ;APEX INSURANCE;0;93,08;;30;127,95;;22;;34,87;;%;74;Рэнкинг страховых компаний — II квартал 2026 (snsratings.uz).txt
2026-Q2;reserves_gross_to_premiums;Страховые резервы, брутто / Всего премии, брутто;относительные;NEO INSURANCE CORP AJ;NEO INSURANCE CORP;0;116,07;;25;118,39;;23;;2,32;;%;74;Рэнкинг страховых компаний — II квартал 2026 (snsratings.uz).txt
2026-Q2;reserves_gross_to_premiums;Страховые резервы, брутто / Всего премии, брутто;относительные;EUROASIA INSURANCE AJ QK;EUROASIA INSURANCE;0;130,26;;21;118,35;;24;;-11,91;;%;74;Рэнкинг страховых компаний — II квартал 2026 (snsratings.uz).txt
2026-Q2;reserves_gross_to_premiums;Страховые резервы, брутто / Всего премии, брутто;относительные;MY-INSURANCE AJ;MY-INSURANCE;0;113,03;;27;117,56;;25;;4,53;;%;74;Рэнкинг страховых компаний — II квартал 2026 (snsratings.uz).txt
2026-Q2;reserves_gross_to_premiums;Страховые резервы, брутто / Всего премии, брутто;относительные;GROSS SUG'URTA KOMPANIYASI AJ;GROSS SUG`URTA KOMPANIYASI;0;116,24;;24;116,22;;26;;-0,02;;%;74;Рэнкинг страховых компаний — II квартал 2026 (snsratings.uz).txt
2026-Q2;reserves_gross_to_premiums;Страховые резервы, брутто / Всего премии, брутто;относительные;ALSKOM AJ;ALSKOM SUG`URTA KOMPANIYASI;0;126,18;;22;113,37;;27;;-12,81;;%;74;Рэнкинг страховых компаний — II квартал 2026 (snsratings.uz).txt
2026-Q2;reserves_gross_to_premiums;Страховые резервы, брутто / Всего премии, брутто;относительные;KAFIL SUG'URTA AJ;KAFIL-SUG`URTA;0;95,99;;29;99,83;;28;;3,84;;%;74;Рэнкинг страховых компаний — II квартал 2026 (snsratings.uz).txt
2026-Q2;reserves_gross_to_premiums;Страховые резервы, брутто / Всего премии, брутто;относительные;ASIA INSURANCE SUG'URTA KOMPANIYASI AJ;ASIA INSURANCE SUG`URTA KOMPANIYASI;0;146,22;;17;98,72;;29;;-47,5;;%;74;Рэнкинг страховых компаний — II квартал 2026 (snsratings.uz).txt
2026-Q2;reserves_gross_to_premiums;Страховые резервы, брутто / Всего премии, брутто;относительные;APEX LIFE INSURANCE AJ;APEX LIFE INSURANCE;1;65,75;;32;95,34;;30;;29,59;;%;74;Рэнкинг страховых компаний — II квартал 2026 (snsratings.uz).txt
2026-Q2;reserves_gross_to_premiums;Страховые резервы, брутто / Всего премии, брутто;относительные;O'ZBEKISTON QAYTA SUG'URTA KOMPANIYASI MQST AJ;O`ZBEKISTON QAYTA SUG`URTA KOMPANIYASI;0;0,0;;35;81,47;;31;;81,47;;%;74;Рэнкинг страховых компаний — II квартал 2026 (snsratings.uz).txt
2026-Q2;reserves_gross_to_premiums;Страховые резервы, брутто / Всего премии, брутто;относительные;PRESTIGE INSURANCE AJ;PRESTIGE INSURANCE;1;0,0;;35;79,24;;32;;79,24;;%;74;Рэнкинг страховых компаний — II квартал 2026 (snsratings.uz).txt
2026-Q2;reserves_gross_to_premiums;Страховые резервы, брутто / Всего премии, брутто;относительные;IMPEX-INSURANCE AJ;IMPEX-INSURANCE;0;41,72;;34;74,49;;33;;32,77;;%;74;Рэнкинг страховых компаний — II квартал 2026 (snsratings.uz).txt
2026-Q2;reserves_gross_to_premiums;Страховые резервы, брутто / Всего премии, брутто;относительные;KAPITAL SUG'URTA AJ;KAPITAL SUG`URTA;0;114,07;;26;70,4;;34;;-43,67;;%;74;Рэнкинг страховых компаний — II квартал 2026 (snsratings.uz).txt
2026-Q2;reserves_gross_to_premiums;Страховые резервы, брутто / Всего премии, брутто;относительные;TRUST-INSURANCE AJ;TRUST-INSURANCE;0;62,11;;33;69,66;;35;;7,55;;%;74;Рэнкинг страховых компаний — II квартал 2026 (snsratings.uz).txt
2026-Q2;reserves_gross_to_premiums;Страховые резервы, брутто / Всего премии, брутто;относительные;GLOBAL INSURANCE GROUP AJ;GLOBAL INSURANCE GROUP;0;118,98;;23;0,0;;36;;-118,98;;%;74;Рэнкинг страховых компаний — II квартал 2026 (snsratings.uz).txt
2026-Q2;reserves_net_to_net_premiums;Страховые резервы, чистые / Собранные премии, нетто;относительные;ВСЕГО;ВСЕГО;0;160,22;;;121,4;;;;-38,82;;%;75;Рэнкинг страховых компаний — II квартал 2026 (snsratings.uz).txt
2026-Q2;reserves_net_to_net_premiums;Страховые резервы, чистые / Собранные премии, нетто;относительные;AGROS HAYOT AJ;AGROS HAYOT SUG`URTA KOMPANIYASI;1;484,42;;5;1218,3;;1;;733,88;;%;75;Рэнкинг страховых компаний — II квартал 2026 (snsratings.uz).txt
2026-Q2;reserves_net_to_net_premiums;Страховые резервы, чистые / Собранные премии, нетто;относительные;KAFOLAT HAYOT INSURANCE AJ;KAFOLAT HAYOT INSURANCE;1;357,75;;8;666,01;;2;;308,26;;%;75;Рэнкинг страховых компаний — II квартал 2026 (snsratings.uz).txt
2026-Q2;reserves_net_to_net_premiums;Страховые резервы, чистые / Собранные премии, нетто;относительные;XALQ SUG'URTA AJ;XALQ SUG`URTA;0;631,04;;3;597,48;;3;;-33,56;;%;75;Рэнкинг страховых компаний — II квартал 2026 (snsratings.uz).txt
2026-Q2;reserves_net_to_net_premiums;Страховые резервы, чистые / Собранные премии, нетто;относительные;SEMURG SUG'URTA AJ QK;SEMURG INSURANCE;0;161,81;;16;455,01;;4;;293,2;;%;75;Рэнкинг страховых компаний — II квартал 2026 (snsratings.uz).txt
2026-Q2;reserves_net_to_net_premiums;Страховые резервы, чистые / Собранные премии, нетто;относительные;O'ZBEKINVEST HAYOT SUG'URTA KOMPANIYASI AJ;O`ZBEKINVEST HAYOT SUG`URTA KOMPANIYASI;1;483,81;;6;381,88;;5;;-101,93;;%;75;Рэнкинг страховых компаний — II квартал 2026 (snsratings.uz).txt
2026-Q2;reserves_net_to_net_premiums;Страховые резервы, чистые / Собранные премии, нетто;относительные;HAMKOR SUG'URTA AJ;HAMKOR SUG`URTA;0;486,04;;4;337,94;;6;;-148,1;;%;75;Рэнкинг страховых компаний — II квартал 2026 (snsratings.uz).txt
2026-Q2;reserves_net_to_net_premiums;Страховые резервы, чистые / Собранные премии, нетто;относительные;SQB INSURANCE SUG'URTA KOMPANIYASI AJ;SQB INSURANCE SUG`URTA KOMPANIYASI;0;376,03;;7;295,67;;7;;-80,36;;%;75;Рэнкинг страховых компаний — II квартал 2026 (snsratings.uz).txt
2026-Q2;reserves_net_to_net_premiums;Страховые резервы, чистые / Собранные премии, нетто;относительные;IMKON SUG'URTA AJ;IMKON-SUG`URTA;0;869,58;;1;294,18;;8;;-575,4;;%;75;Рэнкинг страховых компаний — II квартал 2026 (snsratings.uz).txt
2026-Q2;reserves_net_to_net_premiums;Страховые резервы, чистые / Собранные премии, нетто;относительные;ISHONCH SUG'URTA KOMPANIYASI AJ;ISHONCH SUG`URTA KOMPANIYASI;0;196,75;;14;278,72;;9;;81,97;;%;75;Рэнкинг страховых компаний — II квартал 2026 (snsratings.uz).txt
2026-Q2;reserves_net_to_net_premiums;Страховые резервы, чистые / Собранные премии, нетто;относительные;MOSAIC INSURANCE GROUP AJ QK;MOSAIC INSURANCE GROUP;0;254,73;;12;278,24;;10;;23,51;;%;75;Рэнкинг страховых компаний — II квартал 2026 (snsratings.uz).txt
2026-Q2;reserves_net_to_net_premiums;Страховые резервы, чистые / Собранные премии, нетто;относительные;ALFA INVEST SUG'URTA KOMPANIYASI AJ;ALFA INVEST SUG`URTA KOMPANIYASI;0;708,86;;2;246,94;;11;;-461,92;;%;75;Рэнкинг страховых компаний — II квартал 2026 (snsratings.uz).txt
2026-Q2;reserves_net_to_net_premiums;Страховые резервы, чистые / Собранные премии, нетто;относительные;QUANTUM INSURANCE AJ;QUANTUM INSURANCE;0;245,93;;13;225,0;;12;;-20,93;;%;75;Рэнкинг страховых компаний — II квартал 2026 (snsratings.uz).txt
2026-Q2;reserves_net_to_net_premiums;Страховые резервы, чистые / Собранные премии, нетто;относительные;O'ZBEKINVEST EISK AJ;O`ZBEKINVEST;0;348,38;;9;202,71;;13;;-145,67;;%;75;Рэнкинг страховых компаний — II квартал 2026 (snsratings.uz).txt
2026-Q2;reserves_net_to_net_premiums;Страховые резервы, чистые / Собранные премии, нетто;относительные;ASIA INSURANCE SUG'URTA KOMPANIYASI AJ;ASIA INSURANCE SUG`URTA KOMPANIYASI;0;137,6;;20;200,27;;14;;62,67;;%;75;Рэнкинг страховых компаний — II квартал 2026 (snsratings.uz).txt
2026-Q2;reserves_net_to_net_premiums;Страховые резервы, чистые / Собранные премии, нетто;относительные;ARIA SUG'URTA TASHKILOTI AJ;ARIA SUG`URTA TASHKILOTI;0;176,79;;15;185,08;;15;;8,29;;%;75;Рэнкинг страховых компаний — II квартал 2026 (snsratings.uz).txt
2026-Q2;reserves_net_to_net_premiums;Страховые резервы, чистые / Собранные премии, нетто;относительные;INFINITY INSURANCE AJ;INFINITY INSURANCE;0;274,54;;11;165,78;;16;;-108,76;;%;75;Рэнкинг страховых компаний — II квартал 2026 (snsratings.uz).txt
2026-Q2;reserves_net_to_net_premiums;Страховые резервы, чистые / Собранные премии, нетто;относительные;TBC SUG'URTA AJ;TBC SUG`URTA;1;67,82;;32;158,54;;17;;90,72;;%;75;Рэнкинг страховых компаний — II квартал 2026 (snsratings.uz).txt
2026-Q2;reserves_net_to_net_premiums;Страховые резервы, чистые / Собранные премии, нетто;относительные;INSON AJ;INSON;0;158,32;;17;157,42;;18;;-0,9;;%;75;Рэнкинг страховых компаний — II квартал 2026 (snsratings.uz).txt
2026-Q2;reserves_net_to_net_premiums;Страховые резервы, чистые / Собранные премии, нетто;относительные;ALFA LIFE INSURANCE AJ;ALFA LIFE INSURANCE;1;143,12;;19;135,79;;19;;-7,33;;%;75;Рэнкинг страховых компаний — II квартал 2026 (snsratings.uz).txt
2026-Q2;reserves_net_to_net_premiums;Страховые резервы, чистые / Собранные премии, нетто;относительные;TEMIRYO'L SUG'URTA AJ;TEMIRYO`L SUG`URTA;0;154,57;;18;134,44;;20;;-20,13;;%;75;Рэнкинг страховых компаний — II квартал 2026 (snsratings.uz).txt
2026-Q2;reserves_net_to_net_premiums;Страховые резервы, чистые / Собранные премии, нетто;относительные;KAFOLAT SUG'URTA KOMPANIYASI AJ;KAFOLAT SUG`URTA KOMPANIYASI;0;132,6;;22;120,46;;21;;-12,14;;%;75;Рэнкинг страховых компаний — II квартал 2026 (snsratings.uz).txt
2026-Q2;reserves_net_to_net_premiums;Страховые резервы, чистые / Собранные премии, нетто;относительные;EUROASIA INSURANCE AJ QK;EUROASIA INSURANCE;0;126,86;;24;119,61;;22;;-7,25;;%;75;Рэнкинг страховых компаний — II квартал 2026 (snsratings.uz).txt
2026-Q2;reserves_net_to_net_premiums;Страховые резервы, чистые / Собранные премии, нетто;относительные;O'ZAGROSUG'URTA AJ;O`ZAGROSUG`URTA;0;317,72;;10;118,6;;23;;-199,12;;%;75;Рэнкинг страховых компаний — II квартал 2026 (snsratings.uz).txt
2026-Q2;reserves_net_to_net_premiums;Страховые резервы, чистые / Собранные премии, нетто;относительные;MY-INSURANCE AJ;MY-INSURANCE;0;113,0;;28;117,23;;24;;4,23;;%;75;Рэнкинг страховых компаний — II квартал 2026 (snsratings.uz).txt
2026-Q2;reserves_net_to_net_premiums;Страховые резервы, чистые / Собранные премии, нетто;относительные;NEO INSURANCE CORP AJ;NEO INSURANCE CORP;0;123,55;;25;112,27;;25;;-11,28;;%;75;Рэнкинг страховых компаний — II квартал 2026 (snsratings.uz).txt
2026-Q2;reserves_net_to_net_premiums;Страховые резервы, чистые / Собранные премии, нетто;относительные;GROSS SUG'URTA KOMPANIYASI AJ;GROSS SUG`URTA KOMPANIYASI;0;119,34;;26;111,43;;26;;-7,91;;%;75;Рэнкинг страховых компаний — II квартал 2026 (snsratings.uz).txt
2026-Q2;reserves_net_to_net_premiums;Страховые резервы, чистые / Собранные премии, нетто;относительные;ALSKOM AJ;ALSKOM SUG`URTA KOMPANIYASI;0;128,6;;23;107,11;;27;;-21,49;;%;75;Рэнкинг страховых компаний — II квартал 2026 (snsratings.uz).txt
2026-Q2;reserves_net_to_net_premiums;Страховые резервы, чистые / Собранные премии, нетто;относительные;APEX LIFE INSURANCE AJ;APEX LIFE INSURANCE;1;68,26;;31;95,62;;28;;27,36;;%;75;Рэнкинг страховых компаний — II квартал 2026 (snsratings.uz).txt
2026-Q2;reserves_net_to_net_premiums;Страховые резервы, чистые / Собранные премии, нетто;относительные;O'ZBEKISTON QAYTA SUG'URTA KOMPANIYASI MQST AJ;O`ZBEKISTON QAYTA SUG`URTA KOMPANIYASI;0;0,0;;35;86,92;;29;;86,92;;%;75;Рэнкинг страховых компаний — II квартал 2026 (snsratings.uz).txt
2026-Q2;reserves_net_to_net_premiums;Страховые резервы, чистые / Собранные премии, нетто;относительные;KAFIL SUG'URTA AJ;KAFIL-SUG`URTA;0;77,07;;30;82,9;;30;;5,83;;%;75;Рэнкинг страховых компаний — II квартал 2026 (snsratings.uz).txt
2026-Q2;reserves_net_to_net_premiums;Страховые резервы, чистые / Собранные премии, нетто;относительные;APEX INSURANCE AJ;APEX INSURANCE;0;132,97;;21;82,55;;31;;-50,42;;%;75;Рэнкинг страховых компаний — II квартал 2026 (snsratings.uz).txt
2026-Q2;reserves_net_to_net_premiums;Страховые резервы, чистые / Собранные премии, нетто;относительные;PRESTIGE INSURANCE AJ;PRESTIGE INSURANCE;1;0,0;;35;79,24;;32;;79,24;;%;75;Рэнкинг страховых компаний — II квартал 2026 (snsratings.uz).txt
2026-Q2;reserves_net_to_net_premiums;Страховые резервы, чистые / Собранные премии, нетто;относительные;IMPEX-INSURANCE AJ;IMPEX-INSURANCE;0;42,69;;34;75,29;;33;;32,6;;%;75;Рэнкинг страховых компаний — II квартал 2026 (snsratings.uz).txt
2026-Q2;reserves_net_to_net_premiums;Страховые резервы, чистые / Собранные премии, нетто;относительные;TRUST-INSURANCE AJ;TRUST-INSURANCE;0;62,5;;33;69,66;;34;;7,16;;%;75;Рэнкинг страховых компаний — II квартал 2026 (snsratings.uz).txt
2026-Q2;reserves_net_to_net_premiums;Страховые резервы, чистые / Собранные премии, нетто;относительные;KAPITAL SUG'URTA AJ;KAPITAL SUG`URTA;0;81,95;;29;32,69;;35;;-49,26;;%;75;Рэнкинг страховых компаний — II квартал 2026 (snsratings.uz).txt
2026-Q2;reserves_net_to_net_premiums;Страховые резервы, чистые / Собранные премии, нетто;относительные;GLOBAL INSURANCE GROUP AJ;GLOBAL INSURANCE GROUP;0;117,27;;27;0,0;;36;;-117,27;;%;75;Рэнкинг страховых компаний — II квартал 2026 (snsratings.uz).txt
2026-Q2;ceded_to_premiums;Страховые премии по договорам, переданным в перестрахование / Всего премии, брутто;относительные;ВСЕГО;ВСЕГО;0;37,67;;;25,84;;;;-11,83;;%;76;Рэнкинг страховых компаний — II квартал 2026 (snsratings.uz).txt
2026-Q2;ceded_to_premiums;Страховые премии по договорам, переданным в перестрахование / Всего премии, брутто;относительные;ASIA INSURANCE SUG'URTA KOMPANIYASI AJ;ASIA INSURANCE SUG`URTA KOMPANIYASI;0;2,21;;21;68,46;;1;;66,25;;%;76;Рэнкинг страховых компаний — II квартал 2026 (snsratings.uz).txt
2026-Q2;ceded_to_premiums;Страховые премии по договорам, переданным в перестрахование / Всего премии, брутто;относительные;O'ZBEKISTON QAYTA SUG'URTA KOMPANIYASI MQST AJ;O`ZBEKISTON QAYTA SUG`URTA KOMPANIYASI;0;0,0;;30;65,52;;2;;65,52;;%;76;Рэнкинг страховых компаний — II квартал 2026 (snsratings.uz).txt
2026-Q2;ceded_to_premiums;Страховые премии по договорам, переданным в перестрахование / Всего премии, брутто;относительные;KAFOLAT SUG'URTA KOMPANIYASI AJ;KAFOLAT SUG`URTA KOMPANIYASI;0;38,14;;7;64,6;;3;;26,46;;%;76;Рэнкинг страховых компаний — II квартал 2026 (snsratings.uz).txt
2026-Q2;ceded_to_premiums;Страховые премии по договорам, переданным в перестрахование / Всего премии, брутто;относительные;O'ZBEKINVEST EISK AJ;O`ZBEKINVEST;0;56,21;;4;49,43;;4;;-6,78;;%;76;Рэнкинг страховых компаний — II квартал 2026 (snsratings.uz).txt
2026-Q2;ceded_to_premiums;Страховые премии по договорам, переданным в перестрахование / Всего премии, брутто;относительные;MOSAIC INSURANCE GROUP AJ QK;MOSAIC INSURANCE GROUP;0;23,25;;12;44,41;;5;;21,16;;%;76;Рэнкинг страховых компаний — II квартал 2026 (snsratings.uz).txt
2026-Q2;ceded_to_premiums;Страховые премии по договорам, переданным в перестрахование / Всего премии, брутто;относительные;QUANTUM INSURANCE AJ;QUANTUM INSURANCE;0;64,21;;3;42,58;;6;;-21,63;;%;76;Рэнкинг страховых компаний — II квартал 2026 (snsratings.uz).txt
2026-Q2;ceded_to_premiums;Страховые премии по договорам, переданным в перестрахование / Всего премии, брутто;относительные;ALFA INVEST SUG'URTA KOMPANIYASI AJ;ALFA INVEST SUG`URTA KOMPANIYASI;0;81,48;;1;42,21;;7;;-39,27;;%;76;Рэнкинг страховых компаний — II квартал 2026 (snsratings.uz).txt
2026-Q2;ceded_to_premiums;Страховые премии по договорам, переданным в перестрахование / Всего премии, брутто;относительные;SQB INSURANCE SUG'URTA KOMPANIYASI AJ;SQB INSURANCE SUG`URTA KOMPANIYASI;0;26,55;;11;26,59;;8;;0,04;;%;76;Рэнкинг страховых компаний — II квартал 2026 (snsratings.uz).txt
2026-Q2;ceded_to_premiums;Страховые премии по договорам, переданным в перестрахование / Всего премии, брутто;относительные;APEX INSURANCE AJ;APEX INSURANCE;0;49,81;;5;25,98;;9;;-23,83;;%;76;Рэнкинг страховых компаний — II квартал 2026 (snsratings.uz).txt
2026-Q2;ceded_to_premiums;Страховые премии по договорам, переданным в перестрахование / Всего премии, брутто;относительные;GROSS SUG'URTA KOMPANIYASI AJ;GROSS SUG`URTA KOMPANIYASI;0;35,19;;9;16,41;;10;;-18,78;;%;76;Рэнкинг страховых компаний — II квартал 2026 (snsratings.uz).txt
2026-Q2;ceded_to_premiums;Страховые премии по договорам, переданным в перестрахование / Всего премии, брутто;относительные;KAFIL SUG'URTA AJ;KAFIL-SUG`URTA;0;5,48;;18;10,1;;11;;4,62;;%;76;Рэнкинг страховых компаний — II квартал 2026 (snsratings.uz).txt
2026-Q2;ceded_to_premiums;Страховые премии по договорам, переданным в перестрахование / Всего премии, брутто;относительные;IMPEX-INSURANCE AJ;IMPEX-INSURANCE;0;14,24;;15;8,82;;12;;-5,42;;%;76;Рэнкинг страховых компаний — II квартал 2026 (snsratings.uz).txt
2026-Q2;ceded_to_premiums;Страховые премии по договорам, переданным в перестрахование / Всего премии, брутто;относительные;NEO INSURANCE CORP AJ;NEO INSURANCE CORP;0;21,83;;13;7,88;;13;;-13,95;;%;76;Рэнкинг страховых компаний — II квартал 2026 (snsratings.uz).txt
2026-Q2;ceded_to_premiums;Страховые премии по договорам, переданным в перестрахование / Всего премии, брутто;относительные;O'ZAGROSUG'URTA AJ;O`ZAGROSUG`URTA;0;78,78;;2;6,82;;14;;-71,96;;%;76;Рэнкинг страховых компаний — II квартал 2026 (snsratings.uz).txt
2026-Q2;ceded_to_premiums;Страховые премии по договорам, переданным в перестрахование / Всего премии, брутто;относительные;APEX LIFE INSURANCE AJ;APEX LIFE INSURANCE;1;34,55;;10;6,62;;15;;-27,93;;%;76;Рэнкинг страховых компаний — II квартал 2026 (snsratings.uz).txt
2026-Q2;ceded_to_premiums;Страховые премии по договорам, переданным в перестрахование / Всего премии, брутто;относительные;EUROASIA INSURANCE AJ QK;EUROASIA INSURANCE;0;0,91;;23;6,39;;16;;5,48;;%;76;Рэнкинг страховых компаний — II квартал 2026 (snsratings.uz).txt
2026-Q2;ceded_to_premiums;Страховые премии по договорам, переданным в перестрахование / Всего премии, брутто;относительные;TEMIRYO'L SUG'URTA AJ;TEMIRYO`L SUG`URTA;0;42,31;;6;5,1;;17;;-37,21;;%;76;Рэнкинг страховых компаний — II квартал 2026 (snsratings.uz).txt
2026-Q2;ceded_to_premiums;Страховые премии по договорам, переданным в перестрахование / Всего премии, брутто;относительные;SEMURG SUG'URTA AJ QK;SEMURG INSURANCE;0;37,18;;8;3,54;;18;;-33,64;;%;76;Рэнкинг страховых компаний — II квартал 2026 (snsratings.uz).txt
2026-Q2;ceded_to_premiums;Страховые премии по договорам, переданным в перестрахование / Всего премии, брутто;относительные;INSON AJ;INSON;0;4,45;;20;2,53;;19;;-1,92;;%;76;Рэнкинг страховых компаний — II квартал 2026 (snsratings.uz).txt
2026-Q2;ceded_to_premiums;Страховые премии по договорам, переданным в перестрахование / Всего премии, брутто;относительные;ARIA SUG'URTA TASHKILOTI AJ;ARIA SUG`URTA TASHKILOTI;0;5,02;;19;1,77;;20;;-3,25;;%;76;Рэнкинг страховых компаний — II квартал 2026 (snsratings.uz).txt
2026-Q2;ceded_to_premiums;Страховые премии по договорам, переданным в перестрахование / Всего премии, брутто;относительные;KAPITAL SUG'URTA AJ;KAPITAL SUG`URTA;0;21,63;;14;1,7;;21;;-19,93;;%;76;Рэнкинг страховых компаний — II квартал 2026 (snsratings.uz).txt
2026-Q2;ceded_to_premiums;Страховые премии по договорам, переданным в перестрахование / Всего премии, брутто;относительные;INFINITY INSURANCE AJ;INFINITY INSURANCE;0;7,37;;17;1,05;;22;;-6,32;;%;76;Рэнкинг страховых компаний — II квартал 2026 (snsratings.uz).txt
2026-Q2;ceded_to_premiums;Страховые премии по договорам, переданным в перестрахование / Всего премии, брутто;относительные;ALSKOM AJ;ALSKOM SUG`URTA KOMPANIYASI;0;13,71;;16;0,83;;23;;-12,88;;%;76;Рэнкинг страховых компаний — II квартал 2026 (snsratings.uz).txt
2026-Q2;ceded_to_premiums;Страховые премии по договорам, переданным в перестрахование / Всего премии, брутто;относительные;ISHONCH SUG'URTA KOMPANIYASI AJ;ISHONCH SUG`URTA KOMPANIYASI;0;0,43;;27;0,77;;24;;0,34;;%;76;Рэнкинг страховых компаний — II квартал 2026 (snsratings.uz).txt
2026-Q2;ceded_to_premiums;Страховые премии по договорам, переданным в перестрахование / Всего премии, брутто;относительные;TRUST-INSURANCE AJ;TRUST-INSURANCE;0;1,0;;22;0,45;;25;;-0,55;;%;76;Рэнкинг страховых компаний — II квартал 2026 (snsratings.uz).txt
2026-Q2;ceded_to_premiums;Страховые премии по договорам, переданным в перестрахование / Всего премии, брутто;относительные;MY-INSURANCE AJ;MY-INSURANCE;0;0,5;;26;0,4;;26;;-0,1;;%;76;Рэнкинг страховых компаний — II квартал 2026 (snsratings.uz).txt
2026-Q2;ceded_to_premiums;Страховые премии по договорам, переданным в перестрахование / Всего премии, брутто;относительные;HAMKOR SUG'URTA AJ;HAMKOR SUG`URTA;0;0,53;;25;0,27;;27;;-0,26;;%;76;Рэнкинг страховых компаний — II квартал 2026 (snsratings.uz).txt
2026-Q2;ceded_to_premiums;Страховые премии по договорам, переданным в перестрахование / Всего премии, брутто;относительные;IMKON SUG'URTA AJ;IMKON-SUG`URTA;0;0,63;;24;0,13;;28;;-0,5;;%;76;Рэнкинг страховых компаний — II квартал 2026 (snsratings.uz).txt
2026-Q2;ceded_to_premiums;Страховые премии по договорам, переданным в перестрахование / Всего премии, брутто;относительные;XALQ SUG'URTA AJ;XALQ SUG`URTA;0;0,06;;28;0,05;;29;;-0,01;;%;76;Рэнкинг страховых компаний — II квартал 2026 (snsratings.uz).txt
2026-Q2;ceded_to_premiums;Страховые премии по договорам, переданным в перестрахование / Всего премии, брутто;относительные;TBC SUG'URTA AJ;TBC SUG`URTA;1;0,0;;30;0,0;;30;;0,0;;%;76;Рэнкинг страховых компаний — II квартал 2026 (snsratings.uz).txt
2026-Q2;ceded_to_premiums;Страховые премии по договорам, переданным в перестрахование / Всего премии, брутто;относительные;PRESTIGE INSURANCE AJ;PRESTIGE INSURANCE;1;0,0;;30;0,0;;30;;0,0;;%;76;Рэнкинг страховых компаний — II квартал 2026 (snsratings.uz).txt
2026-Q2;ceded_to_premiums;Страховые премии по договорам, переданным в перестрахование / Всего премии, брутто;относительные;O'ZBEKINVEST HAYOT SUG'URTA KOMPANIYASI AJ;O`ZBEKINVEST HAYOT SUG`URTA KOMPANIYASI;1;0,0;;29;0,0;;30;;0,0;;%;76;Рэнкинг страховых компаний — II квартал 2026 (snsratings.uz).txt
2026-Q2;ceded_to_premiums;Страховые премии по договорам, переданным в перестрахование / Всего премии, брутто;относительные;KAFOLAT HAYOT INSURANCE AJ;KAFOLAT HAYOT INSURANCE;1;0,0;;30;0,0;;30;;0,0;;%;76;Рэнкинг страховых компаний — II квартал 2026 (snsratings.uz).txt
2026-Q2;ceded_to_premiums;Страховые премии по договорам, переданным в перестрахование / Всего премии, брутто;относительные;GLOBAL INSURANCE GROUP AJ;GLOBAL INSURANCE GROUP;0;0,0;;30;0,0;;30;;0,0;;%;76;Рэнкинг страховых компаний — II квартал 2026 (snsratings.uz).txt
2026-Q2;ceded_to_premiums;Страховые премии по договорам, переданным в перестрахование / Всего премии, брутто;относительные;ALFA LIFE INSURANCE AJ;ALFA LIFE INSURANCE;1;0,0;;30;0,0;;30;;0,0;;%;76;Рэнкинг страховых компаний — II квартал 2026 (snsratings.uz).txt
2026-Q2;ceded_to_premiums;Страховые премии по договорам, переданным в перестрахование / Всего премии, брутто;относительные;AGROS HAYOT AJ;AGROS HAYOT SUG`URTA KOMPANIYASI;1;0,0;;30;0,0;;30;;0,0;;%;76;Рэнкинг страховых компаний — II квартал 2026 (snsratings.uz).txt
2026-Q2;capital_to_net_premiums;Совокупный капитал / Собранные премии, нетто;относительные;ВСЕГО;ВСЕГО;0;113,54;;;102,31;;;;-11,23;;%;77;Рэнкинг страховых компаний — II квартал 2026 (snsratings.uz).txt
2026-Q2;capital_to_net_premiums;Совокупный капитал / Собранные премии, нетто;относительные;AGROS HAYOT AJ;AGROS HAYOT SUG`URTA KOMPANIYASI;1;1171,36;;1;4185,65;;1;;3014,29;;%;77;Рэнкинг страховых компаний — II квартал 2026 (snsratings.uz).txt
2026-Q2;capital_to_net_premiums;Совокупный капитал / Собранные премии, нетто;относительные;O'ZBEKISTON QAYTA SUG'URTA KOMPANIYASI MQST AJ;O`ZBEKISTON QAYTA SUG`URTA KOMPANIYASI;0;0,0;;35;1606,49;;2;;1606,49;;%;77;Рэнкинг страховых компаний — II квартал 2026 (snsratings.uz).txt
2026-Q2;capital_to_net_premiums;Совокупный капитал / Собранные премии, нетто;относительные;O'ZBEKINVEST HAYOT SUG'URTA KOMPANIYASI AJ;O`ZBEKINVEST HAYOT SUG`URTA KOMPANIYASI;1;618,47;;3;857,2;;3;;238,73;;%;77;Рэнкинг страховых компаний — II квартал 2026 (snsratings.uz).txt
2026-Q2;capital_to_net_premiums;Совокупный капитал / Собранные премии, нетто;относительные;KAFOLAT HAYOT INSURANCE AJ;KAFOLAT HAYOT INSURANCE;1;343,98;;7;623,94;;4;;279,96;;%;77;Рэнкинг страховых компаний — II квартал 2026 (snsratings.uz).txt
2026-Q2;capital_to_net_premiums;Совокупный капитал / Собранные премии, нетто;относительные;SEMURG SUG'URTA AJ QK;SEMURG INSURANCE;0;117,32;;18;540,81;;5;;423,49;;%;77;Рэнкинг страховых компаний — II квартал 2026 (snsratings.uz).txt
2026-Q2;capital_to_net_premiums;Совокупный капитал / Собранные премии, нетто;относительные;HAMKOR SUG'URTA AJ;HAMKOR SUG`URTA;0;636,39;;2;540,66;;6;;-95,73;;%;77;Рэнкинг страховых компаний — II квартал 2026 (snsratings.uz).txt
2026-Q2;capital_to_net_premiums;Совокупный капитал / Собранные премии, нетто;относительные;MOSAIC INSURANCE GROUP AJ QK;MOSAIC INSURANCE GROUP;0;315,97;;8;439,06;;7;;123,09;;%;77;Рэнкинг страховых компаний — II квартал 2026 (snsratings.uz).txt
2026-Q2;capital_to_net_premiums;Совокупный капитал / Собранные премии, нетто;относительные;XALQ SUG'URTA AJ;XALQ SUG`URTA;0;359,73;;6;351,0;;8;;-8,73;;%;77;Рэнкинг страховых компаний — II квартал 2026 (snsratings.uz).txt
2026-Q2;capital_to_net_premiums;Совокупный капитал / Собранные премии, нетто;относительные;QUANTUM INSURANCE AJ;QUANTUM INSURANCE;0;382,07;;5;241,19;;9;;-140,88;;%;77;Рэнкинг страховых компаний — II квартал 2026 (snsratings.uz).txt
2026-Q2;capital_to_net_premiums;Совокупный капитал / Собранные премии, нетто;относительные;ASIA INSURANCE SUG'URTA KOMPANIYASI AJ;ASIA INSURANCE SUG`URTA KOMPANIYASI;0;74,45;;26;218,76;;10;;144,31;;%;77;Рэнкинг страховых компаний — II квартал 2026 (snsratings.uz).txt
2026-Q2;capital_to_net_premiums;Совокупный капитал / Собранные премии, нетто;относительные;TBC SUG'URTA AJ;TBC SUG`URTA;1;81,23;;24;216,22;;11;;134,99;;%;77;Рэнкинг страховых компаний — II квартал 2026 (snsratings.uz).txt
2026-Q2;capital_to_net_premiums;Совокупный капитал / Собранные премии, нетто;относительные;EUROASIA INSURANCE AJ QK;EUROASIA INSURANCE;0;70,92;;27;213,53;;12;;142,61;;%;77;Рэнкинг страховых компаний — II квартал 2026 (snsratings.uz).txt
2026-Q2;capital_to_net_premiums;Совокупный капитал / Собранные премии, нетто;относительные;IMKON SUG'URTA AJ;IMKON-SUG`URTA;0;464,66;;4;211,98;;13;;-252,68;;%;77;Рэнкинг страховых компаний — II квартал 2026 (snsratings.uz).txt
2026-Q2;capital_to_net_premiums;Совокупный капитал / Собранные премии, нетто;относительные;O'ZBEKINVEST EISK AJ;O`ZBEKINVEST;0;282,91;;11;192,31;;14;;-90,6;;%;77;Рэнкинг страховых компаний — II квартал 2026 (snsratings.uz).txt
2026-Q2;capital_to_net_premiums;Совокупный капитал / Собранные премии, нетто;относительные;ALFA LIFE INSURANCE AJ;ALFA LIFE INSURANCE;1;226,62;;13;170,85;;15;;-55,77;;%;77;Рэнкинг страховых компаний — II квартал 2026 (snsratings.uz).txt
2026-Q2;capital_to_net_premiums;Совокупный капитал / Собранные премии, нетто;относительные;O'ZAGROSUG'URTA AJ;O`ZAGROSUG`URTA;0;290,42;;10;167,54;;16;;-122,88;;%;77;Рэнкинг страховых компаний — II квартал 2026 (snsratings.uz).txt
2026-Q2;capital_to_net_premiums;Совокупный капитал / Собранные премии, нетто;относительные;TEMIRYO'L SUG'URTA AJ;TEMIRYO`L SUG`URTA;0;167,06;;15;148,78;;17;;-18,28;;%;77;Рэнкинг страховых компаний — II квартал 2026 (snsratings.uz).txt
2026-Q2;capital_to_net_premiums;Совокупный капитал / Собранные премии, нетто;относительные;ISHONCH SUG'URTA KOMPANIYASI AJ;ISHONCH SUG`URTA KOMPANIYASI;0;113,55;;21;146,73;;18;;33,18;;%;77;Рэнкинг страховых компаний — II квартал 2026 (snsratings.uz).txt
2026-Q2;capital_to_net_premiums;Совокупный капитал / Собранные премии, нетто;относительные;SQB INSURANCE SUG'URTA KOMPANIYASI AJ;SQB INSURANCE SUG`URTA KOMPANIYASI;0;170,97;;14;127,35;;19;;-43,62;;%;77;Рэнкинг страховых компаний — II квартал 2026 (snsratings.uz).txt
2026-Q2;capital_to_net_premiums;Совокупный капитал / Собранные премии, нетто;относительные;ARIA SUG'URTA TASHKILOTI AJ;ARIA SUG`URTA TASHKILOTI;0;115,93;;20;122,21;;20;;6,28;;%;77;Рэнкинг страховых компаний — II квартал 2026 (snsratings.uz).txt
2026-Q2;capital_to_net_premiums;Совокупный капитал / Собранные премии, нетто;относительные;INFINITY INSURANCE AJ;INFINITY INSURANCE;0;299,79;;9;117,19;;21;;-182,6;;%;77;Рэнкинг страховых компаний — II квартал 2026 (snsratings.uz).txt
2026-Q2;capital_to_net_premiums;Совокупный капитал / Собранные премии, нетто;относительные;NEO INSURANCE CORP AJ;NEO INSURANCE CORP;0;134,55;;17;103,3;;22;;-31,25;;%;77;Рэнкинг страховых компаний — II квартал 2026 (snsratings.uz).txt
2026-Q2;capital_to_net_premiums;Совокупный капитал / Собранные премии, нетто;относительные;INSON AJ;INSON;0;85,97;;23;99,92;;23;;13,95;;%;77;Рэнкинг страховых компаний — II квартал 2026 (snsratings.uz).txt
2026-Q2;capital_to_net_premiums;Совокупный капитал / Собранные премии, нетто;относительные;KAFOLAT SUG'URTA KOMPANIYASI AJ;KAFOLAT SUG`URTA KOMPANIYASI;0;163,53;;16;93,02;;24;;-70,51;;%;77;Рэнкинг страховых компаний — II квартал 2026 (snsratings.uz).txt
2026-Q2;capital_to_net_premiums;Совокупный капитал / Собранные премии, нетто;относительные;APEX INSURANCE AJ;APEX INSURANCE;0;91,46;;22;84,95;;25;;-6,51;;%;77;Рэнкинг страховых компаний — II квартал 2026 (snsratings.uz).txt
2026-Q2;capital_to_net_premiums;Совокупный капитал / Собранные премии, нетто;относительные;IMPEX-INSURANCE AJ;IMPEX-INSURANCE;0;64,07;;28;84,88;;26;;20,81;;%;77;Рэнкинг страховых компаний — II квартал 2026 (snsratings.uz).txt
2026-Q2;capital_to_net_premiums;Совокупный капитал / Собранные премии, нетто;относительные;ALFA INVEST SUG'URTA KOMPANIYASI AJ;ALFA INVEST SUG`URTA KOMPANIYASI;0;253,59;;12;79,88;;27;;-173,71;;%;77;Рэнкинг страховых компаний — II квартал 2026 (snsratings.uz).txt
2026-Q2;capital_to_net_premiums;Совокупный капитал / Собранные премии, нетто;относительные;PRESTIGE INSURANCE AJ;PRESTIGE INSURANCE;1;0,0;;35;67,74;;28;;67,74;;%;77;Рэнкинг страховых компаний — II квартал 2026 (snsratings.uz).txt
2026-Q2;capital_to_net_premiums;Совокупный капитал / Собранные премии, нетто;относительные;TRUST-INSURANCE AJ;TRUST-INSURANCE;0;46,65;;31;63,86;;29;;17,21;;%;77;Рэнкинг страховых компаний — II квартал 2026 (snsratings.uz).txt
2026-Q2;capital_to_net_premiums;Совокупный капитал / Собранные премии, нетто;относительные;APEX LIFE INSURANCE AJ;APEX LIFE INSURANCE;1;116,74;;19;62,21;;30;;-54,53;;%;77;Рэнкинг страховых компаний — II квартал 2026 (snsratings.uz).txt
2026-Q2;capital_to_net_premiums;Совокупный капитал / Собранные премии, нетто;относительные;KAFIL SUG'URTA AJ;KAFIL-SUG`URTA;0;54,41;;30;59,26;;31;;4,85;;%;77;Рэнкинг страховых компаний — II квартал 2026 (snsratings.uz).txt
2026-Q2;capital_to_net_premiums;Совокупный капитал / Собранные премии, нетто;относительные;ALSKOM AJ;ALSKOM SUG`URTA KOMPANIYASI;0;63,32;;29;52,84;;32;;-10,48;;%;77;Рэнкинг страховых компаний — II квартал 2026 (snsratings.uz).txt
2026-Q2;capital_to_net_premiums;Совокупный капитал / Собранные премии, нетто;относительные;GROSS SUG'URTA KOMPANIYASI AJ;GROSS SUG`URTA KOMPANIYASI;0;41,32;;32;46,31;;33;;4,99;;%;77;Рэнкинг страховых компаний — II квартал 2026 (snsratings.uz).txt
2026-Q2;capital_to_net_premiums;Совокупный капитал / Собранные премии, нетто;относительные;MY-INSURANCE AJ;MY-INSURANCE;0;31,13;;34;36,05;;34;;4,92;;%;77;Рэнкинг страховых компаний — II квартал 2026 (snsratings.uz).txt
2026-Q2;capital_to_net_premiums;Совокупный капитал / Собранные премии, нетто;относительные;KAPITAL SUG'URTA AJ;KAPITAL SUG`URTA;0;36,97;;33;25,36;;35;;-11,61;;%;77;Рэнкинг страховых компаний — II квартал 2026 (snsratings.uz).txt
2026-Q2;capital_to_net_premiums;Совокупный капитал / Собранные премии, нетто;относительные;GLOBAL INSURANCE GROUP AJ;GLOBAL INSURANCE GROUP;0;76,69;;25;0,0;;36;;-76,69;;%;77;Рэнкинг страховых компаний — II квартал 2026 (snsratings.uz).txt
2026-Q2;revenue_to_premiums;Чистая выручка от оказания страховых услуг / Всего премии, брутто;относительные;ВСЕГО;ВСЕГО;0;46,54;;;63,81;;;;17,27;;%;78;Рэнкинг страховых компаний — II квартал 2026 (snsratings.uz).txt
2026-Q2;revenue_to_premiums;Чистая выручка от оказания страховых услуг / Всего премии, брутто;относительные;SEMURG SUG'URTA AJ QK;SEMURG INSURANCE;0;41,9;;24;385,45;;1;;343,55;;%;78;Рэнкинг страховых компаний — II квартал 2026 (snsratings.uz).txt
2026-Q2;revenue_to_premiums;Чистая выручка от оказания страховых услуг / Всего премии, брутто;относительные;O'ZAGROSUG'URTA AJ;O`ZAGROSUG`URTA;0;33,84;;27;118,3;;2;;84,46;;%;78;Рэнкинг страховых компаний — II квартал 2026 (snsratings.uz).txt
2026-Q2;revenue_to_premiums;Чистая выручка от оказания страховых услуг / Всего премии, брутто;относительные;ALSKOM AJ;ALSKOM SUG`URTA KOMPANIYASI;0;78,35;;8;117,69;;3;;39,34;;%;78;Рэнкинг страховых компаний — II квартал 2026 (snsratings.uz).txt
2026-Q2;revenue_to_premiums;Чистая выручка от оказания страховых услуг / Всего премии, брутто;относительные;XALQ SUG'URTA AJ;XALQ SUG`URTA;0;49,38;;23;106,42;;4;;57,04;;%;78;Рэнкинг страховых компаний — II квартал 2026 (snsratings.uz).txt
2026-Q2;revenue_to_premiums;Чистая выручка от оказания страховых услуг / Всего премии, брутто;относительные;O'ZBEKINVEST HAYOT SUG'URTA KOMPANIYASI AJ;O`ZBEKINVEST HAYOT SUG`URTA KOMPANIYASI;1;144,37;;1;103,25;;5;;-41,12;;%;78;Рэнкинг страховых компаний — II квартал 2026 (snsratings.uz).txt
2026-Q2;revenue_to_premiums;Чистая выручка от оказания страховых услуг / Всего премии, брутто;относительные;INSON AJ;INSON;0;71,79;;16;100,46;;6;;28,67;;%;78;Рэнкинг страховых компаний — II квартал 2026 (snsratings.uz).txt
2026-Q2;revenue_to_premiums;Чистая выручка от оказания страховых услуг / Всего премии, брутто;относительные;GROSS SUG'URTA KOMPANIYASI AJ;GROSS SUG`URTA KOMPANIYASI;0;64,71;;18;98,29;;7;;33,58;;%;78;Рэнкинг страховых компаний — II квартал 2026 (snsratings.uz).txt
2026-Q2;revenue_to_premiums;Чистая выручка от оказания страховых услуг / Всего премии, брутто;относительные;TRUST-INSURANCE AJ;TRUST-INSURANCE;0;71,9;;15;97,71;;8;;25,81;;%;78;Рэнкинг страховых компаний — II квартал 2026 (snsratings.uz).txt
2026-Q2;revenue_to_premiums;Чистая выручка от оказания страховых услуг / Всего премии, брутто;относительные;ALFA LIFE INSURANCE AJ;ALFA LIFE INSURANCE;1;64,49;;19;96,51;;9;;32,02;;%;78;Рэнкинг страховых компаний — II квартал 2026 (snsratings.uz).txt
2026-Q2;revenue_to_premiums;Чистая выручка от оказания страховых услуг / Всего премии, брутто;относительные;IMPEX-INSURANCE AJ;IMPEX-INSURANCE;0;88,1;;5;92,66;;10;;4,56;;%;78;Рэнкинг страховых компаний — II квартал 2026 (snsratings.uz).txt
2026-Q2;revenue_to_premiums;Чистая выручка от оказания страховых услуг / Всего премии, брутто;относительные;KAPITAL SUG'URTA AJ;KAPITAL SUG`URTA;0;77,6;;9;88,72;;11;;11,12;;%;78;Рэнкинг страховых компаний — II квартал 2026 (snsratings.uz).txt
2026-Q2;revenue_to_premiums;Чистая выручка от оказания страховых услуг / Всего премии, брутто;относительные;TBC SUG'URTA AJ;TBC SUG`URTA;1;32,18;;29;84,69;;12;;52,51;;%;78;Рэнкинг страховых компаний — II квартал 2026 (snsratings.uz).txt
2026-Q2;revenue_to_premiums;Чистая выручка от оказания страховых услуг / Всего премии, брутто;относительные;KAFIL SUG'URTA AJ;KAFIL-SUG`URTA;0;81,36;;6;84,01;;13;;2,65;;%;78;Рэнкинг страховых компаний — II квартал 2026 (snsratings.uz).txt
2026-Q2;revenue_to_premiums;Чистая выручка от оказания страховых услуг / Всего премии, брутто;относительные;MY-INSURANCE AJ;MY-INSURANCE;0;75,02;;11;83,28;;14;;8,26;;%;78;Рэнкинг страховых компаний — II квартал 2026 (snsratings.uz).txt
2026-Q2;revenue_to_premiums;Чистая выручка от оказания страховых услуг / Всего премии, брутто;относительные;TEMIRYO'L SUG'URTA AJ;TEMIRYO`L SUG`URTA;0;65,03;;17;79,67;;15;;14,64;;%;78;Рэнкинг страховых компаний — II квартал 2026 (snsratings.uz).txt
2026-Q2;revenue_to_premiums;Чистая выручка от оказания страховых услуг / Всего премии, брутто;относительные;ISHONCH SUG'URTA KOMPANIYASI AJ;ISHONCH SUG`URTA KOMPANIYASI;0;49,73;;22;72,03;;16;;22,3;;%;78;Рэнкинг страховых компаний — II квартал 2026 (snsratings.uz).txt
2026-Q2;revenue_to_premiums;Чистая выручка от оказания страховых услуг / Всего премии, брутто;относительные;INFINITY INSURANCE AJ;INFINITY INSURANCE;0;72,66;;14;71,41;;17;;-1,25;;%;78;Рэнкинг страховых компаний — II квартал 2026 (snsratings.uz).txt
2026-Q2;revenue_to_premiums;Чистая выручка от оказания страховых услуг / Всего премии, брутто;относительные;MOSAIC INSURANCE GROUP AJ QK;MOSAIC INSURANCE GROUP;0;75,23;;10;68,27;;18;;-6,96;;%;78;Рэнкинг страховых компаний — II квартал 2026 (snsratings.uz).txt
2026-Q2;revenue_to_premiums;Чистая выручка от оказания страховых услуг / Всего премии, брутто;относительные;IMKON SUG'URTA AJ;IMKON-SUG`URTA;0;111,91;;3;66,97;;19;;-44,94;;%;78;Рэнкинг страховых компаний — II квартал 2026 (snsratings.uz).txt
2026-Q2;revenue_to_premiums;Чистая выручка от оказания страховых услуг / Всего премии, брутто;относительные;AGROS HAYOT AJ;AGROS HAYOT SUG`URTA KOMPANIYASI;1;26,64;;30;65,51;;20;;38,87;;%;78;Рэнкинг страховых компаний — II квартал 2026 (snsratings.uz).txt
2026-Q2;revenue_to_premiums;Чистая выручка от оказания страховых услуг / Всего премии, брутто;относительные;SQB INSURANCE SUG'URTA KOMPANIYASI AJ;SQB INSURANCE SUG`URTA KOMPANIYASI;0;72,98;;13;64,44;;21;;-8,54;;%;78;Рэнкинг страховых компаний — II квартал 2026 (snsratings.uz).txt
2026-Q2;revenue_to_premiums;Чистая выручка от оказания страховых услуг / Всего премии, брутто;относительные;HAMKOR SUG'URTA AJ;HAMKOR SUG`URTA;0;135,89;;2;63,13;;22;;-72,76;;%;78;Рэнкинг страховых компаний — II квартал 2026 (snsratings.uz).txt
2026-Q2;revenue_to_premiums;Чистая выручка от оказания страховых услуг / Всего премии, брутто;относительные;EUROASIA INSURANCE AJ QK;EUROASIA INSURANCE;0;38,5;;25;62,76;;23;;24,26;;%;78;Рэнкинг страховых компаний — II квартал 2026 (snsratings.uz).txt
2026-Q2;revenue_to_premiums;Чистая выручка от оказания страховых услуг / Всего премии, брутто;относительные;O'ZBEKINVEST EISK AJ;O`ZBEKINVEST;0;33,64;;28;60,82;;24;;27,18;;%;78;Рэнкинг страховых компаний — II квартал 2026 (snsratings.uz).txt
2026-Q2;revenue_to_premiums;Чистая выручка от оказания страховых услуг / Всего премии, брутто;относительные;ARIA SUG'URTA TASHKILOTI AJ;ARIA SUG`URTA TASHKILOTI;0;57,21;;20;60,32;;25;;3,11;;%;78;Рэнкинг страховых компаний — II квартал 2026 (snsratings.uz).txt
2026-Q2;revenue_to_premiums;Чистая выручка от оказания страховых услуг / Всего премии, брутто;относительные;NEO INSURANCE CORP AJ;NEO INSURANCE CORP;0;79,28;;7;59,95;;26;;-19,33;;%;78;Рэнкинг страховых компаний — II квартал 2026 (snsratings.uz).txt
2026-Q2;revenue_to_premiums;Чистая выручка от оказания страховых услуг / Всего премии, брутто;относительные;APEX INSURANCE AJ;APEX INSURANCE;0;23,32;;33;57,86;;27;;34,54;;%;78;Рэнкинг страховых компаний — II квартал 2026 (snsratings.uz).txt
2026-Q2;revenue_to_premiums;Чистая выручка от оказания страховых услуг / Всего премии, брутто;относительные;KAFOLAT HAYOT INSURANCE AJ;KAFOLAT HAYOT INSURANCE;1;16,04;;34;39,14;;28;;23,1;;%;78;Рэнкинг страховых компаний — II квартал 2026 (snsratings.uz).txt
2026-Q2;revenue_to_premiums;Чистая выручка от оказания страховых услуг / Всего премии, брутто;относительные;ALFA INVEST SUG'URTA KOMPANIYASI AJ;ALFA INVEST SUG`URTA KOMPANIYASI;0;23,7;;32;38,88;;29;;15,18;;%;78;Рэнкинг страховых компаний — II квартал 2026 (snsratings.uz).txt
2026-Q2;revenue_to_premiums;Чистая выручка от оказания страховых услуг / Всего премии, брутто;относительные;QUANTUM INSURANCE AJ;QUANTUM INSURANCE;0;25,85;;31;33,35;;30;;7,5;;%;78;Рэнкинг страховых компаний — II квартал 2026 (snsratings.uz).txt
2026-Q2;revenue_to_premiums;Чистая выручка от оказания страховых услуг / Всего премии, брутто;относительные;KAFOLAT SUG'URTA KOMPANIYASI AJ;KAFOLAT SUG`URTA KOMPANIYASI;0;73,89;;12;32,91;;31;;-40,98;;%;78;Рэнкинг страховых компаний — II квартал 2026 (snsratings.uz).txt
2026-Q2;revenue_to_premiums;Чистая выручка от оказания страховых услуг / Всего премии, брутто;относительные;ASIA INSURANCE SUG'URTA KOMPANIYASI AJ;ASIA INSURANCE SUG`URTA KOMPANIYASI;0;37,37;;26;32,4;;32;;-4,97;;%;78;Рэнкинг страховых компаний — II квартал 2026 (snsratings.uz).txt
2026-Q2;revenue_to_premiums;Чистая выручка от оказания страховых услуг / Всего премии, брутто;относительные;APEX LIFE INSURANCE AJ;APEX LIFE INSURANCE;1;53,44;;21;28,73;;33;;-24,71;;%;78;Рэнкинг страховых компаний — II квартал 2026 (snsratings.uz).txt
2026-Q2;revenue_to_premiums;Чистая выручка от оказания страховых услуг / Всего премии, брутто;относительные;PRESTIGE INSURANCE AJ;PRESTIGE INSURANCE;1;0,0;;35;20,76;;34;;20,76;;%;78;Рэнкинг страховых компаний — II квартал 2026 (snsratings.uz).txt
2026-Q2;revenue_to_premiums;Чистая выручка от оказания страховых услуг / Всего премии, брутто;относительные;O'ZBEKISTON QAYTA SUG'URTA KOMPANIYASI MQST AJ;O`ZBEKISTON QAYTA SUG`URTA KOMPANIYASI;0;0,0;;35;7,4;;35;;7,4;;%;78;Рэнкинг страховых компаний — II квартал 2026 (snsratings.uz).txt
2026-Q2;revenue_to_premiums;Чистая выручка от оказания страховых услуг / Всего премии, брутто;относительные;GLOBAL INSURANCE GROUP AJ;GLOBAL INSURANCE GROUP;0;89,71;;4;0,0;;36;;-89,71;;%;78;Рэнкинг страховых компаний — II квартал 2026 (snsratings.uz).txt
2026-Q2;cost_to_premiums;Себестоимость оказанных страховых услуг / Всего премии, брутто;относительные;ВСЕГО;ВСЕГО;0;36,07;;;48,59;;;;12,52;;%;79;Рэнкинг страховых компаний — II квартал 2026 (snsratings.uz).txt
2026-Q2;cost_to_premiums;Себестоимость оказанных страховых услуг / Всего премии, брутто;относительные;O'ZBEKISTON QAYTA SUG'URTA KOMPANIYASI MQST AJ;O`ZBEKISTON QAYTA SUG`URTA KOMPANIYASI;0;0,0;;1;5,21;;2;;5,21;;%;79;Рэнкинг страховых компаний — II квартал 2026 (snsratings.uz).txt
2026-Q2;cost_to_premiums;Себестоимость оказанных страховых услуг / Всего премии, брутто;относительные;EUROASIA INSURANCE AJ QK;EUROASIA INSURANCE;0;4,8;;3;7,61;;3;;2,81;;%;79;Рэнкинг страховых компаний — II квартал 2026 (snsratings.uz).txt
2026-Q2;cost_to_premiums;Себестоимость оказанных страховых услуг / Всего премии, брутто;относительные;ASIA INSURANCE SUG'URTA KOMPANIYASI AJ;ASIA INSURANCE SUG`URTA KOMPANIYASI;0;29,45;;13;13,83;;4;;-15,62;;%;79;Рэнкинг страховых компаний — II квартал 2026 (snsratings.uz).txt
2026-Q2;cost_to_premiums;Себестоимость оказанных страховых услуг / Всего премии, брутто;относительные;MOSAIC INSURANCE GROUP AJ QK;MOSAIC INSURANCE GROUP;0;24,83;;11;19,54;;5;;-5,29;;%;79;Рэнкинг страховых компаний — II квартал 2026 (snsratings.uz).txt
2026-Q2;cost_to_premiums;Себестоимость оказанных страховых услуг / Всего премии, брутто;относительные;ARIA SUG'URTA TASHKILOTI AJ;ARIA SUG`URTA TASHKILOTI;0;19,16;;6;21,04;;6;;1,88;;%;79;Рэнкинг страховых компаний — II квартал 2026 (snsratings.uz).txt
2026-Q2;cost_to_premiums;Себестоимость оказанных страховых услуг / Всего премии, брутто;относительные;PRESTIGE INSURANCE AJ;PRESTIGE INSURANCE;1;0,0;;1;23,91;;7;;23,91;;%;79;Рэнкинг страховых компаний — II квартал 2026 (snsratings.uz).txt
2026-Q2;cost_to_premiums;Себестоимость оказанных страховых услуг / Всего премии, брутто;относительные;KAFOLAT SUG'URTA KOMPANIYASI AJ;KAFOLAT SUG`URTA KOMPANIYASI;0;49,11;;19;26,88;;8;;-22,23;;%;79;Рэнкинг страховых компаний — II квартал 2026 (snsratings.uz).txt
2026-Q2;cost_to_premiums;Себестоимость оказанных страховых услуг / Всего премии, брутто;относительные;TBC SUG'URTA AJ;TBC SUG`URTA;1;25,27;;12;26,98;;9;;1,71;;%;79;Рэнкинг страховых компаний — II квартал 2026 (snsratings.uz).txt
2026-Q2;cost_to_premiums;Себестоимость оказанных страховых услуг / Всего премии, брутто;относительные;APEX LIFE INSURANCE AJ;APEX LIFE INSURANCE;1;48,37;;17;28,17;;10;;-20,2;;%;79;Рэнкинг страховых компаний — II квартал 2026 (snsratings.uz).txt
2026-Q2;cost_to_premiums;Себестоимость оказанных страховых услуг / Всего премии, брутто;относительные;KAPITAL SUG'URTA AJ;KAPITAL SUG`URTA;0;34,3;;15;29,93;;11;;-4,37;;%;79;Рэнкинг страховых компаний — II квартал 2026 (snsratings.uz).txt
2026-Q2;cost_to_premiums;Себестоимость оказанных страховых услуг / Всего премии, брутто;относительные;ALFA INVEST SUG'URTA KOMPANIYASI AJ;ALFA INVEST SUG`URTA KOMPANIYASI;0;23,15;;9;32,01;;12;;8,86;;%;79;Рэнкинг страховых компаний — II квартал 2026 (snsratings.uz).txt
2026-Q2;cost_to_premiums;Себестоимость оказанных страховых услуг / Всего премии, брутто;относительные;HAMKOR SUG'URTA AJ;HAMKOR SUG`URTA;0;61,21;;25;36,65;;13;;-24,56;;%;79;Рэнкинг страховых компаний — II квартал 2026 (snsratings.uz).txt
2026-Q2;cost_to_premiums;Себестоимость оказанных страховых услуг / Всего премии, брутто;относительные;KAFOLAT HAYOT INSURANCE AJ;KAFOLAT HAYOT INSURANCE;1;21,18;;8;39,02;;14;;17,84;;%;79;Рэнкинг страховых компаний — II квартал 2026 (snsratings.uz).txt
2026-Q2;cost_to_premiums;Себестоимость оказанных страховых услуг / Всего премии, брутто;относительные;NEO INSURANCE CORP AJ;NEO INSURANCE CORP;0;62,61;;27;40,41;;15;;-22,2;;%;79;Рэнкинг страховых компаний — II квартал 2026 (snsratings.uz).txt
2026-Q2;cost_to_premiums;Себестоимость оказанных страховых услуг / Всего премии, брутто;относительные;QUANTUM INSURANCE AJ;QUANTUM INSURANCE;0;20,23;;7;41,01;;16;;20,78;;%;79;Рэнкинг страховых компаний — II квартал 2026 (snsratings.uz).txt
2026-Q2;cost_to_premiums;Себестоимость оказанных страховых услуг / Всего премии, брутто;относительные;APEX INSURANCE AJ;APEX INSURANCE;0;15,12;;5;50,35;;17;;35,23;;%;79;Рэнкинг страховых компаний — II квартал 2026 (snsratings.uz).txt
2026-Q2;cost_to_premiums;Себестоимость оказанных страховых услуг / Всего премии, брутто;относительные;KAFIL SUG'URTA AJ;KAFIL-SUG`URTA;0;61,83;;26;51,46;;18;;-10,37;;%;79;Рэнкинг страховых компаний — II квартал 2026 (snsratings.uz).txt
2026-Q2;cost_to_premiums;Себестоимость оказанных страховых услуг / Всего премии, брутто;относительные;ALFA LIFE INSURANCE AJ;ALFA LIFE INSURANCE;1;52,5;;22;52,96;;19;;0,46;;%;79;Рэнкинг страховых компаний — II квартал 2026 (snsratings.uz).txt
2026-Q2;cost_to_premiums;Себестоимость оказанных страховых услуг / Всего премии, брутто;относительные;O'ZAGROSUG'URTA AJ;O`ZAGROSUG`URTA;0;14,09;;4;53,82;;20;;39,73;;%;79;Рэнкинг страховых компаний — II квартал 2026 (snsratings.uz).txt
2026-Q2;cost_to_premiums;Себестоимость оказанных страховых услуг / Всего премии, брутто;относительные;INSON AJ;INSON;0;44,95;;16;54,36;;21;;9,41;;%;79;Рэнкинг страховых компаний — II квартал 2026 (snsratings.uz).txt
2026-Q2;cost_to_premiums;Себестоимость оказанных страховых услуг / Всего премии, брутто;относительные;IMKON SUG'URTA AJ;IMKON-SUG`URTA;0;160,02;;36;54,86;;22;;-105,16;;%;79;Рэнкинг страховых компаний — II квартал 2026 (snsratings.uz).txt
2026-Q2;cost_to_premiums;Себестоимость оказанных страховых услуг / Всего премии, брутто;относительные;O'ZBEKINVEST EISK AJ;O`ZBEKINVEST;0;31,17;;14;57,24;;23;;26,07;;%;79;Рэнкинг страховых компаний — II квартал 2026 (snsratings.uz).txt
2026-Q2;cost_to_premiums;Себестоимость оказанных страховых услуг / Всего премии, брутто;относительные;INFINITY INSURANCE AJ;INFINITY INSURANCE;0;54,29;;23;58,74;;24;;4,45;;%;79;Рэнкинг страховых компаний — II квартал 2026 (snsratings.uz).txt
2026-Q2;cost_to_premiums;Себестоимость оказанных страховых услуг / Всего премии, брутто;относительные;TEMIRYO'L SUG'URTA AJ;TEMIRYO`L SUG`URTA;0;66,25;;29;63,1;;25;;-3,15;;%;79;Рэнкинг страховых компаний — II квартал 2026 (snsratings.uz).txt
2026-Q2;cost_to_premiums;Себестоимость оказанных страховых услуг / Всего премии, брутто;относительные;SQB INSURANCE SUG'URTA KOMPANIYASI AJ;SQB INSURANCE SUG`URTA KOMPANIYASI;0;78,78;;31;69,0;;26;;-9,78;;%;79;Рэнкинг страховых компаний — II квартал 2026 (snsratings.uz).txt
2026-Q2;cost_to_premiums;Себестоимость оказанных страховых услуг / Всего премии, брутто;относительные;TRUST-INSURANCE AJ;TRUST-INSURANCE;0;63,38;;28;70,36;;27;;6,98;;%;79;Рэнкинг страховых компаний — II квартал 2026 (snsratings.uz).txt
2026-Q2;cost_to_premiums;Себестоимость оказанных страховых услуг / Всего премии, брутто;относительные;ISHONCH SUG'URTA KOMPANIYASI AJ;ISHONCH SUG`URTA KOMPANIYASI;0;48,75;;18;73,07;;28;;24,32;;%;79;Рэнкинг страховых компаний — II квартал 2026 (snsratings.uz).txt
2026-Q2;cost_to_premiums;Себестоимость оказанных страховых услуг / Всего премии, брутто;относительные;GROSS SUG'URTA KOMPANIYASI AJ;GROSS SUG`URTA KOMPANIYASI;0;51,99;;21;75,97;;29;;23,98;;%;79;Рэнкинг страховых компаний — II квартал 2026 (snsratings.uz).txt
2026-Q2;cost_to_premiums;Себестоимость оказанных страховых услуг / Всего премии, брутто;относительные;MY-INSURANCE AJ;MY-INSURANCE;0;81,87;;32;78,55;;30;;-3,32;;%;79;Рэнкинг страховых компаний — II квартал 2026 (snsratings.uz).txt
2026-Q2;cost_to_premiums;Себестоимость оказанных страховых услуг / Всего премии, брутто;относительные;XALQ SUG'URTA AJ;XALQ SUG`URTA;0;142,56;;34;82,61;;31;;-59,95;;%;79;Рэнкинг страховых компаний — II квартал 2026 (snsratings.uz).txt
2026-Q2;cost_to_premiums;Себестоимость оказанных страховых услуг / Всего премии, брутто;относительные;IMPEX-INSURANCE AJ;IMPEX-INSURANCE;0;66,44;;30;87,11;;32;;20,67;;%;79;Рэнкинг страховых компаний — II квартал 2026 (snsratings.uz).txt
2026-Q2;cost_to_premiums;Себестоимость оказанных страховых услуг / Всего премии, брутто;относительные;ALSKOM AJ;ALSKOM SUG`URTA KOMPANIYASI;0;86,33;;33;107,62;;33;;21,29;;%;79;Рэнкинг страховых компаний — II квартал 2026 (snsratings.uz).txt
2026-Q2;cost_to_premiums;Себестоимость оказанных страховых услуг / Всего премии, брутто;относительные;O'ZBEKINVEST HAYOT SUG'URTA KOMPANIYASI AJ;O`ZBEKINVEST HAYOT SUG`URTA KOMPANIYASI;1;152,98;;35;120,12;;34;;-32,86;;%;79;Рэнкинг страховых компаний — II квартал 2026 (snsratings.uz).txt
2026-Q2;cost_to_premiums;Себестоимость оказанных страховых услуг / Всего премии, брутто;относительные;SEMURG SUG'URTA AJ QK;SEMURG INSURANCE;0;24,64;;10;120,71;;35;;96,07;;%;79;Рэнкинг страховых компаний — II квартал 2026 (snsratings.uz).txt
2026-Q2;cost_to_premiums;Себестоимость оказанных страховых услуг / Всего премии, брутто;относительные;AGROS HAYOT AJ;AGROS HAYOT SUG`URTA KOMPANIYASI;1;57,28;;24;225,88;;36;;168,6;;%;79;Рэнкинг страховых компаний — II квартал 2026 (snsratings.uz).txt
2026-Q2;admin_to_period_expenses;Административные расходы / Расходы периода;относительные;ВСЕГО;ВСЕГО;0;67,8;;;61,19;;;;-6,61;;%;80;Рэнкинг страховых компаний — II квартал 2026 (snsratings.uz).txt
2026-Q2;admin_to_period_expenses;Административные расходы / Расходы периода;относительные;KAFOLAT HAYOT INSURANCE AJ;KAFOLAT HAYOT INSURANCE;1;98,18;;1;98,34;;1;;0,16;;%;80;Рэнкинг страховых компаний — II квартал 2026 (snsratings.uz).txt
2026-Q2;admin_to_period_expenses;Административные расходы / Расходы периода;относительные;INSON AJ;INSON;0;96,04;;3;94,49;;2;;-1,55;;%;80;Рэнкинг страховых компаний — II квартал 2026 (snsratings.uz).txt
2026-Q2;admin_to_period_expenses;Административные расходы / Расходы периода;относительные;ALSKOM AJ;ALSKOM SUG`URTA KOMPANIYASI;0;95,43;;4;93,51;;3;;-1,92;;%;80;Рэнкинг страховых компаний — II квартал 2026 (snsratings.uz).txt
2026-Q2;admin_to_period_expenses;Административные расходы / Расходы периода;относительные;O'ZAGROSUG'URTA AJ;O`ZAGROSUG`URTA;0;90,42;;7;93,0;;4;;2,58;;%;80;Рэнкинг страховых компаний — II квартал 2026 (snsratings.uz).txt
2026-Q2;admin_to_period_expenses;Административные расходы / Расходы периода;относительные;EUROASIA INSURANCE AJ QK;EUROASIA INSURANCE;0;61,27;;27;92,48;;5;;31,21;;%;80;Рэнкинг страховых компаний — II квартал 2026 (snsratings.uz).txt
2026-Q2;admin_to_period_expenses;Административные расходы / Расходы периода;относительные;IMPEX-INSURANCE AJ;IMPEX-INSURANCE;0;78,91;;21;91,22;;6;;12,31;;%;80;Рэнкинг страховых компаний — II квартал 2026 (snsratings.uz).txt
2026-Q2;admin_to_period_expenses;Административные расходы / Расходы периода;относительные;ISHONCH SUG'URTA KOMPANIYASI AJ;ISHONCH SUG`URTA KOMPANIYASI;0;86,28;;14;90,14;;7;;3,86;;%;80;Рэнкинг страховых компаний — II квартал 2026 (snsratings.uz).txt
2026-Q2;admin_to_period_expenses;Административные расходы / Расходы периода;относительные;AGROS HAYOT AJ;AGROS HAYOT SUG`URTA KOMPANIYASI;1;88,61;;10;89,38;;8;;0,77;;%;80;Рэнкинг страховых компаний — II квартал 2026 (snsratings.uz).txt
2026-Q2;admin_to_period_expenses;Административные расходы / Расходы периода;относительные;MOSAIC INSURANCE GROUP AJ QK;MOSAIC INSURANCE GROUP;0;87,96;;12;88,64;;9;;0,68;;%;80;Рэнкинг страховых компаний — II квартал 2026 (snsratings.uz).txt
2026-Q2;admin_to_period_expenses;Административные расходы / Расходы периода;относительные;GROSS SUG'URTA KOMPANIYASI AJ;GROSS SUG`URTA KOMPANIYASI;0;90,45;;6;88,55;;10;;-1,9;;%;80;Рэнкинг страховых компаний — II квартал 2026 (snsratings.uz).txt
2026-Q2;admin_to_period_expenses;Административные расходы / Расходы периода;относительные;KAFIL SUG'URTA AJ;KAFIL-SUG`URTA;0;90,3;;8;88,17;;11;;-2,13;;%;80;Рэнкинг страховых компаний — II квартал 2026 (snsratings.uz).txt
2026-Q2;admin_to_period_expenses;Административные расходы / Расходы периода;относительные;O'ZBEKISTON QAYTA SUG'URTA KOMPANIYASI MQST AJ;O`ZBEKISTON QAYTA SUG`URTA KOMPANIYASI;0;0,0;;35;87,84;;12;;87,84;;%;80;Рэнкинг страховых компаний — II квартал 2026 (snsratings.uz).txt
2026-Q2;admin_to_period_expenses;Административные расходы / Расходы периода;относительные;PRESTIGE INSURANCE AJ;PRESTIGE INSURANCE;1;0,0;;35;87,78;;13;;87,78;;%;80;Рэнкинг страховых компаний — II квартал 2026 (snsratings.uz).txt
2026-Q2;admin_to_period_expenses;Административные расходы / Расходы периода;относительные;TEMIRYO'L SUG'URTA AJ;TEMIRYO`L SUG`URTA;0;84,9;;15;87,74;;14;;2,84;;%;80;Рэнкинг страховых компаний — II квартал 2026 (snsratings.uz).txt
2026-Q2;admin_to_period_expenses;Административные расходы / Расходы периода;относительные;SQB INSURANCE SUG'URTA KOMPANIYASI AJ;SQB INSURANCE SUG`URTA KOMPANIYASI;0;84,35;;16;86,05;;15;;1,7;;%;80;Рэнкинг страховых компаний — II квартал 2026 (snsratings.uz).txt
2026-Q2;admin_to_period_expenses;Административные расходы / Расходы периода;относительные;APEX LIFE INSURANCE AJ;APEX LIFE INSURANCE;1;92,17;;5;84,13;;16;;-8,04;;%;80;Рэнкинг страховых компаний — II квартал 2026 (snsratings.uz).txt
2026-Q2;admin_to_period_expenses;Административные расходы / Расходы периода;относительные;TRUST-INSURANCE AJ;TRUST-INSURANCE;0;78,28;;22;83,34;;17;;5,06;;%;80;Рэнкинг страховых компаний — II квартал 2026 (snsratings.uz).txt
2026-Q2;admin_to_period_expenses;Административные расходы / Расходы периода;относительные;O'ZBEKINVEST HAYOT SUG'URTA KOMPANIYASI AJ;O`ZBEKINVEST HAYOT SUG`URTA KOMPANIYASI;1;82,75;;17;81,99;;18;;-0,76;;%;80;Рэнкинг страховых компаний — II квартал 2026 (snsratings.uz).txt
2026-Q2;admin_to_period_expenses;Административные расходы / Расходы периода;относительные;HAMKOR SUG'URTA AJ;HAMKOR SUG`URTA;0;88,58;;11;81,99;;19;;-6,59;;%;80;Рэнкинг страховых компаний — II квартал 2026 (snsratings.uz).txt
2026-Q2;admin_to_period_expenses;Административные расходы / Расходы периода;относительные;APEX INSURANCE AJ;APEX INSURANCE;0;89,67;;9;81,77;;20;;-7,9;;%;80;Рэнкинг страховых компаний — II квартал 2026 (snsratings.uz).txt
2026-Q2;admin_to_period_expenses;Административные расходы / Расходы периода;относительные;ALFA INVEST SUG'URTA KOMPANIYASI AJ;ALFA INVEST SUG`URTA KOMPANIYASI;0;77,81;;23;80,18;;21;;2,37;;%;80;Рэнкинг страховых компаний — II квартал 2026 (snsratings.uz).txt
2026-Q2;admin_to_period_expenses;Административные расходы / Расходы периода;относительные;INFINITY INSURANCE AJ;INFINITY INSURANCE;0;52,46;;30;76,15;;22;;23,69;;%;80;Рэнкинг страховых компаний — II квартал 2026 (snsratings.uz).txt
2026-Q2;admin_to_period_expenses;Административные расходы / Расходы периода;относительные;ARIA SUG'URTA TASHKILOTI AJ;ARIA SUG`URTA TASHKILOTI;0;87,62;;13;68,84;;23;;-18,78;;%;80;Рэнкинг страховых компаний — II квартал 2026 (snsratings.uz).txt
2026-Q2;admin_to_period_expenses;Административные расходы / Расходы периода;относительные;IMKON SUG'URTA AJ;IMKON-SUG`URTA;0;79,18;;20;68,37;;24;;-10,81;;%;80;Рэнкинг страховых компаний — II квартал 2026 (snsratings.uz).txt
2026-Q2;admin_to_period_expenses;Административные расходы / Расходы периода;относительные;O'ZBEKINVEST EISK AJ;O`ZBEKINVEST;0;65,24;;25;63,0;;25;;-2,24;;%;80;Рэнкинг страховых компаний — II квартал 2026 (snsratings.uz).txt
2026-Q2;admin_to_period_expenses;Административные расходы / Расходы периода;относительные;NEO INSURANCE CORP AJ;NEO INSURANCE CORP;0;63,72;;26;60,66;;26;;-3,06;;%;80;Рэнкинг страховых компаний — II квартал 2026 (snsratings.uz).txt
2026-Q2;admin_to_period_expenses;Административные расходы / Расходы периода;относительные;XALQ SUG'URTA AJ;XALQ SUG`URTA;0;81,95;;19;58,19;;27;;-23,76;;%;80;Рэнкинг страховых компаний — II квартал 2026 (snsratings.uz).txt
2026-Q2;admin_to_period_expenses;Административные расходы / Расходы периода;относительные;KAFOLAT SUG'URTA KOMPANIYASI AJ;KAFOLAT SUG`URTA KOMPANIYASI;0;82,09;;18;54,46;;28;;-27,63;;%;80;Рэнкинг страховых компаний — II квартал 2026 (snsratings.uz).txt
2026-Q2;admin_to_period_expenses;Административные расходы / Расходы периода;относительные;MY-INSURANCE AJ;MY-INSURANCE;0;56,92;;28;44,93;;29;;-11,99;;%;80;Рэнкинг страховых компаний — II квартал 2026 (snsratings.uz).txt
2026-Q2;admin_to_period_expenses;Административные расходы / Расходы периода;относительные;QUANTUM INSURANCE AJ;QUANTUM INSURANCE;0;53,19;;29;44,75;;30;;-8,44;;%;80;Рэнкинг страховых компаний — II квартал 2026 (snsratings.uz).txt
2026-Q2;admin_to_period_expenses;Административные расходы / Расходы периода;относительные;SEMURG SUG'URTA AJ QK;SEMURG INSURANCE;0;97,29;;2;44,44;;31;;-52,85;;%;80;Рэнкинг страховых компаний — II квартал 2026 (snsratings.uz).txt
2026-Q2;admin_to_period_expenses;Административные расходы / Расходы периода;относительные;ALFA LIFE INSURANCE AJ;ALFA LIFE INSURANCE;1;76,59;;24;35,65;;32;;-40,94;;%;80;Рэнкинг страховых компаний — II квартал 2026 (snsratings.uz).txt
2026-Q2;admin_to_period_expenses;Административные расходы / Расходы периода;относительные;ASIA INSURANCE SUG'URTA KOMPANIYASI AJ;ASIA INSURANCE SUG`URTA KOMPANIYASI;0;36,13;;33;28,29;;33;;-7,84;;%;80;Рэнкинг страховых компаний — II квартал 2026 (snsratings.uz).txt
2026-Q2;admin_to_period_expenses;Административные расходы / Расходы периода;относительные;TBC SUG'URTA AJ;TBC SUG`URTA;1;43,9;;31;26,29;;34;;-17,61;;%;80;Рэнкинг страховых компаний — II квартал 2026 (snsratings.uz).txt
2026-Q2;admin_to_period_expenses;Административные расходы / Расходы периода;относительные;KAPITAL SUG'URTA AJ;KAPITAL SUG`URTA;0;15,55;;34;10,77;;35;;-4,78;;%;80;Рэнкинг страховых компаний — II квартал 2026 (snsratings.uz).txt
2026-Q2;admin_to_period_expenses;Административные расходы / Расходы периода;относительные;GLOBAL INSURANCE GROUP AJ;GLOBAL INSURANCE GROUP;0;36,37;;32;0,0;;36;;-36,37;;%;80;Рэнкинг страховых компаний — II квартал 2026 (snsratings.uz).txt
2026-Q2;roa;Рентабельность активов (чистая прибыль / всего активы);относительные;ВСЕГО;ВСЕГО;0;2,44;;;2,98;;;;0,54;;%;81;Рэнкинг страховых компаний — II квартал 2026 (snsratings.uz).txt
2026-Q2;roa;Рентабельность активов (чистая прибыль / всего активы);относительные;TBC SUG'URTA AJ;TBC SUG`URTA;1;2,75;;13;15,86;;1;;13,11;;%;81;Рэнкинг страховых компаний — II квартал 2026 (snsratings.uz).txt
2026-Q2;roa;Рентабельность активов (чистая прибыль / всего активы);относительные;EUROASIA INSURANCE AJ QK;EUROASIA INSURANCE;0;7,79;;2;13,66;;2;;5,87;;%;81;Рэнкинг страховых компаний — II квартал 2026 (snsratings.uz).txt
2026-Q2;roa;Рентабельность активов (чистая прибыль / всего активы);относительные;MOSAIC INSURANCE GROUP AJ QK;MOSAIC INSURANCE GROUP;0;6,88;;3;9,14;;3;;2,26;;%;81;Рэнкинг страховых компаний — II квартал 2026 (snsratings.uz).txt
2026-Q2;roa;Рентабельность активов (чистая прибыль / всего активы);относительные;HAMKOR SUG'URTA AJ;HAMKOR SUG`URTA;0;10,13;;1;7,56;;4;;-2,57;;%;81;Рэнкинг страховых компаний — II квартал 2026 (snsratings.uz).txt
2026-Q2;roa;Рентабельность активов (чистая прибыль / всего активы);относительные;NEO INSURANCE CORP AJ;NEO INSURANCE CORP;0;0,49;;25;6,83;;5;;6,34;;%;81;Рэнкинг страховых компаний — II квартал 2026 (snsratings.uz).txt
2026-Q2;roa;Рентабельность активов (чистая прибыль / всего активы);относительные;SEMURG SUG'URTA AJ QK;SEMURG INSURANCE;0;0,33;;27;6,09;;6;;5,76;;%;81;Рэнкинг страховых компаний — II квартал 2026 (snsratings.uz).txt
2026-Q2;roa;Рентабельность активов (чистая прибыль / всего активы);относительные;XALQ SUG'URTA AJ;XALQ SUG`URTA;0;2,31;;17;5,54;;7;;3,23;;%;81;Рэнкинг страховых компаний — II квартал 2026 (snsratings.uz).txt
2026-Q2;roa;Рентабельность активов (чистая прибыль / всего активы);относительные;KAFIL SUG'URTA AJ;KAFIL-SUG`URTA;0;4,24;;6;5,21;;8;;0,97;;%;81;Рэнкинг страховых компаний — II квартал 2026 (snsratings.uz).txt
2026-Q2;roa;Рентабельность активов (чистая прибыль / всего активы);относительные;IMKON SUG'URTA AJ;IMKON-SUG`URTA;0;2,48;;14;4,82;;9;;2,34;;%;81;Рэнкинг страховых компаний — II квартал 2026 (snsratings.uz).txt
2026-Q2;roa;Рентабельность активов (чистая прибыль / всего активы);относительные;TEMIRYO'L SUG'URTA AJ;TEMIRYO`L SUG`URTA;0;0,25;;30;4,19;;10;;3,94;;%;81;Рэнкинг страховых компаний — II квартал 2026 (snsratings.uz).txt
2026-Q2;roa;Рентабельность активов (чистая прибыль / всего активы);относительные;O'ZBEKISTON QAYTA SUG'URTA KOMPANIYASI MQST AJ;O`ZBEKISTON QAYTA SUG`URTA KOMPANIYASI;0;0,0;;33;3,7;;11;;3,7;;%;81;Рэнкинг страховых компаний — II квартал 2026 (snsratings.uz).txt
2026-Q2;roa;Рентабельность активов (чистая прибыль / всего активы);относительные;APEX INSURANCE AJ;APEX INSURANCE;0;3,93;;7;3,63;;12;;-0,3;;%;81;Рэнкинг страховых компаний — II квартал 2026 (snsratings.uz).txt
2026-Q2;roa;Рентабельность активов (чистая прибыль / всего активы);относительные;O'ZBEKINVEST HAYOT SUG'URTA KOMPANIYASI AJ;O`ZBEKINVEST HAYOT SUG`URTA KOMPANIYASI;1;3,68;;9;3,54;;13;;-0,14;;%;81;Рэнкинг страховых компаний — II квартал 2026 (snsratings.uz).txt
2026-Q2;roa;Рентабельность активов (чистая прибыль / всего активы);относительные;ARIA SUG'URTA TASHKILOTI AJ;ARIA SUG`URTA TASHKILOTI;0;3,42;;11;3,36;;14;;-0,06;;%;81;Рэнкинг страховых компаний — II квартал 2026 (snsratings.uz).txt
2026-Q2;roa;Рентабельность активов (чистая прибыль / всего активы);относительные;SQB INSURANCE SUG'URTA KOMPANIYASI AJ;SQB INSURANCE SUG`URTA KOMPANIYASI;0;3,53;;10;2,88;;15;;-0,65;;%;81;Рэнкинг страховых компаний — II квартал 2026 (snsratings.uz).txt
2026-Q2;roa;Рентабельность активов (чистая прибыль / всего активы);относительные;GROSS SUG'URTA KOMPANIYASI AJ;GROSS SUG`URTA KOMPANIYASI;0;1,39;;20;2,37;;16;;0,98;;%;81;Рэнкинг страховых компаний — II квартал 2026 (snsratings.uz).txt
2026-Q2;roa;Рентабельность активов (чистая прибыль / всего активы);относительные;KAFOLAT SUG'URTA KOMPANIYASI AJ;KAFOLAT SUG`URTA KOMPANIYASI;0;1,74;;19;2,1;;17;;0,36;;%;81;Рэнкинг страховых компаний — II квартал 2026 (snsratings.uz).txt
2026-Q2;roa;Рентабельность активов (чистая прибыль / всего активы);относительные;KAFOLAT HAYOT INSURANCE AJ;KAFOLAT HAYOT INSURANCE;1;0,85;;23;2,05;;18;;1,2;;%;81;Рэнкинг страховых компаний — II квартал 2026 (snsratings.uz).txt
2026-Q2;roa;Рентабельность активов (чистая прибыль / всего активы);относительные;INFINITY INSURANCE AJ;INFINITY INSURANCE;0;2,38;;16;2,01;;19;;-0,37;;%;81;Рэнкинг страховых компаний — II квартал 2026 (snsratings.uz).txt
2026-Q2;roa;Рентабельность активов (чистая прибыль / всего активы);относительные;O'ZBEKINVEST EISK AJ;O`ZBEKINVEST;0;1,24;;21;1,18;;20;;-0,06;;%;81;Рэнкинг страховых компаний — II квартал 2026 (snsratings.uz).txt
2026-Q2;roa;Рентабельность активов (чистая прибыль / всего активы);относительные;MY-INSURANCE AJ;MY-INSURANCE;0;2,07;;18;1,02;;21;;-1,05;;%;81;Рэнкинг страховых компаний — II квартал 2026 (snsratings.uz).txt
2026-Q2;roa;Рентабельность активов (чистая прибыль / всего активы);относительные;ALFA LIFE INSURANCE AJ;ALFA LIFE INSURANCE;1;2,44;;15;0,94;;22;;-1,5;;%;81;Рэнкинг страховых компаний — II квартал 2026 (snsratings.uz).txt
2026-Q2;roa;Рентабельность активов (чистая прибыль / всего активы);относительные;ALFA INVEST SUG'URTA KOMPANIYASI AJ;ALFA INVEST SUG`URTA KOMPANIYASI;0;0,15;;31;0,77;;23;;0,62;;%;81;Рэнкинг страховых компаний — II квартал 2026 (snsratings.uz).txt
2026-Q2;roa;Рентабельность активов (чистая прибыль / всего активы);относительные;KAPITAL SUG'URTA AJ;KAPITAL SUG`URTA;0;0,67;;24;0,73;;24;;0,06;;%;81;Рэнкинг страховых компаний — II квартал 2026 (snsratings.uz).txt
2026-Q2;roa;Рентабельность активов (чистая прибыль / всего активы);относительные;QUANTUM INSURANCE AJ;QUANTUM INSURANCE;0;3,76;;8;0,58;;25;;-3,18;;%;81;Рэнкинг страховых компаний — II квартал 2026 (snsratings.uz).txt
2026-Q2;roa;Рентабельность активов (чистая прибыль / всего активы);относительные;INSON AJ;INSON;0;0,29;;29;0,54;;26;;0,25;;%;81;Рэнкинг страховых компаний — II квартал 2026 (snsratings.uz).txt
2026-Q2;roa;Рентабельность активов (чистая прибыль / всего активы);относительные;ISHONCH SUG'URTA KOMPANIYASI AJ;ISHONCH SUG`URTA KOMPANIYASI;0;0,4;;26;0,36;;27;;-0,04;;%;81;Рэнкинг страховых компаний — II квартал 2026 (snsratings.uz).txt
2026-Q2;roa;Рентабельность активов (чистая прибыль / всего активы);относительные;IMPEX-INSURANCE AJ;IMPEX-INSURANCE;0;2,77;;12;0,2;;28;;-2,57;;%;81;Рэнкинг страховых компаний — II квартал 2026 (snsratings.uz).txt
2026-Q2;roa;Рентабельность активов (чистая прибыль / всего активы);относительные;APEX LIFE INSURANCE AJ;APEX LIFE INSURANCE;1;0,05;;32;0,18;;29;;0,13;;%;81;Рэнкинг страховых компаний — II квартал 2026 (snsratings.uz).txt
2026-Q2;roa;Рентабельность активов (чистая прибыль / всего активы);относительные;AGROS HAYOT AJ;AGROS HAYOT SUG`URTA KOMPANIYASI;1;-0,09;;35;0,13;;30;;0,22;;%;81;Рэнкинг страховых компаний — II квартал 2026 (snsratings.uz).txt
2026-Q2;roa;Рентабельность активов (чистая прибыль / всего активы);относительные;TRUST-INSURANCE AJ;TRUST-INSURANCE;0;0,32;;28;0,09;;32;;-0,23;;%;81;Рэнкинг страховых компаний — II квартал 2026 (snsratings.uz).txt
2026-Q2;roa;Рентабельность активов (чистая прибыль / всего активы);относительные;O'ZAGROSUG'URTA AJ;O`ZAGROSUG`URTA;0;0,86;;22;0,09;;31;;-0,77;;%;81;Рэнкинг страховых компаний — II квартал 2026 (snsratings.uz).txt
2026-Q2;roa;Рентабельность активов (чистая прибыль / всего активы);относительные;ASIA INSURANCE SUG'URTA KOMPANIYASI AJ;ASIA INSURANCE SUG`URTA KOMPANIYASI;0;-6,98;;36;0,01;;33;;6,99;;%;81;Рэнкинг страховых компаний — II квартал 2026 (snsratings.uz).txt
2026-Q2;roa;Рентабельность активов (чистая прибыль / всего активы);относительные;GLOBAL INSURANCE GROUP AJ;GLOBAL INSURANCE GROUP;0;5,77;;4;0,0;;34;;-5,77;;%;81;Рэнкинг страховых компаний — II квартал 2026 (snsratings.uz).txt
2026-Q2;roa;Рентабельность активов (чистая прибыль / всего активы);относительные;ALSKOM AJ;ALSKOM SUG`URTA KOMPANIYASI;0;5,36;;5;-0,81;;35;;-6,17;;%;81;Рэнкинг страховых компаний — II квартал 2026 (snsratings.uz).txt
2026-Q2;roa;Рентабельность активов (чистая прибыль / всего активы);относительные;PRESTIGE INSURANCE AJ;PRESTIGE INSURANCE;1;0,0;;33;-5,05;;36;;-5,05;;%;81;Рэнкинг страховых компаний — II квартал 2026 (snsratings.uz).txt
2026-Q2;roe_share_capital;Рентабельность акционерного капитала (чистая прибыль / акционерный капитал);относительные;ВСЕГО;ВСЕГО;0;10,04;;;11,77;;;;1,73;;%;82;Рэнкинг страховых компаний — II квартал 2026 (snsratings.uz).txt
2026-Q2;roe_share_capital;Рентабельность акционерного капитала (чистая прибыль / акционерный капитал);относительные;TBC SUG'URTA AJ;TBC SUG`URTA;1;5,43;;20;82,01;;1;;76,58;;%;82;Рэнкинг страховых компаний — II квартал 2026 (snsratings.uz).txt
2026-Q2;roe_share_capital;Рентабельность акционерного капитала (чистая прибыль / акционерный капитал);относительные;EUROASIA INSURANCE AJ QK;EUROASIA INSURANCE;0;29,93;;3;50,24;;2;;20,31;;%;82;Рэнкинг страховых компаний — II квартал 2026 (snsratings.uz).txt
2026-Q2;roe_share_capital;Рентабельность акционерного капитала (чистая прибыль / акционерный капитал);относительные;MOSAIC INSURANCE GROUP AJ QK;MOSAIC INSURANCE GROUP;0;18,36;;4;23,73;;3;;5,37;;%;82;Рэнкинг страховых компаний — II квартал 2026 (snsratings.uz).txt
2026-Q2;roe_share_capital;Рентабельность акционерного капитала (чистая прибыль / акционерный капитал);относительные;HAMKOR SUG'URTA AJ;HAMKOR SUG`URTA;0;35,76;;1;22,67;;4;;-13,09;;%;82;Рэнкинг страховых компаний — II квартал 2026 (snsratings.uz).txt
2026-Q2;roe_share_capital;Рентабельность акционерного капитала (чистая прибыль / акционерный капитал);относительные;XALQ SUG'URTA AJ;XALQ SUG`URTA;0;7,57;;15;19,28;;5;;11,71;;%;82;Рэнкинг страховых компаний — II квартал 2026 (snsratings.uz).txt
2026-Q2;roe_share_capital;Рентабельность акционерного капитала (чистая прибыль / акционерный капитал);относительные;KAFIL SUG'URTA AJ;KAFIL-SUG`URTA;0;15,22;;8;17,44;;6;;2,22;;%;82;Рэнкинг страховых компаний — II квартал 2026 (snsratings.uz).txt
2026-Q2;roe_share_capital;Рентабельность акционерного капитала (чистая прибыль / акционерный капитал);относительные;NEO INSURANCE CORP AJ;NEO INSURANCE CORP;0;0,87;;28;17,26;;7;;16,39;;%;82;Рэнкинг страховых компаний — II квартал 2026 (snsratings.uz).txt
2026-Q2;roe_share_capital;Рентабельность акционерного капитала (чистая прибыль / акционерный капитал);относительные;IMKON SUG'URTA AJ;IMKON-SUG`URTA;0;10,9;;10;17,04;;8;;6,14;;%;82;Рэнкинг страховых компаний — II квартал 2026 (snsratings.uz).txt
2026-Q2;roe_share_capital;Рентабельность акционерного капитала (чистая прибыль / акционерный капитал);относительные;TEMIRYO'L SUG'URTA AJ;TEMIRYO`L SUG`URTA;0;0,84;;29;16,51;;9;;15,67;;%;82;Рэнкинг страховых компаний — II квартал 2026 (snsratings.uz).txt
2026-Q2;roe_share_capital;Рентабельность акционерного капитала (чистая прибыль / акционерный капитал);относительные;APEX INSURANCE AJ;APEX INSURANCE;0;17,72;;6;14,52;;10;;-3,2;;%;82;Рэнкинг страховых компаний — II квартал 2026 (snsratings.uz).txt
2026-Q2;roe_share_capital;Рентабельность акционерного капитала (чистая прибыль / акционерный капитал);относительные;SQB INSURANCE SUG'URTA KOMPANIYASI AJ;SQB INSURANCE SUG`URTA KOMPANIYASI;0;14,61;;9;12,21;;11;;-2,4;;%;82;Рэнкинг страховых компаний — II квартал 2026 (snsratings.uz).txt
2026-Q2;roe_share_capital;Рентабельность акционерного капитала (чистая прибыль / акционерный капитал);относительные;GROSS SUG'URTA KOMPANIYASI AJ;GROSS SUG`URTA KOMPANIYASI;0;8,33;;13;10,9;;12;;2,57;;%;82;Рэнкинг страховых компаний — II квартал 2026 (snsratings.uz).txt
2026-Q2;roe_share_capital;Рентабельность акционерного капитала (чистая прибыль / акционерный капитал);относительные;O'ZBEKINVEST EISK AJ;O`ZBEKINVEST;0;9,69;;12;10,48;;13;;0,79;;%;82;Рэнкинг страховых компаний — II квартал 2026 (snsratings.uz).txt
2026-Q2;roe_share_capital;Рентабельность акционерного капитала (чистая прибыль / акционерный капитал);относительные;ARIA SUG'URTA TASHKILOTI AJ;ARIA SUG`URTA TASHKILOTI;0;9,99;;11;10,43;;14;;0,44;;%;82;Рэнкинг страховых компаний — II квартал 2026 (snsratings.uz).txt
2026-Q2;roe_share_capital;Рентабельность акционерного капитала (чистая прибыль / акционерный капитал);относительные;SEMURG SUG'URTA AJ QK;SEMURG INSURANCE;0;0,71;;31;10,36;;15;;9,65;;%;82;Рэнкинг страховых компаний — II квартал 2026 (snsratings.uz).txt
2026-Q2;roe_share_capital;Рентабельность акционерного капитала (чистая прибыль / акционерный капитал);относительные;MY-INSURANCE AJ;MY-INSURANCE;0;16,62;;7;9,03;;16;;-7,59;;%;82;Рэнкинг страховых компаний — II квартал 2026 (snsratings.uz).txt
2026-Q2;roe_share_capital;Рентабельность акционерного капитала (чистая прибыль / акционерный капитал);относительные;KAFOLAT SUG'URTA KOMPANIYASI AJ;KAFOLAT SUG`URTA KOMPANIYASI;0;5,57;;18;7,4;;17;;1,83;;%;82;Рэнкинг страховых компаний — II квартал 2026 (snsratings.uz).txt
2026-Q2;roe_share_capital;Рентабельность акционерного капитала (чистая прибыль / акционерный капитал);относительные;O'ZBEKISTON QAYTA SUG'URTA KOMPANIYASI MQST AJ;O`ZBEKISTON QAYTA SUG`URTA KOMPANIYASI;0;0,0;;33;6,08;;18;;6,08;;%;82;Рэнкинг страховых компаний — II квартал 2026 (snsratings.uz).txt
2026-Q2;roe_share_capital;Рентабельность акционерного капитала (чистая прибыль / акционерный капитал);относительные;O'ZBEKINVEST HAYOT SUG'URTA KOMPANIYASI AJ;O`ZBEKINVEST HAYOT SUG`URTA KOMPANIYASI;1;7,0;;17;5,87;;19;;-1,13;;%;82;Рэнкинг страховых компаний — II квартал 2026 (snsratings.uz).txt
2026-Q2;roe_share_capital;Рентабельность акционерного капитала (чистая прибыль / акционерный капитал);относительные;INFINITY INSURANCE AJ;INFINITY INSURANCE;0;4,98;;21;5,18;;20;;0,2;;%;82;Рэнкинг страховых компаний — II квартал 2026 (snsratings.uz).txt
2026-Q2;roe_share_capital;Рентабельность акционерного капитала (чистая прибыль / акционерный капитал);относительные;ALFA INVEST SUG'URTA KOMPANIYASI AJ;ALFA INVEST SUG`URTA KOMPANIYASI;0;1,19;;25;4,71;;21;;3,52;;%;82;Рэнкинг страховых компаний — II квартал 2026 (snsratings.uz).txt
2026-Q2;roe_share_capital;Рентабельность акционерного капитала (чистая прибыль / акционерный капитал);относительные;KAPITAL SUG'URTA AJ;KAPITAL SUG`URTA;0;5,53;;19;4,1;;22;;-1,43;;%;82;Рэнкинг страховых компаний — II квартал 2026 (snsratings.uz).txt
2026-Q2;roe_share_capital;Рентабельность акционерного капитала (чистая прибыль / акционерный капитал);относительные;KAFOLAT HAYOT INSURANCE AJ;KAFOLAT HAYOT INSURANCE;1;1,18;;26;3,22;;23;;2,04;;%;82;Рэнкинг страховых компаний — II квартал 2026 (snsratings.uz).txt
2026-Q2;roe_share_capital;Рентабельность акционерного капитала (чистая прибыль / акционерный капитал);относительные;ALFA LIFE INSURANCE AJ;ALFA LIFE INSURANCE;1;4,69;;22;1,92;;24;;-2,77;;%;82;Рэнкинг страховых компаний — II квартал 2026 (snsratings.uz).txt
2026-Q2;roe_share_capital;Рентабельность акционерного капитала (чистая прибыль / акционерный капитал);относительные;INSON AJ;INSON;0;0,91;;27;1,73;;25;;0,82;;%;82;Рэнкинг страховых компаний — II квартал 2026 (snsratings.uz).txt
2026-Q2;roe_share_capital;Рентабельность акционерного капитала (чистая прибыль / акционерный капитал);относительные;QUANTUM INSURANCE AJ;QUANTUM INSURANCE;0;7,83;;14;1,36;;26;;-6,47;;%;82;Рэнкинг страховых компаний — II квартал 2026 (snsratings.uz).txt
2026-Q2;roe_share_capital;Рентабельность акционерного капитала (чистая прибыль / акционерный капитал);относительные;ISHONCH SUG'URTA KOMPANIYASI AJ;ISHONCH SUG`URTA KOMPANIYASI;0;1,3;;24;1,23;;27;;-0,07;;%;82;Рэнкинг страховых компаний — II квартал 2026 (snsratings.uz).txt
2026-Q2;roe_share_capital;Рентабельность акционерного капитала (чистая прибыль / акционерный капитал);относительные;IMPEX-INSURANCE AJ;IMPEX-INSURANCE;0;7,46;;16;0,64;;28;;-6,82;;%;82;Рэнкинг страховых компаний — II квартал 2026 (snsratings.uz).txt
2026-Q2;roe_share_capital;Рентабельность акционерного капитала (чистая прибыль / акционерный капитал);относительные;APEX LIFE INSURANCE AJ;APEX LIFE INSURANCE;1;0,09;;32;0,5;;29;;0,41;;%;82;Рэнкинг страховых компаний — II квартал 2026 (snsratings.uz).txt
2026-Q2;roe_share_capital;Рентабельность акционерного капитала (чистая прибыль / акционерный капитал);относительные;O'ZAGROSUG'URTA AJ;O`ZAGROSUG`URTA;0;3,21;;23;0,27;;30;;-2,94;;%;82;Рэнкинг страховых компаний — II квартал 2026 (snsratings.uz).txt
2026-Q2;roe_share_capital;Рентабельность акционерного капитала (чистая прибыль / акционерный капитал);относительные;TRUST-INSURANCE AJ;TRUST-INSURANCE;0;0,75;;30;0,25;;31;;-0,5;;%;82;Рэнкинг страховых компаний — II квартал 2026 (snsratings.uz).txt
2026-Q2;roe_share_capital;Рентабельность акционерного капитала (чистая прибыль / акционерный капитал);относительные;AGROS HAYOT AJ;AGROS HAYOT SUG`URTA KOMPANIYASI;1;-0,07;;35;0,09;;32;;0,16;;%;82;Рэнкинг страховых компаний — II квартал 2026 (snsratings.uz).txt
2026-Q2;roe_share_capital;Рентабельность акционерного капитала (чистая прибыль / акционерный капитал);относительные;ASIA INSURANCE SUG'URTA KOMPANIYASI AJ;ASIA INSURANCE SUG`URTA KOMPANIYASI;0;-19,77;;36;0,06;;33;;19,83;;%;82;Рэнкинг страховых компаний — II квартал 2026 (snsratings.uz).txt
2026-Q2;roe_share_capital;Рентабельность акционерного капитала (чистая прибыль / акционерный капитал);относительные;GLOBAL INSURANCE GROUP AJ;GLOBAL INSURANCE GROUP;0;17,79;;5;0,0;;34;;-17,79;;%;82;Рэнкинг страховых компаний — II квартал 2026 (snsratings.uz).txt
2026-Q2;roe_share_capital;Рентабельность акционерного капитала (чистая прибыль / акционерный капитал);относительные;ALSKOM AJ;ALSKOM SUG`URTA KOMPANIYASI;0;33,53;;2;-3,67;;35;;-37,2;;%;82;Рэнкинг страховых компаний — II квартал 2026 (snsratings.uz).txt
2026-Q2;roe_share_capital;Рентабельность акционерного капитала (чистая прибыль / акционерный капитал);относительные;PRESTIGE INSURANCE AJ;PRESTIGE INSURANCE;1;0,0;;33;-8,57;;36;;-8,57;;%;82;Рэнкинг страховых компаний — II квартал 2026 (snsratings.uz).txt
2026-Q2;roe;Рентабельность собственного капитала (чистая прибыль / совокупный капитал);относительные;ВСЕГО;ВСЕГО;0;7,34;;;8,4;;;;1,06;;%;83;Рэнкинг страховых компаний — II квартал 2026 (snsratings.uz).txt
2026-Q2;roe;Рентабельность собственного капитала (чистая прибыль / совокупный капитал);относительные;TBC SUG'URTA AJ;TBC SUG`URTA;1;5,29;;17;28,34;;1;;23,05;;%;83;Рэнкинг страховых компаний — II квартал 2026 (snsratings.uz).txt
2026-Q2;roe;Рентабельность собственного капитала (чистая прибыль / совокупный капитал);относительные;EUROASIA INSURANCE AJ QK;EUROASIA INSURANCE;0;22,77;;1;22,9;;2;;0,13;;%;83;Рэнкинг страховых компаний — II квартал 2026 (snsratings.uz).txt
2026-Q2;roe;Рентабельность собственного капитала (чистая прибыль / совокупный капитал);относительные;XALQ SUG'URTA AJ;XALQ SUG`URTA;0;6,74;;12;15,53;;3;;8,79;;%;83;Рэнкинг страховых компаний — II квартал 2026 (snsratings.uz).txt
2026-Q2;roe;Рентабельность собственного капитала (чистая прибыль / совокупный капитал);относительные;MOSAIC INSURANCE GROUP AJ QK;MOSAIC INSURANCE GROUP;0;13,55;;6;15,18;;4;;1,63;;%;83;Рэнкинг страховых компаний — II квартал 2026 (snsratings.uz).txt
2026-Q2;roe;Рентабельность собственного капитала (чистая прибыль / совокупный капитал);относительные;NEO INSURANCE CORP AJ;NEO INSURANCE CORP;0;0,98;;26;14,64;;5;;13,66;;%;83;Рэнкинг страховых компаний — II квартал 2026 (snsratings.uz).txt
2026-Q2;roe;Рентабельность собственного капитала (чистая прибыль / совокупный капитал);относительные;KAFIL SUG'URTA AJ;KAFIL-SUG`URTA;0;12,72;;7;14,35;;6;;1,63;;%;83;Рэнкинг страховых компаний — II квартал 2026 (snsratings.uz).txt
2026-Q2;roe;Рентабельность собственного капитала (чистая прибыль / совокупный капитал);относительные;HAMKOR SUG'URTA AJ;HAMKOR SUG`URTA;0;20,76;;2;12,38;;7;;-8,38;;%;83;Рэнкинг страховых компаний — II квартал 2026 (snsratings.uz).txt
2026-Q2;roe;Рентабельность собственного капитала (чистая прибыль / совокупный капитал);относительные;IMKON SUG'URTA AJ;IMKON-SUG`URTA;0;8,7;;11;12,11;;8;;3,41;;%;83;Рэнкинг страховых компаний — II квартал 2026 (snsratings.uz).txt
2026-Q2;roe;Рентабельность собственного капитала (чистая прибыль / совокупный капитал);относительные;SEMURG SUG'URTA AJ QK;SEMURG INSURANCE;0;0,86;;29;11,96;;9;;11,1;;%;83;Рэнкинг страховых компаний — II квартал 2026 (snsratings.uz).txt
2026-Q2;roe;Рентабельность собственного капитала (чистая прибыль / совокупный капитал);относительные;APEX INSURANCE AJ;APEX INSURANCE;0;13,93;;5;11,93;;10;;-2,0;;%;83;Рэнкинг страховых компаний — II квартал 2026 (snsratings.uz).txt
2026-Q2;roe;Рентабельность собственного капитала (чистая прибыль / совокупный капитал);относительные;TEMIRYO'L SUG'URTA AJ;TEMIRYO`L SUG`URTA;0;0,6;;31;10,89;;11;;10,29;;%;83;Рэнкинг страховых компаний — II квартал 2026 (snsratings.uz).txt
2026-Q2;roe;Рентабельность собственного капитала (чистая прибыль / совокупный капитал);относительные;SQB INSURANCE SUG'URTA KOMPANIYASI AJ;SQB INSURANCE SUG`URTA KOMPANIYASI;0;12,24;;8;10,46;;12;;-1,78;;%;83;Рэнкинг страховых компаний — II квартал 2026 (snsratings.uz).txt
2026-Q2;roe;Рентабельность собственного капитала (чистая прибыль / совокупный капитал);относительные;GROSS SUG'URTA KOMPANIYASI AJ;GROSS SUG`URTA KOMPANIYASI;0;6,67;;14;9,23;;13;;2,56;;%;83;Рэнкинг страховых компаний — II квартал 2026 (snsratings.uz).txt
2026-Q2;roe;Рентабельность собственного капитала (чистая прибыль / совокупный капитал);относительные;ARIA SUG'URTA TASHKILOTI AJ;ARIA SUG`URTA TASHKILOTI;0;8,77;;10;8,55;;14;;-0,22;;%;83;Рэнкинг страховых компаний — II квартал 2026 (snsratings.uz).txt
2026-Q2;roe;Рентабельность собственного капитала (чистая прибыль / совокупный капитал);относительные;KAFOLAT SUG'URTA KOMPANIYASI AJ;KAFOLAT SUG`URTA KOMPANIYASI;0;4,82;;18;5,85;;15;;1,03;;%;83;Рэнкинг страховых компаний — II квартал 2026 (snsratings.uz).txt
2026-Q2;roe;Рентабельность собственного капитала (чистая прибыль / совокупный капитал);относительные;O'ZBEKISTON QAYTA SUG'URTA KOMPANIYASI MQST AJ;O`ZBEKISTON QAYTA SUG`URTA KOMPANIYASI;0;0,0;;33;5,56;;16;;5,56;;%;83;Рэнкинг страховых компаний — II квартал 2026 (snsratings.uz).txt
2026-Q2;roe;Рентабельность собственного капитала (чистая прибыль / совокупный капитал);относительные;O'ZBEKINVEST HAYOT SUG'URTA KOMPANIYASI AJ;O`ZBEKINVEST HAYOT SUG`URTA KOMPANIYASI;1;6,67;;15;5,21;;17;;-1,46;;%;83;Рэнкинг страховых компаний — II квартал 2026 (snsratings.uz).txt
2026-Q2;roe;Рентабельность собственного капитала (чистая прибыль / совокупный капитал);относительные;INFINITY INSURANCE AJ;INFINITY INSURANCE;0;4,7;;19;4,97;;18;;0,27;;%;83;Рэнкинг страховых компаний — II квартал 2026 (snsratings.uz).txt
2026-Q2;roe;Рентабельность собственного капитала (чистая прибыль / совокупный капитал);относительные;MY-INSURANCE AJ;MY-INSURANCE;0;9,8;;9;4,4;;19;;-5,4;;%;83;Рэнкинг страховых компаний — II квартал 2026 (snsratings.uz).txt
2026-Q2;roe;Рентабельность собственного капитала (чистая прибыль / совокупный капитал);относительные;KAFOLAT HAYOT INSURANCE AJ;KAFOLAT HAYOT INSURANCE;1;1,74;;24;4,27;;20;;2,53;;%;83;Рэнкинг страховых компаний — II квартал 2026 (snsratings.uz).txt
2026-Q2;roe;Рентабельность собственного капитала (чистая прибыль / совокупный капитал);относительные;O'ZBEKINVEST EISK AJ;O`ZBEKINVEST;0;3,36;;21;3,56;;21;;0,2;;%;83;Рэнкинг страховых компаний — II квартал 2026 (snsratings.uz).txt
2026-Q2;roe;Рентабельность собственного капитала (чистая прибыль / совокупный капитал);относительные;ALFA INVEST SUG'URTA KOMPANIYASI AJ;ALFA INVEST SUG`URTA KOMPANIYASI;0;0,87;;27;3,33;;22;;2,46;;%;83;Рэнкинг страховых компаний — II квартал 2026 (snsratings.uz).txt
2026-Q2;roe;Рентабельность собственного капитала (чистая прибыль / совокупный капитал);относительные;KAPITAL SUG'URTA AJ;KAPITAL SUG`URTA;0;2,91;;22;2,69;;23;;-0,22;;%;83;Рэнкинг страховых компаний — II квартал 2026 (snsratings.uz).txt
2026-Q2;roe;Рентабельность собственного капитала (чистая прибыль / совокупный капитал);относительные;ALFA LIFE INSURANCE AJ;ALFA LIFE INSURANCE;1;4,2;;20;1,73;;24;;-2,47;;%;83;Рэнкинг страховых компаний — II квартал 2026 (snsratings.uz).txt
2026-Q2;roe;Рентабельность собственного капитала (чистая прибыль / совокупный капитал);относительные;INSON AJ;INSON;0;0,87;;28;1,56;;25;;0,69;;%;83;Рэнкинг страховых компаний — II квартал 2026 (snsratings.uz).txt
2026-Q2;roe;Рентабельность собственного капитала (чистая прибыль / совокупный капитал);относительные;QUANTUM INSURANCE AJ;QUANTUM INSURANCE;0;6,72;;13;1,22;;26;;-5,5;;%;83;Рэнкинг страховых компаний — II квартал 2026 (snsratings.uz).txt
2026-Q2;roe;Рентабельность собственного капитала (чистая прибыль / совокупный капитал);относительные;ISHONCH SUG'URTA KOMPANIYASI AJ;ISHONCH SUG`URTA KOMPANIYASI;0;1,15;;25;1,08;;27;;-0,07;;%;83;Рэнкинг страховых компаний — II квартал 2026 (snsratings.uz).txt
2026-Q2;roe;Рентабельность собственного капитала (чистая прибыль / совокупный капитал);относительные;IMPEX-INSURANCE AJ;IMPEX-INSURANCE;0;6,04;;16;0,53;;28;;-5,51;;%;83;Рэнкинг страховых компаний — II квартал 2026 (snsratings.uz).txt
2026-Q2;roe;Рентабельность собственного капитала (чистая прибыль / совокупный капитал);относительные;APEX LIFE INSURANCE AJ;APEX LIFE INSURANCE;1;0,08;;32;0,49;;29;;0,41;;%;83;Рэнкинг страховых компаний — II квартал 2026 (snsratings.uz).txt
2026-Q2;roe;Рентабельность собственного капитала (чистая прибыль / совокупный капитал);относительные;TRUST-INSURANCE AJ;TRUST-INSURANCE;0;0,78;;30;0,25;;30;;-0,53;;%;83;Рэнкинг страховых компаний — II квартал 2026 (snsratings.uz).txt
2026-Q2;roe;Рентабельность собственного капитала (чистая прибыль / совокупный капитал);относительные;O'ZAGROSUG'URTA AJ;O`ZAGROSUG`URTA;0;2,54;;23;0,2;;31;;-2,34;;%;83;Рэнкинг страховых компаний — II квартал 2026 (snsratings.uz).txt
2026-Q2;roe;Рентабельность собственного капитала (чистая прибыль / совокупный капитал);относительные;AGROS HAYOT AJ;AGROS HAYOT SUG`URTA KOMPANIYASI;1;-0,13;;35;0,17;;32;;0,3;;%;83;Рэнкинг страховых компаний — II квартал 2026 (snsratings.uz).txt
2026-Q2;roe;Рентабельность собственного капитала (чистая прибыль / совокупный капитал);относительные;ASIA INSURANCE SUG'URTA KOMPANIYASI AJ;ASIA INSURANCE SUG`URTA KOMPANIYASI;0;-21,66;;36;0,04;;33;;21,7;;%;83;Рэнкинг страховых компаний — II квартал 2026 (snsratings.uz).txt
2026-Q2;roe;Рентабельность собственного капитала (чистая прибыль / совокупный капитал);относительные;GLOBAL INSURANCE GROUP AJ;GLOBAL INSURANCE GROUP;0;14,71;;4;0,0;;34;;-14,71;;%;83;Рэнкинг страховых компаний — II квартал 2026 (snsratings.uz).txt
2026-Q2;roe;Рентабельность собственного капитала (чистая прибыль / совокупный капитал);относительные;ALSKOM AJ;ALSKOM SUG`URTA KOMPANIYASI;0;18,02;;3;-3,11;;35;;-21,13;;%;83;Рэнкинг страховых компаний — II квартал 2026 (snsratings.uz).txt
2026-Q2;roe;Рентабельность собственного капитала (чистая прибыль / совокупный капитал);относительные;PRESTIGE INSURANCE AJ;PRESTIGE INSURANCE;1;0,0;;33;-18,88;;36;;-18,88;;%;83;Рэнкинг страховых компаний — II квартал 2026 (snsratings.uz).txt
2026-Q2;payouts_to_premiums;Страховые выплаты / Страховые премии;относительные;ВСЕГО;ВСЕГО;0;19,97;;;28,09;;;;8,12;;%;84;Рэнкинг страховых компаний — II квартал 2026 (snsratings.uz).txt
2026-Q2;payouts_to_premiums;Страховые выплаты / Страховые премии;относительные;AGROS HAYOT AJ;AGROS HAYOT SUG`URTA KOMPANIYASI;1;44,34;;7;155,73;;1;;111,39;;%;84;Рэнкинг страховых компаний — II квартал 2026 (snsratings.uz).txt
2026-Q2;payouts_to_premiums;Страховые выплаты / Страховые премии;относительные;O'ZBEKINVEST HAYOT SUG'URTA KOMPANIYASI AJ;O`ZBEKINVEST HAYOT SUG`URTA KOMPANIYASI;1;141,26;;1;109,95;;2;;-31,31;;%;84;Рэнкинг страховых компаний — II квартал 2026 (snsratings.uz).txt
2026-Q2;payouts_to_premiums;Страховые выплаты / Страховые премии;относительные;GROSS SUG'URTA KOMPANIYASI AJ;GROSS SUG`URTA KOMPANIYASI;0;24,39;;17;44,99;;3;;20,6;;%;84;Рэнкинг страховых компаний — II квартал 2026 (snsratings.uz).txt
2026-Q2;payouts_to_premiums;Страховые выплаты / Страховые премии;относительные;APEX INSURANCE AJ;APEX INSURANCE;0;14,41;;25;44,73;;4;;30,32;;%;84;Рэнкинг страховых компаний — II квартал 2026 (snsratings.uz).txt
2026-Q2;payouts_to_premiums;Страховые выплаты / Страховые премии;относительные;SEMURG SUG'URTA AJ QK;SEMURG INSURANCE;0;6,65;;31;39,51;;5;;32,86;;%;84;Рэнкинг страховых компаний — II квартал 2026 (snsratings.uz).txt
2026-Q2;payouts_to_premiums;Страховые выплаты / Страховые премии;относительные;SQB INSURANCE SUG'URTA KOMPANIYASI AJ;SQB INSURANCE SUG`URTA KOMPANIYASI;0;49,12;;5;38,85;;6;;-10,27;;%;84;Рэнкинг страховых компаний — II квартал 2026 (snsratings.uz).txt
2026-Q2;payouts_to_premiums;Страховые выплаты / Страховые премии;относительные;KAFOLAT HAYOT INSURANCE AJ;KAFOLAT HAYOT INSURANCE;1;20,66;;20;38,75;;7;;18,09;;%;84;Рэнкинг страховых компаний — II квартал 2026 (snsratings.uz).txt
2026-Q2;payouts_to_premiums;Страховые выплаты / Страховые премии;относительные;O'ZAGROSUG'URTA AJ;O`ZAGROSUG`URTA;0;10,76;;27;38,73;;8;;27,97;;%;84;Рэнкинг страховых компаний — II квартал 2026 (snsratings.uz).txt
2026-Q2;payouts_to_premiums;Страховые выплаты / Страховые премии;относительные;ALFA LIFE INSURANCE AJ;ALFA LIFE INSURANCE;1;48,18;;6;36,95;;9;;-11,23;;%;84;Рэнкинг страховых компаний — II квартал 2026 (snsratings.uz).txt
2026-Q2;payouts_to_premiums;Страховые выплаты / Страховые премии;относительные;XALQ SUG'URTA AJ;XALQ SUG`URTA;0;43,99;;8;36,13;;10;;-7,86;;%;84;Рэнкинг страховых компаний — II квартал 2026 (snsratings.uz).txt
2026-Q2;payouts_to_premiums;Страховые выплаты / Страховые премии;относительные;IMPEX-INSURANCE AJ;IMPEX-INSURANCE;0;22,69;;18;35,79;;11;;13,1;;%;84;Рэнкинг страховых компаний — II квартал 2026 (snsratings.uz).txt
2026-Q2;payouts_to_premiums;Страховые выплаты / Страховые премии;относительные;ALSKOM AJ;ALSKOM SUG`URTA KOMPANIYASI;0;32,51;;11;34,4;;12;;1,89;;%;84;Рэнкинг страховых компаний — II квартал 2026 (snsratings.uz).txt
2026-Q2;payouts_to_premiums;Страховые выплаты / Страховые премии;относительные;TRUST-INSURANCE AJ;TRUST-INSURANCE;0;49,23;;4;31,23;;13;;-18,0;;%;84;Рэнкинг страховых компаний — II квартал 2026 (snsratings.uz).txt
2026-Q2;payouts_to_premiums;Страховые выплаты / Страховые премии;относительные;O'ZBEKINVEST EISK AJ;O`ZBEKINVEST;0;8,32;;30;30,34;;14;;22,02;;%;84;Рэнкинг страховых компаний — II квартал 2026 (snsratings.uz).txt
2026-Q2;payouts_to_premiums;Страховые выплаты / Страховые премии;относительные;ISHONCH SUG'URTA KOMPANIYASI AJ;ISHONCH SUG`URTA KOMPANIYASI;0;19,25;;21;29,46;;15;;10,21;;%;84;Рэнкинг страховых компаний — II квартал 2026 (snsratings.uz).txt
2026-Q2;payouts_to_premiums;Страховые выплаты / Страховые премии;относительные;INSON AJ;INSON;0;26,25;;15;28,52;;16;;2,27;;%;84;Рэнкинг страховых компаний — II квартал 2026 (snsratings.uz).txt
2026-Q2;payouts_to_premiums;Страховые выплаты / Страховые премии;относительные;QUANTUM INSURANCE AJ;QUANTUM INSURANCE;0;9,79;;29;25,94;;17;;16,15;;%;84;Рэнкинг страховых компаний — II квартал 2026 (snsratings.uz).txt
2026-Q2;payouts_to_premiums;Страховые выплаты / Страховые премии;относительные;NEO INSURANCE CORP AJ;NEO INSURANCE CORP;0;40,83;;9;20,26;;18;;-20,57;;%;84;Рэнкинг страховых компаний — II квартал 2026 (snsratings.uz).txt
2026-Q2;payouts_to_premiums;Страховые выплаты / Страховые премии;относительные;KAFOLAT SUG'URTA KOMPANIYASI AJ;KAFOLAT SUG`URTA KOMPANIYASI;0;31,42;;13;18,79;;19;;-12,63;;%;84;Рэнкинг страховых компаний — II квартал 2026 (snsratings.uz).txt
2026-Q2;payouts_to_premiums;Страховые выплаты / Страховые премии;относительные;APEX LIFE INSURANCE AJ;APEX LIFE INSURANCE;1;14,92;;24;18,65;;20;;3,73;;%;84;Рэнкинг страховых компаний — II квартал 2026 (snsratings.uz).txt
2026-Q2;payouts_to_premiums;Страховые выплаты / Страховые премии;относительные;MY-INSURANCE AJ;MY-INSURANCE;0;51,08;;3;18,5;;21;;-32,58;;%;84;Рэнкинг страховых компаний — II квартал 2026 (snsratings.uz).txt
2026-Q2;payouts_to_premiums;Страховые выплаты / Страховые премии;относительные;KAFIL SUG'URTA AJ;KAFIL-SUG`URTA;0;26,7;;14;18,11;;22;;-8,59;;%;84;Рэнкинг страховых компаний — II квартал 2026 (snsratings.uz).txt
2026-Q2;payouts_to_premiums;Страховые выплаты / Страховые премии;относительные;TEMIRYO'L SUG'URTA AJ;TEMIRYO`L SUG`URTA;0;32,07;;12;15,86;;23;;-16,21;;%;84;Рэнкинг страховых компаний — II квартал 2026 (snsratings.uz).txt
2026-Q2;payouts_to_premiums;Страховые выплаты / Страховые премии;относительные;IMKON SUG'URTA AJ;IMKON-SUG`URTA;0;86,35;;2;13,71;;24;;-72,64;;%;84;Рэнкинг страховых компаний — II квартал 2026 (snsratings.uz).txt
2026-Q2;payouts_to_premiums;Страховые выплаты / Страховые премии;относительные;HAMKOR SUG'URTA AJ;HAMKOR SUG`URTA;0;24,5;;16;13,4;;25;;-11,1;;%;84;Рэнкинг страховых компаний — II квартал 2026 (snsratings.uz).txt
2026-Q2;payouts_to_premiums;Страховые выплаты / Страховые премии;относительные;INFINITY INSURANCE AJ;INFINITY INSURANCE;0;22,45;;19;13,02;;26;;-9,43;;%;84;Рэнкинг страховых компаний — II квартал 2026 (snsratings.uz).txt
2026-Q2;payouts_to_premiums;Страховые выплаты / Страховые премии;относительные;ALFA INVEST SUG'URTA KOMPANIYASI AJ;ALFA INVEST SUG`URTA KOMPANIYASI;0;11,51;;26;12,84;;27;;1,33;;%;84;Рэнкинг страховых компаний — II квартал 2026 (snsratings.uz).txt
2026-Q2;payouts_to_premiums;Страховые выплаты / Страховые премии;относительные;MOSAIC INSURANCE GROUP AJ QK;MOSAIC INSURANCE GROUP;0;10,08;;28;10,39;;28;;0,31;;%;84;Рэнкинг страховых компаний — II квартал 2026 (snsratings.uz).txt
2026-Q2;payouts_to_premiums;Страховые выплаты / Страховые премии;относительные;ASIA INSURANCE SUG'URTA KOMPANIYASI AJ;ASIA INSURANCE SUG`URTA KOMPANIYASI;0;16,45;;23;8,62;;29;;-7,83;;%;84;Рэнкинг страховых компаний — II квартал 2026 (snsratings.uz).txt
2026-Q2;payouts_to_premiums;Страховые выплаты / Страховые премии;относительные;KAPITAL SUG'URTA AJ;KAPITAL SUG`URTA;0;18,33;;22;8,53;;30;;-9,8;;%;84;Рэнкинг страховых компаний — II квартал 2026 (snsratings.uz).txt
2026-Q2;payouts_to_premiums;Страховые выплаты / Страховые премии;относительные;ARIA SUG'URTA TASHKILOTI AJ;ARIA SUG`URTA TASHKILOTI;0;6,08;;32;6,73;;31;;0,65;;%;84;Рэнкинг страховых компаний — II квартал 2026 (snsratings.uz).txt
2026-Q2;payouts_to_premiums;Страховые выплаты / Страховые премии;относительные;EUROASIA INSURANCE AJ QK;EUROASIA INSURANCE;0;4,14;;33;2,28;;32;;-1,86;;%;84;Рэнкинг страховых компаний — II квартал 2026 (snsratings.uz).txt
2026-Q2;payouts_to_premiums;Страховые выплаты / Страховые премии;относительные;TBC SUG'URTA AJ;TBC SUG`URTA;1;0,0;;34;1,98;;33;;1,98;;%;84;Рэнкинг страховых компаний — II квартал 2026 (snsratings.uz).txt
2026-Q2;payouts_to_premiums;Страховые выплаты / Страховые премии;относительные;PRESTIGE INSURANCE AJ;PRESTIGE INSURANCE;1;0,0;;34;0,0;;34;;0,0;;%;84;Рэнкинг страховых компаний — II квартал 2026 (snsratings.uz).txt
2026-Q2;payouts_to_premiums;Страховые выплаты / Страховые премии;относительные;O'ZBEKISTON QAYTA SUG'URTA KOMPANIYASI MQST AJ;O`ZBEKISTON QAYTA SUG`URTA KOMPANIYASI;0;0,0;;34;0,0;;34;;0,0;;%;84;Рэнкинг страховых компаний — II квартал 2026 (snsratings.uz).txt
2026-Q2;payouts_to_premiums;Страховые выплаты / Страховые премии;относительные;GLOBAL INSURANCE GROUP AJ;GLOBAL INSURANCE GROUP;0;36,56;;10;0,0;;34;;-36,56;;%;84;Рэнкинг страховых компаний — II квартал 2026 (snsratings.uz).txt
2026-Q2;liabilities_to_premiums;Страховые обязательства / Страховые премии;относительные;ВСЕГО;ВСЕГО;0;477,7;;;550,5;;;;;;сум;85;Рэнкинг страховых компаний — II квартал 2026 (snsratings.uz).txt
2026-Q2;liabilities_to_premiums;Страховые обязательства / Страховые премии;относительные;O'ZAGROSUG'URTA AJ;O`ZAGROSUG`URTA;0;520,5;;18;1664,1;;1;;;;сум;85;Рэнкинг страховых компаний — II квартал 2026 (snsratings.uz).txt
2026-Q2;liabilities_to_premiums;Страховые обязательства / Страховые премии;относительные;ASIA INSURANCE SUG'URTA KOMPANIYASI AJ;ASIA INSURANCE SUG`URTA KOMPANIYASI;0;586,6;;14;1627,7;;2;;;;сум;85;Рэнкинг страховых компаний — II квартал 2026 (snsratings.uz).txt
2026-Q2;liabilities_to_premiums;Страховые обязательства / Страховые премии;относительные;SEMURG SUG'URTA AJ QK;SEMURG INSURANCE;0;577,0;;16;1385,7;;3;;;;сум;85;Рэнкинг страховых компаний — II квартал 2026 (snsratings.uz).txt
2026-Q2;liabilities_to_premiums;Страховые обязательства / Страховые премии;относительные;SQB INSURANCE SUG'URTA KOMPANIYASI AJ;SQB INSURANCE SUG`URTA KOMPANIYASI;0;1686,1;;2;1138,2;;4;;;;сум;85;Рэнкинг страховых компаний — II квартал 2026 (snsratings.uz).txt
2026-Q2;liabilities_to_premiums;Страховые обязательства / Страховые премии;относительные;APEX LIFE INSURANCE AJ;APEX LIFE INSURANCE;1;30,9;;31;1115,6;;5;;;;сум;85;Рэнкинг страховых компаний — II квартал 2026 (snsratings.uz).txt
2026-Q2;liabilities_to_premiums;Страховые обязательства / Страховые премии;относительные;XALQ SUG'URTA AJ;XALQ SUG`URTA;0;1126,4;;5;1062,6;;6;;;;сум;85;Рэнкинг страховых компаний — II квартал 2026 (snsratings.uz).txt
2026-Q2;liabilities_to_premiums;Страховые обязательства / Страховые премии;относительные;IMPEX-INSURANCE AJ;IMPEX-INSURANCE;0;814,9;;9;918,9;;7;;;;сум;85;Рэнкинг страховых компаний — II квартал 2026 (snsratings.uz).txt
2026-Q2;liabilities_to_premiums;Страховые обязательства / Страховые премии;относительные;INFINITY INSURANCE AJ;INFINITY INSURANCE;0;1250,8;;3;856,9;;8;;;;сум;85;Рэнкинг страховых компаний — II квартал 2026 (snsratings.uz).txt
2026-Q2;liabilities_to_premiums;Страховые обязательства / Страховые премии;относительные;QUANTUM INSURANCE AJ;QUANTUM INSURANCE;0;3089,0;;1;823,6;;9;;;;сум;85;Рэнкинг страховых компаний — II квартал 2026 (snsratings.uz).txt
2026-Q2;liabilities_to_premiums;Страховые обязательства / Страховые премии;относительные;HAMKOR SUG'URTA AJ;HAMKOR SUG`URTA;0;215,7;;26;803,7;;10;;;;сум;85;Рэнкинг страховых компаний — II квартал 2026 (snsratings.uz).txt
2026-Q2;liabilities_to_premiums;Страховые обязательства / Страховые премии;относительные;O'ZBEKINVEST EISK AJ;O`ZBEKINVEST;0;650,6;;13;760,2;;11;;;;сум;85;Рэнкинг страховых компаний — II квартал 2026 (snsratings.uz).txt
2026-Q2;liabilities_to_premiums;Страховые обязательства / Страховые премии;относительные;MOSAIC INSURANCE GROUP AJ QK;MOSAIC INSURANCE GROUP;0;1222,2;;4;718,5;;12;;;;сум;85;Рэнкинг страховых компаний — II квартал 2026 (snsratings.uz).txt
2026-Q2;liabilities_to_premiums;Страховые обязательства / Страховые премии;относительные;O'ZBEKISTON QAYTA SUG'URTA KOMPANIYASI MQST AJ;O`ZBEKISTON QAYTA SUG`URTA KOMPANIYASI;0;;;35;716,1;;13;;;;сум;85;Рэнкинг страховых компаний — II квартал 2026 (snsratings.uz).txt
2026-Q2;liabilities_to_premiums;Страховые обязательства / Страховые премии;относительные;NEO INSURANCE CORP AJ;NEO INSURANCE CORP;0;848,7;;8;711,9;;14;;;;сум;85;Рэнкинг страховых компаний — II квартал 2026 (snsratings.uz).txt
2026-Q2;liabilities_to_premiums;Страховые обязательства / Страховые премии;относительные;KAFIL SUG'URTA AJ;KAFIL-SUG`URTA;0;734,4;;12;631,1;;15;;;;сум;85;Рэнкинг страховых компаний — II квартал 2026 (snsratings.uz).txt
2026-Q2;liabilities_to_premiums;Страховые обязательства / Страховые премии;относительные;GROSS SUG'URTA KOMPANIYASI AJ;GROSS SUG`URTA KOMPANIYASI;0;738,5;;11;602,4;;16;;;;сум;85;Рэнкинг страховых компаний — II квартал 2026 (snsratings.uz).txt
2026-Q2;liabilities_to_premiums;Страховые обязательства / Страховые премии;относительные;ALFA INVEST SUG'URTA KOMPANIYASI AJ;ALFA INVEST SUG`URTA KOMPANIYASI;0;500,7;;19;552,5;;17;;;;сум;85;Рэнкинг страховых компаний — II квартал 2026 (snsratings.uz).txt
2026-Q2;liabilities_to_premiums;Страховые обязательства / Страховые премии;относительные;INSON AJ;INSON;0;759,3;;10;518,1;;18;;;;сум;85;Рэнкинг страховых компаний — II квартал 2026 (snsratings.uz).txt
2026-Q2;liabilities_to_premiums;Страховые обязательства / Страховые премии;относительные;TEMIRYO'L SUG'URTA AJ;TEMIRYO`L SUG`URTA;0;956,3;;7;511,7;;19;;;;сум;85;Рэнкинг страховых компаний — II квартал 2026 (snsratings.uz).txt
2026-Q2;liabilities_to_premiums;Страховые обязательства / Страховые премии;относительные;ISHONCH SUG'URTA KOMPANIYASI AJ;ISHONCH SUG`URTA KOMPANIYASI;0;297,8;;23;484,1;;20;;;;сум;85;Рэнкинг страховых компаний — II квартал 2026 (snsratings.uz).txt
2026-Q2;liabilities_to_premiums;Страховые обязательства / Страховые премии;относительные;ALSKOM AJ;ALSKOM SUG`URTA KOMPANIYASI;0;572,8;;17;464,5;;21;;;;сум;85;Рэнкинг страховых компаний — II квартал 2026 (snsratings.uz).txt
2026-Q2;liabilities_to_premiums;Страховые обязательства / Страховые премии;относительные;APEX INSURANCE AJ;APEX INSURANCE;0;258,1;;25;442,6;;22;;;;сум;85;Рэнкинг страховых компаний — II квартал 2026 (snsratings.uz).txt
2026-Q2;liabilities_to_premiums;Страховые обязательства / Страховые премии;относительные;TRUST-INSURANCE AJ;TRUST-INSURANCE;0;408,3;;21;441,6;;23;;;;сум;85;Рэнкинг страховых компаний — II квартал 2026 (snsratings.uz).txt
2026-Q2;liabilities_to_premiums;Страховые обязательства / Страховые премии;относительные;ARIA SUG'URTA TASHKILOTI AJ;ARIA SUG`URTA TASHKILOTI;0;478,6;;20;352,0;;24;;;;сум;85;Рэнкинг страховых компаний — II квартал 2026 (snsratings.uz).txt
2026-Q2;liabilities_to_premiums;Страховые обязательства / Страховые премии;относительные;IMKON SUG'URTA AJ;IMKON-SUG`URTA;0;1110,6;;6;314,6;;25;;;;сум;85;Рэнкинг страховых компаний — II квартал 2026 (snsratings.uz).txt
2026-Q2;liabilities_to_premiums;Страховые обязательства / Страховые премии;относительные;MY-INSURANCE AJ;MY-INSURANCE;0;281,4;;24;277,6;;26;;;;сум;85;Рэнкинг страховых компаний — II квартал 2026 (snsratings.uz).txt
2026-Q2;liabilities_to_premiums;Страховые обязательства / Страховые премии;относительные;KAFOLAT SUG'URTA KOMPANIYASI AJ;KAFOLAT SUG`URTA KOMPANIYASI;0;581,6;;15;247,8;;27;;;;сум;85;Рэнкинг страховых компаний — II квартал 2026 (snsratings.uz).txt
2026-Q2;liabilities_to_premiums;Страховые обязательства / Страховые премии;относительные;AGROS HAYOT AJ;AGROS HAYOT SUG`URTA KOMPANIYASI;1;1,1;;34;174,9;;28;;;;сум;85;Рэнкинг страховых компаний — II квартал 2026 (snsratings.uz).txt
2026-Q2;liabilities_to_premiums;Страховые обязательства / Страховые премии;относительные;KAPITAL SUG'URTA AJ;KAPITAL SUG`URTA;0;307,9;;22;170,7;;29;;;;сум;85;Рэнкинг страховых компаний — II квартал 2026 (snsratings.uz).txt
2026-Q2;liabilities_to_premiums;Страховые обязательства / Страховые премии;относительные;EUROASIA INSURANCE AJ QK;EUROASIA INSURANCE;0;48,4;;29;161,9;;30;;;;сум;85;Рэнкинг страховых компаний — II квартал 2026 (snsratings.uz).txt
2026-Q2;liabilities_to_premiums;Страховые обязательства / Страховые премии;относительные;ALFA LIFE INSURANCE AJ;ALFA LIFE INSURANCE;1;150,9;;28;82,9;;31;;;;сум;85;Рэнкинг страховых компаний — II квартал 2026 (snsratings.uz).txt
2026-Q2;liabilities_to_premiums;Страховые обязательства / Страховые премии;относительные;TBC SUG'URTA AJ;TBC SUG`URTA;1;14,1;;33;53,4;;32;;;;сум;85;Рэнкинг страховых компаний — II квартал 2026 (snsratings.uz).txt
2026-Q2;liabilities_to_premiums;Страховые обязательства / Страховые премии;относительные;PRESTIGE INSURANCE AJ;PRESTIGE INSURANCE;1;;;35;26,9;;33;;;;сум;85;Рэнкинг страховых компаний — II квартал 2026 (snsratings.uz).txt
2026-Q2;liabilities_to_premiums;Страховые обязательства / Страховые премии;относительные;O'ZBEKINVEST HAYOT SUG'URTA KOMPANIYASI AJ;O`ZBEKINVEST HAYOT SUG`URTA KOMPANIYASI;1;36,6;;30;20,0;;34;;;;сум;85;Рэнкинг страховых компаний — II квартал 2026 (snsratings.uz).txt
2026-Q2;liabilities_to_premiums;Страховые обязательства / Страховые премии;относительные;KAFOLAT HAYOT INSURANCE AJ;KAFOLAT HAYOT INSURANCE;1;28,7;;32;19,9;;35;;;;сум;85;Рэнкинг страховых компаний — II квартал 2026 (snsratings.uz).txt
2026-Q2;liabilities_to_premiums;Страховые обязательства / Страховые премии;относительные;GLOBAL INSURANCE GROUP AJ;GLOBAL INSURANCE GROUP;0;214,7;;27;;;36;;;;сум;85;Рэнкинг страховых компаний — II квартал 2026 (snsratings.uz).txt
2026-Q2;liabilities_per_contract;Страховые обязательства / Количество действующих договоров;относительные;ВСЕГО;ВСЕГО;0;261,9;;;340,8;;;;;;млн сум;86;Рэнкинг страховых компаний — II квартал 2026 (snsratings.uz).txt
2026-Q2;liabilities_per_contract;Страховые обязательства / Количество действующих договоров;относительные;O'ZBEKISTON QAYTA SUG'URTA KOMPANIYASI MQST AJ;O`ZBEKISTON QAYTA SUG`URTA KOMPANIYASI;0;;;35;128654,2;;1;;;;млн сум;86;Рэнкинг страховых компаний — II квартал 2026 (snsratings.uz).txt
2026-Q2;liabilities_per_contract;Страховые обязательства / Количество действующих договоров;относительные;MOSAIC INSURANCE GROUP AJ QK;MOSAIC INSURANCE GROUP;0;53319,3;;1;48336,8;;2;;;;млн сум;86;Рэнкинг страховых компаний — II квартал 2026 (snsratings.uz).txt
2026-Q2;liabilities_per_contract;Страховые обязательства / Количество действующих договоров;относительные;APEX LIFE INSURANCE AJ;APEX LIFE INSURANCE;1;16,1;;32;3926,8;;3;;;;млн сум;86;Рэнкинг страховых компаний — II квартал 2026 (snsratings.uz).txt
2026-Q2;liabilities_per_contract;Страховые обязательства / Количество действующих договоров;относительные;ASIA INSURANCE SUG'URTA KOMPANIYASI AJ;ASIA INSURANCE SUG`URTA KOMPANIYASI;0;260,0;;17;1644,8;;4;;;;млн сум;86;Рэнкинг страховых компаний — II квартал 2026 (snsratings.uz).txt
2026-Q2;liabilities_per_contract;Страховые обязательства / Количество действующих договоров;относительные;EUROASIA INSURANCE AJ QK;EUROASIA INSURANCE;0;1103,1;;5;1251,5;;5;;;;млн сум;86;Рэнкинг страховых компаний — II квартал 2026 (snsratings.uz).txt
2026-Q2;liabilities_per_contract;Страховые обязательства / Количество действующих договоров;относительные;IMPEX-INSURANCE AJ;IMPEX-INSURANCE;0;833,6;;6;1144,3;;6;;;;млн сум;86;Рэнкинг страховых компаний — II квартал 2026 (snsratings.uz).txt
2026-Q2;liabilities_per_contract;Страховые обязательства / Количество действующих договоров;относительные;TEMIRYO'L SUG'URTA AJ;TEMIRYO`L SUG`URTA;0;1568,5;;3;892,4;;7;;;;млн сум;86;Рэнкинг страховых компаний — II квартал 2026 (snsratings.uz).txt
2026-Q2;liabilities_per_contract;Страховые обязательства / Количество действующих договоров;относительные;ARIA SUG'URTA TASHKILOTI AJ;ARIA SUG`URTA TASHKILOTI;0;1482,9;;4;697,4;;8;;;;млн сум;86;Рэнкинг страховых компаний — II квартал 2026 (snsratings.uz).txt
2026-Q2;liabilities_per_contract;Страховые обязательства / Количество действующих договоров;относительные;APEX INSURANCE AJ;APEX INSURANCE;0;416,5;;10;555,5;;9;;;;млн сум;86;Рэнкинг страховых компаний — II квартал 2026 (snsratings.uz).txt
2026-Q2;liabilities_per_contract;Страховые обязательства / Количество действующих договоров;относительные;QUANTUM INSURANCE AJ;QUANTUM INSURANCE;0;2672,6;;2;538,6;;10;;;;млн сум;86;Рэнкинг страховых компаний — II квартал 2026 (snsratings.uz).txt
2026-Q2;liabilities_per_contract;Страховые обязательства / Количество действующих договоров;относительные;O'ZBEKINVEST EISK AJ;O`ZBEKINVEST;0;421,0;;9;537,1;;11;;;;млн сум;86;Рэнкинг страховых компаний — II квартал 2026 (snsratings.uz).txt
2026-Q2;liabilities_per_contract;Страховые обязательства / Количество действующих договоров;относительные;O'ZAGROSUG'URTA AJ;O`ZAGROSUG`URTA;0;313,4;;13;411,1;;12;;;;млн сум;86;Рэнкинг страховых компаний — II квартал 2026 (snsratings.uz).txt
2026-Q2;liabilities_per_contract;Страховые обязательства / Количество действующих договоров;относительные;SQB INSURANCE SUG'URTA KOMPANIYASI AJ;SQB INSURANCE SUG`URTA KOMPANIYASI;0;646,4;;8;401,1;;13;;;;млн сум;86;Рэнкинг страховых компаний — II квартал 2026 (snsratings.uz).txt
2026-Q2;liabilities_per_contract;Страховые обязательства / Количество действующих договоров;относительные;KAFOLAT HAYOT INSURANCE AJ;KAFOLAT HAYOT INSURANCE;1;811,6;;7;369,7;;14;;;;млн сум;86;Рэнкинг страховых компаний — II квартал 2026 (snsratings.uz).txt
2026-Q2;liabilities_per_contract;Страховые обязательства / Количество действующих договоров;относительные;ALFA INVEST SUG'URTA KOMPANIYASI AJ;ALFA INVEST SUG`URTA KOMPANIYASI;0;371,2;;12;367,1;;15;;;;млн сум;86;Рэнкинг страховых компаний — II квартал 2026 (snsratings.uz).txt
2026-Q2;liabilities_per_contract;Страховые обязательства / Количество действующих договоров;относительные;INFINITY INSURANCE AJ;INFINITY INSURANCE;0;395,3;;11;345,2;;16;;;;млн сум;86;Рэнкинг страховых компаний — II квартал 2026 (snsratings.uz).txt
2026-Q2;liabilities_per_contract;Страховые обязательства / Количество действующих договоров;относительные;TRUST-INSURANCE AJ;TRUST-INSURANCE;0;285,6;;16;281,1;;17;;;;млн сум;86;Рэнкинг страховых компаний — II квартал 2026 (snsratings.uz).txt
2026-Q2;liabilities_per_contract;Страховые обязательства / Количество действующих договоров;относительные;KAFOLAT SUG'URTA KOMPANIYASI AJ;KAFOLAT SUG`URTA KOMPANIYASI;0;304,3;;14;256,1;;18;;;;млн сум;86;Рэнкинг страховых компаний — II квартал 2026 (snsratings.uz).txt
2026-Q2;liabilities_per_contract;Страховые обязательства / Количество действующих договоров;относительные;ISHONCH SUG'URTA KOMPANIYASI AJ;ISHONCH SUG`URTA KOMPANIYASI;0;172,5;;23;220,1;;19;;;;млн сум;86;Рэнкинг страховых компаний — II квартал 2026 (snsratings.uz).txt
2026-Q2;liabilities_per_contract;Страховые обязательства / Количество действующих договоров;относительные;HAMKOR SUG'URTA AJ;HAMKOR SUG`URTA;0;137,4;;25;219,0;;20;;;;млн сум;86;Рэнкинг страховых компаний — II квартал 2026 (snsratings.uz).txt
2026-Q2;liabilities_per_contract;Страховые обязательства / Количество действующих договоров;относительные;GROSS SUG'URTA KOMPANIYASI AJ;GROSS SUG`URTA KOMPANIYASI;0;296,3;;15;205,1;;21;;;;млн сум;86;Рэнкинг страховых компаний — II квартал 2026 (snsratings.uz).txt
2026-Q2;liabilities_per_contract;Страховые обязательства / Количество действующих договоров;относительные;KAFIL SUG'URTA AJ;KAFIL-SUG`URTA;0;182,3;;20;192,8;;22;;;;млн сум;86;Рэнкинг страховых компаний — II квартал 2026 (snsratings.uz).txt
2026-Q2;liabilities_per_contract;Страховые обязательства / Количество действующих договоров;относительные;SEMURG SUG'URTA AJ QK;SEMURG INSURANCE;0;197,5;;19;173,6;;23;;;;млн сум;86;Рэнкинг страховых компаний — II квартал 2026 (snsratings.uz).txt
2026-Q2;liabilities_per_contract;Страховые обязательства / Количество действующих договоров;относительные;NEO INSURANCE CORP AJ;NEO INSURANCE CORP;0;93,4;;27;170,3;;24;;;;млн сум;86;Рэнкинг страховых компаний — II квартал 2026 (snsratings.uz).txt
2026-Q2;liabilities_per_contract;Страховые обязательства / Количество действующих договоров;относительные;PRESTIGE INSURANCE AJ;PRESTIGE INSURANCE;1;;;35;166,3;;25;;;;млн сум;86;Рэнкинг страховых компаний — II квартал 2026 (snsratings.uz).txt
2026-Q2;liabilities_per_contract;Страховые обязательства / Количество действующих договоров;относительные;ALSKOM AJ;ALSKOM SUG`URTA KOMPANIYASI;0;117,4;;26;161,9;;26;;;;млн сум;86;Рэнкинг страховых компаний — II квартал 2026 (snsratings.uz).txt
2026-Q2;liabilities_per_contract;Страховые обязательства / Количество действующих договоров;относительные;O'ZBEKINVEST HAYOT SUG'URTA KOMPANIYASI AJ;O`ZBEKINVEST HAYOT SUG`URTA KOMPANIYASI;1;175,1;;22;134,7;;27;;;;млн сум;86;Рэнкинг страховых компаний — II квартал 2026 (snsratings.uz).txt
2026-Q2;liabilities_per_contract;Страховые обязательства / Количество действующих договоров;относительные;ALFA LIFE INSURANCE AJ;ALFA LIFE INSURANCE;1;217,4;;18;122,4;;28;;;;млн сум;86;Рэнкинг страховых компаний — II квартал 2026 (snsratings.uz).txt
2026-Q2;liabilities_per_contract;Страховые обязательства / Количество действующих договоров;относительные;INSON AJ;INSON;0;177,4;;21;114,9;;29;;;;млн сум;86;Рэнкинг страховых компаний — II квартал 2026 (snsratings.uz).txt
2026-Q2;liabilities_per_contract;Страховые обязательства / Количество действующих договоров;относительные;KAPITAL SUG'URTA AJ;KAPITAL SUG`URTA;0;153,1;;24;109,6;;30;;;;млн сум;86;Рэнкинг страховых компаний — II квартал 2026 (snsratings.uz).txt
2026-Q2;liabilities_per_contract;Страховые обязательства / Количество действующих договоров;относительные;MY-INSURANCE AJ;MY-INSURANCE;0;78,6;;29;88,2;;31;;;;млн сум;86;Рэнкинг страховых компаний — II квартал 2026 (snsratings.uz).txt
2026-Q2;liabilities_per_contract;Страховые обязательства / Количество действующих договоров;относительные;IMKON SUG'URTA AJ;IMKON-SUG`URTA;0;46,9;;30;46,8;;32;;;;млн сум;86;Рэнкинг страховых компаний — II квартал 2026 (snsratings.uz).txt
2026-Q2;liabilities_per_contract;Страховые обязательства / Количество действующих договоров;относительные;XALQ SUG'URTA AJ;XALQ SUG`URTA;0;36,9;;31;44,2;;33;;;;млн сум;86;Рэнкинг страховых компаний — II квартал 2026 (snsratings.uz).txt
2026-Q2;liabilities_per_contract;Страховые обязательства / Количество действующих договоров;относительные;AGROS HAYOT AJ;AGROS HAYOT SUG`URTA KOMPANIYASI;1;0,4;;34;17,2;;34;;;;млн сум;86;Рэнкинг страховых компаний — II квартал 2026 (snsratings.uz).txt
2026-Q2;liabilities_per_contract;Страховые обязательства / Количество действующих договоров;относительные;TBC SUG'URTA AJ;TBC SUG`URTA;1;7,2;;33;8,8;;35;;;;млн сум;86;Рэнкинг страховых компаний — II квартал 2026 (snsratings.uz).txt
2026-Q2;liabilities_per_contract;Страховые обязательства / Количество действующих договоров;относительные;GLOBAL INSURANCE GROUP AJ;GLOBAL INSURANCE GROUP;0;88,7;;28;;;36;;;;млн сум;86;Рэнкинг страховых компаний — II квартал 2026 (snsratings.uz).txt
2026-Q2;new_to_active_contracts;Количество заключенных договоров / Количество действующих договоров;относительные;ВСЕГО;ВСЕГО;0;54,49;;;49,01;;;;-5,48;;%;87;Рэнкинг страховых компаний — II квартал 2026 (snsratings.uz).txt
2026-Q2;new_to_active_contracts;Количество заключенных договоров / Количество действующих договоров;относительные;TEMIRYO'L SUG'URTA AJ;TEMIRYO`L SUG`URTA;0;304,96;;1;341,01;;1;;36,05;;%;87;Рэнкинг страховых компаний — II квартал 2026 (snsratings.uz).txt
2026-Q2;new_to_active_contracts;Количество заключенных договоров / Количество действующих договоров;относительные;KAFOLAT HAYOT INSURANCE AJ;KAFOLAT HAYOT INSURANCE;1;168,99;;3;225,63;;2;;56,64;;%;87;Рэнкинг страховых компаний — II квартал 2026 (snsratings.uz).txt
2026-Q2;new_to_active_contracts;Количество заключенных договоров / Количество действующих договоров;относительные;PRESTIGE INSURANCE AJ;PRESTIGE INSURANCE;1;0,0;;35;100,0;;3;;100,0;;%;87;Рэнкинг страховых компаний — II квартал 2026 (snsratings.uz).txt
2026-Q2;new_to_active_contracts;Количество заключенных договоров / Количество действующих договоров;относительные;O'ZBEKISTON QAYTA SUG'URTA KOMPANIYASI MQST AJ;O`ZBEKISTON QAYTA SUG`URTA KOMPANIYASI;0;0,0;;35;100,0;;3;;100,0;;%;87;Рэнкинг страховых компаний — II квартал 2026 (snsratings.uz).txt
2026-Q2;new_to_active_contracts;Количество заключенных договоров / Количество действующих договоров;относительные;EUROASIA INSURANCE AJ QK;EUROASIA INSURANCE;0;100,0;;5;100,0;;3;;0,0;;%;87;Рэнкинг страховых компаний — II квартал 2026 (snsratings.uz).txt
2026-Q2;new_to_active_contracts;Количество заключенных договоров / Количество действующих договоров;относительные;ALFA LIFE INSURANCE AJ;ALFA LIFE INSURANCE;1;40,38;;24;75,58;;6;;35,2;;%;87;Рэнкинг страховых компаний — II квартал 2026 (snsratings.uz).txt
2026-Q2;new_to_active_contracts;Количество заключенных договоров / Количество действующих договоров;относительные;MY-INSURANCE AJ;MY-INSURANCE;0;47,38;;21;71,48;;7;;24,1;;%;87;Рэнкинг страховых компаний — II квартал 2026 (snsratings.uz).txt
2026-Q2;new_to_active_contracts;Количество заключенных договоров / Количество действующих договоров;относительные;ARIA SUG'URTA TASHKILOTI AJ;ARIA SUG`URTA TASHKILOTI;0;85,1;;7;62,22;;8;;-22,88;;%;87;Рэнкинг страховых компаний — II квартал 2026 (snsratings.uz).txt
2026-Q2;new_to_active_contracts;Количество заключенных договоров / Количество действующих договоров;относительные;TBC SUG'URTA AJ;TBC SUG`URTA;1;192,94;;2;62,18;;9;;-130,76;;%;87;Рэнкинг страховых компаний — II квартал 2026 (snsratings.uz).txt
2026-Q2;new_to_active_contracts;Количество заключенных договоров / Количество действующих договоров;относительные;INFINITY INSURANCE AJ;INFINITY INSURANCE;0;18,89;;32;61,3;;10;;42,41;;%;87;Рэнкинг страховых компаний — II квартал 2026 (snsratings.uz).txt
2026-Q2;new_to_active_contracts;Количество заключенных договоров / Количество действующих договоров;относительные;INSON AJ;INSON;0;23,3;;31;59,05;;11;;35,75;;%;87;Рэнкинг страховых компаний — II квартал 2026 (snsratings.uz).txt
2026-Q2;new_to_active_contracts;Количество заключенных договоров / Количество действующих договоров;относительные;NEO INSURANCE CORP AJ;NEO INSURANCE CORP;0;51,14;;18;56,11;;12;;4,97;;%;87;Рэнкинг страховых компаний — II квартал 2026 (snsratings.uz).txt
2026-Q2;new_to_active_contracts;Количество заключенных договоров / Количество действующих договоров;относительные;KAFOLAT SUG'URTA KOMPANIYASI AJ;KAFOLAT SUG`URTA KOMPANIYASI;0;53,2;;16;54,65;;13;;1,45;;%;87;Рэнкинг страховых компаний — II квартал 2026 (snsratings.uz).txt
2026-Q2;new_to_active_contracts;Количество заключенных договоров / Количество действующих договоров;относительные;MOSAIC INSURANCE GROUP AJ QK;MOSAIC INSURANCE GROUP;0;68,5;;10;51,87;;14;;-16,63;;%;87;Рэнкинг страховых компаний — II квартал 2026 (snsratings.uz).txt
2026-Q2;new_to_active_contracts;Количество заключенных договоров / Количество действующих договоров;относительные;O'ZBEKINVEST EISK AJ;O`ZBEKINVEST;0;56,0;;13;51,62;;15;;-4,38;;%;87;Рэнкинг страховых компаний — II квартал 2026 (snsratings.uz).txt
2026-Q2;new_to_active_contracts;Количество заключенных договоров / Количество действующих договоров;относительные;KAPITAL SUG'URTA AJ;KAPITAL SUG`URTA;0;73,14;;8;50,42;;16;;-22,72;;%;87;Рэнкинг страховых компаний — II квартал 2026 (snsratings.uz).txt
2026-Q2;new_to_active_contracts;Количество заключенных договоров / Количество действующих договоров;относительные;GROSS SUG'URTA KOMPANIYASI AJ;GROSS SUG`URTA KOMPANIYASI;0;47,02;;22;50,04;;17;;3,02;;%;87;Рэнкинг страховых компаний — II квартал 2026 (snsratings.uz).txt
2026-Q2;new_to_active_contracts;Количество заключенных договоров / Количество действующих договоров;относительные;O'ZAGROSUG'URTA AJ;O`ZAGROSUG`URTA;0;35,98;;26;46,61;;18;;10,63;;%;87;Рэнкинг страховых компаний — II квартал 2026 (snsratings.uz).txt
2026-Q2;new_to_active_contracts;Количество заключенных договоров / Количество действующих договоров;относительные;ALSKOM AJ;ALSKOM SUG`URTA KOMPANIYASI;0;50,98;;19;44,18;;19;;-6,8;;%;87;Рэнкинг страховых компаний — II квартал 2026 (snsratings.uz).txt
2026-Q2;new_to_active_contracts;Количество заключенных договоров / Количество действующих договоров;относительные;APEX INSURANCE AJ;APEX INSURANCE;0;59,03;;12;43,67;;20;;-15,36;;%;87;Рэнкинг страховых компаний — II квартал 2026 (snsratings.uz).txt
2026-Q2;new_to_active_contracts;Количество заключенных договоров / Количество действующих договоров;относительные;ALFA INVEST SUG'URTA KOMPANIYASI AJ;ALFA INVEST SUG`URTA KOMPANIYASI;0;38,78;;25;43,07;;21;;4,29;;%;87;Рэнкинг страховых компаний — II квартал 2026 (snsratings.uz).txt
2026-Q2;new_to_active_contracts;Количество заключенных договоров / Количество действующих договоров;относительные;QUANTUM INSURANCE AJ;QUANTUM INSURANCE;0;69,7;;9;38,71;;22;;-30,99;;%;87;Рэнкинг страховых компаний — II квартал 2026 (snsratings.uz).txt
2026-Q2;new_to_active_contracts;Количество заключенных договоров / Количество действующих договоров;относительные;O'ZBEKINVEST HAYOT SUG'URTA KOMPANIYASI AJ;O`ZBEKINVEST HAYOT SUG`URTA KOMPANIYASI;1;29,13;;27;36,09;;23;;6,96;;%;87;Рэнкинг страховых компаний — II квартал 2026 (snsratings.uz).txt
2026-Q2;new_to_active_contracts;Количество заключенных договоров / Количество действующих договоров;относительные;ASIA INSURANCE SUG'URTA KOMPANIYASI AJ;ASIA INSURANCE SUG`URTA KOMPANIYASI;0;59,26;;11;35,69;;24;;-23,57;;%;87;Рэнкинг страховых компаний — II квартал 2026 (snsratings.uz).txt
2026-Q2;new_to_active_contracts;Количество заключенных договоров / Количество действующих договоров;относительные;SQB INSURANCE SUG'URTA KOMPANIYASI AJ;SQB INSURANCE SUG`URTA KOMPANIYASI;0;28,62;;28;33,6;;25;;4,98;;%;87;Рэнкинг страховых компаний — II квартал 2026 (snsratings.uz).txt
2026-Q2;new_to_active_contracts;Количество заключенных договоров / Количество действующих договоров;относительные;KAFIL SUG'URTA AJ;KAFIL-SUG`URTA;0;25,76;;29;31,83;;27;;6,07;;%;87;Рэнкинг страховых компаний — II квартал 2026 (snsratings.uz).txt
2026-Q2;new_to_active_contracts;Количество заключенных договоров / Количество действующих договоров;относительные;IMKON SUG'URTA AJ;IMKON-SUG`URTA;0;5,32;;33;31,84;;26;;26,52;;%;87;Рэнкинг страховых компаний — II квартал 2026 (snsratings.uz).txt
2026-Q2;new_to_active_contracts;Количество заключенных договоров / Количество действующих договоров;относительные;TRUST-INSURANCE AJ;TRUST-INSURANCE;0;43,5;;23;27,71;;28;;-15,79;;%;87;Рэнкинг страховых компаний — II квартал 2026 (snsratings.uz).txt
2026-Q2;new_to_active_contracts;Количество заключенных договоров / Количество действующих договоров;относительные;IMPEX-INSURANCE AJ;IMPEX-INSURANCE;0;53,77;;15;27,22;;29;;-26,55;;%;87;Рэнкинг страховых компаний — II квартал 2026 (snsratings.uz).txt
2026-Q2;new_to_active_contracts;Количество заключенных договоров / Количество действующих договоров;относительные;XALQ SUG'URTA AJ;XALQ SUG`URTA;0;23,84;;30;24,15;;30;;0,31;;%;87;Рэнкинг страховых компаний — II квартал 2026 (snsratings.uz).txt
2026-Q2;new_to_active_contracts;Количество заключенных договоров / Количество действующих договоров;относительные;ISHONCH SUG'URTA KOMPANIYASI AJ;ISHONCH SUG`URTA KOMPANIYASI;0;53,9;;14;23,1;;31;;-30,8;;%;87;Рэнкинг страховых компаний — II квартал 2026 (snsratings.uz).txt
2026-Q2;new_to_active_contracts;Количество заключенных договоров / Количество действующих договоров;относительные;HAMKOR SUG'URTA AJ;HAMKOR SUG`URTA;0;99,96;;6;20,12;;32;;-79,84;;%;87;Рэнкинг страховых компаний — II квартал 2026 (snsratings.uz).txt
2026-Q2;new_to_active_contracts;Количество заключенных договоров / Количество действующих договоров;относительные;APEX LIFE INSURANCE AJ;APEX LIFE INSURANCE;1;160,37;;4;19,66;;33;;-140,71;;%;87;Рэнкинг страховых компаний — II квартал 2026 (snsratings.uz).txt
2026-Q2;new_to_active_contracts;Количество заключенных договоров / Количество действующих договоров;относительные;AGROS HAYOT AJ;AGROS HAYOT SUG`URTA KOMPANIYASI;1;0,78;;34;17,91;;34;;17,13;;%;87;Рэнкинг страховых компаний — II квартал 2026 (snsratings.uz).txt
2026-Q2;new_to_active_contracts;Количество заключенных договоров / Количество действующих договоров;относительные;SEMURG SUG'URTA AJ QK;SEMURG INSURANCE;0;51,38;;17;5,33;;35;;-46,05;;%;87;Рэнкинг страховых компаний — II квартал 2026 (snsratings.uz).txt
2026-Q2;new_to_active_contracts;Количество заключенных договоров / Количество действующих договоров;относительные;GLOBAL INSURANCE GROUP AJ;GLOBAL INSURANCE GROUP;0;49,32;;20;0,0;;36;;-49,32;;%;87;Рэнкинг страховых компаний — II квартал 2026 (snsratings.uz).txt
2026-Q2;settled_to_claims;Доля урегулированных претензий (урегулировано / поступило претензий);относительные;ВСЕГО;ВСЕГО;0;95,8;;;96,95;;;;1,15;;%;88;Рэнкинг страховых компаний — II квартал 2026 (snsratings.uz).txt
2026-Q2;settled_to_claims;Доля урегулированных претензий (урегулировано / поступило претензий);относительные;O'ZBEKINVEST HAYOT SUG'URTA KOMPANIYASI AJ;O`ZBEKINVEST HAYOT SUG`URTA KOMPANIYASI;1;100,0;;1;100,0;;1;;0,0;;%;88;Рэнкинг страховых компаний — II квартал 2026 (snsratings.uz).txt
2026-Q2;settled_to_claims;Доля урегулированных претензий (урегулировано / поступило претензий);относительные;KAFOLAT HAYOT INSURANCE AJ;KAFOLAT HAYOT INSURANCE;1;100,0;;1;100,0;;1;;0,0;;%;88;Рэнкинг страховых компаний — II квартал 2026 (snsratings.uz).txt
2026-Q2;settled_to_claims;Доля урегулированных претензий (урегулировано / поступило претензий);относительные;ALFA LIFE INSURANCE AJ;ALFA LIFE INSURANCE;1;100,0;;1;100,0;;1;;0,0;;%;88;Рэнкинг страховых компаний — II квартал 2026 (snsratings.uz).txt
2026-Q2;settled_to_claims;Доля урегулированных претензий (урегулировано / поступило претензий);относительные;AGROS HAYOT AJ;AGROS HAYOT SUG`URTA KOMPANIYASI;1;100,0;;1;100,0;;1;;0,0;;%;88;Рэнкинг страховых компаний — II квартал 2026 (snsratings.uz).txt
2026-Q2;settled_to_claims;Доля урегулированных претензий (урегулировано / поступило претензий);относительные;APEX LIFE INSURANCE AJ;APEX LIFE INSURANCE;1;99,93;;6;100,0;;5;;0,07;;%;88;Рэнкинг страховых компаний — II квартал 2026 (snsratings.uz).txt
2026-Q2;settled_to_claims;Доля урегулированных претензий (урегулировано / поступило претензий);относительные;INFINITY INSURANCE AJ;INFINITY INSURANCE;0;94,34;;23;99,83;;6;;5,49;;%;88;Рэнкинг страховых компаний — II квартал 2026 (snsratings.uz).txt
2026-Q2;settled_to_claims;Доля урегулированных претензий (урегулировано / поступило претензий);относительные;APEX INSURANCE AJ;APEX INSURANCE;0;97,84;;14;99,81;;7;;1,97;;%;88;Рэнкинг страховых компаний — II квартал 2026 (snsratings.uz).txt
2026-Q2;settled_to_claims;Доля урегулированных претензий (урегулировано / поступило претензий);относительные;MOSAIC INSURANCE GROUP AJ QK;MOSAIC INSURANCE GROUP;0;99,81;;7;99,6;;8;;-0,21;;%;88;Рэнкинг страховых компаний — II квартал 2026 (snsratings.uz).txt
2026-Q2;settled_to_claims;Доля урегулированных претензий (урегулировано / поступило претензий);относительные;ALSKOM AJ;ALSKOM SUG`URTA KOMPANIYASI;0;99,74;;8;99,44;;9;;-0,3;;%;88;Рэнкинг страховых компаний — II квартал 2026 (snsratings.uz).txt
2026-Q2;settled_to_claims;Доля урегулированных претензий (урегулировано / поступило претензий);относительные;SQB INSURANCE SUG'URTA KOMPANIYASI AJ;SQB INSURANCE SUG`URTA KOMPANIYASI;0;100,0;;1;99,4;;10;;-0,6;;%;88;Рэнкинг страховых компаний — II квартал 2026 (snsratings.uz).txt
2026-Q2;settled_to_claims;Доля урегулированных претензий (урегулировано / поступило претензий);относительные;IMKON SUG'URTA AJ;IMKON-SUG`URTA;0;99,7;;9;99,29;;11;;-0,41;;%;88;Рэнкинг страховых компаний — II квартал 2026 (snsratings.uz).txt
2026-Q2;settled_to_claims;Доля урегулированных претензий (урегулировано / поступило претензий);относительные;GROSS SUG'URTA KOMPANIYASI AJ;GROSS SUG`URTA KOMPANIYASI;0;99,61;;10;99,22;;12;;-0,39;;%;88;Рэнкинг страховых компаний — II квартал 2026 (snsratings.uz).txt
2026-Q2;settled_to_claims;Доля урегулированных претензий (урегулировано / поступило претензий);относительные;ALFA INVEST SUG'URTA KOMPANIYASI AJ;ALFA INVEST SUG`URTA KOMPANIYASI;0;98,07;;13;99,16;;13;;1,09;;%;88;Рэнкинг страховых компаний — II квартал 2026 (snsratings.uz).txt
2026-Q2;settled_to_claims;Доля урегулированных претензий (урегулировано / поступило претензий);относительные;KAFIL SUG'URTA AJ;KAFIL-SUG`URTA;0;98,69;;12;98,99;;14;;0,3;;%;88;Рэнкинг страховых компаний — II квартал 2026 (snsratings.uz).txt
2026-Q2;settled_to_claims;Доля урегулированных претензий (урегулировано / поступило претензий);относительные;KAFOLAT SUG'URTA KOMPANIYASI AJ;KAFOLAT SUG`URTA KOMPANIYASI;0;97,39;;15;98,74;;15;;1,35;;%;88;Рэнкинг страховых компаний — II квартал 2026 (snsratings.uz).txt
2026-Q2;settled_to_claims;Доля урегулированных претензий (урегулировано / поступило претензий);относительные;QUANTUM INSURANCE AJ;QUANTUM INSURANCE;0;96,83;;17;98,38;;16;;1,55;;%;88;Рэнкинг страховых компаний — II квартал 2026 (snsratings.uz).txt
2026-Q2;settled_to_claims;Доля урегулированных претензий (урегулировано / поступило претензий);относительные;ARIA SUG'URTA TASHKILOTI AJ;ARIA SUG`URTA TASHKILOTI;0;95,35;;20;97,83;;17;;2,48;;%;88;Рэнкинг страховых компаний — II квартал 2026 (snsratings.uz).txt
2026-Q2;settled_to_claims;Доля урегулированных претензий (урегулировано / поступило претензий);относительные;HAMKOR SUG'URTA AJ;HAMKOR SUG`URTA;0;81,04;;31;96,94;;18;;15,9;;%;88;Рэнкинг страховых компаний — II квартал 2026 (snsratings.uz).txt
2026-Q2;settled_to_claims;Доля урегулированных претензий (урегулировано / поступило претензий);относительные;INSON AJ;INSON;0;96,88;;16;96,9;;19;;0,02;;%;88;Рэнкинг страховых компаний — II квартал 2026 (snsratings.uz).txt
2026-Q2;settled_to_claims;Доля урегулированных претензий (урегулировано / поступило претензий);относительные;SEMURG SUG'URTA AJ QK;SEMURG INSURANCE;0;91,7;;25;96,43;;20;;4,73;;%;88;Рэнкинг страховых компаний — II квартал 2026 (snsratings.uz).txt
2026-Q2;settled_to_claims;Доля урегулированных претензий (урегулировано / поступило претензий);относительные;NEO INSURANCE CORP AJ;NEO INSURANCE CORP;0;94,96;;22;94,48;;21;;-0,48;;%;88;Рэнкинг страховых компаний — II квартал 2026 (snsratings.uz).txt
2026-Q2;settled_to_claims;Доля урегулированных претензий (урегулировано / поступило претензий);относительные;EUROASIA INSURANCE AJ QK;EUROASIA INSURANCE;0;94,16;;24;94,23;;22;;0,07;;%;88;Рэнкинг страховых компаний — II квартал 2026 (snsratings.uz).txt
2026-Q2;settled_to_claims;Доля урегулированных претензий (урегулировано / поступило претензий);относительные;XALQ SUG'URTA AJ;XALQ SUG`URTA;0;95,9;;19;91,53;;23;;-4,37;;%;88;Рэнкинг страховых компаний — II квартал 2026 (snsratings.uz).txt
2026-Q2;settled_to_claims;Доля урегулированных претензий (урегулировано / поступило претензий);относительные;ISHONCH SUG'URTA KOMPANIYASI AJ;ISHONCH SUG`URTA KOMPANIYASI;0;87,68;;28;90,56;;24;;2,88;;%;88;Рэнкинг страховых компаний — II квартал 2026 (snsratings.uz).txt
2026-Q2;settled_to_claims;Доля урегулированных претензий (урегулировано / поступило претензий);относительные;MY-INSURANCE AJ;MY-INSURANCE;0;89,74;;27;90,34;;25;;0,6;;%;88;Рэнкинг страховых компаний — II квартал 2026 (snsratings.uz).txt
2026-Q2;settled_to_claims;Доля урегулированных претензий (урегулировано / поступило претензий);относительные;ASIA INSURANCE SUG'URTA KOMPANIYASI AJ;ASIA INSURANCE SUG`URTA KOMPANIYASI;0;77,81;;32;84,6;;26;;6,79;;%;88;Рэнкинг страховых компаний — II квартал 2026 (snsratings.uz).txt
2026-Q2;settled_to_claims;Доля урегулированных претензий (урегулировано / поступило претензий);относительные;O'ZAGROSUG'URTA AJ;O`ZAGROSUG`URTA;0;95,02;;21;83,65;;27;;-11,37;;%;88;Рэнкинг страховых компаний — II квартал 2026 (snsratings.uz).txt
2026-Q2;settled_to_claims;Доля урегулированных претензий (урегулировано / поступило претензий);относительные;TRUST-INSURANCE AJ;TRUST-INSURANCE;0;86,17;;29;83,57;;28;;-2,6;;%;88;Рэнкинг страховых компаний — II квартал 2026 (snsratings.uz).txt
2026-Q2;settled_to_claims;Доля урегулированных претензий (урегулировано / поступило претензий);относительные;KAPITAL SUG'URTA AJ;KAPITAL SUG`URTA;0;96,72;;18;75,81;;29;;-20,91;;%;88;Рэнкинг страховых компаний — II квартал 2026 (snsratings.uz).txt
2026-Q2;settled_to_claims;Доля урегулированных претензий (урегулировано / поступило претензий);относительные;O'ZBEKINVEST EISK AJ;O`ZBEKINVEST;0;81,66;;30;74,29;;30;;-7,37;;%;88;Рэнкинг страховых компаний — II квартал 2026 (snsratings.uz).txt
2026-Q2;settled_to_claims;Доля урегулированных претензий (урегулировано / поступило претензий);относительные;TEMIRYO'L SUG'URTA AJ;TEMIRYO`L SUG`URTA;0;30,74;;33;72,93;;31;;42,19;;%;88;Рэнкинг страховых компаний — II квартал 2026 (snsratings.uz).txt
2026-Q2;settled_to_claims;Доля урегулированных претензий (урегулировано / поступило претензий);относительные;TBC SUG'URTA AJ;TBC SUG`URTA;1;0,0;;34;72,09;;32;;72,09;;%;88;Рэнкинг страховых компаний — II квартал 2026 (snsratings.uz).txt
2026-Q2;settled_to_claims;Доля урегулированных претензий (урегулировано / поступило претензий);относительные;IMPEX-INSURANCE AJ;IMPEX-INSURANCE;0;98,85;;11;70,7;;33;;-28,15;;%;88;Рэнкинг страховых компаний — II квартал 2026 (snsratings.uz).txt
2026-Q2;settled_to_claims;Доля урегулированных претензий (урегулировано / поступило претензий);относительные;PRESTIGE INSURANCE AJ;PRESTIGE INSURANCE;1;0,0;;34;0,0;;34;;0,0;;%;88;Рэнкинг страховых компаний — II квартал 2026 (snsratings.uz).txt
2026-Q2;settled_to_claims;Доля урегулированных претензий (урегулировано / поступило претензий);относительные;O'ZBEKISTON QAYTA SUG'URTA KOMPANIYASI MQST AJ;O`ZBEKISTON QAYTA SUG`URTA KOMPANIYASI;0;0,0;;34;0,0;;34;;0,0;;%;88;Рэнкинг страховых компаний — II квартал 2026 (snsratings.uz).txt
2026-Q2;settled_to_claims;Доля урегулированных претензий (урегулировано / поступило претензий);относительные;GLOBAL INSURANCE GROUP AJ;GLOBAL INSURANCE GROUP;0;90,89;;26;0,0;;34;;-90,89;;%;88;Рэнкинг страховых компаний — II квартал 2026 (snsratings.uz).txt
2026-Q2;paid_to_claims;Доля выплаченных претензий (выплачено / поступило претензий);относительные;ВСЕГО;ВСЕГО;0;93,84;;;94,87;;;;1,03;;%;89;Рэнкинг страховых компаний — II квартал 2026 (snsratings.uz).txt
2026-Q2;paid_to_claims;Доля выплаченных претензий (выплачено / поступило претензий);относительные;O'ZBEKINVEST HAYOT SUG'URTA KOMPANIYASI AJ;O`ZBEKINVEST HAYOT SUG`URTA KOMPANIYASI;1;100,0;;1;100,0;;1;;0,0;;%;89;Рэнкинг страховых компаний — II квартал 2026 (snsratings.uz).txt
2026-Q2;paid_to_claims;Доля выплаченных претензий (выплачено / поступило претензий);относительные;KAFOLAT HAYOT INSURANCE AJ;KAFOLAT HAYOT INSURANCE;1;100,0;;1;100,0;;1;;0,0;;%;89;Рэнкинг страховых компаний — II квартал 2026 (snsratings.uz).txt
2026-Q2;paid_to_claims;Доля выплаченных претензий (выплачено / поступило претензий);относительные;APEX LIFE INSURANCE AJ;APEX LIFE INSURANCE;1;99,93;;5;100,0;;4;;0,07;;%;89;Рэнкинг страховых компаний — II квартал 2026 (snsratings.uz).txt
2026-Q2;paid_to_claims;Доля выплаченных претензий (выплачено / поступило претензий);относительные;AGROS HAYOT AJ;AGROS HAYOT SUG`URTA KOMPANIYASI;1;100,0;;1;100,0;;1;;0,0;;%;89;Рэнкинг страховых компаний — II квартал 2026 (snsratings.uz).txt
2026-Q2;paid_to_claims;Доля выплаченных претензий (выплачено / поступило претензий);относительные;ALFA LIFE INSURANCE AJ;ALFA LIFE INSURANCE;1;99,95;;4;99,98;;5;;0,03;;%;89;Рэнкинг страховых компаний — II квартал 2026 (snsratings.uz).txt
2026-Q2;paid_to_claims;Доля выплаченных претензий (выплачено / поступило претензий);относительные;MOSAIC INSURANCE GROUP AJ QK;MOSAIC INSURANCE GROUP;0;99,79;;6;99,6;;6;;-0,19;;%;89;Рэнкинг страховых компаний — II квартал 2026 (snsratings.uz).txt
2026-Q2;paid_to_claims;Доля выплаченных претензий (выплачено / поступило претензий);относительные;ALSKOM AJ;ALSKOM SUG`URTA KOMPANIYASI;0;99,31;;8;98,87;;7;;-0,44;;%;89;Рэнкинг страховых компаний — II квартал 2026 (snsratings.uz).txt
2026-Q2;paid_to_claims;Доля выплаченных претензий (выплачено / поступило претензий);относительные;APEX INSURANCE AJ;APEX INSURANCE;0;92,69;;16;98,56;;8;;5,87;;%;89;Рэнкинг страховых компаний — II квартал 2026 (snsratings.uz).txt
2026-Q2;paid_to_claims;Доля выплаченных претензий (выплачено / поступило претензий);относительные;GROSS SUG'URTA KOMPANIYASI AJ;GROSS SUG`URTA KOMPANIYASI;0;98,76;;10;98,39;;9;;-0,37;;%;89;Рэнкинг страховых компаний — II квартал 2026 (snsratings.uz).txt
2026-Q2;paid_to_claims;Доля выплаченных претензий (выплачено / поступило претензий);относительные;INFINITY INSURANCE AJ;INFINITY INSURANCE;0;88,48;;24;97,98;;10;;9,5;;%;89;Рэнкинг страховых компаний — II квартал 2026 (snsratings.uz).txt
2026-Q2;paid_to_claims;Доля выплаченных претензий (выплачено / поступило претензий);относительные;SQB INSURANCE SUG'URTA KOMPANIYASI AJ;SQB INSURANCE SUG`URTA KOMPANIYASI;0;99,11;;9;97,67;;11;;-1,44;;%;89;Рэнкинг страховых компаний — II квартал 2026 (snsratings.uz).txt
2026-Q2;paid_to_claims;Доля выплаченных претензий (выплачено / поступило претензий);относительные;QUANTUM INSURANCE AJ;QUANTUM INSURANCE;0;95,05;;14;97,59;;12;;2,54;;%;89;Рэнкинг страховых компаний — II квартал 2026 (snsratings.uz).txt
2026-Q2;paid_to_claims;Доля выплаченных претензий (выплачено / поступило претензий);относительные;IMKON SUG'URTA AJ;IMKON-SUG`URTA;0;99,48;;7;97,11;;13;;-2,37;;%;89;Рэнкинг страховых компаний — II квартал 2026 (snsratings.uz).txt
2026-Q2;paid_to_claims;Доля выплаченных претензий (выплачено / поступило претензий);относительные;KAFOLAT SUG'URTA KOMPANIYASI AJ;KAFOLAT SUG`URTA KOMPANIYASI;0;95,65;;12;96,68;;14;;1,03;;%;89;Рэнкинг страховых компаний — II квартал 2026 (snsratings.uz).txt
2026-Q2;paid_to_claims;Доля выплаченных претензий (выплачено / поступило претензий);относительные;KAFIL SUG'URTA AJ;KAFIL-SUG`URTA;0;95,22;;13;96,54;;15;;1,32;;%;89;Рэнкинг страховых компаний — II квартал 2026 (snsratings.uz).txt
2026-Q2;paid_to_claims;Доля выплаченных претензий (выплачено / поступило претензий);относительные;INSON AJ;INSON;0;91,3;;18;95,36;;16;;4,06;;%;89;Рэнкинг страховых компаний — II квартал 2026 (snsratings.uz).txt
2026-Q2;paid_to_claims;Доля выплаченных претензий (выплачено / поступило претензий);относительные;ALFA INVEST SUG'URTA KOMPANIYASI AJ;ALFA INVEST SUG`URTA KOMPANIYASI;0;95,02;;15;92,71;;17;;-2,31;;%;89;Рэнкинг страховых компаний — II квартал 2026 (snsratings.uz).txt
2026-Q2;paid_to_claims;Доля выплаченных претензий (выплачено / поступило претензий);относительные;NEO INSURANCE CORP AJ;NEO INSURANCE CORP;0;91,24;;19;92,5;;18;;1,26;;%;89;Рэнкинг страховых компаний — II квартал 2026 (snsratings.uz).txt
2026-Q2;paid_to_claims;Доля выплаченных претензий (выплачено / поступило претензий);относительные;ISHONCH SUG'URTA KOMPANIYASI AJ;ISHONCH SUG`URTA KOMPANIYASI;0;87,47;;25;90,43;;19;;2,96;;%;89;Рэнкинг страховых компаний — II квартал 2026 (snsratings.uz).txt
2026-Q2;paid_to_claims;Доля выплаченных претензий (выплачено / поступило претензий);относительные;ARIA SUG'URTA TASHKILOTI AJ;ARIA SUG`URTA TASHKILOTI;0;91,15;;21;89,71;;20;;-1,44;;%;89;Рэнкинг страховых компаний — II квартал 2026 (snsratings.uz).txt
2026-Q2;paid_to_claims;Доля выплаченных претензий (выплачено / поступило претензий);относительные;EUROASIA INSURANCE AJ QK;EUROASIA INSURANCE;0;63,31;;31;87,12;;21;;23,81;;%;89;Рэнкинг страховых компаний — II квартал 2026 (snsratings.uz).txt
2026-Q2;paid_to_claims;Доля выплаченных претензий (выплачено / поступило претензий);относительные;MY-INSURANCE AJ;MY-INSURANCE;0;88,61;;23;86,67;;22;;-1,94;;%;89;Рэнкинг страховых компаний — II квартал 2026 (snsratings.uz).txt
2026-Q2;paid_to_claims;Доля выплаченных претензий (выплачено / поступило претензий);относительные;XALQ SUG'URTA AJ;XALQ SUG`URTA;0;91,44;;17;80,95;;23;;-10,49;;%;89;Рэнкинг страховых компаний — II квартал 2026 (snsratings.uz).txt
2026-Q2;paid_to_claims;Доля выплаченных претензий (выплачено / поступило претензий);относительные;O'ZAGROSUG'URTA AJ;O`ZAGROSUG`URTA;0;91,2;;20;80,3;;24;;-10,9;;%;89;Рэнкинг страховых компаний — II квартал 2026 (snsratings.uz).txt
2026-Q2;paid_to_claims;Доля выплаченных претензий (выплачено / поступило претензий);относительные;ASIA INSURANCE SUG'URTA KOMPANIYASI AJ;ASIA INSURANCE SUG`URTA KOMPANIYASI;0;66,71;;30;75,42;;25;;8,71;;%;89;Рэнкинг страховых компаний — II квартал 2026 (snsratings.uz).txt
2026-Q2;paid_to_claims;Доля выплаченных претензий (выплачено / поступило претензий);относительные;SEMURG SUG'URTA AJ QK;SEMURG INSURANCE;0;87,12;;26;75,0;;26;;-12,12;;%;89;Рэнкинг страховых компаний — II квартал 2026 (snsratings.uz).txt
2026-Q2;paid_to_claims;Доля выплаченных претензий (выплачено / поступило претензий);относительные;KAPITAL SUG'URTA AJ;KAPITAL SUG`URTA;0;96,12;;11;74,49;;27;;-21,63;;%;89;Рэнкинг страховых компаний — II квартал 2026 (snsratings.uz).txt
2026-Q2;paid_to_claims;Доля выплаченных претензий (выплачено / поступило претензий);относительные;HAMKOR SUG'URTA AJ;HAMKOR SUG`URTA;0;51,66;;32;72,49;;28;;20,83;;%;89;Рэнкинг страховых компаний — II квартал 2026 (snsratings.uz).txt
2026-Q2;paid_to_claims;Доля выплаченных претензий (выплачено / поступило претензий);относительные;O'ZBEKINVEST EISK AJ;O`ZBEKINVEST;0;78,32;;28;70,14;;29;;-8,18;;%;89;Рэнкинг страховых компаний — II квартал 2026 (snsratings.uz).txt
2026-Q2;paid_to_claims;Доля выплаченных претензий (выплачено / поступило претензий);относительные;TRUST-INSURANCE AJ;TRUST-INSURANCE;0;82,22;;27;70,0;;30;;-12,22;;%;89;Рэнкинг страховых компаний — II квартал 2026 (snsratings.uz).txt
2026-Q2;paid_to_claims;Доля выплаченных претензий (выплачено / поступило претензий);относительные;IMPEX-INSURANCE AJ;IMPEX-INSURANCE;0;66,88;;29;68,91;;31;;2,03;;%;89;Рэнкинг страховых компаний — II квартал 2026 (snsratings.uz).txt
2026-Q2;paid_to_claims;Доля выплаченных претензий (выплачено / поступило претензий);относительные;TEMIRYO'L SUG'URTA AJ;TEMIRYO`L SUG`URTA;0;28,57;;33;66,51;;32;;37,94;;%;89;Рэнкинг страховых компаний — II квартал 2026 (snsratings.uz).txt
2026-Q2;paid_to_claims;Доля выплаченных претензий (выплачено / поступило претензий);относительные;TBC SUG'URTA AJ;TBC SUG`URTA;1;0,0;;34;31,4;;33;;31,4;;%;89;Рэнкинг страховых компаний — II квартал 2026 (snsratings.uz).txt
2026-Q2;paid_to_claims;Доля выплаченных претензий (выплачено / поступило претензий);относительные;PRESTIGE INSURANCE AJ;PRESTIGE INSURANCE;1;0,0;;34;0,0;;34;;0,0;;%;89;Рэнкинг страховых компаний — II квартал 2026 (snsratings.uz).txt
2026-Q2;paid_to_claims;Доля выплаченных претензий (выплачено / поступило претензий);относительные;O'ZBEKISTON QAYTA SUG'URTA KOMPANIYASI MQST AJ;O`ZBEKISTON QAYTA SUG`URTA KOMPANIYASI;0;0,0;;34;0,0;;34;;0,0;;%;89;Рэнкинг страховых компаний — II квартал 2026 (snsratings.uz).txt
2026-Q2;paid_to_claims;Доля выплаченных претензий (выплачено / поступило претензий);относительные;GLOBAL INSURANCE GROUP AJ;GLOBAL INSURANCE GROUP;0;90,35;;22;0,0;;34;;-90,35;;%;89;Рэнкинг страховых компаний — II квартал 2026 (snsratings.uz).txt
2026-Q2;refused_to_claims;Доля отказов (отказано / поступило претензий);относительные;ВСЕГО;ВСЕГО;0;1,97;;;2,08;;;;0,11;;%;90;Рэнкинг страховых компаний — II квартал 2026 (snsratings.uz).txt
2026-Q2;refused_to_claims;Доля отказов (отказано / поступило претензий);относительные;AGROS HAYOT AJ;AGROS HAYOT SUG`URTA KOMPANIYASI;1;0,0;;1;0,0;;1;;0,0;;%;90;Рэнкинг страховых компаний — II квартал 2026 (snsratings.uz).txt
2026-Q2;refused_to_claims;Доля отказов (отказано / поступило претензий);относительные;APEX LIFE INSURANCE AJ;APEX LIFE INSURANCE;1;0,0;;1;0,0;;1;;0,0;;%;90;Рэнкинг страховых компаний — II квартал 2026 (snsratings.uz).txt
2026-Q2;refused_to_claims;Доля отказов (отказано / поступило претензий);относительные;KAFOLAT HAYOT INSURANCE AJ;KAFOLAT HAYOT INSURANCE;1;0,0;;1;0,0;;1;;0,0;;%;90;Рэнкинг страховых компаний — II квартал 2026 (snsratings.uz).txt
2026-Q2;refused_to_claims;Доля отказов (отказано / поступило претензий);относительные;MOSAIC INSURANCE GROUP AJ QK;MOSAIC INSURANCE GROUP;0;0,02;;8;0,0;;1;;-0,02;;%;90;Рэнкинг страховых компаний — II квартал 2026 (snsratings.uz).txt
2026-Q2;refused_to_claims;Доля отказов (отказано / поступило претензий);относительные;O'ZBEKINVEST HAYOT SUG'URTA KOMPANIYASI AJ;O`ZBEKINVEST HAYOT SUG`URTA KOMPANIYASI;1;0,0;;1;0,0;;1;;0,0;;%;90;Рэнкинг страховых компаний — II квартал 2026 (snsratings.uz).txt
2026-Q2;refused_to_claims;Доля отказов (отказано / поступило претензий);относительные;O'ZBEKISTON QAYTA SUG'URTA KOMPANIYASI MQST AJ;O`ZBEKISTON QAYTA SUG`URTA KOMPANIYASI;0;0,0;;1;0,0;;1;;0,0;;%;90;Рэнкинг страховых компаний — II квартал 2026 (snsratings.uz).txt
2026-Q2;refused_to_claims;Доля отказов (отказано / поступило претензий);относительные;PRESTIGE INSURANCE AJ;PRESTIGE INSURANCE;1;0,0;;1;0,0;;1;;0,0;;%;90;Рэнкинг страховых компаний — II квартал 2026 (snsratings.uz).txt
2026-Q2;refused_to_claims;Доля отказов (отказано / поступило претензий);относительные;ALFA LIFE INSURANCE AJ;ALFA LIFE INSURANCE;1;0,05;;9;0,02;;9;;-0,03;;%;90;Рэнкинг страховых компаний — II квартал 2026 (snsratings.uz).txt
2026-Q2;refused_to_claims;Доля отказов (отказано / поступило претензий);относительные;ISHONCH SUG'URTA KOMPANIYASI AJ;ISHONCH SUG`URTA KOMPANIYASI;0;0,21;;10;0,13;;10;;-0,08;;%;90;Рэнкинг страховых компаний — II квартал 2026 (snsratings.uz).txt
2026-Q2;refused_to_claims;Доля отказов (отказано / поступило претензий);относительные;ALSKOM AJ;ALSKOM SUG`URTA KOMPANIYASI;0;0,42;;12;0,57;;11;;0,15;;%;90;Рэнкинг страховых компаний — II квартал 2026 (snsratings.uz).txt
2026-Q2;refused_to_claims;Доля отказов (отказано / поступило претензий);относительные;QUANTUM INSURANCE AJ;QUANTUM INSURANCE;0;1,78;;19;0,79;;12;;-0,99;;%;90;Рэнкинг страховых компаний — II квартал 2026 (snsratings.uz).txt
2026-Q2;refused_to_claims;Доля отказов (отказано / поступило претензий);относительные;GROSS SUG'URTA KOMPANIYASI AJ;GROSS SUG`URTA KOMPANIYASI;0;0,85;;15;0,82;;13;;-0,03;;%;90;Рэнкинг страховых компаний — II квартал 2026 (snsratings.uz).txt
2026-Q2;refused_to_claims;Доля отказов (отказано / поступило претензий);относительные;APEX INSURANCE AJ;APEX INSURANCE;0;5,14;;30;1,25;;14;;-3,89;;%;90;Рэнкинг страховых компаний — II квартал 2026 (snsratings.uz).txt
2026-Q2;refused_to_claims;Доля отказов (отказано / поступило претензий);относительные;KAPITAL SUG'URTA AJ;KAPITAL SUG`URTA;0;0,6;;14;1,32;;15;;0,72;;%;90;Рэнкинг страховых компаний — II квартал 2026 (snsratings.uz).txt
2026-Q2;refused_to_claims;Доля отказов (отказано / поступило претензий);относительные;INSON AJ;INSON;0;5,58;;31;1,54;;16;;-4,04;;%;90;Рэнкинг страховых компаний — II квартал 2026 (snsratings.uz).txt
2026-Q2;refused_to_claims;Доля отказов (отказано / поступило претензий);относительные;SQB INSURANCE SUG'URTA KOMPANIYASI AJ;SQB INSURANCE SUG`URTA KOMPANIYASI;0;0,89;;16;1,73;;17;;0,84;;%;90;Рэнкинг страховых компаний — II квартал 2026 (snsratings.uz).txt
2026-Q2;refused_to_claims;Доля отказов (отказано / поступило претензий);относительные;IMPEX-INSURANCE AJ;IMPEX-INSURANCE;0;31,97;;36;1,79;;18;;-30,18;;%;90;Рэнкинг страховых компаний — II квартал 2026 (snsratings.uz).txt
2026-Q2;refused_to_claims;Доля отказов (отказано / поступило претензий);относительные;INFINITY INSURANCE AJ;INFINITY INSURANCE;0;5,86;;32;1,85;;19;;-4,01;;%;90;Рэнкинг страховых компаний — II квартал 2026 (snsratings.uz).txt
2026-Q2;refused_to_claims;Доля отказов (отказано / поступило претензий);относительные;NEO INSURANCE CORP AJ;NEO INSURANCE CORP;0;3,72;;24;1,98;;20;;-1,74;;%;90;Рэнкинг страховых компаний — II квартал 2026 (snsratings.uz).txt
2026-Q2;refused_to_claims;Доля отказов (отказано / поступило претензий);относительные;KAFOLAT SUG'URTA KOMPANIYASI AJ;KAFOLAT SUG`URTA KOMPANIYASI;0;1,74;;18;2,06;;21;;0,32;;%;90;Рэнкинг страховых компаний — II квартал 2026 (snsratings.uz).txt
2026-Q2;refused_to_claims;Доля отказов (отказано / поступило претензий);относительные;IMKON SUG'URTA AJ;IMKON-SUG`URTA;0;0,22;;11;2,18;;22;;1,96;;%;90;Рэнкинг страховых компаний — II квартал 2026 (snsratings.uz).txt
2026-Q2;refused_to_claims;Доля отказов (отказано / поступило претензий);относительные;KAFIL SUG'URTA AJ;KAFIL-SUG`URTA;0;3,47;;23;2,45;;23;;-1,02;;%;90;Рэнкинг страховых компаний — II квартал 2026 (snsratings.uz).txt
2026-Q2;refused_to_claims;Доля отказов (отказано / поступило претензий);относительные;O'ZAGROSUG'URTA AJ;O`ZAGROSUG`URTA;0;3,82;;25;3,36;;24;;-0,46;;%;90;Рэнкинг страховых компаний — II квартал 2026 (snsratings.uz).txt
2026-Q2;refused_to_claims;Доля отказов (отказано / поступило претензий);относительные;MY-INSURANCE AJ;MY-INSURANCE;0;1,13;;17;3,67;;25;;2,54;;%;90;Рэнкинг страховых компаний — II квартал 2026 (snsratings.uz).txt
2026-Q2;refused_to_claims;Доля отказов (отказано / поступило претензий);относительные;O'ZBEKINVEST EISK AJ;O`ZBEKINVEST;0;3,34;;22;4,15;;26;;0,81;;%;90;Рэнкинг страховых компаний — II квартал 2026 (snsratings.uz).txt
2026-Q2;refused_to_claims;Доля отказов (отказано / поступило претензий);относительные;TEMIRYO'L SUG'URTA AJ;TEMIRYO`L SUG`URTA;0;2,18;;20;6,42;;27;;4,24;;%;90;Рэнкинг страховых компаний — II квартал 2026 (snsratings.uz).txt
2026-Q2;refused_to_claims;Доля отказов (отказано / поступило претензий);относительные;ALFA INVEST SUG'URTA KOMPANIYASI AJ;ALFA INVEST SUG`URTA KOMPANIYASI;0;3,05;;21;6,45;;28;;3,4;;%;90;Рэнкинг страховых компаний — II квартал 2026 (snsratings.uz).txt
2026-Q2;refused_to_claims;Доля отказов (отказано / поступило претензий);относительные;EUROASIA INSURANCE AJ QK;EUROASIA INSURANCE;0;30,84;;35;7,12;;29;;-23,72;;%;90;Рэнкинг страховых компаний — II квартал 2026 (snsratings.uz).txt
2026-Q2;refused_to_claims;Доля отказов (отказано / поступило претензий);относительные;ARIA SUG'URTA TASHKILOTI AJ;ARIA SUG`URTA TASHKILOTI;0;4,2;;27;8,12;;30;;3,92;;%;90;Рэнкинг страховых компаний — II квартал 2026 (snsratings.uz).txt
2026-Q2;refused_to_claims;Доля отказов (отказано / поступило претензий);относительные;ASIA INSURANCE SUG'URTA KOMPANIYASI AJ;ASIA INSURANCE SUG`URTA KOMPANIYASI;0;11,1;;33;9,18;;31;;-1,92;;%;90;Рэнкинг страховых компаний — II квартал 2026 (snsratings.uz).txt
2026-Q2;refused_to_claims;Доля отказов (отказано / поступило претензий);относительные;XALQ SUG'URTA AJ;XALQ SUG`URTA;0;4,46;;28;10,58;;32;;6,12;;%;90;Рэнкинг страховых компаний — II квартал 2026 (snsratings.uz).txt
2026-Q2;refused_to_claims;Доля отказов (отказано / поступило претензий);относительные;TRUST-INSURANCE AJ;TRUST-INSURANCE;0;3,95;;26;13,57;;33;;9,62;;%;90;Рэнкинг страховых компаний — II квартал 2026 (snsratings.uz).txt
2026-Q2;refused_to_claims;Доля отказов (отказано / поступило претензий);относительные;SEMURG SUG'URTA AJ QK;SEMURG INSURANCE;0;4,59;;29;21,43;;34;;16,84;;%;90;Рэнкинг страховых компаний — II квартал 2026 (snsratings.uz).txt
2026-Q2;refused_to_claims;Доля отказов (отказано / поступило претензий);относительные;HAMKOR SUG'URTA AJ;HAMKOR SUG`URTA;0;29,38;;34;24,45;;35;;-4,93;;%;90;Рэнкинг страховых компаний — II квартал 2026 (snsratings.uz).txt
2026-Q2;refused_to_claims;Доля отказов (отказано / поступило претензий);относительные;TBC SUG'URTA AJ;TBC SUG`URTA;1;0,0;;1;40,7;;36;;40,7;;%;90;Рэнкинг страховых компаний — II квартал 2026 (snsratings.uz).txt
2026-Q2;avg_payout;Страховые выплаты / Выплачено;относительные;ВСЕГО;ВСЕГО;0;10,3;;;13,9;;;;;;млн сум;91;Рэнкинг страховых компаний — II квартал 2026 (snsratings.uz).txt
2026-Q2;avg_payout;Страховые выплаты / Выплачено;относительные;IMPEX-INSURANCE AJ;IMPEX-INSURANCE;0;52,2;;2;103,5;;1;;;;млн сум;91;Рэнкинг страховых компаний — II квартал 2026 (snsratings.uz).txt
2026-Q2;avg_payout;Страховые выплаты / Выплачено;относительные;O'ZBEKINVEST EISK AJ;O`ZBEKINVEST;0;25,5;;8;100,5;;2;;;;млн сум;91;Рэнкинг страховых компаний — II квартал 2026 (snsratings.uz).txt
2026-Q2;avg_payout;Страховые выплаты / Выплачено;относительные;AGROS HAYOT AJ;AGROS HAYOT SUG`URTA KOMPANIYASI;1;44,6;;5;50,3;;3;;;;млн сум;91;Рэнкинг страховых компаний — II квартал 2026 (snsratings.uz).txt
2026-Q2;avg_payout;Страховые выплаты / Выплачено;относительные;TEMIRYO'L SUG'URTA AJ;TEMIRYO`L SUG`URTA;0;49,7;;4;34,7;;4;;;;млн сум;91;Рэнкинг страховых компаний — II квартал 2026 (snsratings.uz).txt
2026-Q2;avg_payout;Страховые выплаты / Выплачено;относительные;MY-INSURANCE AJ;MY-INSURANCE;0;51,5;;3;33,1;;5;;;;млн сум;91;Рэнкинг страховых компаний — II квартал 2026 (snsratings.uz).txt
2026-Q2;avg_payout;Страховые выплаты / Выплачено;относительные;O'ZAGROSUG'URTA AJ;O`ZAGROSUG`URTA;0;19,1;;12;28,4;;6;;;;млн сум;91;Рэнкинг страховых компаний — II квартал 2026 (snsratings.uz).txt
2026-Q2;avg_payout;Страховые выплаты / Выплачено;относительные;KAPITAL SUG'URTA AJ;KAPITAL SUG`URTA;0;2,1;;31;25,6;;7;;;;млн сум;91;Рэнкинг страховых компаний — II квартал 2026 (snsratings.uz).txt
2026-Q2;avg_payout;Страховые выплаты / Выплачено;относительные;SEMURG SUG'URTA AJ QK;SEMURG INSURANCE;0;8,5;;17;20,9;;8;;;;млн сум;91;Рэнкинг страховых компаний — II квартал 2026 (snsratings.uz).txt
2026-Q2;avg_payout;Страховые выплаты / Выплачено;относительные;ASIA INSURANCE SUG'URTA KOMPANIYASI AJ;ASIA INSURANCE SUG`URTA KOMPANIYASI;0;24,4;;9;20,4;;9;;;;млн сум;91;Рэнкинг страховых компаний — II квартал 2026 (snsratings.uz).txt
2026-Q2;avg_payout;Страховые выплаты / Выплачено;относительные;APEX INSURANCE AJ;APEX INSURANCE;0;29,0;;7;20,3;;10;;;;млн сум;91;Рэнкинг страховых компаний — II квартал 2026 (snsratings.uz).txt
2026-Q2;avg_payout;Страховые выплаты / Выплачено;относительные;KAFOLAT SUG'URTA KOMPANIYASI AJ;KAFOLAT SUG`URTA KOMPANIYASI;0;17,2;;13;18,2;;11;;;;млн сум;91;Рэнкинг страховых компаний — II квартал 2026 (snsratings.uz).txt
2026-Q2;avg_payout;Страховые выплаты / Выплачено;относительные;SQB INSURANCE SUG'URTA KOMPANIYASI AJ;SQB INSURANCE SUG`URTA KOMPANIYASI;0;19,9;;11;16,8;;12;;;;млн сум;91;Рэнкинг страховых компаний — II квартал 2026 (snsratings.uz).txt
2026-Q2;avg_payout;Страховые выплаты / Выплачено;относительные;GROSS SUG'URTA KOMPANIYASI AJ;GROSS SUG`URTA KOMPANIYASI;0;7,8;;18;14,5;;13;;;;млн сум;91;Рэнкинг страховых компаний — II квартал 2026 (snsratings.uz).txt
2026-Q2;avg_payout;Страховые выплаты / Выплачено;относительные;HAMKOR SUG'URTA AJ;HAMKOR SUG`URTA;0;21,4;;10;13,7;;14;;;;млн сум;91;Рэнкинг страховых компаний — II квартал 2026 (snsratings.uz).txt
2026-Q2;avg_payout;Страховые выплаты / Выплачено;относительные;TBC SUG'URTA AJ;TBC SUG`URTA;1;;;34;12,2;;15;;;;млн сум;91;Рэнкинг страховых компаний — II квартал 2026 (snsratings.uz).txt
2026-Q2;avg_payout;Страховые выплаты / Выплачено;относительные;EUROASIA INSURANCE AJ QK;EUROASIA INSURANCE;0;34,5;;6;11,5;;16;;;;млн сум;91;Рэнкинг страховых компаний — II квартал 2026 (snsratings.uz).txt
2026-Q2;avg_payout;Страховые выплаты / Выплачено;относительные;TRUST-INSURANCE AJ;TRUST-INSURANCE;0;186,3;;1;11,5;;17;;;;млн сум;91;Рэнкинг страховых компаний — II квартал 2026 (snsratings.uz).txt
2026-Q2;avg_payout;Страховые выплаты / Выплачено;относительные;XALQ SUG'URTA AJ;XALQ SUG`URTA;0;5,5;;24;10,7;;18;;;;млн сум;91;Рэнкинг страховых компаний — II квартал 2026 (snsratings.uz).txt
2026-Q2;avg_payout;Страховые выплаты / Выплачено;относительные;KAFIL SUG'URTA AJ;KAFIL-SUG`URTA;0;8,8;;15;9,1;;19;;;;млн сум;91;Рэнкинг страховых компаний — II квартал 2026 (snsratings.uz).txt
2026-Q2;avg_payout;Страховые выплаты / Выплачено;относительные;INSON AJ;INSON;0;9,7;;14;8,5;;20;;;;млн сум;91;Рэнкинг страховых компаний — II квартал 2026 (snsratings.uz).txt
2026-Q2;avg_payout;Страховые выплаты / Выплачено;относительные;INFINITY INSURANCE AJ;INFINITY INSURANCE;0;7,3;;19;7,8;;21;;;;млн сум;91;Рэнкинг страховых компаний — II квартал 2026 (snsratings.uz).txt
2026-Q2;avg_payout;Страховые выплаты / Выплачено;относительные;ALSKOM AJ;ALSKOM SUG`URTA KOMPANIYASI;0;6,4;;21;7,1;;22;;;;млн сум;91;Рэнкинг страховых компаний — II квартал 2026 (snsratings.uz).txt
2026-Q2;avg_payout;Страховые выплаты / Выплачено;относительные;QUANTUM INSURANCE AJ;QUANTUM INSURANCE;0;7,0;;20;6,2;;23;;;;млн сум;91;Рэнкинг страховых компаний — II квартал 2026 (snsratings.uz).txt
2026-Q2;avg_payout;Страховые выплаты / Выплачено;относительные;O'ZBEKINVEST HAYOT SUG'URTA KOMPANIYASI AJ;O`ZBEKINVEST HAYOT SUG`URTA KOMPANIYASI;1;5,6;;23;6,0;;24;;;;млн сум;91;Рэнкинг страховых компаний — II квартал 2026 (snsratings.uz).txt
2026-Q2;avg_payout;Страховые выплаты / Выплачено;относительные;ALFA INVEST SUG'URTA KOMPANIYASI AJ;ALFA INVEST SUG`URTA KOMPANIYASI;0;4,1;;27;5,0;;25;;;;млн сум;91;Рэнкинг страховых компаний — II квартал 2026 (snsratings.uz).txt
2026-Q2;avg_payout;Страховые выплаты / Выплачено;относительные;ARIA SUG'URTA TASHKILOTI AJ;ARIA SUG`URTA TASHKILOTI;0;3,4;;29;4,8;;26;;;;млн сум;91;Рэнкинг страховых компаний — II квартал 2026 (snsratings.uz).txt
2026-Q2;avg_payout;Страховые выплаты / Выплачено;относительные;ISHONCH SUG'URTA KOMPANIYASI AJ;ISHONCH SUG`URTA KOMPANIYASI;0;5,2;;25;4,2;;27;;;;млн сум;91;Рэнкинг страховых компаний — II квартал 2026 (snsratings.uz).txt
2026-Q2;avg_payout;Страховые выплаты / Выплачено;относительные;IMKON SUG'URTA AJ;IMKON-SUG`URTA;0;2,7;;30;3,3;;28;;;;млн сум;91;Рэнкинг страховых компаний — II квартал 2026 (snsratings.uz).txt
2026-Q2;avg_payout;Страховые выплаты / Выплачено;относительные;APEX LIFE INSURANCE AJ;APEX LIFE INSURANCE;1;3,8;;28;3,2;;29;;;;млн сум;91;Рэнкинг страховых компаний — II квартал 2026 (snsratings.uz).txt
2026-Q2;avg_payout;Страховые выплаты / Выплачено;относительные;NEO INSURANCE CORP AJ;NEO INSURANCE CORP;0;6,2;;22;3,1;;30;;;;млн сум;91;Рэнкинг страховых компаний — II квартал 2026 (snsratings.uz).txt
2026-Q2;avg_payout;Страховые выплаты / Выплачено;относительные;MOSAIC INSURANCE GROUP AJ QK;MOSAIC INSURANCE GROUP;0;1,0;;33;1,7;;31;;;;млн сум;91;Рэнкинг страховых компаний — II квартал 2026 (snsratings.uz).txt
2026-Q2;avg_payout;Страховые выплаты / Выплачено;относительные;ALFA LIFE INSURANCE AJ;ALFA LIFE INSURANCE;1;4,6;;26;1,5;;32;;;;млн сум;91;Рэнкинг страховых компаний — II квартал 2026 (snsratings.uz).txt
2026-Q2;avg_payout;Страховые выплаты / Выплачено;относительные;KAFOLAT HAYOT INSURANCE AJ;KAFOLAT HAYOT INSURANCE;1;1,4;;32;1,3;;33;;;;млн сум;91;Рэнкинг страховых компаний — II квартал 2026 (snsratings.uz).txt
2026-Q2;avg_payout;Страховые выплаты / Выплачено;относительные;PRESTIGE INSURANCE AJ;PRESTIGE INSURANCE;1;;;34;;;34;;;;млн сум;91;Рэнкинг страховых компаний — II квартал 2026 (snsratings.uz).txt
2026-Q2;avg_payout;Страховые выплаты / Выплачено;относительные;O'ZBEKISTON QAYTA SUG'URTA KOMPANIYASI MQST AJ;O`ZBEKISTON QAYTA SUG`URTA KOMPANIYASI;0;;;34;;;34;;;;млн сум;91;Рэнкинг страховых компаний — II квартал 2026 (snsratings.uz).txt
2026-Q2;avg_payout;Страховые выплаты / Выплачено;относительные;GLOBAL INSURANCE GROUP AJ;GLOBAL INSURANCE GROUP;0;8,6;;16;;;34;;;;млн сум;91;Рэнкинг страховых компаний — II квартал 2026 (snsratings.uz).txt
